{
  "modality_liklihoods": [
    -13952.854189051894,
    -13264.404537181161,
    -938.47941413100114,
    -4693.5065409889685
  ],
  "num_iteration": 1000,
  "num_modalities": 4,
  "num_topics": 7,
  "total_liklihood": -32849.244681353026
}
