{
  "modality_liklihoods": [
    -13668.144574480984,
    -13319.902776204308,
    -936.50092079141223,
    -4640.9930399713039
  ],
  "num_iteration": 1000,
  "num_modalities": 4,
  "num_topics": 7,
  "total_liklihood": -32565.541311448011
}
