{
  "modality_liklihoods": [
    -13500.531518663749,
    -13297.689237360059,
    -936.7609612262977,
    -4643.1320484862817
  ],
  "num_iteration": 1000,
  "num_modalities": 4,
  "num_topics": 7,
  "total_liklihood": -32378.113765736387
}
