{
  "modality_liklihoods": [
    -14716.460572245078,
    -13211.060304463395,
    -936.69498891424735,
    -4657.3151883887895
  ],
  "num_iteration": 1000,
  "num_modalities": 4,
  "num_topics": 7,
  "total_liklihood": -33521.53105401151
}
