{
  "modality_liklihoods": [
    -14371.383999464546,
    -13273.562505726875,
    -936.01965962238705,
    -4642.5686491407359
  ],
  "num_iteration": 1000,
  "num_modalities": 4,
  "num_topics": 7,
  "total_liklihood": -33223.534813954546
}
