{
  "modality_liklihoods": [
    -14288.193077086629,
    -13277.299595160102,
    -935.19747847679275,
    -4667.2510349569038
  ],
  "num_iteration": 1000,
  "num_modalities": 4,
  "num_topics": 7,
  "total_liklihood": -33167.941185680429
}
