{
  "modality_liklihoods": [
    -13800.983910543524,
    -13242.236230641663,
    -935.78722515714412,
    -4605.8982534260595
  ],
  "num_iteration": 1000,
  "num_modalities": 4,
  "num_topics": 7,
  "total_liklihood": -32584.905619768389
}
