{
  "modality_liklihoods": [
    -13815.377455218877,
    -13265.457523097422,
    -941.60824938435087,
    -4642.7422159430389
  ],
  "num_iteration": 1000,
  "num_modalities": 4,
  "num_topics": 7,
  "total_liklihood": -32665.185443643688
}
