{
  "modality_liklihoods": [
    -14221.600524197835,
    -13263.638945547344,
    -939.29343493813849,
    -4643.0861483169465
  ],
  "num_iteration": 1000,
  "num_modalities": 4,
  "num_topics": 7,
  "total_liklihood": -33067.619053000264
}
