{
  "modality_liklihoods": [
    -14073.002822718428,
    -13265.533860253261,
    -938.57612161644829,
    -4572.6717882265621
  ],
  "num_iteration": 1000,
  "num_modalities": 4,
  "num_topics": 7,
  "total_liklihood": -32849.7845928147
}
