{
  "modality_liklihoods": [
    -14966.416524117038,
    -13213.427983063482,
    -942.42549973666291,
    -4648.5461974044074
  ],
  "num_iteration": 1000,
  "num_modalities": 4,
  "num_topics": 7,
  "total_liklihood": -33770.816204321585
}
