{
  "modality_liklihoods": [
    -13720.78563796183,
    -13238.542055541628,
    -941.91700971712032,
    -4642.0844998664979
  ],
  "num_iteration": 1000,
  "num_modalities": 4,
  "num_topics": 7,
  "total_liklihood": -32543.329203087076
}
