{
  "modality_liklihoods": [
    -13283.425755265347,
    -13266.460083898899,
    -933.98926983443482,
    -4628.0142414340462
  ],
  "num_iteration": 1000,
  "num_modalities": 4,
  "num_topics": 7,
  "total_liklihood": -32111.889350432728
}
