{
  "modality_liklihoods": [
    -13483.059841539894,
    -13262.565675510918,
    -937.00111170430989,
    -4557.3272409687888
  ],
  "num_iteration": 1000,
  "num_modalities": 4,
  "num_topics": 7,
  "total_liklihood": -32239.953869723911
}
