{
  "modality_liklihoods": [
    -12889.21069852495,
    -13262.961481767119,
    -936.50452318414034,
    -4570.2599158973644
  ],
  "num_iteration": 1000,
  "num_modalities": 4,
  "num_topics": 7,
  "total_liklihood": -31658.936619373573
}
