{
  "modality_liklihoods": [
    -13920.382564597317,
    -13264.197238472376,
    -938.84229999744991,
    -4671.1686154290555
  ],
  "num_iteration": 1000,
  "num_modalities": 4,
  "num_topics": 7,
  "total_liklihood": -32794.590718496198
}
