{
  "modality_liklihoods": [
    -13762.675086510559,
    -13295.174519030657,
    -940.02006874048789,
    -4649.0848534634997
  ],
  "num_iteration": 1000,
  "num_modalities": 4,
  "num_topics": 7,
  "total_liklihood": -32646.954527745205
}
