{
  "modality_liklihoods": [
    -13773.851418461623,
    -13258.765994820445,
    -942.3332181935142,
    -4636.6632545558932
  ],
  "num_iteration": 1000,
  "num_modalities": 4,
  "num_topics": 7,
  "total_liklihood": -32611.613886031475
}
