{
  "modality_liklihoods": [
    -13621.418271651941,
    -13266.327873789967,
    -946.53933012001642,
    -4633.150630361205
  ],
  "num_iteration": 1000,
  "num_modalities": 4,
  "num_topics": 7,
  "total_liklihood": -32467.436105923131
}
