{
  "modality_liklihoods": [
    -13813.681525909742,
    -13232.851323383105,
    -950.10309925775994,
    -4644.3009687210133
  ],
  "num_iteration": 1000,
  "num_modalities": 4,
  "num_topics": 7,
  "total_liklihood": -32640.936917271621
}
