{
  "modality_liklihoods": [
    -14025.052726098247,
    -13297.480293290704,
    -942.56470770239935,
    -4632.3096079428979
  ],
  "num_iteration": 1000,
  "num_modalities": 4,
  "num_topics": 7,
  "total_liklihood": -32897.407335034251
}
