{
  "modality_liklihoods": [
    -14060.295992780273,
    -13253.997806175248,
    -945.86064778493665,
    -4718.1232518336465
  ],
  "num_iteration": 1000,
  "num_modalities": 4,
  "num_topics": 7,
  "total_liklihood": -32978.2776985741
}
