{
  "modality_liklihoods": [
    -13690.001469840181,
    -13260.096691995948,
    -956.11159860781027,
    -4626.471773590948
  ],
  "num_iteration": 1000,
  "num_modalities": 4,
  "num_topics": 7,
  "total_liklihood": -32532.681534034888
}
