{
  "modality_liklihoods": [
    -13617.721246778521,
    -13256.659453089083,
    -945.71340873800239,
    -4693.7049118033819
  ],
  "num_iteration": 1000,
  "num_modalities": 4,
  "num_topics": 7,
  "total_liklihood": -32513.799020408991
}
