{
  "modality_liklihoods": [
    -14376.241135151487,
    -13293.45700393398,
    -935.99111098887522,
    -4606.5150079085543
  ],
  "num_iteration": 1000,
  "num_modalities": 4,
  "num_topics": 7,
  "total_liklihood": -33212.204257982899
}
