{
  "modality_liklihoods": [
    -14017.733065784283,
    -13279.810155952991,
    -933.04255463892503,
    -4646.9133874210347
  ],
  "num_iteration": 1000,
  "num_modalities": 4,
  "num_topics": 7,
  "total_liklihood": -32877.499163797227
}
