{
  "modality_liklihoods": [
    -14313.522624726709,
    -13273.589863237974,
    -935.93892807075383,
    -4716.2682814323998
  ],
  "num_iteration": 1000,
  "num_modalities": 4,
  "num_topics": 7,
  "total_liklihood": -33239.319697467836
}
