{
  "modality_liklihoods": [
    -14018.223567537936,
    -13244.476595317399,
    -944.38341664800782,
    -4647.405810950173
  ],
  "num_iteration": 1000,
  "num_modalities": 4,
  "num_topics": 7,
  "total_liklihood": -32854.489390453513
}
