{
  "modality_liklihoods": [
    -14041.468474542962,
    -13269.472921470719,
    -939.7131857974407,
    -4639.786950479689
  ],
  "num_iteration": 1000,
  "num_modalities": 4,
  "num_topics": 7,
  "total_liklihood": -32890.44153229081
}
