{
  "modality_liklihoods": [
    -14755.528228082032,
    -13226.35205265092,
    -936.99520655708409,
    -4697.63893266176
  ],
  "num_iteration": 1000,
  "num_modalities": 4,
  "num_topics": 7,
  "total_liklihood": -33616.514419951796
}
