{
  "modality_liklihoods": [
    -13828.69586357902,
    -13243.263020746983,
    -939.04193052308267,
    -4664.0052800188396
  ],
  "num_iteration": 1000,
  "num_modalities": 4,
  "num_topics": 7,
  "total_liklihood": -32675.006094867924
}
