{
  "modality_liklihoods": [
    -14073.55848194075,
    -13226.795294937367,
    -944.91494788247155,
    -4663.7036733771456
  ],
  "num_iteration": 1000,
  "num_modalities": 4,
  "num_topics": 7,
  "total_liklihood": -32908.972398137732
}
