{
  "modality_liklihoods": [
    -13972.71010319006,
    -13270.47518595136,
    -938.73175869888689,
    -4637.205189991696
  ],
  "num_iteration": 1000,
  "num_modalities": 4,
  "num_topics": 7,
  "total_liklihood": -32819.122237832002
}
