{
  "modality_liklihoods": [
    -13685.569148013887,
    -13264.1580302195,
    -937.0376442998562,
    -4619.8044940276422
  ],
  "num_iteration": 1000,
  "num_modalities": 4,
  "num_topics": 7,
  "total_liklihood": -32506.569316560883
}
