{
  "modality_liklihoods": [
    -14595.711269653411,
    -13268.470117661867,
    -935.90343995175454,
    -4650.3511363735461
  ],
  "num_iteration": 1000,
  "num_modalities": 4,
  "num_topics": 7,
  "total_liklihood": -33450.435963640579
}
