{
  "modality_liklihoods": [
    -13820.972350441994,
    -13247.89327010349,
    -939.54504886201062,
    -4645.6890129445828
  ],
  "num_iteration": 1000,
  "num_modalities": 4,
  "num_topics": 7,
  "total_liklihood": -32654.099682352076
}
