{
  "modality_liklihoods": [
    -14194.45697859336,
    -13264.381285436017,
    -930.60482099729609,
    -4601.0508737187447
  ],
  "num_iteration": 1000,
  "num_modalities": 4,
  "num_topics": 7,
  "total_liklihood": -32990.493958745421
}
