{
  "modality_liklihoods": [
    -13914.854662877109,
    -13275.280851545886,
    -941.2588169513258,
    -4631.3941993087392
  ],
  "num_iteration": 1000,
  "num_modalities": 4,
  "num_topics": 7,
  "total_liklihood": -32762.788530683061
}
