{
  "modality_liklihoods": [
    -13692.399024521214,
    -13228.01366884896,
    -944.26393663337763,
    -4680.6535358314468
  ],
  "num_iteration": 1000,
  "num_modalities": 4,
  "num_topics": 7,
  "total_liklihood": -32545.330165834999
}
