{
  "modality_liklihoods": [
    -13934.131426102993,
    -13268.492441018188,
    -940.12798323540437,
    -4654.8455231580328
  ],
  "num_iteration": 1000,
  "num_modalities": 4,
  "num_topics": 7,
  "total_liklihood": -32797.597373514618
}
