{
  "modality_liklihoods": [
    -14457.895762212955,
    -13235.342343089351,
    -944.46668195779739,
    -4663.1870253158722
  ],
  "num_iteration": 1000,
  "num_modalities": 4,
  "num_topics": 7,
  "total_liklihood": -33300.891812575974
}
