{
  "modality_liklihoods": [
    -14160.499855388853,
    -13254.188273512314,
    -938.30179056347447,
    -4733.2364387399966
  ],
  "num_iteration": 1000,
  "num_modalities": 4,
  "num_topics": 7,
  "total_liklihood": -33086.226358204636
}
