{
  "modality_liklihoods": [
    -14266.391746558671,
    -13227.857673383589,
    -932.78549706437548,
    -4639.8003998661288
  ],
  "num_iteration": 1000,
  "num_modalities": 4,
  "num_topics": 7,
  "total_liklihood": -33066.835316872763
}
