{
  "modality_liklihoods": [
    -13495.640679758893,
    -13235.276796019814,
    -940.35823218368228,
    -4674.8545534928398
  ],
  "num_iteration": 1000,
  "num_modalities": 4,
  "num_topics": 7,
  "total_liklihood": -32346.130261455233
}
