{
  "modality_liklihoods": [
    -13757.567205732463,
    -13235.565185052268,
    -945.77380172784581,
    -4640.4651872665645
  ],
  "num_iteration": 1000,
  "num_modalities": 4,
  "num_topics": 7,
  "total_liklihood": -32579.371379779142
}
