{
  "modality_liklihoods": [
    -13589.664185573678,
    -13230.914584217444,
    -948.77596521438772,
    -4640.2419674637049
  ],
  "num_iteration": 1000,
  "num_modalities": 4,
  "num_topics": 7,
  "total_liklihood": -32409.596702469215
}
