{
  "modality_liklihoods": [
    -13337.457387791866,
    -13313.653906421983,
    -938.06361913793853,
    -4619.0900724225512
  ],
  "num_iteration": 1000,
  "num_modalities": 4,
  "num_topics": 7,
  "total_liklihood": -32208.264985774338
}
