{
  "modality_liklihoods": [
    -14386.748236148944,
    -13260.44748702486,
    -940.95389548560888,
    -4585.7467647296935
  ],
  "num_iteration": 1000,
  "num_modalities": 4,
  "num_topics": 7,
  "total_liklihood": -33173.89638338911
}
