{
  "modality_liklihoods": [
    -12985.541467361652,
    -13259.882612815343,
    -950.08233696007005,
    -4614.6187646845456
  ],
  "num_iteration": 1000,
  "num_modalities": 4,
  "num_topics": 7,
  "total_liklihood": -31810.125181821611
}
