{
  "modality_liklihoods": [
    -14249.581663565974,
    -13261.19500350017,
    -930.47087905555156,
    -4653.8102164165857
  ],
  "num_iteration": 1000,
  "num_modalities": 4,
  "num_topics": 7,
  "total_liklihood": -33095.057762538279
}
