{
  "modality_liklihoods": [
    -14099.736076068273,
    -13259.81465718606,
    -938.7527523283062,
    -4666.479845683416
  ],
  "num_iteration": 1000,
  "num_modalities": 4,
  "num_topics": 7,
  "total_liklihood": -32964.783331266059
}
