{
  "modality_liklihoods": [
    -13746.417286567061,
    -13247.330891906313,
    -943.01273633965127,
    -4637.4847984983826
  ],
  "num_iteration": 1000,
  "num_modalities": 4,
  "num_topics": 7,
  "total_liklihood": -32574.245713311408
}
