{
  "modality_liklihoods": [
    -14027.470489563757,
    -13268.542019778075,
    -938.20443968373741,
    -4661.7725102791819
  ],
  "num_iteration": 1000,
  "num_modalities": 4,
  "num_topics": 7,
  "total_liklihood": -32895.98945930475
}
