{
  "modality_liklihoods": [
    -13842.293042928131,
    -13244.186429398429,
    -937.66213895712769,
    -4630.7408767620509
  ],
  "num_iteration": 1000,
  "num_modalities": 4,
  "num_topics": 7,
  "total_liklihood": -32654.882488045736
}
