{
  "modality_liklihoods": [
    -14321.27890853258,
    -13206.508925192627,
    -939.85465728428107,
    -4667.7420467633801
  ],
  "num_iteration": 1000,
  "num_modalities": 4,
  "num_topics": 7,
  "total_liklihood": -33135.384537772872
}
