{
  "modality_liklihoods": [
    -13874.941636564063,
    -13248.502814704469,
    -938.88539360003938,
    -4693.3173119429202
  ],
  "num_iteration": 1000,
  "num_modalities": 4,
  "num_topics": 7,
  "total_liklihood": -32755.647156811487
}
