{
  "modality_liklihoods": [
    -13733.53192427632,
    -13233.072385893507,
    -939.16700589718812,
    -4612.7212943107888
  ],
  "num_iteration": 1000,
  "num_modalities": 4,
  "num_topics": 7,
  "total_liklihood": -32518.492610377802
}
