{
  "modality_liklihoods": [
    -13434.058983479923,
    -13282.344428353481,
    -944.43666987217125,
    -4612.9581289617499
  ],
  "num_iteration": 1000,
  "num_modalities": 4,
  "num_topics": 7,
  "total_liklihood": -32273.798210667323
}
