{
  "modality_liklihoods": [
    -14004.276103196664,
    -13279.609015366783,
    -933.59184673315042,
    -4640.9608455193857
  ],
  "num_iteration": 1000,
  "num_modalities": 4,
  "num_topics": 7,
  "total_liklihood": -32858.437810815987
}
