{
  "modality_liklihoods": [
    -13874.770139369861,
    -13298.668473493488,
    -951.66546921713973,
    -4613.393330511607
  ],
  "num_iteration": 1000,
  "num_modalities": 4,
  "num_topics": 7,
  "total_liklihood": -32738.497412592096
}
