{
  "modality_liklihoods": [
    -13939.386488135064,
    -13295.381832269906,
    -938.51301996745906,
    -4650.8409443273158
  ],
  "num_iteration": 1000,
  "num_modalities": 4,
  "num_topics": 7,
  "total_liklihood": -32824.122284699741
}
