{
  "modality_liklihoods": [
    -13971.488298641534,
    -13259.881449455101,
    -934.30092261880088,
    -4696.0200792561436
  ],
  "num_iteration": 1000,
  "num_modalities": 4,
  "num_topics": 7,
  "total_liklihood": -32861.690749971582
}
