{
  "modality_liklihoods": [
    -13945.278577809555,
    -13295.575588560534,
    -935.19474110928627,
    -4668.9595053580397
  ],
  "num_iteration": 1000,
  "num_modalities": 4,
  "num_topics": 7,
  "total_liklihood": -32845.008412837415
}
