{
  "modality_liklihoods": [
    -14430.197964961315,
    -13305.031206913431,
    -942.43024825238103,
    -4683.5051702199034
  ],
  "num_iteration": 1000,
  "num_modalities": 4,
  "num_topics": 7,
  "total_liklihood": -33361.164590347027
}
