{
  "modality_liklihoods": [
    -14184.980804349643,
    -13299.658198713909,
    -939.24793124902124,
    -4662.1288589094802
  ],
  "num_iteration": 1000,
  "num_modalities": 4,
  "num_topics": 7,
  "total_liklihood": -33086.015793222054
}
