{
  "modality_liklihoods": [
    -13960.507268098168,
    -13238.65948986106,
    -945.44892366944441,
    -4680.0671135179027
  ],
  "num_iteration": 1000,
  "num_modalities": 4,
  "num_topics": 7,
  "total_liklihood": -32824.682795146575
}
