{
  "modality_liklihoods": [
    -14219.5112225266,
    -13264.487652680325,
    -932.0067394134295,
    -4604.2704440697507
  ],
  "num_iteration": 1000,
  "num_modalities": 4,
  "num_topics": 7,
  "total_liklihood": -33020.276058690106
}
