{
  "modality_liklihoods": [
    -13648.923038708068,
    -13256.490408019357,
    -941.42188044459647,
    -4722.5604029352216
  ],
  "num_iteration": 1000,
  "num_modalities": 4,
  "num_topics": 7,
  "total_liklihood": -32569.395730107244
}
