{
  "modality_liklihoods": [
    -13804.58269459234,
    -13265.407482495337,
    -935.35413084057598,
    -4635.522244209018
  ],
  "num_iteration": 1000,
  "num_modalities": 4,
  "num_topics": 7,
  "total_liklihood": -32640.866552137268
}
