{
  "modality_liklihoods": [
    -13434.267618357477,
    -13228.418188243691,
    -949.33297069809464,
    -4666.8957787408399
  ],
  "num_iteration": 1000,
  "num_modalities": 4,
  "num_topics": 7,
  "total_liklihood": -32278.914556040105
}
