{
  "modality_liklihoods": [
    -13927.984035138013,
    -13252.837914179461,
    -944.60699024213284,
    -4687.8317908036779
  ],
  "num_iteration": 1000,
  "num_modalities": 4,
  "num_topics": 7,
  "total_liklihood": -32813.26073036329
}
