{
  "modality_liklihoods": [
    -13989.498458575594,
    -13284.927305691715,
    -938.34097538090487,
    -4662.8315468672636
  ],
  "num_iteration": 1000,
  "num_modalities": 4,
  "num_topics": 7,
  "total_liklihood": -32875.59828651548
}
