{
  "modality_liklihoods": [
    -13176.133837025394,
    -13315.522243759273,
    -937.70404390429189,
    -4640.7817174837064
  ],
  "num_iteration": 1000,
  "num_modalities": 4,
  "num_topics": 7,
  "total_liklihood": -32070.141842172667
}
