{
  "modality_liklihoods": [
    -13273.060334386711,
    -13285.343698522007,
    -941.20496142829199,
    -4603.7845121530845
  ],
  "num_iteration": 1000,
  "num_modalities": 4,
  "num_topics": 7,
  "total_liklihood": -32103.393506490094
}
