{
  "modality_liklihoods": [
    -14857.1447235014,
    -13211.050375905079,
    -936.19621042356709,
    -4655.4892122582214
  ],
  "num_iteration": 1000,
  "num_modalities": 4,
  "num_topics": 7,
  "total_liklihood": -33659.880522088271
}
