{
  "modality_liklihoods": [
    -13685.253441427842,
    -13260.838296339012,
    -942.91383709980221,
    -4632.5027063976986
  ],
  "num_iteration": 1000,
  "num_modalities": 4,
  "num_topics": 7,
  "total_liklihood": -32521.508281264352
}
