{
  "modality_liklihoods": [
    -13711.489874135699,
    -13224.332548314535,
    -949.56755715312931,
    -4665.2403344602999
  ],
  "num_iteration": 1000,
  "num_modalities": 4,
  "num_topics": 7,
  "total_liklihood": -32550.630314063663
}
