{
  "modality_liklihoods": [
    -14195.227049250403,
    -13214.102802270927,
    -946.02700635812334,
    -4709.6743875712182
  ],
  "num_iteration": 1000,
  "num_modalities": 4,
  "num_topics": 7,
  "total_liklihood": -33065.031245450671
}
