{
  "modality_liklihoods": [
    -13481.112237255789,
    -13298.282637853974,
    -933.09250535896138,
    -4645.9557208574734
  ],
  "num_iteration": 1000,
  "num_modalities": 4,
  "num_topics": 7,
  "total_liklihood": -32358.443101326196
}
