{
  "modality_liklihoods": [
    -13730.812577195851,
    -13304.525107986017,
    -945.46719941844322,
    -4629.6673963189251
  ],
  "num_iteration": 1000,
  "num_modalities": 4,
  "num_topics": 7,
  "total_liklihood": -32610.472280919235
}
