{
  "modality_liklihoods": [
    -13548.300278844097,
    -13249.676501179269,
    -946.10144229475668,
    -4639.5800505954339
  ],
  "num_iteration": 1000,
  "num_modalities": 4,
  "num_topics": 7,
  "total_liklihood": -32383.658272913555
}
