{
  "modality_liklihoods": [
    -13872.110233982408,
    -13227.028021010345,
    -942.38590191665776,
    -4641.4120964240765
  ],
  "num_iteration": 1000,
  "num_modalities": 4,
  "num_topics": 7,
  "total_liklihood": -32682.936253333486
}
