{
  "modality_liklihoods": [
    -14028.866030972416,
    -13275.326909705633,
    -940.83460538511076,
    -4611.3647077565711
  ],
  "num_iteration": 1000,
  "num_modalities": 4,
  "num_topics": 7,
  "total_liklihood": -32856.392253819729
}
