{
  "modality_liklihoods": [
    -13598.273307746855,
    -13268.913447637191,
    -942.00390659910249,
    -4606.1346996890334
  ],
  "num_iteration": 1000,
  "num_modalities": 4,
  "num_topics": 7,
  "total_liklihood": -32415.325361672185
}
