{
  "modality_liklihoods": [
    -13701.036745094074,
    -13268.226181329372,
    -935.74128373112774,
    -4676.0186159560044
  ],
  "num_iteration": 1000,
  "num_modalities": 4,
  "num_topics": 7,
  "total_liklihood": -32581.022826110577
}
