{
  "modality_liklihoods": [
    -14901.145728152906,
    -13224.555696765179,
    -942.52987102974862,
    -4635.7734054703351
  ],
  "num_iteration": 1000,
  "num_modalities": 4,
  "num_topics": 7,
  "total_liklihood": -33704.004701418169
}
