{
  "modality_liklihoods": [
    -14353.1967674026,
    -13269.35603696961,
    -942.46830718161254,
    -4668.5503763353609
  ],
  "num_iteration": 1000,
  "num_modalities": 4,
  "num_topics": 7,
  "total_liklihood": -33233.571487889181
}
