{
  "modality_liklihoods": [
    -14646.57172602231,
    -13242.65103685537,
    -938.1982318745288,
    -4647.6183752131847
  ],
  "num_iteration": 1000,
  "num_modalities": 4,
  "num_topics": 7,
  "total_liklihood": -33475.039369965394
}
