{
  "modality_liklihoods": [
    -13968.458082373358,
    -13268.505113477144,
    -939.82387002845633,
    -4641.440083474291
  ],
  "num_iteration": 1000,
  "num_modalities": 4,
  "num_topics": 7,
  "total_liklihood": -32818.227149353246
}
