{
  "modality_liklihoods": [
    -13930.983213672391,
    -13288.697351391251,
    -940.45876662140824,
    -4670.9092324904595
  ],
  "num_iteration": 1000,
  "num_modalities": 4,
  "num_topics": 7,
  "total_liklihood": -32831.048564175508
}
