{
  "modality_liklihoods": [
    -12758.830146542243,
    -13324.094969406,
    -937.93573157461867,
    -4563.7010533781558
  ],
  "num_iteration": 1000,
  "num_modalities": 4,
  "num_topics": 7,
  "total_liklihood": -31584.561900901019
}
