{
  "modality_liklihoods": [
    -14047.475386829225,
    -13253.870711007417,
    -940.1293053713498,
    -4626.6608747549944
  ],
  "num_iteration": 1000,
  "num_modalities": 4,
  "num_topics": 7,
  "total_liklihood": -32868.136277962985
}
