{
  "modality_liklihoods": [
    -14212.41974572429,
    -13225.213862258961,
    -938.24031535839094,
    -4666.0121565899353
  ],
  "num_iteration": 1000,
  "num_modalities": 4,
  "num_topics": 7,
  "total_liklihood": -33041.886079931573
}
