{
  "modality_liklihoods": [
    -14502.044040187708,
    -13250.874546154178,
    -943.11570640753382,
    -4677.8063615606743
  ],
  "num_iteration": 1000,
  "num_modalities": 4,
  "num_topics": 7,
  "total_liklihood": -33373.840654310094
}
