{
  "modality_liklihoods": [
    -14165.438306784856,
    -13240.944157228121,
    -934.43617988770109,
    -4638.9337708256135
  ],
  "num_iteration": 1000,
  "num_modalities": 4,
  "num_topics": 7,
  "total_liklihood": -32979.752414726288
}
