{
  "modality_liklihoods": [
    -13833.39949112531,
    -13321.553310996364,
    -943.80347412486435,
    -4631.688958852742
  ],
  "num_iteration": 1000,
  "num_modalities": 4,
  "num_topics": 7,
  "total_liklihood": -32730.44523509928
}
