{
  "modality_liklihoods": [
    -13838.307944059887,
    -13209.837336888488,
    -937.85166013561161,
    -4683.801081104184
  ],
  "num_iteration": 1000,
  "num_modalities": 4,
  "num_topics": 7,
  "total_liklihood": -32669.798022188173
}
