{
  "modality_liklihoods": [
    -13490.032289038903,
    -13212.809942005082,
    -939.55752677934152,
    -4699.6669052671841
  ],
  "num_iteration": 1000,
  "num_modalities": 4,
  "num_topics": 7,
  "total_liklihood": -32342.066663090511
}
