{
  "modality_liklihoods": [
    -14205.552645309001,
    -13228.873019920646,
    -934.32961785689463,
    -4659.966655145302
  ],
  "num_iteration": 1000,
  "num_modalities": 4,
  "num_topics": 7,
  "total_liklihood": -33028.721938231844
}
