{
  "modality_liklihoods": [
    -13586.7237197223,
    -13227.742343344986,
    -939.46543581064043,
    -4663.1984642857442
  ],
  "num_iteration": 1000,
  "num_modalities": 4,
  "num_topics": 7,
  "total_liklihood": -32417.129963163672
}
