{
  "modality_liklihoods": [
    -13824.034419862644,
    -13294.642989026994,
    -935.78686067450246,
    -4635.4913895854015
  ],
  "num_iteration": 1000,
  "num_modalities": 4,
  "num_topics": 7,
  "total_liklihood": -32689.955659149542
}
