{
  "modality_liklihoods": [
    -13994.754460034379,
    -13273.597529161925,
    -935.50080368848239,
    -4619.4560499878671
  ],
  "num_iteration": 1000,
  "num_modalities": 4,
  "num_topics": 7,
  "total_liklihood": -32823.308842872655
}
