{
  "modality_liklihoods": [
    -13944.662730999422,
    -13285.840440228374,
    -935.11468434560561,
    -4650.3601499367951
  ],
  "num_iteration": 1000,
  "num_modalities": 4,
  "num_topics": 7,
  "total_liklihood": -32815.978005510195
}
