{
  "modality_liklihoods": [
    -13706.176101653646,
    -13274.421739582654,
    -944.79621818731061,
    -4642.0181689688725
  ],
  "num_iteration": 1000,
  "num_modalities": 4,
  "num_topics": 7,
  "total_liklihood": -32567.412228392484
}
