{
  "modality_liklihoods": [
    -13653.750386479296,
    -13306.546119178534,
    -942.10516874122982,
    -4640.6776727460219
  ],
  "num_iteration": 1000,
  "num_modalities": 4,
  "num_topics": 7,
  "total_liklihood": -32543.079347145082
}
