{
  "modality_liklihoods": [
    -14041.582231032422,
    -13264.286871971479,
    -942.980415868813,
    -4673.6859214879723
  ],
  "num_iteration": 1000,
  "num_modalities": 4,
  "num_topics": 7,
  "total_liklihood": -32922.535440360683
}
