{
  "modality_liklihoods": [
    -13156.107839813258,
    -13257.139491738099,
    -945.02139088292245,
    -4598.3984951650073
  ],
  "num_iteration": 1000,
  "num_modalities": 4,
  "num_topics": 7,
  "total_liklihood": -31956.667217599286
}
