{
  "modality_liklihoods": [
    -13983.182458725298,
    -13265.692283676091,
    -937.35366385035286,
    -4677.5393284953379
  ],
  "num_iteration": 1000,
  "num_modalities": 4,
  "num_topics": 7,
  "total_liklihood": -32863.767734747082
}
