{
  "modality_liklihoods": [
    -13889.041438532555,
    -13218.37094105538,
    -937.56307041292348,
    -4613.7141469190719
  ],
  "num_iteration": 1000,
  "num_modalities": 4,
  "num_topics": 7,
  "total_liklihood": -32658.689596919929
}
