{
  "modality_liklihoods": [
    -13430.487883971122,
    -13215.596942448654,
    -939.12419799959275,
    -4618.6885387449629
  ],
  "num_iteration": 1000,
  "num_modalities": 4,
  "num_topics": 7,
  "total_liklihood": -32203.897563164333
}
