{
  "modality_liklihoods": [
    -13976.281447307263,
    -13226.367496890038,
    -942.02436163952791,
    -4654.7563410109888
  ],
  "num_iteration": 1000,
  "num_modalities": 4,
  "num_topics": 7,
  "total_liklihood": -32799.429646847821
}
