{
  "modality_liklihoods": [
    -13626.095276514581,
    -13238.061961969788,
    -942.13939850728229,
    -4653.040110689758
  ],
  "num_iteration": 1000,
  "num_modalities": 4,
  "num_topics": 7,
  "total_liklihood": -32459.336747681409
}
