{
  "modality_liklihoods": [
    -13962.384444094476,
    -13233.102886398376,
    -941.98602071124014,
    -4633.335724348708
  ],
  "num_iteration": 1000,
  "num_modalities": 4,
  "num_topics": 7,
  "total_liklihood": -32770.809075552796
}
