{
  "modality_liklihoods": [
    -12473.51848091988,
    -13309.844209072438,
    -941.20203564967346,
    -4644.9657556100328
  ],
  "num_iteration": 1000,
  "num_modalities": 4,
  "num_topics": 7,
  "total_liklihood": -31369.530481252023
}
