{
  "modality_liklihoods": [
    -13330.44475797723,
    -13261.577715603577,
    -941.57368909506192,
    -4677.1860104085863
  ],
  "num_iteration": 1000,
  "num_modalities": 4,
  "num_topics": 7,
  "total_liklihood": -32210.782173084455
}
