{
  "modality_liklihoods": [
    -13311.372407473737,
    -13266.833500485474,
    -936.61523517757462,
    -4608.8634681073945
  ],
  "num_iteration": 1000,
  "num_modalities": 4,
  "num_topics": 7,
  "total_liklihood": -32123.684611244178
}
