{
  "modality_liklihoods": [
    -14440.205425131171,
    -13265.395643808486,
    -935.06110944233728,
    -4620.527111796283
  ],
  "num_iteration": 1000,
  "num_modalities": 4,
  "num_topics": 7,
  "total_liklihood": -33261.189290178278
}
