{
  "modality_liklihoods": [
    -13591.140790379337,
    -13221.391345528504,
    -940.70175760586574,
    -4668.1867395566169
  ],
  "num_iteration": 1000,
  "num_modalities": 4,
  "num_topics": 7,
  "total_liklihood": -32421.420633070324
}
