{
  "modality_liklihoods": [
    -13925.249667587857,
    -13248.879826672901,
    -948.44618132234416,
    -4622.5395735814091
  ],
  "num_iteration": 1000,
  "num_modalities": 4,
  "num_topics": 7,
  "total_liklihood": -32745.115249164508
}
