{
  "modality_liklihoods": [
    -14001.047033156994,
    -13275.818170743982,
    -938.44363333083004,
    -4630.7763693213228
  ],
  "num_iteration": 1000,
  "num_modalities": 4,
  "num_topics": 7,
  "total_liklihood": -32846.085206553129
}
