{
  "modality_liklihoods": [
    -14494.106850635369,
    -13291.194060448643,
    -937.76085038079611,
    -4640.8729570174819
  ],
  "num_iteration": 1000,
  "num_modalities": 4,
  "num_topics": 7,
  "total_liklihood": -33363.934718482291
}
