{
  "modality_liklihoods": [
    -12773.103936388479,
    -13307.753014181804,
    -939.58932281329635,
    -4628.7698232839557
  ],
  "num_iteration": 1000,
  "num_modalities": 4,
  "num_topics": 7,
  "total_liklihood": -31649.216096667536
}
