{
  "modality_liklihoods": [
    -14004.072127321311,
    -13280.431214456878,
    -942.4293821875699,
    -4660.4116318911456
  ],
  "num_iteration": 1000,
  "num_modalities": 4,
  "num_topics": 7,
  "total_liklihood": -32887.344355856905
}
