{
  "modality_liklihoods": [
    -14477.421053202897,
    -13262.533864778028,
    -935.74022700489661,
    -4613.5748699714113
  ],
  "num_iteration": 1000,
  "num_modalities": 4,
  "num_topics": 7,
  "total_liklihood": -33289.270014957234
}
