{
  "modality_liklihoods": [
    -13685.461859513618,
    -13273.914184512105,
    -936.78671764958392,
    -4624.9433539920092
  ],
  "num_iteration": 1000,
  "num_modalities": 4,
  "num_topics": 7,
  "total_liklihood": -32521.10611566732
}
