{
  "modality_liklihoods": [
    -14142.410882345806,
    -13273.803489021993,
    -937.38826820857184,
    -4640.3619571201825
  ],
  "num_iteration": 1000,
  "num_modalities": 4,
  "num_topics": 7,
  "total_liklihood": -32993.964596696555
}
