{
  "modality_liklihoods": [
    -13684.008145708945,
    -13269.00951508568,
    -932.23104089583171,
    -4635.4370307387062
  ],
  "num_iteration": 1000,
  "num_modalities": 4,
  "num_topics": 7,
  "total_liklihood": -32520.685732429167
}
