{
  "modality_liklihoods": [
    -14707.332980996953,
    -13211.859334742439,
    -950.22230342940554,
    -4667.1237090625427
  ],
  "num_iteration": 1000,
  "num_modalities": 4,
  "num_topics": 7,
  "total_liklihood": -33536.538328231334
}
