{
  "modality_liklihoods": [
    -14015.517362869427,
    -13214.603408899626,
    -944.76972995092058,
    -4688.5696133083611
  ],
  "num_iteration": 1000,
  "num_modalities": 4,
  "num_topics": 7,
  "total_liklihood": -32863.460115028334
}
