{
  "modality_liklihoods": [
    -12986.584791281522,
    -13240.503497878037,
    -943.26105693838565,
    -4607.7597685042156
  ],
  "num_iteration": 1000,
  "num_modalities": 4,
  "num_topics": 7,
  "total_liklihood": -31778.109114602164
}
