{
  "modality_liklihoods": [
    -14415.67366836041,
    -13252.295870297949,
    -941.83936328017057,
    -4605.6859590722006
  ],
  "num_iteration": 1000,
  "num_modalities": 4,
  "num_topics": 7,
  "total_liklihood": -33215.494861010731
}
