{
  "modality_liklihoods": [
    -13377.446653687359,
    -13246.069105675846,
    -942.61622456358145,
    -4653.4590473214403
  ],
  "num_iteration": 1000,
  "num_modalities": 4,
  "num_topics": 7,
  "total_liklihood": -32219.591031248226
}
