{
  "modality_liklihoods": [
    -13724.944822303725,
    -13284.672031428519,
    -942.03704989089897,
    -4621.1917576668202
  ],
  "num_iteration": 1000,
  "num_modalities": 4,
  "num_topics": 7,
  "total_liklihood": -32572.845661289964
}
