{
  "modality_liklihoods": [
    -14326.961017595482,
    -13242.703136447035,
    -944.58414284623859,
    -4636.4217244096017
  ],
  "num_iteration": 1000,
  "num_modalities": 4,
  "num_topics": 7,
  "total_liklihood": -33150.670021298356
}
