{
  "modality_liklihoods": [
    -13884.549985395261,
    -13253.483729318117,
    -936.69960095224621,
    -4722.7558060650408
  ],
  "num_iteration": 1000,
  "num_modalities": 4,
  "num_topics": 7,
  "total_liklihood": -32797.489121730658
}
