{
  "modality_liklihoods": [
    -14058.304187131944,
    -13275.131807339782,
    -938.66625891149829,
    -4659.5507296026908
  ],
  "num_iteration": 1000,
  "num_modalities": 4,
  "num_topics": 7,
  "total_liklihood": -32931.652982985914
}
