{
  "modality_liklihoods": [
    -14436.198691023654,
    -13266.640634307721,
    -933.79443590940105,
    -4657.0378722084697
  ],
  "num_iteration": 1000,
  "num_modalities": 4,
  "num_topics": 7,
  "total_liklihood": -33293.671633449245
}
