{
  "modality_liklihoods": [
    -14146.350307053781,
    -13253.574787268664,
    -947.28853840839952,
    -4641.3470981174096
  ],
  "num_iteration": 1000,
  "num_modalities": 4,
  "num_topics": 7,
  "total_liklihood": -32988.560730848258
}
