{
  "modality_liklihoods": [
    -14481.053504981186,
    -13275.609128473003,
    -945.25566171956518,
    -4688.3011916737141
  ],
  "num_iteration": 1000,
  "num_modalities": 4,
  "num_topics": 7,
  "total_liklihood": -33390.219486847469
}
