{
  "modality_liklihoods": [
    -13761.080320384435,
    -13267.154246977307,
    -940.9809736823911,
    -4683.4593958290179
  ],
  "num_iteration": 1000,
  "num_modalities": 4,
  "num_topics": 7,
  "total_liklihood": -32652.674936873151
}
