{
  "modality_liklihoods": [
    -13495.553955179861,
    -13213.089460689411,
    -946.65661182774852,
    -4665.1586017528289
  ],
  "num_iteration": 1000,
  "num_modalities": 4,
  "num_topics": 7,
  "total_liklihood": -32320.458629449848
}
