{
  "modality_liklihoods": [
    -14461.882641299664,
    -13297.699125898194,
    -946.11081649047344,
    -4593.9404857987738
  ],
  "num_iteration": 1000,
  "num_modalities": 4,
  "num_topics": 7,
  "total_liklihood": -33299.633069487107
}
