{
  "modality_liklihoods": [
    -14131.800328921649,
    -13274.709937631895,
    -936.76439398747482,
    -4659.8176374202585
  ],
  "num_iteration": 1000,
  "num_modalities": 4,
  "num_topics": 7,
  "total_liklihood": -33003.092297961281
}
