{
  "modality_liklihoods": [
    -14060.828836916045,
    -13287.509600375053,
    -938.55284270611355,
    -4658.084128126161
  ],
  "num_iteration": 1000,
  "num_modalities": 4,
  "num_topics": 7,
  "total_liklihood": -32944.975408123377
}
