{
  "modality_liklihoods": [
    -13572.656460488663,
    -13239.975938169599,
    -937.20936411000525,
    -4671.0193543820187
  ],
  "num_iteration": 1000,
  "num_modalities": 4,
  "num_topics": 7,
  "total_liklihood": -32420.861117150285
}
