{
  "modality_liklihoods": [
    -14305.519644163767,
    -13269.707147861893,
    -939.50340429074208,
    -4635.511763963249
  ],
  "num_iteration": 1000,
  "num_modalities": 4,
  "num_topics": 7,
  "total_liklihood": -33150.241960279651
}
