{
  "modality_liklihoods": [
    -13453.117348146527,
    -13280.50920332229,
    -941.91167375884413,
    -4588.9839104903231
  ],
  "num_iteration": 1000,
  "num_modalities": 4,
  "num_topics": 7,
  "total_liklihood": -32264.522135717983
}
