{
  "modality_liklihoods": [
    -13480.724558322192,
    -13281.944753860589,
    -942.87585361619904,
    -4634.7972370823127
  ],
  "num_iteration": 1000,
  "num_modalities": 4,
  "num_topics": 7,
  "total_liklihood": -32340.342402881291
}
