{
  "modality_liklihoods": [
    -13909.045215625863,
    -13272.941244791735,
    -935.92572600955577,
    -4678.4814767619746
  ],
  "num_iteration": 1000,
  "num_modalities": 4,
  "num_topics": 7,
  "total_liklihood": -32796.393663189127
}
