{
  "modality_liklihoods": [
    -14093.922009524626,
    -13270.207107421476,
    -939.12505756034739,
    -4613.7734970651109
  ],
  "num_iteration": 1000,
  "num_modalities": 4,
  "num_topics": 7,
  "total_liklihood": -32917.027671571559
}
