{
  "modality_liklihoods": [
    -14089.549021924271,
    -13229.223865516991,
    -943.80789185279241,
    -4725.6982254536069
  ],
  "num_iteration": 1000,
  "num_modalities": 4,
  "num_topics": 7,
  "total_liklihood": -32988.279004747666
}
