{
  "modality_liklihoods": [
    -13512.153730118751,
    -13285.391327359161,
    -945.02683792333346,
    -4650.4934459852857
  ],
  "num_iteration": 1000,
  "num_modalities": 4,
  "num_topics": 7,
  "total_liklihood": -32393.065341386529
}
