{
  "modality_liklihoods": [
    -13952.186623245392,
    -13281.974438208073,
    -939.00441331814363,
    -4663.1132372872544
  ],
  "num_iteration": 1000,
  "num_modalities": 4,
  "num_topics": 7,
  "total_liklihood": -32836.278712058862
}
