{
  "modality_liklihoods": [
    -13997.154622952403,
    -13246.303291154192,
    -939.6485984246234,
    -4650.9254666268744
  ],
  "num_iteration": 1000,
  "num_modalities": 4,
  "num_topics": 7,
  "total_liklihood": -32834.031979158091
}
