{
  "modality_liklihoods": [
    -14251.93886732098,
    -13275.260448455076,
    -952.83378792540179,
    -4644.4434316835486
  ],
  "num_iteration": 1000,
  "num_modalities": 4,
  "num_topics": 7,
  "total_liklihood": -33124.476535385009
}
