{
  "modality_liklihoods": [
    -13483.38001946686,
    -13294.70629407904,
    -946.9309959156692,
    -4660.3371409806341
  ],
  "num_iteration": 1000,
  "num_modalities": 4,
  "num_topics": 7,
  "total_liklihood": -32385.354450442206
}
