{
  "modality_liklihoods": [
    -13444.118342270885,
    -13259.704300432004,
    -948.66236054391914,
    -4646.592963192501
  ],
  "num_iteration": 1000,
  "num_modalities": 4,
  "num_topics": 7,
  "total_liklihood": -32299.077966439312
}
