{
  "modality_liklihoods": [
    -14059.590517146875,
    -13231.29513324557,
    -941.55221600774155,
    -4657.9665097131983
  ],
  "num_iteration": 1000,
  "num_modalities": 4,
  "num_topics": 7,
  "total_liklihood": -32890.404376113387
}
