{
  "modality_liklihoods": [
    -13169.947437411691,
    -13276.226757569542,
    -941.04655671789317,
    -4593.15051838817
  ],
  "num_iteration": 1000,
  "num_modalities": 4,
  "num_topics": 7,
  "total_liklihood": -31980.3712700873
}
