{
  "modality_liklihoods": [
    -14815.468921566255,
    -13210.240357218068,
    -935.0641123916198,
    -4641.4113759143102
  ],
  "num_iteration": 1000,
  "num_modalities": 4,
  "num_topics": 7,
  "total_liklihood": -33602.18476709025
}
