{
  "modality_liklihoods": [
    -13887.939634417153,
    -13256.051478062211,
    -944.61571057578931,
    -4651.5555804068654
  ],
  "num_iteration": 1000,
  "num_modalities": 4,
  "num_topics": 7,
  "total_liklihood": -32740.162403462018
}
