{
  "modality_liklihoods": [
    -13803.979648144817,
    -13257.786358726858,
    -931.98947512426764,
    -4700.7531037693088
  ],
  "num_iteration": 1000,
  "num_modalities": 4,
  "num_topics": 7,
  "total_liklihood": -32694.508585765252
}
