{
  "modality_liklihoods": [
    -14189.527446860518,
    -13266.770728678326,
    -941.13751053788133,
    -4610.5920203182231
  ],
  "num_iteration": 1000,
  "num_modalities": 4,
  "num_topics": 7,
  "total_liklihood": -33008.027706394954
}
