{
  "modality_liklihoods": [
    -13440.197467232891,
    -13297.105197774885,
    -936.87621288673563,
    -4615.1874122485788
  ],
  "num_iteration": 1000,
  "num_modalities": 4,
  "num_topics": 7,
  "total_liklihood": -32289.366290143087
}
