{
  "modality_liklihoods": [
    -13979.409979387066,
    -13271.328954745733,
    -939.13492157909786,
    -4639.5818838600499
  ],
  "num_iteration": 1000,
  "num_modalities": 4,
  "num_topics": 7,
  "total_liklihood": -32829.455739571946
}
