{
  "modality_liklihoods": [
    -13936.040975262616,
    -13267.790039767931,
    -940.13501485433517,
    -4668.0143942086288
  ],
  "num_iteration": 1000,
  "num_modalities": 4,
  "num_topics": 7,
  "total_liklihood": -32811.980424093512
}
