{
  "modality_liklihoods": [
    -14444.010956844855,
    -13282.199378736119,
    -937.16790436558722,
    -4635.3865562551127
  ],
  "num_iteration": 1000,
  "num_modalities": 4,
  "num_topics": 7,
  "total_liklihood": -33298.764796201671
}
