{
  "modality_liklihoods": [
    -13637.176739510471,
    -13279.612870235573,
    -942.68581621469696,
    -4678.6183388843046
  ],
  "num_iteration": 1000,
  "num_modalities": 4,
  "num_topics": 7,
  "total_liklihood": -32538.093764845045
}
