{
  "modality_liklihoods": [
    -13393.500118304886,
    -13237.675958380025,
    -936.87615531295023,
    -4653.7751883211931
  ],
  "num_iteration": 1000,
  "num_modalities": 4,
  "num_topics": 7,
  "total_liklihood": -32221.827420319056
}
