{
  "modality_liklihoods": [
    -14430.877969870302,
    -13245.746553498906,
    -944.1391787034222,
    -4621.0877798031388
  ],
  "num_iteration": 1000,
  "num_modalities": 4,
  "num_topics": 7,
  "total_liklihood": -33241.851481875769
}
