{
  "modality_liklihoods": [
    -14315.28063686932,
    -13279.663676608692,
    -939.37616368306021,
    -4683.2500940264945
  ],
  "num_iteration": 1000,
  "num_modalities": 4,
  "num_topics": 7,
  "total_liklihood": -33217.570571187563
}
