{
  "modality_liklihoods": [
    -14236.861187055363,
    -13203.440733496582,
    -943.9564490565582,
    -4778.7597104741444
  ],
  "num_iteration": 1000,
  "num_modalities": 4,
  "num_topics": 7,
  "total_liklihood": -33163.018080082649
}
