{
  "modality_liklihoods": [
    -14266.26175527657,
    -13251.753697570104,
    -945.48002923520698,
    -4694.4186011723987
  ],
  "num_iteration": 1000,
  "num_modalities": 4,
  "num_topics": 7,
  "total_liklihood": -33157.914083254283
}
