{
  "modality_liklihoods": [
    -14359.107780082508,
    -13260.230795686783,
    -940.54299673704418,
    -4637.2511504436625
  ],
  "num_iteration": 1000,
  "num_modalities": 4,
  "num_topics": 7,
  "total_liklihood": -33197.132722949995
}
