{
  "modality_liklihoods": [
    -14314.297095569083,
    -13278.067541166705,
    -935.74425001978955,
    -4641.4042002208371
  ],
  "num_iteration": 1000,
  "num_modalities": 4,
  "num_topics": 7,
  "total_liklihood": -33169.513086976411
}
