{
  "modality_liklihoods": [
    -14997.744945875347,
    -13261.00576617443,
    -941.49032657161536,
    -4695.0751201109406
  ],
  "num_iteration": 1000,
  "num_modalities": 4,
  "num_topics": 7,
  "total_liklihood": -33895.316158732334
}
