{
  "modality_liklihoods": [
    -13941.128422705971,
    -13270.789688681776,
    -935.85981236077021,
    -4575.3605907174815
  ],
  "num_iteration": 1000,
  "num_modalities": 4,
  "num_topics": 7,
  "total_liklihood": -32723.138514466002
}
