{
  "modality_liklihoods": [
    -13900.465727603376,
    -13267.589714434436,
    -940.38704301119355,
    -4655.1346082320379
  ],
  "num_iteration": 1000,
  "num_modalities": 4,
  "num_topics": 7,
  "total_liklihood": -32763.577093281041
}
