{
  "modality_liklihoods": [
    -13448.810548261095,
    -13244.698247674662,
    -935.47277744291455,
    -4634.2710204419627
  ],
  "num_iteration": 1000,
  "num_modalities": 4,
  "num_topics": 7,
  "total_liklihood": -32263.252593820635
}
