{
  "modality_liklihoods": [
    -14388.49189200062,
    -13222.009137427012,
    -937.2149922690287,
    -4588.962031899664
  ],
  "num_iteration": 1000,
  "num_modalities": 4,
  "num_topics": 7,
  "total_liklihood": -33136.678053596326
}
