{
  "modality_liklihoods": [
    -14634.792685251157,
    -13243.779355200319,
    -938.51446087740669,
    -4678.7112464215397
  ],
  "num_iteration": 1000,
  "num_modalities": 4,
  "num_topics": 7,
  "total_liklihood": -33495.797747750425
}
