{
  "modality_liklihoods": [
    -13909.190418324692,
    -13285.944700034521,
    -945.4256983932047,
    -4658.0379281934393
  ],
  "num_iteration": 1000,
  "num_modalities": 4,
  "num_topics": 7,
  "total_liklihood": -32798.598744945855
}
