{
  "modality_liklihoods": [
    -13990.0360696264,
    -13263.102282597763,
    -940.13908335053009,
    -4677.3034369268617
  ],
  "num_iteration": 1000,
  "num_modalities": 4,
  "num_topics": 7,
  "total_liklihood": -32870.580872501552
}
