{
  "modality_liklihoods": [
    -14117.166676264227,
    -13263.611786475718,
    -938.1199587630299,
    -4670.1311520597237
  ],
  "num_iteration": 1000,
  "num_modalities": 4,
  "num_topics": 7,
  "total_liklihood": -32989.029573562701
}
