{
  "modality_liklihoods": [
    -13907.400262657731,
    -13252.739029045455,
    -942.96506547716979,
    -4629.6220398454407
  ],
  "num_iteration": 1000,
  "num_modalities": 4,
  "num_topics": 7,
  "total_liklihood": -32732.726397025792
}
