{
  "modality_liklihoods": [
    -14081.922651409333,
    -13219.680418087148,
    -935.26634692372102,
    -4674.5952746541407
  ],
  "num_iteration": 1000,
  "num_modalities": 4,
  "num_topics": 7,
  "total_liklihood": -32911.464691074339
}
