{
  "modality_liklihoods": [
    -13518.571001257256,
    -13218.018148821306,
    -939.65324903062617,
    -4676.1849989684033
  ],
  "num_iteration": 1000,
  "num_modalities": 4,
  "num_topics": 7,
  "total_liklihood": -32352.427398077591
}
