{
  "modality_liklihoods": [
    -13538.360378455831,
    -13287.397195649555,
    -936.86524019543344,
    -4634.5854946769396
  ],
  "num_iteration": 1000,
  "num_modalities": 4,
  "num_topics": 7,
  "total_liklihood": -32397.208308977762
}
