{
  "modality_liklihoods": [
    -14345.803779907079,
    -13209.839142715598,
    -938.72255017294412,
    -4674.0280822759469
  ],
  "num_iteration": 1000,
  "num_modalities": 4,
  "num_topics": 7,
  "total_liklihood": -33168.393555071569
}
