{
  "modality_liklihoods": [
    -13790.935488631883,
    -36153.474595247855,
    -5692.4325424343706,
    -7385.0497244629914
  ],
  "num_iteration": 1000,
  "num_modalities": 4,
  "num_topics": 7,
  "total_liklihood": -63021.892350777096
}
