{
  "modality_liklihoods": [
    -14433.334716340019,
    -13262.986632392645,
    -939.34907297366919,
    -4592.8765796547832
  ],
  "num_iteration": 1000,
  "num_modalities": 4,
  "num_topics": 7,
  "total_liklihood": -33228.547001361119
}
