{
  "modality_liklihoods": [
    -13583.825171394121,
    -13241.000969186922,
    -942.67171053647508,
    -4633.0352307352432
  ],
  "num_iteration": 1000,
  "num_modalities": 4,
  "num_topics": 7,
  "total_liklihood": -32400.533081852758
}
