{
  "modality_liklihoods": [
    -13862.727623827839,
    -13286.89585701963,
    -935.99647149220903,
    -4646.7019120322639
  ],
  "num_iteration": 1000,
  "num_modalities": 4,
  "num_topics": 7,
  "total_liklihood": -32732.321864371945
}
