{
  "modality_liklihoods": [
    -13892.82446268385,
    -13299.679434879345,
    -945.35133301383348,
    -4641.0218522711566
  ],
  "num_iteration": 1000,
  "num_modalities": 4,
  "num_topics": 7,
  "total_liklihood": -32778.877082848187
}
