{
  "modality_liklihoods": [
    -14294.345791454487,
    -13253.635842620612,
    -939.05912243796399,
    -4601.4811047661542
  ],
  "num_iteration": 1000,
  "num_modalities": 4,
  "num_topics": 7,
  "total_liklihood": -33088.521861279216
}
