{
  "modality_liklihoods": [
    -13555.589531458907,
    -13285.080823102238,
    -936.7403400311922,
    -4668.5827896008032
  ],
  "num_iteration": 1000,
  "num_modalities": 4,
  "num_topics": 7,
  "total_liklihood": -32445.993484193139
}
