{
  "modality_liklihoods": [
    -13543.220542868943,
    -13303.944279610123,
    -931.11925458315966,
    -4651.4753633378841
  ],
  "num_iteration": 1000,
  "num_modalities": 4,
  "num_topics": 7,
  "total_liklihood": -32429.759440400107
}
