{
  "modality_liklihoods": [
    -14112.498195264729,
    -13328.172243534291,
    -932.63445060189792,
    -4651.6485591279452
  ],
  "num_iteration": 1000,
  "num_modalities": 4,
  "num_topics": 7,
  "total_liklihood": -33024.95344852886
}
