{
  "modality_liklihoods": [
    -13508.456272476167,
    -13266.140808476714,
    -941.5192343017543,
    -4692.461788903157
  ],
  "num_iteration": 1000,
  "num_modalities": 4,
  "num_topics": 7,
  "total_liklihood": -32408.578104157794
}
