{
  "modality_liklihoods": [
    -13797.000636410385,
    -13253.956254505856,
    -937.59947276513162,
    -4672.1124565729033
  ],
  "num_iteration": 1000,
  "num_modalities": 4,
  "num_topics": 7,
  "total_liklihood": -32660.668820254275
}
