{
  "modality_liklihoods": [
    -13868.510658924433,
    -13276.721013926408,
    -939.94175363511033,
    -4657.9817151506895
  ],
  "num_iteration": 1000,
  "num_modalities": 4,
  "num_topics": 7,
  "total_liklihood": -32743.155141636642
}
