{
  "modality_liklihoods": [
    -13478.843610431575,
    -13279.369328080409,
    -940.87717914879136,
    -4602.2119103079831
  ],
  "num_iteration": 1000,
  "num_modalities": 4,
  "num_topics": 7,
  "total_liklihood": -32301.302027968759
}
