{
  "modality_liklihoods": [
    -13726.265714666175,
    -13256.573900870582,
    -943.65962110303985,
    -4668.7351271399211
  ],
  "num_iteration": 1000,
  "num_modalities": 4,
  "num_topics": 7,
  "total_liklihood": -32595.23436377972
}
