{
  "modality_liklihoods": [
    -14000.284532626725,
    -13247.654567629263,
    -938.59409312527998,
    -4643.7044370712565
  ],
  "num_iteration": 1000,
  "num_modalities": 4,
  "num_topics": 7,
  "total_liklihood": -32830.237630452524
}
