{
  "modality_liklihoods": [
    -14185.81388980683,
    -13244.593016110824,
    -941.64681619767828,
    -4655.1267236293897
  ],
  "num_iteration": 1000,
  "num_modalities": 4,
  "num_topics": 7,
  "total_liklihood": -33027.180445744722
}
