{
  "modality_liklihoods": [
    -14040.220650995348,
    -13279.681586410128,
    -942.76175220740629,
    -4628.3331330353512
  ],
  "num_iteration": 1000,
  "num_modalities": 4,
  "num_topics": 7,
  "total_liklihood": -32890.997122648238
}
