{
  "modality_liklihoods": [
    -13948.705791888247,
    -13271.306191465557,
    -937.71998763634531,
    -4694.3269963808516
  ],
  "num_iteration": 1000,
  "num_modalities": 4,
  "num_topics": 7,
  "total_liklihood": -32852.058967370998
}
