{
  "modality_liklihoods": [
    -14612.772751265038,
    -13283.596800467865,
    -940.31493833476736,
    -4670.3012285888026
  ],
  "num_iteration": 1000,
  "num_modalities": 4,
  "num_topics": 7,
  "total_liklihood": -33506.98571865647
}
