{
  "modality_liklihoods": [
    -13019.189824428615,
    -13250.517660115906,
    -948.25175444133265,
    -4683.8770901465668
  ],
  "num_iteration": 1000,
  "num_modalities": 4,
  "num_topics": 7,
  "total_liklihood": -31901.83632913242
}
