{
  "modality_liklihoods": [
    -13177.331647544184,
    -13280.299250888076,
    -943.00768063809471,
    -4629.3784846466269
  ],
  "num_iteration": 1000,
  "num_modalities": 4,
  "num_topics": 7,
  "total_liklihood": -32030.017063716979
}
