{
  "modality_liklihoods": [
    -13786.418168921504,
    -13291.193722523001,
    -938.97961640908136,
    -4673.6728404580117
  ],
  "num_iteration": 1000,
  "num_modalities": 4,
  "num_topics": 7,
  "total_liklihood": -32690.264348311597
}
