{
  "modality_liklihoods": [
    -14073.572098371433,
    -13269.02733390767,
    -934.43331230534682,
    -4643.1231903292555
  ],
  "num_iteration": 1000,
  "num_modalities": 4,
  "num_topics": 7,
  "total_liklihood": -32920.155934913702
}
