{
  "modality_liklihoods": [
    -14038.225813868359,
    -13251.882557920693,
    -943.50819543008083,
    -4624.9725045434752
  ],
  "num_iteration": 1000,
  "num_modalities": 4,
  "num_topics": 7,
  "total_liklihood": -32858.589071762603
}
