{
  "modality_liklihoods": [
    -14495.141784132637,
    -13269.290935004947,
    -942.52620266999122,
    -4614.7460087014115
  ],
  "num_iteration": 1000,
  "num_modalities": 4,
  "num_topics": 7,
  "total_liklihood": -33321.704930508989
}
