{
  "modality_liklihoods": [
    -13572.952024538034,
    -13241.225108535751,
    -943.19630926663854,
    -4631.5082942712061
  ],
  "num_iteration": 1000,
  "num_modalities": 4,
  "num_topics": 7,
  "total_liklihood": -32388.881736611627
}
