{
  "modality_liklihoods": [
    -14042.318042138229,
    -13276.024083925036,
    -938.02924358546011,
    -4646.9149404117516
  ],
  "num_iteration": 1000,
  "num_modalities": 4,
  "num_topics": 7,
  "total_liklihood": -32903.286310060481
}
