{
  "modality_liklihoods": [
    -14669.776189562021,
    -13272.251943271698,
    -938.35424734179719,
    -4598.2544079687968
  ],
  "num_iteration": 1000,
  "num_modalities": 4,
  "num_topics": 7,
  "total_liklihood": -33478.636788144315
}
