{
  "modality_liklihoods": [
    -14558.178462431806,
    -13191.978938033548,
    -937.21074306094988,
    -4733.6493010178046
  ],
  "num_iteration": 1000,
  "num_modalities": 4,
  "num_topics": 7,
  "total_liklihood": -33421.017444544108
}
