{
  "modality_liklihoods": [
    -14231.590480918359,
    -13280.694004184103,
    -942.70781823327025,
    -4613.6559984369569
  ],
  "num_iteration": 1000,
  "num_modalities": 4,
  "num_topics": 7,
  "total_liklihood": -33068.648301772693
}
