{
  "modality_liklihoods": [
    -13987.727189392584,
    -13274.627409152135,
    -932.99658170404621,
    -4634.7147873355716
  ],
  "num_iteration": 1000,
  "num_modalities": 4,
  "num_topics": 7,
  "total_liklihood": -32830.065967584334
}
