{
  "modality_liklihoods": [
    -13291.576133511302,
    -13281.17080330008,
    -942.71508210474326,
    -4654.3004014408889
  ],
  "num_iteration": 1000,
  "num_modalities": 4,
  "num_topics": 7,
  "total_liklihood": -32169.762420357016
}
