{
  "modality_liklihoods": [
    -14357.385462354028,
    -13203.400737414051,
    -935.56524622701454,
    -4646.2057414381825
  ],
  "num_iteration": 1000,
  "num_modalities": 4,
  "num_topics": 7,
  "total_liklihood": -33142.557187433282
}
