{
  "modality_liklihoods": [
    -13620.254924244084,
    -13264.571236374311,
    -940.37760051011196,
    -4635.3243833313782
  ],
  "num_iteration": 1000,
  "num_modalities": 4,
  "num_topics": 7,
  "total_liklihood": -32460.528144459888
}
