{
  "modality_liklihoods": [
    -13864.677284111602,
    -13261.194946272275,
    -938.66315910245351,
    -4640.8799206064323
  ],
  "num_iteration": 1000,
  "num_modalities": 4,
  "num_topics": 7,
  "total_liklihood": -32705.415310092762
}
