{
  "modality_liklihoods": [
    -13321.58606686761,
    -13262.138414536657,
    -939.55980728390091,
    -4634.0099394480512
  ],
  "num_iteration": 1000,
  "num_modalities": 4,
  "num_topics": 7,
  "total_liklihood": -32157.294228136219
}
