{
  "modality_liklihoods": [
    -12986.115144434703,
    -13286.319825856959,
    -941.44948040725524,
    -4599.961740321176
  ],
  "num_iteration": 1000,
  "num_modalities": 4,
  "num_topics": 7,
  "total_liklihood": -31813.846191020093
}
