{
  "modality_liklihoods": [
    -14309.248708363188,
    -13217.192297460555,
    -941.04538694268444,
    -4709.5910602296271
  ],
  "num_iteration": 1000,
  "num_modalities": 4,
  "num_topics": 7,
  "total_liklihood": -33177.077452996054
}
