{
  "modality_liklihoods": [
    -14045.257259915879,
    -13284.892537183519,
    -938.54589356616179,
    -4665.1511563653794
  ],
  "num_iteration": 1000,
  "num_modalities": 4,
  "num_topics": 7,
  "total_liklihood": -32933.846847030938
}
