{
  "modality_liklihoods": [
    -14078.204304872021,
    -13274.533274607453,
    -937.19624271516795,
    -4625.9396770138446
  ],
  "num_iteration": 1000,
  "num_modalities": 4,
  "num_topics": 7,
  "total_liklihood": -32915.873499208479
}
