{
  "modality_liklihoods": [
    -13821.424278990364,
    -13250.856578600489,
    -942.80193576281602,
    -4644.7088108667012
  ],
  "num_iteration": 1000,
  "num_modalities": 4,
  "num_topics": 7,
  "total_liklihood": -32659.791604220369
}
