{
  "modality_liklihoods": [
    -13015.199943964868,
    -13264.398810216298,
    -945.77684786943757,
    -4609.4201247822384
  ],
  "num_iteration": 1000,
  "num_modalities": 4,
  "num_topics": 7,
  "total_liklihood": -31834.795726832843
}
