{
  "modality_liklihoods": [
    -13651.890783422308,
    -13291.791337819146,
    -947.92799482933708,
    -4683.9649622282232
  ],
  "num_iteration": 1000,
  "num_modalities": 4,
  "num_topics": 7,
  "total_liklihood": -32575.575078299014
}
