{
  "modality_liklihoods": [
    -14187.069419998414,
    -13239.865123105086,
    -946.16279835188266,
    -4709.1189287011221
  ],
  "num_iteration": 1000,
  "num_modalities": 4,
  "num_topics": 7,
  "total_liklihood": -33082.216270156503
}
