{
  "modality_liklihoods": [
    -12966.019994177937,
    -13266.513412543598,
    -940.25209514147446,
    -4619.6097432981805
  ],
  "num_iteration": 1000,
  "num_modalities": 4,
  "num_topics": 7,
  "total_liklihood": -31792.395245161191
}
