{
  "modality_liklihoods": [
    -14402.04723707732,
    -13241.141912379475,
    -934.95222072715899,
    -4636.7729301283871
  ],
  "num_iteration": 1000,
  "num_modalities": 4,
  "num_topics": 7,
  "total_liklihood": -33214.914300312346
}
