{
  "modality_liklihoods": [
    -15030.546816367983,
    -13217.08666838166,
    -938.74913219495829,
    -4682.693607384037
  ],
  "num_iteration": 1000,
  "num_modalities": 4,
  "num_topics": 7,
  "total_liklihood": -33869.076224328644
}
