{
  "modality_liklihoods": [
    -14018.215037694865,
    -13271.564975392836,
    -945.1023652917255,
    -4658.5184235927663
  ],
  "num_iteration": 1000,
  "num_modalities": 4,
  "num_topics": 7,
  "total_liklihood": -32893.400801972195
}
