{
  "modality_liklihoods": [
    -13489.058906613778,
    -13292.877594855932,
    -941.18023389859388,
    -4634.5058308150019
  ],
  "num_iteration": 1000,
  "num_modalities": 4,
  "num_topics": 7,
  "total_liklihood": -32357.622566183309
}
