{
  "modality_liklihoods": [
    -13890.876230965208,
    -13204.581353282019,
    -939.73184120297822,
    -4721.5377102304437
  ],
  "num_iteration": 1000,
  "num_modalities": 4,
  "num_topics": 7,
  "total_liklihood": -32756.727135680649
}
