{
  "modality_liklihoods": [
    -13787.874438917457,
    -13256.183280428477,
    -947.23663279258346,
    -4585.6364209258336
  ],
  "num_iteration": 1000,
  "num_modalities": 4,
  "num_topics": 7,
  "total_liklihood": -32576.930773064349
}
