{
  "modality_liklihoods": [
    -14407.471300369423,
    -13280.049815618308,
    -937.12032706552895,
    -4625.0638733885571
  ],
  "num_iteration": 1000,
  "num_modalities": 4,
  "num_topics": 7,
  "total_liklihood": -33249.705316441818
}
