{
  "modality_liklihoods": [
    -12857.256934215526,
    -13259.565939617314,
    -933.97841503121856,
    -4600.5174087290052
  ],
  "num_iteration": 1000,
  "num_modalities": 4,
  "num_topics": 7,
  "total_liklihood": -31651.318697593066
}
