{
  "modality_liklihoods": [
    -14445.693423562538,
    -13244.56782251941,
    -939.5948371736996,
    -4647.6225698356884
  ],
  "num_iteration": 1000,
  "num_modalities": 4,
  "num_topics": 7,
  "total_liklihood": -33277.478653091333
}
