{
  "modality_liklihoods": [
    -13998.842569041586,
    -13269.258899702034,
    -940.37213767111939,
    -4614.2488564321075
  ],
  "num_iteration": 1000,
  "num_modalities": 4,
  "num_topics": 7,
  "total_liklihood": -32822.722462846847
}
