{
  "modality_liklihoods": [
    -14263.260504983074,
    -13244.434315863358,
    -929.96417409195851,
    -4639.990897251052
  ],
  "num_iteration": 1000,
  "num_modalities": 4,
  "num_topics": 7,
  "total_liklihood": -33077.649892189438
}
