{
  "modality_liklihoods": [
    -14077.962653609819,
    -13282.346033236212,
    -938.17699776202846,
    -4664.8409698688411
  ],
  "num_iteration": 1000,
  "num_modalities": 4,
  "num_topics": 7,
  "total_liklihood": -32963.326654476899
}
