{
  "modality_liklihoods": [
    -14564.445136892964,
    -13216.188771080617,
    -948.6255900239421,
    -4717.2915175459939
  ],
  "num_iteration": 1000,
  "num_modalities": 4,
  "num_topics": 7,
  "total_liklihood": -33446.551015543519
}
