{
  "modality_liklihoods": [
    -14448.680806599172,
    -13276.752215480119,
    -939.87388767333061,
    -4711.8378150849985
  ],
  "num_iteration": 1000,
  "num_modalities": 4,
  "num_topics": 7,
  "total_liklihood": -33377.144724837621
}
