{
  "modality_liklihoods": [
    -14052.961037742691,
    -13227.107041539648,
    -939.37876578969463,
    -4661.8872035149443
  ],
  "num_iteration": 1000,
  "num_modalities": 4,
  "num_topics": 7,
  "total_liklihood": -32881.334048586978
}
