{
  "modality_liklihoods": [
    -14524.244628383323,
    -13214.250704722528,
    -944.43776963960022,
    -4759.8159032212307
  ],
  "num_iteration": 1000,
  "num_modalities": 4,
  "num_topics": 7,
  "total_liklihood": -33442.749005966682
}
