{
  "modality_liklihoods": [
    -13916.854261400271,
    -13301.801228190297,
    -945.55247242653752,
    -4622.2229193266285
  ],
  "num_iteration": 1000,
  "num_modalities": 4,
  "num_topics": 7,
  "total_liklihood": -32786.430881343738
}
