{
  "modality_liklihoods": [
    -14085.226369315049,
    -13242.197199401102,
    -941.58577241668331,
    -4660.8622329484042
  ],
  "num_iteration": 1000,
  "num_modalities": 4,
  "num_topics": 7,
  "total_liklihood": -32929.871574081233
}
