{
  "modality_liklihoods": [
    -14287.468263996267,
    -13269.453138892679,
    -938.5789589080623,
    -4602.8097191423049
  ],
  "num_iteration": 1000,
  "num_modalities": 4,
  "num_topics": 7,
  "total_liklihood": -33098.310080939315
}
