{
  "modality_liklihoods": [
    -14250.294573072715,
    -13255.317063926535,
    -935.98255937708188,
    -4738.6956138433643
  ],
  "num_iteration": 1000,
  "num_modalities": 4,
  "num_topics": 7,
  "total_liklihood": -33180.2898102197
}
