{
  "modality_liklihoods": [
    -13726.177875131494,
    -13283.495049234536,
    -934.46257663430151,
    -4633.9631441430474
  ],
  "num_iteration": 1000,
  "num_modalities": 4,
  "num_topics": 7,
  "total_liklihood": -32578.098645143378
}
