{
  "modality_liklihoods": [
    -14096.645122882272,
    -13302.177954526873,
    -941.55444605908428,
    -4633.2113581308076
  ],
  "num_iteration": 1000,
  "num_modalities": 4,
  "num_topics": 7,
  "total_liklihood": -32973.588881599033
}
