{
  "modality_liklihoods": [
    -14182.936237844318,
    -13249.099235688071,
    -937.57589822350519,
    -4709.1763602086194
  ],
  "num_iteration": 1000,
  "num_modalities": 4,
  "num_topics": 7,
  "total_liklihood": -33078.787731964512
}
