{
  "modality_liklihoods": [
    -13322.092586964263,
    -13260.791241403675,
    -939.36953291590896,
    -4604.6270924617575
  ],
  "num_iteration": 1000,
  "num_modalities": 4,
  "num_topics": 7,
  "total_liklihood": -32126.880453745602
}
