{
  "modality_liklihoods": [
    -13475.976007150464,
    -13242.483833153661,
    -947.90960339236949,
    -4633.3620961154438
  ],
  "num_iteration": 1000,
  "num_modalities": 4,
  "num_topics": 7,
  "total_liklihood": -32299.731539811939
}
