{
  "modality_liklihoods": [
    -15056.932038487092,
    -13207.186778394767,
    -935.80824707858585,
    -4642.9132633167128
  ],
  "num_iteration": 1000,
  "num_modalities": 4,
  "num_topics": 7,
  "total_liklihood": -33842.840327277154
}
