{
  "modality_liklihoods": [
    -14235.122006867094,
    -13253.230915620543,
    -939.97385308879711,
    -4656.5936965202618
  ],
  "num_iteration": 1000,
  "num_modalities": 4,
  "num_topics": 7,
  "total_liklihood": -33084.920472096695
}
