{
  "modality_liklihoods": [
    -13686.385950116612,
    -13291.183746547902,
    -938.89404460979767,
    -4641.4127819340256
  ],
  "num_iteration": 1000,
  "num_modalities": 4,
  "num_topics": 7,
  "total_liklihood": -32557.876523208335
}
