{
  "modality_liklihoods": [
    -13624.341148759182,
    -13284.287577239022,
    -938.33389163609274,
    -4602.3063634056052
  ],
  "num_iteration": 1000,
  "num_modalities": 4,
  "num_topics": 7,
  "total_liklihood": -32449.268981039902
}
