{
  "modality_liklihoods": [
    -13876.92579550526,
    -13224.660366368062,
    -940.25203355166366,
    -4607.0094036357305
  ],
  "num_iteration": 1000,
  "num_modalities": 4,
  "num_topics": 7,
  "total_liklihood": -32648.847599060715
}
