{
  "modality_liklihoods": [
    -13452.625051638808,
    -13246.983107397589,
    -948.54767634777693,
    -4690.5826541818169
  ],
  "num_iteration": 1000,
  "num_modalities": 4,
  "num_topics": 7,
  "total_liklihood": -32338.738489565992
}
