{
  "modality_liklihoods": [
    -12551.319851202479,
    -13258.0042525805,
    -942.98082373668512,
    -4670.7738057530732
  ],
  "num_iteration": 1000,
  "num_modalities": 4,
  "num_topics": 7,
  "total_liklihood": -31423.078733272738
}
