{
  "modality_liklihoods": [
    -14340.863698868754,
    -13237.043535467377,
    -931.6519532390688,
    -4629.6302289447285
  ],
  "num_iteration": 1000,
  "num_modalities": 4,
  "num_topics": 7,
  "total_liklihood": -33139.189416519934
}
