{
  "modality_liklihoods": [
    -13463.628111345597,
    -13258.17453897648,
    -942.11497839539811,
    -4646.4013314448703
  ],
  "num_iteration": 1000,
  "num_modalities": 4,
  "num_topics": 7,
  "total_liklihood": -32310.318960162345
}
