{
  "modality_liklihoods": [
    -14389.662552505362,
    -13250.196854713235,
    -945.00944925836086,
    -4710.6567817391624
  ],
  "num_iteration": 1000,
  "num_modalities": 4,
  "num_topics": 7,
  "total_liklihood": -33295.525638216117
}
