{
  "modality_liklihoods": [
    -14348.30630627145,
    -13222.863329825268,
    -937.92544878693673,
    -4696.3410199794498
  ],
  "num_iteration": 1000,
  "num_modalities": 4,
  "num_topics": 7,
  "total_liklihood": -33205.436104863104
}
