{
  "modality_liklihoods": [
    -14055.29623947495,
    -13268.354542749112,
    -941.31203792055987,
    -4622.4948352305973
  ],
  "num_iteration": 1000,
  "num_modalities": 4,
  "num_topics": 7,
  "total_liklihood": -32887.457655375219
}
