{
  "modality_liklihoods": [
    -13083.628685007096,
    -13283.468711272679,
    -940.25874653898472,
    -4639.4130073414035
  ],
  "num_iteration": 1000,
  "num_modalities": 4,
  "num_topics": 7,
  "total_liklihood": -31946.769150160158
}
