{
  "modality_liklihoods": [
    -13378.339729233259,
    -13286.267612177797,
    -941.03185984583456,
    -4704.1404494747894
  ],
  "num_iteration": 1000,
  "num_modalities": 4,
  "num_topics": 7,
  "total_liklihood": -32309.779650731682
}
