{
  "modality_liklihoods": [
    -14090.195194711123,
    -13263.968924183926,
    -938.4566723660505,
    -4660.0082541193478
  ],
  "num_iteration": 1000,
  "num_modalities": 4,
  "num_topics": 7,
  "total_liklihood": -32952.629045380447
}
