{
  "modality_liklihoods": [
    -13626.430122878231,
    -13293.512487717275,
    -945.98472019261033,
    -4636.900935749507
  ],
  "num_iteration": 1000,
  "num_modalities": 4,
  "num_topics": 7,
  "total_liklihood": -32502.828266537625
}
