{
  "modality_liklihoods": [
    -14382.145616094598,
    -13293.953345360631,
    -936.77927956431677,
    -4677.3709488938439
  ],
  "num_iteration": 1000,
  "num_modalities": 4,
  "num_topics": 7,
  "total_liklihood": -33290.249189913389
}
