{
  "modality_liklihoods": [
    -14144.729640923841,
    -13280.183272148077,
    -947.68918465505874,
    -4636.9243701306659
  ],
  "num_iteration": 1000,
  "num_modalities": 4,
  "num_topics": 7,
  "total_liklihood": -33009.526467857635
}
