{
  "modality_liklihoods": [
    -13055.294010799786,
    -13224.204273650688,
    -942.55927099729513,
    -4628.4688226139688
  ],
  "num_iteration": 1000,
  "num_modalities": 4,
  "num_topics": 7,
  "total_liklihood": -31850.526378061739
}
