{
  "modality_liklihoods": [
    -13341.884191592759,
    -13261.589788161764,
    -936.91613400153994,
    -4629.7325815250206
  ],
  "num_iteration": 1000,
  "num_modalities": 4,
  "num_topics": 7,
  "total_liklihood": -32170.122695281083
}
