{
  "modality_liklihoods": [
    -13983.93738691957,
    -13277.229210214955,
    -938.64112965328968,
    -4644.8031238144094
  ],
  "num_iteration": 1000,
  "num_modalities": 4,
  "num_topics": 7,
  "total_liklihood": -32844.610850602221
}
