{
  "modality_liklihoods": [
    -14248.958727742554,
    -13265.219160185332,
    -943.43077977216205,
    -4648.3137801605635
  ],
  "num_iteration": 1000,
  "num_modalities": 4,
  "num_topics": 7,
  "total_liklihood": -33105.922447860612
}
