{
  "modality_liklihoods": [
    -12527.281575988289,
    -13264.817806287636,
    -934.89615238969679,
    -4645.5750009711055
  ],
  "num_iteration": 1000,
  "num_modalities": 4,
  "num_topics": 7,
  "total_liklihood": -31372.570535636729
}
