{
  "modality_liklihoods": [
    -14133.775380923786,
    -13303.860813617219,
    -935.75366785823235,
    -4626.5407486254771
  ],
  "num_iteration": 1000,
  "num_modalities": 4,
  "num_topics": 7,
  "total_liklihood": -32999.930611024713
}
