{
  "modality_liklihoods": [
    -14274.52880233175,
    -13247.966837320349,
    -943.34652260192968,
    -4739.452618524464
  ],
  "num_iteration": 1000,
  "num_modalities": 4,
  "num_topics": 7,
  "total_liklihood": -33205.294780778495
}
