{
  "modality_liklihoods": [
    -12198.090827690794,
    -13320.16348731729,
    -942.06864152281184,
    -4642.3747563389679
  ],
  "num_iteration": 1000,
  "num_modalities": 4,
  "num_topics": 7,
  "total_liklihood": -31102.697712869864
}
