{
  "modality_liklihoods": [
    -13460.864943040249,
    -13217.43587032785,
    -941.00151822445844,
    -4603.8935620905095
  ],
  "num_iteration": 1000,
  "num_modalities": 4,
  "num_topics": 7,
  "total_liklihood": -32223.195893683067
}
