{
  "modality_liklihoods": [
    -13614.588875311572,
    -13283.719254752385,
    -942.55806182830815,
    -4685.6339837191545
  ],
  "num_iteration": 1000,
  "num_modalities": 4,
  "num_topics": 7,
  "total_liklihood": -32526.500175611422
}
