{
  "modality_liklihoods": [
    -13705.611620706848,
    -13276.733892330798,
    -935.13451906406783,
    -4630.427732513157
  ],
  "num_iteration": 1000,
  "num_modalities": 4,
  "num_topics": 7,
  "total_liklihood": -32547.907764614873
}
