{
  "modality_liklihoods": [
    -13920.564537037108,
    -13282.200628222654,
    -940.89992089959503,
    -4685.9622081381594
  ],
  "num_iteration": 1000,
  "num_modalities": 4,
  "num_topics": 7,
  "total_liklihood": -32829.627294297519
}
