{
  "modality_liklihoods": [
    -13904.92459931658,
    -13242.412071171922,
    -941.15373837239201,
    -4661.3736984456737
  ],
  "num_iteration": 1000,
  "num_modalities": 4,
  "num_topics": 7,
  "total_liklihood": -32749.86410730657
}
