{
  "modality_liklihoods": [
    -14019.699945749404,
    -13251.18383845153,
    -940.4304537125804,
    -4653.7748876135165
  ],
  "num_iteration": 1000,
  "num_modalities": 4,
  "num_topics": 7,
  "total_liklihood": -32865.089125527033
}
