{
  "modality_liklihoods": [
    -12036.266392615013,
    -13318.937423773625,
    -934.58699244487525,
    -4602.0421999624332
  ],
  "num_iteration": 1000,
  "num_modalities": 4,
  "num_topics": 7,
  "total_liklihood": -30891.833008795948
}
