{
  "modality_liklihoods": [
    -13491.498127112545,
    -13288.509699739243,
    -942.83328027714833,
    -4616.8227229731638
  ],
  "num_iteration": 1000,
  "num_modalities": 4,
  "num_topics": 7,
  "total_liklihood": -32339.663830102101
}
