{
  "modality_liklihoods": [
    -13955.964266061408,
    -13278.41504482472,
    -943.84040379549754,
    -4611.9084504655239
  ],
  "num_iteration": 1000,
  "num_modalities": 4,
  "num_topics": 7,
  "total_liklihood": -32790.128165147151
}
