{
  "modality_liklihoods": [
    -13558.268317725237,
    -13271.086310200226,
    -940.678837083183,
    -4655.7029043480325
  ],
  "num_iteration": 1000,
  "num_modalities": 4,
  "num_topics": 7,
  "total_liklihood": -32425.736369356677
}
