{
  "modality_liklihoods": [
    -14527.5983066596,
    -13289.37347741831,
    -935.00685338805681,
    -4631.1075380831135
  ],
  "num_iteration": 1000,
  "num_modalities": 4,
  "num_topics": 7,
  "total_liklihood": -33383.086175549084
}
