{
  "modality_liklihoods": [
    -12285.893944016914,
    -13243.971971910583,
    -944.06728083594783,
    -4636.4918451307312
  ],
  "num_iteration": 1000,
  "num_modalities": 4,
  "num_topics": 7,
  "total_liklihood": -31110.425041894177
}
