{
  "modality_liklihoods": [
    -12750.648736634461,
    -13273.019325555408,
    -940.58118643807359,
    -4660.396103745069
  ],
  "num_iteration": 1000,
  "num_modalities": 4,
  "num_topics": 7,
  "total_liklihood": -31624.645352373012
}
