{
  "modality_liklihoods": [
    -13923.734958824747,
    -13263.680128832691,
    -935.49151352423951,
    -4654.1884254152883
  ],
  "num_iteration": 1000,
  "num_modalities": 4,
  "num_topics": 7,
  "total_liklihood": -32777.095026596966
}
