{
  "modality_liklihoods": [
    -14579.007594295061,
    -13290.66159328369,
    -934.74680805133096,
    -4642.0626946017419
  ],
  "num_iteration": 1000,
  "num_modalities": 4,
  "num_topics": 7,
  "total_liklihood": -33446.478690231823
}
