{
  "modality_liklihoods": [
    -14002.069492492177,
    -13245.405657245401,
    -943.26262667288302,
    -4650.5009626780948
  ],
  "num_iteration": 1000,
  "num_modalities": 4,
  "num_topics": 7,
  "total_liklihood": -32841.238739088556
}
