{
  "modality_liklihoods": [
    -14120.595534694274,
    -13297.439359076285,
    -937.4794096794293,
    -4651.7245051439577
  ],
  "num_iteration": 1000,
  "num_modalities": 4,
  "num_topics": 7,
  "total_liklihood": -33007.238808593946
}
