{
  "modality_liklihoods": [
    -13697.285684832517,
    -13214.824352740323,
    -941.31630920496241,
    -4672.0996258127479
  ],
  "num_iteration": 1000,
  "num_modalities": 4,
  "num_topics": 7,
  "total_liklihood": -32525.525972590553
}
