{
  "modality_liklihoods": [
    -14132.885196915062,
    -13276.45225568257,
    -939.58694344697665,
    -4637.6487733307567
  ],
  "num_iteration": 1000,
  "num_modalities": 4,
  "num_topics": 7,
  "total_liklihood": -32986.573169375362
}
