{
  "modality_liklihoods": [
    -14333.192697866492,
    -13273.08708612901,
    -939.60655617990176,
    -4642.1326597188399
  ],
  "num_iteration": 1000,
  "num_modalities": 4,
  "num_topics": 7,
  "total_liklihood": -33188.018999894244
}
