{
  "modality_liklihoods": [
    -14280.030696945765,
    -13257.870681814251,
    -947.86454259400944,
    -4591.2555811800867
  ],
  "num_iteration": 1000,
  "num_modalities": 4,
  "num_topics": 7,
  "total_liklihood": -33077.021502534109
}
