{
  "modality_liklihoods": [
    -14106.353462937637,
    -13234.427549074831,
    -935.67956967126997,
    -4659.9523875908453
  ],
  "num_iteration": 1000,
  "num_modalities": 4,
  "num_topics": 7,
  "total_liklihood": -32936.412969274585
}
