{
  "modality_liklihoods": [
    -13612.947656529075,
    -13235.904858709384,
    -942.36549034276391,
    -4665.639503338698
  ],
  "num_iteration": 1000,
  "num_modalities": 4,
  "num_topics": 7,
  "total_liklihood": -32456.857508919922
}
