{
  "modality_liklihoods": [
    -14982.734448467338,
    -13239.917320110066,
    -936.73286594345586,
    -4668.455044352896
  ],
  "num_iteration": 1000,
  "num_modalities": 4,
  "num_topics": 7,
  "total_liklihood": -33827.839678873752
}
