{
  "modality_liklihoods": [
    -14491.393845450271,
    -13226.688786352523,
    -941.26474530160851,
    -4613.169931180395
  ],
  "num_iteration": 1000,
  "num_modalities": 4,
  "num_topics": 7,
  "total_liklihood": -33272.517308284798
}
