{
  "modality_liklihoods": [
    -14119.069096421879,
    -13300.739491415803,
    -938.91786112737577,
    -4675.8564288931393
  ],
  "num_iteration": 1000,
  "num_modalities": 4,
  "num_topics": 7,
  "total_liklihood": -33034.582877858193
}
