{
  "modality_liklihoods": [
    -14437.481617483974,
    -13275.534191255007,
    -941.20836780595482,
    -4627.7466765646195
  ],
  "num_iteration": 1000,
  "num_modalities": 4,
  "num_topics": 7,
  "total_liklihood": -33281.970853109553
}
