{
  "modality_liklihoods": [
    -13495.146294839578,
    -13299.816862685964,
    -930.8409620989006,
    -4637.1291716566957
  ],
  "num_iteration": 1000,
  "num_modalities": 4,
  "num_topics": 7,
  "total_liklihood": -32362.933291281137
}
