{
  "modality_liklihoods": [
    -14296.075533955183,
    -13292.740194159463,
    -935.19641836574829,
    -4623.0895256553049
  ],
  "num_iteration": 1000,
  "num_modalities": 4,
  "num_topics": 7,
  "total_liklihood": -33147.101672135701
}
