{
  "modality_liklihoods": [
    -13965.731107019523,
    -13227.877415747491,
    -938.38269109316502,
    -4606.843309897723
  ],
  "num_iteration": 1000,
  "num_modalities": 4,
  "num_topics": 7,
  "total_liklihood": -32738.834523757898
}
