{
  "modality_liklihoods": [
    -14548.726041256235,
    -13287.130564118128,
    -940.94587225258715,
    -4631.9784192518237
  ],
  "num_iteration": 1000,
  "num_modalities": 4,
  "num_topics": 7,
  "total_liklihood": -33408.780896878772
}
