{
  "modality_liklihoods": [
    -14370.091130242652,
    -13267.885147202313,
    -930.14736409693887,
    -4613.3907049065929
  ],
  "num_iteration": 1000,
  "num_modalities": 4,
  "num_topics": 7,
  "total_liklihood": -33181.514346448494
}
