{
  "modality_liklihoods": [
    -13868.815458608384,
    -13249.604400851689,
    -939.40455111458027,
    -4616.7373256089068
  ],
  "num_iteration": 1000,
  "num_modalities": 4,
  "num_topics": 7,
  "total_liklihood": -32674.561736183561
}
