{
  "modality_liklihoods": [
    -14285.408420948283,
    -13210.16261224347,
    -940.46565100350028,
    -4617.4886164170548
  ],
  "num_iteration": 1000,
  "num_modalities": 4,
  "num_topics": 7,
  "total_liklihood": -33053.525300612309
}
