{
  "modality_liklihoods": [
    -14107.84051566109,
    -13249.99773272795,
    -941.35277754836852,
    -4618.1258399346971
  ],
  "num_iteration": 1000,
  "num_modalities": 4,
  "num_topics": 7,
  "total_liklihood": -32917.316865872104
}
