{
  "modality_liklihoods": [
    -14292.281526105258,
    -13269.831786356321,
    -938.72166120912777,
    -4662.7185163864269
  ],
  "num_iteration": 1000,
  "num_modalities": 4,
  "num_topics": 7,
  "total_liklihood": -33163.553490057137
}
