{
  "modality_liklihoods": [
    -14151.351597381574,
    -13235.392139820304,
    -941.63572628680276,
    -4691.0937174495875
  ],
  "num_iteration": 1000,
  "num_modalities": 4,
  "num_topics": 7,
  "total_liklihood": -33019.473180938265
}
