{
  "modality_liklihoods": [
    -13793.674032480729,
    -13274.919975870083,
    -939.76513893312119,
    -4617.5299017384223
  ],
  "num_iteration": 1000,
  "num_modalities": 4,
  "num_topics": 7,
  "total_liklihood": -32625.889049022357
}
