{
  "modality_liklihoods": [
    -13927.880434922994,
    -13288.309992641041,
    -942.85217580155654,
    -4678.7800911514696
  ],
  "num_iteration": 1000,
  "num_modalities": 4,
  "num_topics": 7,
  "total_liklihood": -32837.822694517061
}
