{
  "modality_liklihoods": [
    -13778.728726907733,
    -13246.484630723944,
    -936.21321304598928,
    -4677.8514903972655
  ],
  "num_iteration": 1000,
  "num_modalities": 4,
  "num_topics": 7,
  "total_liklihood": -32639.278061074932
}
