{
  "modality_liklihoods": [
    -13052.976759669042,
    -13233.054299087795,
    -942.87087631797374,
    -4577.5387812281024
  ],
  "num_iteration": 1000,
  "num_modalities": 4,
  "num_topics": 7,
  "total_liklihood": -31806.440716302917
}
