{
  "modality_liklihoods": [
    -14217.114879974815,
    -13221.003997709546,
    -936.46135407406405,
    -4760.2563461426043
  ],
  "num_iteration": 1000,
  "num_modalities": 4,
  "num_topics": 7,
  "total_liklihood": -33134.836577901035
}
