{
  "modality_liklihoods": [
    -14823.107095782494,
    -13219.58970412545,
    -935.52772123418583,
    -4659.9529618234164
  ],
  "num_iteration": 1000,
  "num_modalities": 4,
  "num_topics": 7,
  "total_liklihood": -33638.177482965548
}
