{
  "modality_liklihoods": [
    -14336.132629881478,
    -13254.179992222342,
    -935.44923084396453,
    -4661.4546631580442
  ],
  "num_iteration": 1000,
  "num_modalities": 4,
  "num_topics": 7,
  "total_liklihood": -33187.216516105829
}
