{
  "modality_liklihoods": [
    -14685.818003634287,
    -13210.187490020637,
    -934.49885973370317,
    -4691.9678931717644
  ],
  "num_iteration": 1000,
  "num_modalities": 4,
  "num_topics": 7,
  "total_liklihood": -33522.472246560392
}
