{
  "modality_liklihoods": [
    -13613.564376842225,
    -13265.92283614285,
    -939.7356111327972,
    -4629.913057328049
  ],
  "num_iteration": 1000,
  "num_modalities": 4,
  "num_topics": 7,
  "total_liklihood": -32449.135881445924
}
