{
  "modality_liklihoods": [
    -13827.413338299872,
    -13237.069880145958,
    -936.29706648107469,
    -4610.1659347742889
  ],
  "num_iteration": 1000,
  "num_modalities": 4,
  "num_topics": 7,
  "total_liklihood": -32610.946219701193
}
