{
  "modality_liklihoods": [
    -13975.030668604628,
    -13237.9585990575,
    -942.29722413906973,
    -4634.1852883899282
  ],
  "num_iteration": 1000,
  "num_modalities": 4,
  "num_topics": 7,
  "total_liklihood": -32789.471780191125
}
