{
  "modality_liklihoods": [
    -13167.283659122078,
    -13297.372404342923,
    -935.98152752814599,
    -4639.7261850655268
  ],
  "num_iteration": 1000,
  "num_modalities": 4,
  "num_topics": 7,
  "total_liklihood": -32040.363776058675
}
