{
  "modality_liklihoods": [
    -13717.115896698575,
    -13269.732823172331,
    -937.42386677431955,
    -4623.8531004724973
  ],
  "num_iteration": 1000,
  "num_modalities": 4,
  "num_topics": 7,
  "total_liklihood": -32548.125687117721
}
