{
  "modality_liklihoods": [
    -13555.524503378905,
    -13264.300182343133,
    -943.14997842581602,
    -4667.2246994002717
  ],
  "num_iteration": 1000,
  "num_modalities": 4,
  "num_topics": 7,
  "total_liklihood": -32430.199363548123
}
