{
  "modality_liklihoods": [
    -14340.450511099702,
    -13237.948909232016,
    -941.71820815763817,
    -4634.4410009092644
  ],
  "num_iteration": 1000,
  "num_modalities": 4,
  "num_topics": 7,
  "total_liklihood": -33154.558629398627
}
