{
  "modality_liklihoods": [
    -13930.799514337021,
    -13274.097758440257,
    -940.91875631471669,
    -4654.683195976867
  ],
  "num_iteration": 1000,
  "num_modalities": 4,
  "num_topics": 7,
  "total_liklihood": -32800.499225068859
}
