{
  "modality_liklihoods": [
    -14928.709903673976,
    -13245.014896179982,
    -945.3424669880302,
    -4684.7736874716356
  ],
  "num_iteration": 1000,
  "num_modalities": 4,
  "num_topics": 7,
  "total_liklihood": -33803.840954313622
}
