{
  "modality_liklihoods": [
    -13593.681130892275,
    -13233.163642809455,
    -939.72944366196305,
    -4725.1172340361882
  ],
  "num_iteration": 1000,
  "num_modalities": 4,
  "num_topics": 7,
  "total_liklihood": -32491.691451399882
}
