{
  "modality_liklihoods": [
    -14357.527881179223,
    -13255.006225324674,
    -942.55140883989463,
    -4650.6677976688861
  ],
  "num_iteration": 1000,
  "num_modalities": 4,
  "num_topics": 7,
  "total_liklihood": -33205.753313012676
}
