{
  "modality_liklihoods": [
    -13831.798321054421,
    -13317.173805758686,
    -940.05658952418958,
    -4673.1276164997462
  ],
  "num_iteration": 1000,
  "num_modalities": 4,
  "num_topics": 7,
  "total_liklihood": -32762.156332837043
}
