{
  "modality_liklihoods": [
    -13580.563364114725,
    -13251.164132999664,
    -947.84064394058487,
    -4603.1030602087931
  ],
  "num_iteration": 1000,
  "num_modalities": 4,
  "num_topics": 7,
  "total_liklihood": -32382.671201263765
}
