{
  "modality_liklihoods": [
    -14024.083745460606,
    -13282.951389178977,
    -930.96727882967627,
    -4658.4444851378821
  ],
  "num_iteration": 1000,
  "num_modalities": 4,
  "num_topics": 7,
  "total_liklihood": -32896.446898607144
}
