{
  "modality_liklihoods": [
    -13909.429410992318,
    -13285.08197813661,
    -940.89906765023272,
    -4648.9541977981635
  ],
  "num_iteration": 1000,
  "num_modalities": 4,
  "num_topics": 7,
  "total_liklihood": -32784.364654577323
}
