{
  "modality_liklihoods": [
    -13715.572332972124,
    -13243.312675483508,
    -939.5633683220907,
    -4667.883731511969
  ],
  "num_iteration": 1000,
  "num_modalities": 4,
  "num_topics": 7,
  "total_liklihood": -32566.332108289695
}
