{
  "modality_liklihoods": [
    -13781.382112043941,
    -13304.318614792246,
    -941.41922525076757,
    -4578.3618676961496
  ],
  "num_iteration": 1000,
  "num_modalities": 4,
  "num_topics": 7,
  "total_liklihood": -32605.481819783101
}
