{
  "modality_liklihoods": [
    -13931.775733857672,
    -13284.156681316619,
    -940.66123353758337,
    -4676.5670409928471
  ],
  "num_iteration": 1000,
  "num_modalities": 4,
  "num_topics": 7,
  "total_liklihood": -32833.160689704724
}
