{
  "modality_liklihoods": [
    -13831.771833153916,
    -13264.43344301258,
    -943.31087857511943,
    -4645.4172989958433
  ],
  "num_iteration": 1000,
  "num_modalities": 4,
  "num_topics": 7,
  "total_liklihood": -32684.93345373746
}
