{
  "modality_liklihoods": [
    -13926.639933102264,
    -13298.869007503141,
    -935.89663702951805,
    -4600.1349302808921
  ],
  "num_iteration": 1000,
  "num_modalities": 4,
  "num_topics": 7,
  "total_liklihood": -32761.540507915812
}
