{
  "modality_liklihoods": [
    -12251.755960228998,
    -13246.739586513233,
    -947.36328096053398,
    -4587.7824722747146
  ],
  "num_iteration": 1000,
  "num_modalities": 4,
  "num_topics": 7,
  "total_liklihood": -31033.64129997748
}
