{
  "modality_liklihoods": [
    -14003.859963109911,
    -13267.718926437687,
    -933.87147675465621,
    -4615.3489256812327
  ],
  "num_iteration": 1000,
  "num_modalities": 4,
  "num_topics": 7,
  "total_liklihood": -32820.799291983487
}
