{
  "modality_liklihoods": [
    -13996.655556285643,
    -13259.63295358249,
    -942.05225884947856,
    -4665.4982488777614
  ],
  "num_iteration": 1000,
  "num_modalities": 4,
  "num_topics": 7,
  "total_liklihood": -32863.839017595375
}
