{
  "modality_liklihoods": [
    -14111.998802599253,
    -13204.715103176308,
    -941.25303909672857,
    -4716.6828387824462
  ],
  "num_iteration": 1000,
  "num_modalities": 4,
  "num_topics": 7,
  "total_liklihood": -32974.649783654735
}
