{
  "modality_liklihoods": [
    -14289.019538260607,
    -13272.966153761721,
    -938.23027239378712,
    -4716.128485015739
  ],
  "num_iteration": 1000,
  "num_modalities": 4,
  "num_topics": 7,
  "total_liklihood": -33216.344449431854
}
