{
  "modality_liklihoods": [
    -13861.086689643536,
    -13228.681349697683,
    -935.90135706172691,
    -4665.1988085550702
  ],
  "num_iteration": 1000,
  "num_modalities": 4,
  "num_topics": 7,
  "total_liklihood": -32690.868204958017
}
