{
  "modality_liklihoods": [
    -15007.730913113342,
    -13208.860931375661,
    -939.98706641726983,
    -4676.2631685197111
  ],
  "num_iteration": 1000,
  "num_modalities": 4,
  "num_topics": 7,
  "total_liklihood": -33832.842079425987
}
