{
  "modality_liklihoods": [
    -13942.524993275103,
    -13202.450030155926,
    -936.37946137490076,
    -4700.6930432272757
  ],
  "num_iteration": 1000,
  "num_modalities": 4,
  "num_topics": 7,
  "total_liklihood": -32782.047528033203
}
