{
  "modality_liklihoods": [
    -14417.878526491975,
    -13270.955621858406,
    -933.7659615148209,
    -4635.0370272359323
  ],
  "num_iteration": 1000,
  "num_modalities": 4,
  "num_topics": 7,
  "total_liklihood": -33257.637137101134
}
