{
  "modality_liklihoods": [
    -13191.73268225818,
    -13273.790098611385,
    -934.55225089294322,
    -4635.950462473902
  ],
  "num_iteration": 1000,
  "num_modalities": 4,
  "num_topics": 7,
  "total_liklihood": -32036.025494236408
}
