{
  "modality_liklihoods": [
    -13869.291415321481,
    -13275.766745880217,
    -941.51792940015196,
    -4623.5538796347546
  ],
  "num_iteration": 1000,
  "num_modalities": 4,
  "num_topics": 7,
  "total_liklihood": -32710.129970236605
}
