{
  "modality_liklihoods": [
    -14132.231086172675,
    -13239.395211304909,
    -936.48592932869906,
    -4600.7759540892957
  ],
  "num_iteration": 1000,
  "num_modalities": 4,
  "num_topics": 7,
  "total_liklihood": -32908.888180895578
}
