{
  "modality_liklihoods": [
    -14479.061289809903,
    -13247.911262085163,
    -939.59044179094394,
    -4698.4962504663063
  ],
  "num_iteration": 1000,
  "num_modalities": 4,
  "num_topics": 7,
  "total_liklihood": -33365.059244152319
}
