{
  "modality_liklihoods": [
    -13907.409747855039,
    -13270.13183890395,
    -936.20769066978198,
    -4656.6582755056197
  ],
  "num_iteration": 1000,
  "num_modalities": 4,
  "num_topics": 7,
  "total_liklihood": -32770.40755293439
}
