{
  "modality_liklihoods": [
    -11725.293539942051,
    -13203.975031466041,
    -940.88888397437677,
    -4628.0681164757034
  ],
  "num_iteration": 1000,
  "num_modalities": 4,
  "num_topics": 7,
  "total_liklihood": -30498.225571858176
}
