{
  "modality_liklihoods": [
    -13997.121696582333,
    -13265.056898213597,
    -939.61291595603416,
    -4635.2036794549731
  ],
  "num_iteration": 1000,
  "num_modalities": 4,
  "num_topics": 7,
  "total_liklihood": -32836.995190206937
}
