{
  "modality_liklihoods": [
    -13798.16157226858,
    -13232.320626937613,
    -941.47667014064348,
    -4680.6892811523285
  ],
  "num_iteration": 1000,
  "num_modalities": 4,
  "num_topics": 7,
  "total_liklihood": -32652.648150499164
}
