{
  "modality_liklihoods": [
    -13858.684903086392,
    -13226.879707997216,
    -947.08730941900774,
    -4640.3706159519543
  ],
  "num_iteration": 1000,
  "num_modalities": 4,
  "num_topics": 7,
  "total_liklihood": -32673.022536454569
}
