{
  "modality_liklihoods": [
    -14020.444283454997,
    -13225.184051783392,
    -939.30085312878964,
    -4675.1517512795044
  ],
  "num_iteration": 1000,
  "num_modalities": 4,
  "num_topics": 7,
  "total_liklihood": -32860.080939646687
}
