{
  "modality_liklihoods": [
    -14584.004844799727,
    -13208.582191974949,
    -939.19855747793247,
    -4714.2732073595371
  ],
  "num_iteration": 1000,
  "num_modalities": 4,
  "num_topics": 7,
  "total_liklihood": -33446.058801612147
}
