{
  "modality_liklihoods": [
    -14225.992873059231,
    -13295.683169134989,
    -939.97895757649462,
    -4649.6167233341721
  ],
  "num_iteration": 1000,
  "num_modalities": 4,
  "num_topics": 7,
  "total_liklihood": -33111.271723104888
}
