{
  "modality_liklihoods": [
    -14075.345495566067,
    -13277.360913333787,
    -940.55633109942005,
    -4606.3865528351516
  ],
  "num_iteration": 1000,
  "num_modalities": 4,
  "num_topics": 7,
  "total_liklihood": -32899.649292834423
}
