{
  "modality_liklihoods": [
    -13941.5083651242,
    -13306.138732146466,
    -946.50926137000852,
    -4673.2141388989685
  ],
  "num_iteration": 1000,
  "num_modalities": 4,
  "num_topics": 7,
  "total_liklihood": -32867.370497539639
}
