{
  "modality_liklihoods": [
    -13789.111321428247,
    -13287.368655144537,
    -940.58451880411826,
    -4630.8843962778783
  ],
  "num_iteration": 1000,
  "num_modalities": 4,
  "num_topics": 7,
  "total_liklihood": -32647.948891654778
}
