{
  "modality_liklihoods": [
    -14080.0480749403,
    -13296.117841194191,
    -934.890300599748,
    -4671.3053276620785
  ],
  "num_iteration": 1000,
  "num_modalities": 4,
  "num_topics": 7,
  "total_liklihood": -32982.361544396321
}
