{
  "modality_liklihoods": [
    -14080.158390295997,
    -13217.440024594516,
    -936.34453842774121,
    -4619.9138203768898
  ],
  "num_iteration": 1000,
  "num_modalities": 4,
  "num_topics": 7,
  "total_liklihood": -32853.856773695145
}
