{
  "modality_liklihoods": [
    -14108.801006373273,
    -13264.349149340265,
    -943.13212218967806,
    -4627.7162724404097
  ],
  "num_iteration": 1000,
  "num_modalities": 4,
  "num_topics": 7,
  "total_liklihood": -32943.998550343626
}
