{
  "modality_liklihoods": [
    -13885.697894788318,
    -13292.102038985164,
    -937.32919697627244,
    -4618.0586703682511
  ],
  "num_iteration": 1000,
  "num_modalities": 4,
  "num_topics": 7,
  "total_liklihood": -32733.187801118002
}
