{
  "modality_liklihoods": [
    -14302.373428785033,
    -13216.744467270326,
    -935.10399873676545,
    -4703.5329288254361
  ],
  "num_iteration": 1000,
  "num_modalities": 4,
  "num_topics": 7,
  "total_liklihood": -33157.754823617564
}
