{
  "modality_liklihoods": [
    -14361.195005520965,
    -13298.414775151021,
    -933.92259304628112,
    -4646.557153542265
  ],
  "num_iteration": 1000,
  "num_modalities": 4,
  "num_topics": 7,
  "total_liklihood": -33240.089527260534
}
