{
  "modality_liklihoods": [
    -14045.048201706009,
    -13245.666490029895,
    -942.46398107406958,
    -4642.0348435723154
  ],
  "num_iteration": 1000,
  "num_modalities": 4,
  "num_topics": 7,
  "total_liklihood": -32875.21351638229
}
