{
  "modality_liklihoods": [
    -13781.358965824222,
    -13249.534417634659,
    -936.24578316004136,
    -4664.6331770715979
  ],
  "num_iteration": 1000,
  "num_modalities": 4,
  "num_topics": 7,
  "total_liklihood": -32631.772343690522
}
