{
  "modality_liklihoods": [
    -12939.812256258376,
    -13303.193772166354,
    -942.25556442538914,
    -4745.8047746191723
  ],
  "num_iteration": 1000,
  "num_modalities": 4,
  "num_topics": 7,
  "total_liklihood": -31931.066367469291
}
