{
  "modality_liklihoods": [
    -13982.346515954972,
    -13257.696045462879,
    -938.80544177670902,
    -4645.5847845022936
  ],
  "num_iteration": 1000,
  "num_modalities": 4,
  "num_topics": 7,
  "total_liklihood": -32824.432787696853
}
