{
  "modality_liklihoods": [
    -13792.466159514594,
    -13291.047877548212,
    -936.60179053557101,
    -4627.5083126976106
  ],
  "num_iteration": 1000,
  "num_modalities": 4,
  "num_topics": 7,
  "total_liklihood": -32647.624140295986
}
