{
  "modality_liklihoods": [
    -13987.522689537591,
    -13235.222205871147,
    -942.89712338988863,
    -4637.8850361623518
  ],
  "num_iteration": 1000,
  "num_modalities": 4,
  "num_topics": 7,
  "total_liklihood": -32803.527054960978
}
