{
  "modality_liklihoods": [
    -14313.196379118679,
    -13270.454038581767,
    -938.4181701710462,
    -4722.6628936331927
  ],
  "num_iteration": 1000,
  "num_modalities": 4,
  "num_topics": 7,
  "total_liklihood": -33244.731481504685
}
