{
  "modality_liklihoods": [
    -14052.982332276468,
    -13248.287430190059,
    -935.41968328311953,
    -4702.6220435457772
  ],
  "num_iteration": 1000,
  "num_modalities": 4,
  "num_topics": 7,
  "total_liklihood": -32939.311489295425
}
