{
  "modality_liklihoods": [
    -14372.964289136949,
    -13264.18278808224,
    -938.18276125119326,
    -4641.9832778780419
  ],
  "num_iteration": 1000,
  "num_modalities": 4,
  "num_topics": 7,
  "total_liklihood": -33217.313116348421
}
