{
  "modality_liklihoods": [
    -14354.95015212854,
    -13272.468642543661,
    -937.41070123773068,
    -4646.762209305627
  ],
  "num_iteration": 1000,
  "num_modalities": 4,
  "num_topics": 7,
  "total_liklihood": -33211.591705215556
}
