{
  "modality_liklihoods": [
    -14147.266475125169,
    -13283.188366615335,
    -947.85904537293618,
    -4588.9192989634403
  ],
  "num_iteration": 1000,
  "num_modalities": 4,
  "num_topics": 7,
  "total_liklihood": -32967.233186076883
}
