{
  "modality_liklihoods": [
    -13975.62027102619,
    -13269.701211875152,
    -935.88091280670085,
    -4613.101121948308
  ],
  "num_iteration": 1000,
  "num_modalities": 4,
  "num_topics": 7,
  "total_liklihood": -32794.30351765635
}
