{
  "modality_liklihoods": [
    -13722.352086760417,
    -13306.809436575362,
    -938.75609325236314,
    -4660.940108459894
  ],
  "num_iteration": 1000,
  "num_modalities": 4,
  "num_topics": 7,
  "total_liklihood": -32628.857725048038
}
