{
  "modality_liklihoods": [
    -13732.806739038824,
    -13323.818415905798,
    -940.41321103281075,
    -4615.2189144170788
  ],
  "num_iteration": 1000,
  "num_modalities": 4,
  "num_topics": 7,
  "total_liklihood": -32612.257280394515
}
