{
  "modality_liklihoods": [
    -14319.865651194021,
    -13255.293349865802,
    -933.88196818297058,
    -4641.0668977589876
  ],
  "num_iteration": 1000,
  "num_modalities": 4,
  "num_topics": 7,
  "total_liklihood": -33150.107867001781
}
