{
  "modality_liklihoods": [
    -14514.123035637625,
    -13239.691256886757,
    -935.08345962298904,
    -4677.8772217800351
  ],
  "num_iteration": 1000,
  "num_modalities": 4,
  "num_topics": 7,
  "total_liklihood": -33366.774973927408
}
