{
  "modality_liklihoods": [
    -14113.763493492041,
    -13270.049737887455,
    -941.16811880717898,
    -4646.6621774761652
  ],
  "num_iteration": 1000,
  "num_modalities": 4,
  "num_topics": 7,
  "total_liklihood": -32971.64352766284
}
