{
  "modality_liklihoods": [
    -13981.72512759203,
    -13260.842110933581,
    -942.01704858617677,
    -4658.2158119369669
  ],
  "num_iteration": 1000,
  "num_modalities": 4,
  "num_topics": 7,
  "total_liklihood": -32842.800099048756
}
