{
  "modality_liklihoods": [
    -14019.435444667379,
    -13258.650563615114,
    -941.50229566100506,
    -4632.5372504899324
  ],
  "num_iteration": 1000,
  "num_modalities": 4,
  "num_topics": 7,
  "total_liklihood": -32852.125554433434
}
