{
  "modality_liklihoods": [
    -14384.177160555073,
    -13210.7739363537,
    -940.19458473790951,
    -4643.4000039711427
  ],
  "num_iteration": 1000,
  "num_modalities": 4,
  "num_topics": 7,
  "total_liklihood": -33178.545685617821
}
