{
  "modality_liklihoods": [
    -13461.289115527412,
    -13236.185514989664,
    -949.46738376999724,
    -4629.0288337769707
  ],
  "num_iteration": 1000,
  "num_modalities": 4,
  "num_topics": 7,
  "total_liklihood": -32275.970848064044
}
