{
  "modality_liklihoods": [
    -14263.915273000484,
    -13261.172616907783,
    -939.11978550153424,
    -4612.7485886639188
  ],
  "num_iteration": 1000,
  "num_modalities": 4,
  "num_topics": 7,
  "total_liklihood": -33076.95626407372
}
