{
  "modality_liklihoods": [
    -14621.203198525196,
    -13233.791956632929,
    -937.99749331937551,
    -4677.7319887746244
  ],
  "num_iteration": 1000,
  "num_modalities": 4,
  "num_topics": 7,
  "total_liklihood": -33470.724637252126
}
