{
  "modality_liklihoods": [
    -12465.546208061933,
    -13312.309010502746,
    -945.43137109788802,
    -4658.6255034243086
  ],
  "num_iteration": 1000,
  "num_modalities": 4,
  "num_topics": 7,
  "total_liklihood": -31381.912093086874
}
