{
  "modality_liklihoods": [
    -14041.984180918442,
    -13259.332012242099,
    -938.60590387417062,
    -4626.0441685458482
  ],
  "num_iteration": 1000,
  "num_modalities": 4,
  "num_topics": 7,
  "total_liklihood": -32865.966265580559
}
