{
  "modality_liklihoods": [
    -13532.886421683075,
    -13232.753360679078,
    -940.19268013954684,
    -4674.7571729639058
  ],
  "num_iteration": 1000,
  "num_modalities": 4,
  "num_topics": 7,
  "total_liklihood": -32380.589635465603
}
