{
  "modality_liklihoods": [
    -13462.42678240454,
    -13257.679220098324,
    -935.99008356797242,
    -4626.1275829895312
  ],
  "num_iteration": 1000,
  "num_modalities": 4,
  "num_topics": 7,
  "total_liklihood": -32282.223669060368
}
