{
  "modality_liklihoods": [
    -13523.408396010685,
    -13223.367714447104,
    -946.99558939113547,
    -4634.6524327418801
  ],
  "num_iteration": 1000,
  "num_modalities": 4,
  "num_topics": 7,
  "total_liklihood": -32328.424132590804
}
