{
  "modality_liklihoods": [
    -13335.628165632823,
    -13272.932835343423,
    -936.37328627350576,
    -4653.9696619225306
  ],
  "num_iteration": 1000,
  "num_modalities": 4,
  "num_topics": 7,
  "total_liklihood": -32198.90394917228
}
