{
  "modality_liklihoods": [
    -14303.24657190803,
    -13251.856534123368,
    -939.246141741158,
    -4595.0653098497978
  ],
  "num_iteration": 1000,
  "num_modalities": 4,
  "num_topics": 7,
  "total_liklihood": -33089.414557622353
}
