{
  "modality_liklihoods": [
    -13717.183098360692,
    -13259.701342596205,
    -944.37040576951244,
    -4654.8079634340247
  ],
  "num_iteration": 1000,
  "num_modalities": 4,
  "num_topics": 7,
  "total_liklihood": -32576.062810160438
}
