{
  "modality_liklihoods": [
    -13707.410312779577,
    -13197.870154044729,
    -938.92826021712483,
    -4623.0063612637196
  ],
  "num_iteration": 1000,
  "num_modalities": 4,
  "num_topics": 7,
  "total_liklihood": -32467.215088305151
}
