{
  "modality_liklihoods": [
    -14298.508422013148,
    -13264.703916546388,
    -937.71054697848137,
    -4662.932711723457
  ],
  "num_iteration": 1000,
  "num_modalities": 4,
  "num_topics": 7,
  "total_liklihood": -33163.85559726147
}
