{
  "modality_liklihoods": [
    -14066.715619248518,
    -13261.162263118593,
    -941.69103404396526,
    -4594.0838154493349
  ],
  "num_iteration": 1000,
  "num_modalities": 4,
  "num_topics": 7,
  "total_liklihood": -32863.652731860406
}
