{
  "modality_liklihoods": [
    -14141.499755188435,
    -13273.778971182428,
    -939.30864691167562,
    -4626.5004223260457
  ],
  "num_iteration": 1000,
  "num_modalities": 4,
  "num_topics": 7,
  "total_liklihood": -32981.087795608582
}
