{
  "modality_liklihoods": [
    -13710.833509986598,
    -13217.549999718907,
    -943.95910992484608,
    -4658.1343313991893
  ],
  "num_iteration": 1000,
  "num_modalities": 4,
  "num_topics": 7,
  "total_liklihood": -32530.476951029541
}
