{
  "modality_liklihoods": [
    -12156.17952392774,
    -13316.086822847024,
    -940.05027071631014,
    -4659.2292476635894
  ],
  "num_iteration": 1000,
  "num_modalities": 4,
  "num_topics": 7,
  "total_liklihood": -31071.545865154661
}
