{
  "modality_liklihoods": [
    -13978.403055215846,
    -13302.566739473528,
    -942.85361703569833,
    -4618.3740493739715
  ],
  "num_iteration": 1000,
  "num_modalities": 4,
  "num_topics": 7,
  "total_liklihood": -32842.197461099044
}
