{
  "modality_liklihoods": [
    -13869.151213807274,
    -13250.136677485696,
    -944.2887446327062,
    -4615.3216699438663
  ],
  "num_iteration": 1000,
  "num_modalities": 4,
  "num_topics": 7,
  "total_liklihood": -32678.898305869545
}
