{
  "modality_liklihoods": [
    -14621.116241642065,
    -13291.315877909406,
    -941.2588875275934,
    -4627.6088780439886
  ],
  "num_iteration": 1000,
  "num_modalities": 4,
  "num_topics": 7,
  "total_liklihood": -33481.299885123051
}
