{
  "modality_liklihoods": [
    -14007.807037727775,
    -13326.524800353594,
    -938.31210887149609,
    -4671.0707748958785
  ],
  "num_iteration": 1000,
  "num_modalities": 4,
  "num_topics": 7,
  "total_liklihood": -32943.714721848744
}
