{
  "modality_liklihoods": [
    -14132.587838867063,
    -13233.025352890138,
    -940.73337616853519,
    -4645.9193907726394
  ],
  "num_iteration": 1000,
  "num_modalities": 4,
  "num_topics": 7,
  "total_liklihood": -32952.265958698372
}
