{
  "modality_liklihoods": [
    -13113.387209299632,
    -13244.262818479836,
    -939.59501283599161,
    -4630.1637275961302
  ],
  "num_iteration": 1000,
  "num_modalities": 4,
  "num_topics": 7,
  "total_liklihood": -31927.40876821159
}
