{
  "modality_liklihoods": [
    -13353.892579322101,
    -13229.264959973383,
    -939.96915950388814,
    -4645.9011216565332
  ],
  "num_iteration": 1000,
  "num_modalities": 4,
  "num_topics": 7,
  "total_liklihood": -32169.027820455907
}
