{
  "modality_liklihoods": [
    -14042.261877071904,
    -13296.865788664823,
    -933.54231000234438,
    -4645.8504168972959
  ],
  "num_iteration": 1000,
  "num_modalities": 4,
  "num_topics": 7,
  "total_liklihood": -32918.520392636368
}
