{
  "modality_liklihoods": [
    -13835.952607204508,
    -13236.884967213689,
    -945.14092198901449,
    -4645.4462872242302
  ],
  "num_iteration": 1000,
  "num_modalities": 4,
  "num_topics": 7,
  "total_liklihood": -32663.424783631443
}
