{
  "modality_liklihoods": [
    -14598.811742935584,
    -13213.152647508126,
    -939.60048509104593,
    -4741.9279814381043
  ],
  "num_iteration": 1000,
  "num_modalities": 4,
  "num_topics": 7,
  "total_liklihood": -33493.492856972865
}
