{
  "modality_liklihoods": [
    -14338.958757968579,
    -13280.47315261511,
    -932.56659177030394,
    -4634.788396341567
  ],
  "num_iteration": 1000,
  "num_modalities": 4,
  "num_topics": 7,
  "total_liklihood": -33186.786898695565
}
