{
  "modality_liklihoods": [
    -13849.62950646126,
    -13255.645752163427,
    -944.62541392946548,
    -4646.9907822692285
  ],
  "num_iteration": 1000,
  "num_modalities": 4,
  "num_topics": 7,
  "total_liklihood": -32696.891454823381
}
