{
  "modality_liklihoods": [
    -13818.541580073861,
    -13289.273272393208,
    -947.78159774405106,
    -4603.7083534758949
  ],
  "num_iteration": 1000,
  "num_modalities": 4,
  "num_topics": 7,
  "total_liklihood": -32659.304803687017
}
