{
  "modality_liklihoods": [
    -13934.225924463602,
    -13280.633612659041,
    -938.88506009390244,
    -4641.7146046972057
  ],
  "num_iteration": 1000,
  "num_modalities": 4,
  "num_topics": 7,
  "total_liklihood": -32795.459201913756
}
