{
  "modality_liklihoods": [
    -13418.417965797435,
    -13209.896499807399,
    -942.95824540723606,
    -4652.4957846823672
  ],
  "num_iteration": 1000,
  "num_modalities": 4,
  "num_topics": 7,
  "total_liklihood": -32223.768495694436
}
