{
  "modality_liklihoods": [
    -14562.401230053376,
    -13239.808121522394,
    -941.61412929610628,
    -4683.7520779441293
  ],
  "num_iteration": 1000,
  "num_modalities": 4,
  "num_topics": 7,
  "total_liklihood": -33427.57555881601
}
