{
  "modality_liklihoods": [
    -14031.466447636207,
    -13253.788868201429,
    -945.75187931060259,
    -4629.4688706498919
  ],
  "num_iteration": 1000,
  "num_modalities": 4,
  "num_topics": 7,
  "total_liklihood": -32860.476065798131
}
