{
  "modality_liklihoods": [
    -14417.022070537385,
    -13270.103147485366,
    -941.8715664846651,
    -4642.5787804358861
  ],
  "num_iteration": 1000,
  "num_modalities": 4,
  "num_topics": 7,
  "total_liklihood": -33271.575564943305
}
