{
  "modality_liklihoods": [
    -13910.570919266993,
    -13288.394263914988,
    -936.97596153144798,
    -4645.952383888598
  ],
  "num_iteration": 1000,
  "num_modalities": 4,
  "num_topics": 7,
  "total_liklihood": -32781.893528602028
}
