{
  "modality_liklihoods": [
    -14452.385106660968,
    -13285.054481558827,
    -947.54794481610872,
    -4611.1486782197953
  ],
  "num_iteration": 1000,
  "num_modalities": 4,
  "num_topics": 7,
  "total_liklihood": -33296.136211255696
}
