{
  "modality_liklihoods": [
    -14025.812918717947,
    -13266.751839596507,
    -944.44471580681477,
    -4728.2470368023232
  ],
  "num_iteration": 1000,
  "num_modalities": 4,
  "num_topics": 7,
  "total_liklihood": -32965.256510923587
}
