{
  "modality_liklihoods": [
    -12943.742334778724,
    -13267.34659581861,
    -944.20724026044581,
    -4611.5541747775796
  ],
  "num_iteration": 1000,
  "num_modalities": 4,
  "num_topics": 7,
  "total_liklihood": -31766.850345635357
}
