{
  "modality_liklihoods": [
    -14624.768726869881,
    -13296.804219297814,
    -938.21077748779487,
    -4630.7068733690066
  ],
  "num_iteration": 1000,
  "num_modalities": 4,
  "num_topics": 7,
  "total_liklihood": -33490.490597024502
}
