{
  "modality_liklihoods": [
    -14810.608433189118,
    -13227.413073466236,
    -939.45502348338323,
    -4676.9086386542376
  ],
  "num_iteration": 1000,
  "num_modalities": 4,
  "num_topics": 7,
  "total_liklihood": -33654.385168792978
}
