{
  "modality_liklihoods": [
    -13885.731385610883,
    -13262.150488918567,
    -939.78054830623933,
    -4619.7247944137889
  ],
  "num_iteration": 1000,
  "num_modalities": 4,
  "num_topics": 7,
  "total_liklihood": -32707.387217249478
}
