{
  "modality_liklihoods": [
    -13945.787386037577,
    -13283.67266279445,
    -940.3932005935236,
    -4623.0919471107791
  ],
  "num_iteration": 1000,
  "num_modalities": 4,
  "num_topics": 7,
  "total_liklihood": -32792.945196536333
}
