{
  "modality_liklihoods": [
    -14040.527114306869,
    -13322.608429471471,
    -938.37720665843722,
    -4625.4998708592584
  ],
  "num_iteration": 1000,
  "num_modalities": 4,
  "num_topics": 7,
  "total_liklihood": -32927.012621296039
}
