{
  "modality_liklihoods": [
    -14041.410029367915,
    -13209.386025989135,
    -947.66062421836614,
    -4655.9220296176363
  ],
  "num_iteration": 1000,
  "num_modalities": 4,
  "num_topics": 7,
  "total_liklihood": -32854.378709193057
}
