{
  "modality_liklihoods": [
    -13505.307585356,
    -13237.331167801727,
    -937.94924377260406,
    -4691.6402850727327
  ],
  "num_iteration": 1000,
  "num_modalities": 4,
  "num_topics": 7,
  "total_liklihood": -32372.228282003063
}
