{
  "modality_liklihoods": [
    -13991.754219085387,
    -13297.894114565865,
    -938.55402224220506,
    -4663.5303348132065
  ],
  "num_iteration": 1000,
  "num_modalities": 4,
  "num_topics": 7,
  "total_liklihood": -32891.732690706667
}
