{
  "modality_liklihoods": [
    -14017.900284929632,
    -13268.507454953451,
    -945.96249911597124,
    -4687.8450310384442
  ],
  "num_iteration": 1000,
  "num_modalities": 4,
  "num_topics": 7,
  "total_liklihood": -32920.215270037501
}
