{
  "modality_liklihoods": [
    -13236.531085491206,
    -13293.14596489213,
    -937.280567826886,
    -4610.3178447297823
  ],
  "num_iteration": 1000,
  "num_modalities": 4,
  "num_topics": 7,
  "total_liklihood": -32077.275462940004
}
