{
  "modality_liklihoods": [
    -14714.353386128241,
    -13245.718679053176,
    -939.38071841730778,
    -4642.5619004129339
  ],
  "num_iteration": 1000,
  "num_modalities": 4,
  "num_topics": 7,
  "total_liklihood": -33542.014684011665
}
