{
  "modality_liklihoods": [
    -14076.421765256173,
    -13263.8031659221,
    -935.12675204202856,
    -4639.415126784731
  ],
  "num_iteration": 1000,
  "num_modalities": 4,
  "num_topics": 7,
  "total_liklihood": -32914.766810005036
}
