{
  "modality_liklihoods": [
    -14010.932017864892,
    -13279.258524843724,
    -937.69849694799063,
    -4658.3503504617165
  ],
  "num_iteration": 1000,
  "num_modalities": 4,
  "num_topics": 7,
  "total_liklihood": -32886.239390118324
}
