{
  "modality_liklihoods": [
    -14382.454630382161,
    -13275.53468645367,
    -935.80843391212886,
    -4623.3014701406546
  ],
  "num_iteration": 1000,
  "num_modalities": 4,
  "num_topics": 7,
  "total_liklihood": -33217.099220888616
}
