{
  "modality_liklihoods": [
    -13927.713864988362,
    -13265.226124936104,
    -940.69277598654503,
    -4617.5053559409234
  ],
  "num_iteration": 1000,
  "num_modalities": 4,
  "num_topics": 7,
  "total_liklihood": -32751.138121851938
}
