{
  "modality_liklihoods": [
    -14132.007336459488,
    -13260.166578218654,
    -940.6006694494431,
    -4688.8387032552928
  ],
  "num_iteration": 1000,
  "num_modalities": 4,
  "num_topics": 7,
  "total_liklihood": -33021.613287382876
}
