{
  "modality_liklihoods": [
    -13705.129213114531,
    -13232.798162090359,
    -942.67671162623481,
    -4671.4725358332362
  ],
  "num_iteration": 1000,
  "num_modalities": 4,
  "num_topics": 7,
  "total_liklihood": -32552.076622664361
}
