{
  "modality_liklihoods": [
    -14382.069949229219,
    -13264.790792201196,
    -945.60221649528967,
    -4710.7284795295591
  ],
  "num_iteration": 1000,
  "num_modalities": 4,
  "num_topics": 7,
  "total_liklihood": -33303.191437455258
}
