{
  "modality_liklihoods": [
    -14446.185964417666,
    -13307.164882677698,
    -940.98910772531428,
    -4598.6684874507055
  ],
  "num_iteration": 1000,
  "num_modalities": 4,
  "num_topics": 7,
  "total_liklihood": -33293.008442271384
}
