{
  "modality_liklihoods": [
    -13310.560543098434,
    -13254.536896664244,
    -938.96187563833246,
    -4658.8868732958399
  ],
  "num_iteration": 1000,
  "num_modalities": 4,
  "num_topics": 7,
  "total_liklihood": -32162.946188696849
}
