{
  "modality_liklihoods": [
    -13584.957851306022,
    -13223.625041041134,
    -942.97532044245395,
    -4676.8661266926101
  ],
  "num_iteration": 1000,
  "num_modalities": 4,
  "num_topics": 7,
  "total_liklihood": -32428.424339482219
}
