{
  "modality_liklihoods": [
    -14201.254180151538,
    -13233.309832014931,
    -940.65195990993061,
    -4644.2102702616048
  ],
  "num_iteration": 1000,
  "num_modalities": 4,
  "num_topics": 7,
  "total_liklihood": -33019.426242338006
}
