{
  "modality_liklihoods": [
    -13344.227092046205,
    -13221.803273374966,
    -945.58155648083869,
    -4691.5657421734977
  ],
  "num_iteration": 1000,
  "num_modalities": 4,
  "num_topics": 7,
  "total_liklihood": -32203.177664075509
}
