{
  "modality_liklihoods": [
    -14003.118384648282,
    -13276.703494512012,
    -941.63203722060553,
    -4631.9175370295598
  ],
  "num_iteration": 1000,
  "num_modalities": 4,
  "num_topics": 7,
  "total_liklihood": -32853.371453410458
}
