{
  "modality_liklihoods": [
    -14463.244894653644,
    -13261.097404592001,
    -942.41773688282728,
    -4672.2931442703994
  ],
  "num_iteration": 1000,
  "num_modalities": 4,
  "num_topics": 7,
  "total_liklihood": -33339.053180398871
}
