{
  "modality_liklihoods": [
    -14021.815982196256,
    -13275.687313742934,
    -938.75736947586643,
    -4669.0945212380175
  ],
  "num_iteration": 1000,
  "num_modalities": 4,
  "num_topics": 7,
  "total_liklihood": -32905.355186653076
}
