{
  "modality_liklihoods": [
    -14220.402015514926,
    -13246.138384399872,
    -939.35192444621794,
    -4624.5187059725013
  ],
  "num_iteration": 1000,
  "num_modalities": 4,
  "num_topics": 7,
  "total_liklihood": -33030.411030333518
}
