{
  "modality_liklihoods": [
    -12984.951031018045,
    -13252.136401124142,
    -936.43042372613343,
    -4581.7803498935309
  ],
  "num_iteration": 1000,
  "num_modalities": 4,
  "num_topics": 7,
  "total_liklihood": -31755.298205761854
}
