{
  "modality_liklihoods": [
    -14497.789360510178,
    -13246.807729216735,
    -940.65553418930028,
    -4715.2526873708121
  ],
  "num_iteration": 1000,
  "num_modalities": 4,
  "num_topics": 7,
  "total_liklihood": -33400.505311287023
}
