{
  "modality_liklihoods": [
    -13891.300119524742,
    -13296.545441000198,
    -940.9915747014403,
    -4645.9962404536982
  ],
  "num_iteration": 1000,
  "num_modalities": 4,
  "num_topics": 7,
  "total_liklihood": -32774.833375680078
}
