{
  "modality_liklihoods": [
    -14227.935849698673,
    -13258.40372823641,
    -940.03531360097054,
    -4679.1702990844487
  ],
  "num_iteration": 1000,
  "num_modalities": 4,
  "num_topics": 7,
  "total_liklihood": -33105.545190620498
}
