{
  "modality_liklihoods": [
    -13915.059797085747,
    -13268.710530171053,
    -940.67061839639541,
    -4671.1387615529702
  ],
  "num_iteration": 1000,
  "num_modalities": 4,
  "num_topics": 7,
  "total_liklihood": -32795.579707206161
}
