{
  "modality_liklihoods": [
    -13930.917417242976,
    -13267.43796152506,
    -938.62250456295726,
    -4631.765479584491
  ],
  "num_iteration": 1000,
  "num_modalities": 4,
  "num_topics": 7,
  "total_liklihood": -32768.743362915484
}
