{
  "modality_liklihoods": [
    -13958.951350209472,
    -13244.435068732322,
    -940.45854753129174,
    -4655.4722423146277
  ],
  "num_iteration": 1000,
  "num_modalities": 4,
  "num_topics": 7,
  "total_liklihood": -32799.317208787717
}
