{
  "modality_liklihoods": [
    -14243.826243615229,
    -13241.066417795266,
    -938.68151206104051,
    -4632.3065250869322
  ],
  "num_iteration": 1000,
  "num_modalities": 4,
  "num_topics": 7,
  "total_liklihood": -33055.880698558467
}
