{
  "modality_liklihoods": [
    -13645.081529160272,
    -13291.490565887201,
    -943.29983893576355,
    -4649.0935349805359
  ],
  "num_iteration": 1000,
  "num_modalities": 4,
  "num_topics": 7,
  "total_liklihood": -32528.965468963772
}
