{
  "modality_liklihoods": [
    -13455.636640231316,
    -13264.523224718359,
    -944.99266523676647,
    -4620.942416172823
  ],
  "num_iteration": 1000,
  "num_modalities": 4,
  "num_topics": 7,
  "total_liklihood": -32286.094946359262
}
