{
  "modality_liklihoods": [
    -14195.128669828442,
    -13214.267479236663,
    -938.63480567799149,
    -4691.4025603096143
  ],
  "num_iteration": 1000,
  "num_modalities": 4,
  "num_topics": 7,
  "total_liklihood": -33039.433515052711
}
