{
  "modality_liklihoods": [
    -13664.050405031734,
    -13212.765006317783,
    -939.87500201067076,
    -4686.2871453700536
  ],
  "num_iteration": 1000,
  "num_modalities": 4,
  "num_topics": 7,
  "total_liklihood": -32502.977558730243
}
