{
  "modality_liklihoods": [
    -13811.134830565483,
    -13292.315760500847,
    -935.76153877427726,
    -4644.8365899418704
  ],
  "num_iteration": 1000,
  "num_modalities": 4,
  "num_topics": 7,
  "total_liklihood": -32684.048719782477
}
