{
  "modality_liklihoods": [
    -12961.456215009135,
    -13276.771905305686,
    -937.8482176666846,
    -4612.9879868727794
  ],
  "num_iteration": 1000,
  "num_modalities": 4,
  "num_topics": 7,
  "total_liklihood": -31789.064324854287
}
