{
  "modality_liklihoods": [
    -13333.763697246923,
    -13259.611813495223,
    -940.70189158510357,
    -4640.172502508146
  ],
  "num_iteration": 1000,
  "num_modalities": 4,
  "num_topics": 7,
  "total_liklihood": -32174.249904835397
}
