{
  "modality_liklihoods": [
    -13890.036779019945,
    -13234.490606737838,
    -936.22383088537288,
    -4674.3583681233058
  ],
  "num_iteration": 1000,
  "num_modalities": 4,
  "num_topics": 7,
  "total_liklihood": -32735.109584766466
}
