{
  "modality_liklihoods": [
    -14502.367267741391,
    -13321.8667866092,
    -936.24219088474877,
    -4641.3125934351419
  ],
  "num_iteration": 1000,
  "num_modalities": 4,
  "num_topics": 7,
  "total_liklihood": -33401.788838670487
}
