{
  "modality_liklihoods": [
    -14771.581868711737,
    -13181.119923727398,
    -935.88363193893986,
    -4679.4318513983881
  ],
  "num_iteration": 1000,
  "num_modalities": 4,
  "num_topics": 7,
  "total_liklihood": -33568.017275776459
}
