{
  "modality_liklihoods": [
    -13942.073993409973,
    -13264.045103541825,
    -947.68817677084189,
    -4625.4324605210149
  ],
  "num_iteration": 1000,
  "num_modalities": 4,
  "num_topics": 7,
  "total_liklihood": -32779.239734243652
}
