{
  "modality_liklihoods": [
    -14981.265466718005,
    -13206.104814719749,
    -939.44669633679837,
    -4650.6997747722544
  ],
  "num_iteration": 1000,
  "num_modalities": 4,
  "num_topics": 7,
  "total_liklihood": -33777.516752546806
}
