{
  "modality_liklihoods": [
    -13955.209618665942,
    -13285.545978784645,
    -938.12653444107491,
    -4621.04568366897
  ],
  "num_iteration": 1000,
  "num_modalities": 4,
  "num_topics": 7,
  "total_liklihood": -32799.92781556063
}
