{
  "modality_liklihoods": [
    -14143.598394301433,
    -13248.998627979907,
    -932.02580802380078,
    -4632.4676859754809
  ],
  "num_iteration": 1000,
  "num_modalities": 4,
  "num_topics": 7,
  "total_liklihood": -32957.090516280623
}
