{
  "modality_liklihoods": [
    -14262.11041091717,
    -13275.556585780938,
    -939.44523123889701,
    -4742.9912501808913
  ],
  "num_iteration": 1000,
  "num_modalities": 4,
  "num_topics": 7,
  "total_liklihood": -33220.103478117897
}
