{
  "modality_liklihoods": [
    -14085.966885134738,
    -13281.315447806355,
    -942.99440534754569,
    -4639.8729667059615
  ],
  "num_iteration": 1000,
  "num_modalities": 4,
  "num_topics": 7,
  "total_liklihood": -32950.149704994597
}
