{
  "modality_liklihoods": [
    -13782.58029282168,
    -13232.234299471114,
    -937.68724437445314,
    -4686.4459377422681
  ],
  "num_iteration": 1000,
  "num_modalities": 4,
  "num_topics": 7,
  "total_liklihood": -32638.947774409517
}
