{
  "modality_liklihoods": [
    -13940.71160208047,
    -13287.277040154355,
    -937.13507417886899,
    -4689.7270330017709
  ],
  "num_iteration": 1000,
  "num_modalities": 4,
  "num_topics": 7,
  "total_liklihood": -32854.850749415462
}
