{
  "modality_liklihoods": [
    -13473.670049031372,
    -13266.887649787232,
    -938.85030767672743,
    -4600.137152737937
  ],
  "num_iteration": 1000,
  "num_modalities": 4,
  "num_topics": 7,
  "total_liklihood": -32279.545159233268
}
