{
  "modality_liklihoods": [
    -14118.105373945076,
    -13239.529708037926,
    -945.21432964250619,
    -4643.0714626194458
  ],
  "num_iteration": 1000,
  "num_modalities": 4,
  "num_topics": 7,
  "total_liklihood": -32945.920874244955
}
