{
  "modality_liklihoods": [
    -14420.094372387231,
    -13303.763070116072,
    -943.37032508270772,
    -4618.1690501232906
  ],
  "num_iteration": 1000,
  "num_modalities": 4,
  "num_topics": 7,
  "total_liklihood": -33285.396817709305
}
