{
  "modality_liklihoods": [
    -14446.090950642436,
    -13263.619364844819,
    -937.7978462416196,
    -4643.864002929663
  ],
  "num_iteration": 1000,
  "num_modalities": 4,
  "num_topics": 7,
  "total_liklihood": -33291.37216465854
}
