{
  "modality_liklihoods": [
    -14044.757904133554,
    -13277.860267263586,
    -941.51556514066601,
    -4649.5600812245721
  ],
  "num_iteration": 1000,
  "num_modalities": 4,
  "num_topics": 7,
  "total_liklihood": -32913.693817762382
}
