{
  "modality_liklihoods": [
    -14347.297126204408,
    -13285.274190743632,
    -937.68771030576215,
    -4616.8645415114288
  ],
  "num_iteration": 1000,
  "num_modalities": 4,
  "num_topics": 7,
  "total_liklihood": -33187.12356876523
}
