{
  "modality_liklihoods": [
    -14281.523158800837,
    -13231.85373941029,
    -936.35429372501358,
    -4609.4130591015337
  ],
  "num_iteration": 1000,
  "num_modalities": 4,
  "num_topics": 7,
  "total_liklihood": -33059.144251037673
}
