{
  "modality_liklihoods": [
    -13482.417830954217,
    -13191.898529010086,
    -942.56148968213722,
    -4658.8075596124909
  ],
  "num_iteration": 1000,
  "num_modalities": 4,
  "num_topics": 7,
  "total_liklihood": -32275.685409258931
}
