{
  "modality_liklihoods": [
    -13816.021914473615,
    -13284.182100870081,
    -938.28779376750083,
    -4657.2871135054829
  ],
  "num_iteration": 1000,
  "num_modalities": 4,
  "num_topics": 7,
  "total_liklihood": -32695.778922616679
}
