{
  "modality_liklihoods": [
    -13729.788036688933,
    -13307.060385385532,
    -939.81381739492269,
    -4677.3051825410585
  ],
  "num_iteration": 1000,
  "num_modalities": 4,
  "num_topics": 7,
  "total_liklihood": -32653.967422010446
}
