{
  "modality_liklihoods": [
    -13418.919950239131,
    -13310.978066302312,
    -942.17081170344352,
    -4643.2032337776081
  ],
  "num_iteration": 1000,
  "num_modalities": 4,
  "num_topics": 7,
  "total_liklihood": -32315.272062022494
}
