{
  "modality_liklihoods": [
    -14009.6664186956,
    -13246.118059897874,
    -942.08221792721383,
    -4633.4103495158352
  ],
  "num_iteration": 1000,
  "num_modalities": 4,
  "num_topics": 7,
  "total_liklihood": -32831.277046036521
}
