{
  "modality_liklihoods": [
    -14203.808588822574,
    -13268.25742300359,
    -943.93408480515416,
    -4601.6128148825292
  ],
  "num_iteration": 1000,
  "num_modalities": 4,
  "num_topics": 7,
  "total_liklihood": -33017.612911513846
}
