{
  "modality_liklihoods": [
    -13572.141154705654,
    -13286.126401802698,
    -935.08609367834481,
    -4640.0662818317905
  ],
  "num_iteration": 1000,
  "num_modalities": 4,
  "num_topics": 7,
  "total_liklihood": -32433.419932018489
}
