{
  "modality_liklihoods": [
    -14099.653608349276,
    -13269.288569780196,
    -937.18469957757759,
    -4621.0564526086755
  ],
  "num_iteration": 1000,
  "num_modalities": 4,
  "num_topics": 7,
  "total_liklihood": -32927.183330315725
}
