{
  "modality_liklihoods": [
    -14493.719444361872,
    -13288.273055973052,
    -945.02729369510826,
    -4672.5852535455324
  ],
  "num_iteration": 1000,
  "num_modalities": 4,
  "num_topics": 7,
  "total_liklihood": -33399.605047575562
}
