{
  "modality_liklihoods": [
    -14427.390410611008,
    -13272.927888261478,
    -943.27270167643212,
    -4657.5351584590289
  ],
  "num_iteration": 1000,
  "num_modalities": 4,
  "num_topics": 7,
  "total_liklihood": -33301.126159007952
}
