{
  "modality_liklihoods": [
    -13898.358844262633,
    -13285.41384260449,
    -940.980597773922,
    -4648.0818333647157
  ],
  "num_iteration": 1000,
  "num_modalities": 4,
  "num_topics": 7,
  "total_liklihood": -32772.835118005765
}
