{
  "modality_liklihoods": [
    -13910.319964307268,
    -13225.996933892699,
    -932.63365199155498,
    -4638.6344836201861
  ],
  "num_iteration": 1000,
  "num_modalities": 4,
  "num_topics": 7,
  "total_liklihood": -32707.585033811709
}
