{
  "modality_liklihoods": [
    -14323.420952291686,
    -13264.044337466043,
    -942.03158224609138,
    -4640.8890441705807
  ],
  "num_iteration": 1000,
  "num_modalities": 4,
  "num_topics": 7,
  "total_liklihood": -33170.385916174404
}
