{
  "modality_liklihoods": [
    -13581.363377059373,
    -13215.991939879576,
    -939.38820039382108,
    -4663.1147427919577
  ],
  "num_iteration": 1000,
  "num_modalities": 4,
  "num_topics": 7,
  "total_liklihood": -32399.858260124725
}
