{
  "modality_liklihoods": [
    -14103.813059242562,
    -13284.472931559641,
    -937.76815371067028,
    -4618.814418292347
  ],
  "num_iteration": 1000,
  "num_modalities": 4,
  "num_topics": 7,
  "total_liklihood": -32944.868562805219
}
