{
  "modality_liklihoods": [
    -13055.65183105205,
    -13229.957468720346,
    -940.39793853499464,
    -4614.1722332845093
  ],
  "num_iteration": 1000,
  "num_modalities": 4,
  "num_topics": 7,
  "total_liklihood": -31840.179471591902
}
