{
  "modality_liklihoods": [
    -14021.465683427128,
    -13289.088686241294,
    -942.00437874578631,
    -4656.2964235244899
  ],
  "num_iteration": 1000,
  "num_modalities": 4,
  "num_topics": 7,
  "total_liklihood": -32908.855171938696
}
