{
  "modality_liklihoods": [
    -13924.810864899267,
    -13263.585889652324,
    -935.87338281115035,
    -4658.5266163659162
  ],
  "num_iteration": 1000,
  "num_modalities": 4,
  "num_topics": 7,
  "total_liklihood": -32782.79675372866
}
