{
  "modality_liklihoods": [
    -14035.882786142422,
    -13333.569224080797,
    -947.14940728146166,
    -4658.6524247463431
  ],
  "num_iteration": 1000,
  "num_modalities": 4,
  "num_topics": 7,
  "total_liklihood": -32975.253842251026
}
