{
  "modality_liklihoods": [
    -13334.756199446134,
    -13249.480170887608,
    -939.67361969591866,
    -4611.9120691266235
  ],
  "num_iteration": 1000,
  "num_modalities": 4,
  "num_topics": 7,
  "total_liklihood": -32135.822059156279
}
