{
  "modality_liklihoods": [
    -13631.723829822315,
    -13198.640347353205,
    -948.62231690140209,
    -4689.2521705835698
  ],
  "num_iteration": 1000,
  "num_modalities": 4,
  "num_topics": 7,
  "total_liklihood": -32468.238664660494
}
