{
  "modality_liklihoods": [
    -13868.336222653032,
    -13253.146347617336,
    -942.43103791797512,
    -4639.1299789828845
  ],
  "num_iteration": 1000,
  "num_modalities": 4,
  "num_topics": 7,
  "total_liklihood": -32703.043587171225
}
