{
  "modality_liklihoods": [
    -14064.314208045094,
    -13299.253619536152,
    -941.25048804618154,
    -4649.6341603842657
  ],
  "num_iteration": 1000,
  "num_modalities": 4,
  "num_topics": 7,
  "total_liklihood": -32954.452476011691
}
