{
  "modality_liklihoods": [
    -13852.95481582279,
    -13254.166470617087,
    -948.1126996460041,
    -4667.6210573509852
  ],
  "num_iteration": 1000,
  "num_modalities": 4,
  "num_topics": 7,
  "total_liklihood": -32722.855043436866
}
