{
  "modality_liklihoods": [
    -13588.618418367521,
    -13232.243462606575,
    -944.68807324459829,
    -4660.0312674765737
  ],
  "num_iteration": 1000,
  "num_modalities": 4,
  "num_topics": 7,
  "total_liklihood": -32425.581221695265
}
