{
  "modality_liklihoods": [
    -13632.051494446228,
    -13233.471780686066,
    -942.75082122342019,
    -4659.492228290751
  ],
  "num_iteration": 1000,
  "num_modalities": 4,
  "num_topics": 7,
  "total_liklihood": -32467.766324646465
}
