{
  "modality_liklihoods": [
    -14093.917658913231,
    -13265.837034836119,
    -938.01842812573682,
    -4626.2591449587335
  ],
  "num_iteration": 1000,
  "num_modalities": 4,
  "num_topics": 7,
  "total_liklihood": -32924.032266833819
}
