{
  "modality_liklihoods": [
    -13125.641621949435,
    -13288.057399586103,
    -940.91735225516277,
    -4652.9211277738486
  ],
  "num_iteration": 1000,
  "num_modalities": 4,
  "num_topics": 7,
  "total_liklihood": -32007.537501564555
}
