{
  "modality_liklihoods": [
    -14594.45818550243,
    -13289.572068637472,
    -941.39434477938926,
    -4664.6395873579868
  ],
  "num_iteration": 1000,
  "num_modalities": 4,
  "num_topics": 7,
  "total_liklihood": -33490.064186277275
}
