{
  "modality_liklihoods": [
    -14004.931326789771,
    -13288.26226072725,
    -933.24683912308376,
    -4629.4241934029205
  ],
  "num_iteration": 1000,
  "num_modalities": 4,
  "num_topics": 7,
  "total_liklihood": -32855.864620043023
}
