{
  "modality_liklihoods": [
    -13919.521853890334,
    -13284.55519958769,
    -935.0136276330395,
    -4606.274380332512
  ],
  "num_iteration": 1000,
  "num_modalities": 4,
  "num_topics": 7,
  "total_liklihood": -32745.365061443576
}
