{
  "modality_liklihoods": [
    -13774.174169288852,
    -13270.258016968497,
    -934.07702247633529,
    -4623.1559277806009
  ],
  "num_iteration": 1000,
  "num_modalities": 4,
  "num_topics": 7,
  "total_liklihood": -32601.665136514286
}
