{
  "modality_liklihoods": [
    -14099.868765722098,
    -13254.37779018511,
    -940.86649411220253,
    -4653.3150523836302
  ],
  "num_iteration": 1000,
  "num_modalities": 4,
  "num_topics": 7,
  "total_liklihood": -32948.428102403042
}
