{
  "modality_liklihoods": [
    -14444.713232377873,
    -13228.474866755885,
    -944.25590652095082,
    -4748.4862892910669
  ],
  "num_iteration": 1000,
  "num_modalities": 4,
  "num_topics": 7,
  "total_liklihood": -33365.930294945778
}
