{
  "modality_liklihoods": [
    -13080.277271082829,
    -13234.428884404044,
    -939.97534715336303,
    -4656.1240984463584
  ],
  "num_iteration": 1000,
  "num_modalities": 4,
  "num_topics": 7,
  "total_liklihood": -31910.805601086591
}
