{
  "modality_liklihoods": [
    -13786.899826572873,
    -13293.91007740987,
    -939.79960853674436,
    -4619.5130012729487
  ],
  "num_iteration": 1000,
  "num_modalities": 4,
  "num_topics": 7,
  "total_liklihood": -32640.122513792438
}
