{
  "modality_liklihoods": [
    -14457.865060049879,
    -13221.622856013488,
    -941.18759038256758,
    -4593.2725329628165
  ],
  "num_iteration": 1000,
  "num_modalities": 4,
  "num_topics": 7,
  "total_liklihood": -33213.948039408751
}
