{
  "modality_liklihoods": [
    -14301.433179303212,
    -13249.029083854,
    -944.69354935235538,
    -4752.1782838877189
  ],
  "num_iteration": 1000,
  "num_modalities": 4,
  "num_topics": 7,
  "total_liklihood": -33247.334096397288
}
