{
  "modality_liklihoods": [
    -13912.292216412066,
    -13276.054190915747,
    -937.92269607613571,
    -4626.5564212904865
  ],
  "num_iteration": 1000,
  "num_modalities": 4,
  "num_topics": 7,
  "total_liklihood": -32752.825524694439
}
