{
  "modality_liklihoods": [
    -14296.05912704273,
    -13271.108723509293,
    -941.13926901655873,
    -4637.5789869058262
  ],
  "num_iteration": 1000,
  "num_modalities": 4,
  "num_topics": 7,
  "total_liklihood": -33145.886106474412
}
