{
  "modality_liklihoods": [
    -13877.807262536329,
    -13274.94003341031,
    -937.590155172555,
    -4616.1139209869561
  ],
  "num_iteration": 1000,
  "num_modalities": 4,
  "num_topics": 7,
  "total_liklihood": -32706.451372106152
}
