{
  "modality_liklihoods": [
    -13399.706226703165,
    -13277.098000667151,
    -944.3140746660539,
    -4614.0856049690165
  ],
  "num_iteration": 1000,
  "num_modalities": 4,
  "num_topics": 7,
  "total_liklihood": -32235.203907005387
}
