{
  "modality_liklihoods": [
    -14016.619591474624,
    -13255.799770925269,
    -942.47083713866334,
    -4680.8181613927491
  ],
  "num_iteration": 1000,
  "num_modalities": 4,
  "num_topics": 7,
  "total_liklihood": -32895.708360931305
}
