{
  "modality_liklihoods": [
    -14425.800430082034,
    -13239.377656186469,
    -936.01713758458561,
    -4646.4134918492091
  ],
  "num_iteration": 1000,
  "num_modalities": 4,
  "num_topics": 7,
  "total_liklihood": -33247.608715702299
}
