{
  "modality_liklihoods": [
    -13422.055389719853,
    -13222.538256569122,
    -943.08085059813448,
    -4615.3850667721626
  ],
  "num_iteration": 1000,
  "num_modalities": 4,
  "num_topics": 7,
  "total_liklihood": -32203.05956365927
}
