{
  "modality_liklihoods": [
    -13740.449326300031,
    -13239.792168788192,
    -936.66179168956603,
    -4677.9308046774077
  ],
  "num_iteration": 1000,
  "num_modalities": 4,
  "num_topics": 7,
  "total_liklihood": -32594.834091455195
}
