{
  "modality_liklihoods": [
    -14471.705318237675,
    -13263.847019136181,
    -943.61524587931149,
    -4593.8742348550968
  ],
  "num_iteration": 1000,
  "num_modalities": 4,
  "num_topics": 7,
  "total_liklihood": -33273.041818108264
}
