{
  "modality_liklihoods": [
    -13993.329349078522,
    -13262.892162775799,
    -945.48400734356233,
    -4661.7685782549888
  ],
  "num_iteration": 1000,
  "num_modalities": 4,
  "num_topics": 7,
  "total_liklihood": -32863.474097452869
}
