{
  "modality_liklihoods": [
    -13414.228795234871,
    -13236.548752364706,
    -943.95594370030722,
    -4687.4111935765568
  ],
  "num_iteration": 1000,
  "num_modalities": 4,
  "num_topics": 7,
  "total_liklihood": -32282.144684876443
}
