{
  "modality_liklihoods": [
    -14448.665939613786,
    -13220.544289011745,
    -944.91883661662769,
    -4747.6058175827657
  ],
  "num_iteration": 1000,
  "num_modalities": 4,
  "num_topics": 7,
  "total_liklihood": -33361.734882824923
}
