{
  "modality_liklihoods": [
    -13881.662673315624,
    -13298.817404464091,
    -939.21411033821562,
    -4632.1747782790271
  ],
  "num_iteration": 1000,
  "num_modalities": 4,
  "num_topics": 7,
  "total_liklihood": -32751.868966396956
}
