{
  "modality_liklihoods": [
    -14120.351732004541,
    -13254.207387647619,
    -938.70652499881612,
    -4638.5793155992533
  ],
  "num_iteration": 1000,
  "num_modalities": 4,
  "num_topics": 7,
  "total_liklihood": -32951.84496025023
}
