{
  "modality_liklihoods": [
    -13583.888899989037,
    -13212.44659027393,
    -943.92932862070586,
    -4666.3543990029248
  ],
  "num_iteration": 1000,
  "num_modalities": 4,
  "num_topics": 7,
  "total_liklihood": -32406.619217886597
}
