{
  "modality_liklihoods": [
    -13942.121336425578,
    -13218.334093889391,
    -940.95244338417297,
    -4696.8902876463853
  ],
  "num_iteration": 1000,
  "num_modalities": 4,
  "num_topics": 7,
  "total_liklihood": -32798.298161345527
}
