{
  "modality_liklihoods": [
    -13901.634079493026,
    -13295.381366888978,
    -949.93075639475944,
    -4644.0743151009265
  ],
  "num_iteration": 1000,
  "num_modalities": 4,
  "num_topics": 7,
  "total_liklihood": -32791.020517877689
}
