{
  "modality_liklihoods": [
    -14256.41020274581,
    -13262.23414351632,
    -934.22431962499991,
    -4645.0968259958845
  ],
  "num_iteration": 1000,
  "num_modalities": 4,
  "num_topics": 7,
  "total_liklihood": -33097.965491883013
}
