{
  "modality_liklihoods": [
    -14026.260737992345,
    -13243.639997149776,
    -941.32176427490208,
    -4643.5165999758401
  ],
  "num_iteration": 1000,
  "num_modalities": 4,
  "num_topics": 7,
  "total_liklihood": -32854.739099392864
}
