{
  "modality_liklihoods": [
    -13903.573459576302,
    -13272.850868576228,
    -937.54904289032447,
    -4651.8914825892516
  ],
  "num_iteration": 1000,
  "num_modalities": 4,
  "num_topics": 7,
  "total_liklihood": -32765.864853632105
}
