{
  "modality_liklihoods": [
    -12776.077015213723,
    -13298.195523767528,
    -939.88664278019962,
    -4623.8019481418387
  ],
  "num_iteration": 1000,
  "num_modalities": 4,
  "num_topics": 7,
  "total_liklihood": -31637.961129903288
}
