{
  "modality_liklihoods": [
    -14040.239869469673,
    -13267.596441684642,
    -935.34572269256057,
    -4621.0268326798241
  ],
  "num_iteration": 1000,
  "num_modalities": 4,
  "num_topics": 7,
  "total_liklihood": -32864.2088665267
}
