{
  "modality_liklihoods": [
    -14244.231791990476,
    -13244.14202464188,
    -937.23399913179946,
    -4609.5102485194757
  ],
  "num_iteration": 1000,
  "num_modalities": 4,
  "num_topics": 7,
  "total_liklihood": -33035.118064283633
}
