{
  "modality_liklihoods": [
    -13442.371339699688,
    -13254.000890436555,
    -940.61233223898171,
    -4649.5799093615915
  ],
  "num_iteration": 1000,
  "num_modalities": 4,
  "num_topics": 7,
  "total_liklihood": -32286.56447173682
}
