{
  "modality_liklihoods": [
    -13229.06291195262,
    -13249.86737037491,
    -941.96689921200277,
    -4607.1952585203371
  ],
  "num_iteration": 1000,
  "num_modalities": 4,
  "num_topics": 7,
  "total_liklihood": -32028.092440059867
}
