{
  "modality_liklihoods": [
    -12070.245866993318,
    -13234.693077932767,
    -944.2627215492065,
    -4641.62483857397
  ],
  "num_iteration": 1000,
  "num_modalities": 4,
  "num_topics": 7,
  "total_liklihood": -30890.826505049263
}
