{
  "modality_liklihoods": [
    -14036.809334793166,
    -13270.902183441351,
    -935.8123566111135,
    -4651.1611941255242
  ],
  "num_iteration": 1000,
  "num_modalities": 4,
  "num_topics": 7,
  "total_liklihood": -32894.68506897115
}
