{
  "modality_liklihoods": [
    -13941.738999783885,
    -13262.742411529322,
    -937.18374454108664,
    -4659.2814598602117
  ],
  "num_iteration": 1000,
  "num_modalities": 4,
  "num_topics": 7,
  "total_liklihood": -32800.946615714507
}
