{
  "modality_liklihoods": [
    -13553.12423382721,
    -13243.041481394381,
    -945.17896069487881,
    -4656.8837767667437
  ],
  "num_iteration": 1000,
  "num_modalities": 4,
  "num_topics": 7,
  "total_liklihood": -32398.228452683215
}
