{
  "modality_liklihoods": [
    -14310.602338298719,
    -13257.125017996297,
    -938.35261238605744,
    -4639.1461166184572
  ],
  "num_iteration": 1000,
  "num_modalities": 4,
  "num_topics": 7,
  "total_liklihood": -33145.226085299531
}
