{
  "modality_liklihoods": [
    -13893.897637655189,
    -13259.534507807721,
    -938.94674870621805,
    -4629.6131891116947
  ],
  "num_iteration": 1000,
  "num_modalities": 4,
  "num_topics": 7,
  "total_liklihood": -32721.99208328082
}
