{
  "modality_liklihoods": [
    -13527.850400939953,
    -13219.724558163145,
    -941.71472228723871,
    -4624.9836325397991
  ],
  "num_iteration": 1000,
  "num_modalities": 4,
  "num_topics": 7,
  "total_liklihood": -32314.273313930134
}
