{
  "modality_liklihoods": [
    -13654.773314197982,
    -13298.424251833974,
    -941.78164018667303,
    -4643.1252280567187
  ],
  "num_iteration": 1000,
  "num_modalities": 4,
  "num_topics": 7,
  "total_liklihood": -32538.104434275352
}
