{
  "modality_liklihoods": [
    -12935.317632417749,
    -13267.280880188298,
    -941.38620589995526,
    -4616.5893349295056
  ],
  "num_iteration": 1000,
  "num_modalities": 4,
  "num_topics": 7,
  "total_liklihood": -31760.574053435506
}
