{
  "modality_liklihoods": [
    -13457.960819613694,
    -13264.78009858284,
    -941.06920268275076,
    -4630.5614308214463
  ],
  "num_iteration": 1000,
  "num_modalities": 4,
  "num_topics": 7,
  "total_liklihood": -32294.371551700729
}
