{
  "modality_liklihoods": [
    -14219.760481526759,
    -13267.7574890329,
    -941.29274966509786,
    -4638.7231914592603
  ],
  "num_iteration": 1000,
  "num_modalities": 4,
  "num_topics": 7,
  "total_liklihood": -33067.533911684019
}
