{
  "modality_liklihoods": [
    -14039.187991916815,
    -13235.004525682443,
    -941.65225158302974,
    -4670.4507443356961
  ],
  "num_iteration": 1000,
  "num_modalities": 4,
  "num_topics": 7,
  "total_liklihood": -32886.29551351798
}
