{
  "modality_liklihoods": [
    -13409.994581310924,
    -13183.515538475662,
    -944.36646220448449,
    -4642.9459849610566
  ],
  "num_iteration": 1000,
  "num_modalities": 4,
  "num_topics": 7,
  "total_liklihood": -32180.822566952131
}
