{
  "modality_liklihoods": [
    -13339.295802238546,
    -13242.694313448827,
    -938.20781514718419,
    -4635.3279947913679
  ],
  "num_iteration": 1000,
  "num_modalities": 4,
  "num_topics": 7,
  "total_liklihood": -32155.525925625927
}
