{
  "modality_liklihoods": [
    -13483.815297106299,
    -13234.449323230685,
    -940.49827799318496,
    -4622.1757374221479
  ],
  "num_iteration": 1000,
  "num_modalities": 4,
  "num_topics": 7,
  "total_liklihood": -32280.938635752318
}
