{
  "modality_liklihoods": [
    -12611.406114606898,
    -13200.601084708467,
    -939.09992540965425,
    -4624.6030783925398
  ],
  "num_iteration": 1000,
  "num_modalities": 4,
  "num_topics": 7,
  "total_liklihood": -31375.71020311756
}
