{
  "modality_liklihoods": [
    -13930.55569123058,
    -13302.170533240103,
    -935.57168993186758,
    -4634.3137010665196
  ],
  "num_iteration": 1000,
  "num_modalities": 4,
  "num_topics": 7,
  "total_liklihood": -32802.611615469068
}
