{
  "modality_liklihoods": [
    -13952.993859589707,
    -13267.847811793321,
    -941.00713809700892,
    -4643.5546195091238
  ],
  "num_iteration": 1000,
  "num_modalities": 4,
  "num_topics": 7,
  "total_liklihood": -32805.403428989164
}
