{
  "modality_liklihoods": [
    -13060.951640137398,
    -13245.013468975134,
    -942.19075483184395,
    -4653.698806603702
  ],
  "num_iteration": 1000,
  "num_modalities": 4,
  "num_topics": 7,
  "total_liklihood": -31901.85467054808
}
