{
  "modality_liklihoods": [
    -13987.320854945787,
    -13291.990826019251,
    -946.12423133739014,
    -4629.7831485027473
  ],
  "num_iteration": 1000,
  "num_modalities": 4,
  "num_topics": 7,
  "total_liklihood": -32855.219060805175
}
