{
  "modality_liklihoods": [
    -13216.55592704294,
    -13265.575913069453,
    -938.45383991136225,
    -4607.0625427266887
  ],
  "num_iteration": 1000,
  "num_modalities": 4,
  "num_topics": 7,
  "total_liklihood": -32027.648222750446
}
