{
  "modality_liklihoods": [
    -14243.754166532468,
    -13272.851653604048,
    -941.36936868582973,
    -4648.4807986911665
  ],
  "num_iteration": 1000,
  "num_modalities": 4,
  "num_topics": 7,
  "total_liklihood": -33106.455987513516
}
