{
  "modality_liklihoods": [
    -13883.65675406746,
    -13278.079288423942,
    -936.55777155701617,
    -4614.0061352272942
  ],
  "num_iteration": 1000,
  "num_modalities": 4,
  "num_topics": 7,
  "total_liklihood": -32712.299949275712
}
