{
  "modality_liklihoods": [
    -13989.256434418481,
    -13277.170591797227,
    -942.65758321166231,
    -4618.0959895191299
  ],
  "num_iteration": 1000,
  "num_modalities": 4,
  "num_topics": 7,
  "total_liklihood": -32827.180598946499
}
