{
  "modality_liklihoods": [
    -13114.808123421226,
    -13234.549004020313,
    -939.78528713833111,
    -4648.1818426094605
  ],
  "num_iteration": 1000,
  "num_modalities": 4,
  "num_topics": 7,
  "total_liklihood": -31937.324257189328
}
