{
  "modality_liklihoods": [
    -13669.6660643707,
    -13217.784162426971,
    -941.42788123223852,
    -4661.7264362313563
  ],
  "num_iteration": 1000,
  "num_modalities": 4,
  "num_topics": 7,
  "total_liklihood": -32490.604544261267
}
