{
  "modality_liklihoods": [
    -13940.925912378434,
    -13270.168587319251,
    -939.19375676959908,
    -4641.6528904809566
  ],
  "num_iteration": 1000,
  "num_modalities": 4,
  "num_topics": 7,
  "total_liklihood": -32791.941146948244
}
