{
  "modality_liklihoods": [
    -14249.100927455042,
    -13234.514412023162,
    -935.965323786407,
    -4622.1515850112155
  ],
  "num_iteration": 1000,
  "num_modalities": 4,
  "num_topics": 7,
  "total_liklihood": -33041.732248275825
}
