{
  "modality_liklihoods": [
    -14544.752617933656,
    -13257.248738291792,
    -941.39118739602566,
    -4579.3344426648091
  ],
  "num_iteration": 1000,
  "num_modalities": 4,
  "num_topics": 7,
  "total_liklihood": -33322.726986286281
}
