{
  "modality_liklihoods": [
    -13898.826850908274,
    -13284.507686146164,
    -938.5076310812251,
    -4635.6526687020823
  ],
  "num_iteration": 1000,
  "num_modalities": 4,
  "num_topics": 7,
  "total_liklihood": -32757.494836837745
}
