{
  "modality_liklihoods": [
    -13802.784410395761,
    -13267.836518904931,
    -939.01671253697191,
    -4632.4629834699153
  ],
  "num_iteration": 1000,
  "num_modalities": 4,
  "num_topics": 7,
  "total_liklihood": -32642.100625307579
}
