{
  "modality_liklihoods": [
    -13079.730265630433,
    -13271.89840439307,
    -939.33772724233415,
    -4677.8718322574714
  ],
  "num_iteration": 1000,
  "num_modalities": 4,
  "num_topics": 7,
  "total_liklihood": -31968.83822952331
}
