{
  "modality_liklihoods": [
    -14105.613281988704,
    -13237.435459786338,
    -940.70416795319056,
    -4656.0416593368645
  ],
  "num_iteration": 1000,
  "num_modalities": 4,
  "num_topics": 7,
  "total_liklihood": -32939.794569065096
}
