{
  "modality_liklihoods": [
    -12900.744611543874,
    -13264.058048028179,
    -941.56490634682655,
    -4674.5497343076795
  ],
  "num_iteration": 1000,
  "num_modalities": 4,
  "num_topics": 7,
  "total_liklihood": -31780.917300226556
}
