{
  "modality_liklihoods": [
    -13786.986356417137,
    -13276.178310450812,
    -932.47496633470553,
    -4682.3213155431295
  ],
  "num_iteration": 1000,
  "num_modalities": 4,
  "num_topics": 7,
  "total_liklihood": -32677.960948745786
}
