{
  "modality_liklihoods": [
    -13885.997353321871,
    -13294.434825710541,
    -937.02892641430628,
    -4666.4449155817183
  ],
  "num_iteration": 1000,
  "num_modalities": 4,
  "num_topics": 7,
  "total_liklihood": -32783.906021028437
}
