{
  "modality_liklihoods": [
    -14651.512465480635,
    -13277.905391992852,
    -933.13781103305473,
    -4634.2635496592256
  ],
  "num_iteration": 1000,
  "num_modalities": 4,
  "num_topics": 7,
  "total_liklihood": -33496.819218165765
}
