{
  "modality_liklihoods": [
    -13690.885067939505,
    -13307.430859628088,
    -947.09938643403541,
    -4626.6785136352819
  ],
  "num_iteration": 1000,
  "num_modalities": 4,
  "num_topics": 7,
  "total_liklihood": -32572.093827636909
}
