{
  "modality_liklihoods": [
    -13939.630215205425,
    -13281.823580880855,
    -930.74795162893497,
    -4646.2136735589893
  ],
  "num_iteration": 1000,
  "num_modalities": 4,
  "num_topics": 7,
  "total_liklihood": -32798.415421274207
}
