{
  "modality_liklihoods": [
    -13774.60208465924,
    -13202.435805867211,
    -948.04807934370979,
    -4627.5321389200762
  ],
  "num_iteration": 1000,
  "num_modalities": 4,
  "num_topics": 7,
  "total_liklihood": -32552.618108790237
}
