{
  "modality_liklihoods": [
    -13847.822848464148,
    -13279.655021667051,
    -939.62815350012977,
    -4639.9430687147842
  ],
  "num_iteration": 1000,
  "num_modalities": 4,
  "num_topics": 7,
  "total_liklihood": -32707.049092346111
}
