{
  "modality_liklihoods": [
    -13816.187979612438,
    -13215.521535362806,
    -949.77783548831655,
    -4659.8465069984786
  ],
  "num_iteration": 1000,
  "num_modalities": 4,
  "num_topics": 7,
  "total_liklihood": -32641.333857462036
}
