{
  "modality_liklihoods": [
    -13974.728216448653,
    -13250.088426097278,
    -941.6167342657094,
    -4633.2747345687885
  ],
  "num_iteration": 1000,
  "num_modalities": 4,
  "num_topics": 7,
  "total_liklihood": -32799.708111380431
}
