{
  "modality_liklihoods": [
    -13956.782567807784,
    -13245.847655804127,
    -938.62675301872764,
    -4661.7576722917429
  ],
  "num_iteration": 1000,
  "num_modalities": 4,
  "num_topics": 7,
  "total_liklihood": -32803.014648922384
}
