{
  "modality_liklihoods": [
    -13797.575097762046,
    -13284.829312178677,
    -942.58115875002159,
    -4639.833491207005
  ],
  "num_iteration": 1000,
  "num_modalities": 4,
  "num_topics": 7,
  "total_liklihood": -32664.819059897753
}
