{
  "modality_liklihoods": [
    -13117.169835299044,
    -13301.528325694042,
    -938.33826098633176,
    -4661.5717920569277
  ],
  "num_iteration": 1000,
  "num_modalities": 4,
  "num_topics": 7,
  "total_liklihood": -32018.608214036351
}
