{
  "modality_liklihoods": [
    -13855.483253734341,
    -13253.647806110543,
    -934.23500392411881,
    -4641.2095600692837
  ],
  "num_iteration": 1000,
  "num_modalities": 4,
  "num_topics": 7,
  "total_liklihood": -32684.575623838286
}
