{
  "modality_liklihoods": [
    -14479.8331298214,
    -13273.710660582745,
    -941.01743588323109,
    -4676.5341640178567
  ],
  "num_iteration": 1000,
  "num_modalities": 4,
  "num_topics": 7,
  "total_liklihood": -33371.095390305236
}
