{
  "modality_liklihoods": [
    -14280.497986634406,
    -13196.280188656514,
    -938.14997932056338,
    -4630.2381169270529
  ],
  "num_iteration": 1000,
  "num_modalities": 4,
  "num_topics": 7,
  "total_liklihood": -33045.166271538539
}
