{
  "modality_liklihoods": [
    -13641.802405591325,
    -13284.532007728934,
    -948.11704638456638,
    -4607.6808605529659
  ],
  "num_iteration": 1000,
  "num_modalities": 4,
  "num_topics": 7,
  "total_liklihood": -32482.132320257791
}
