{
  "modality_liklihoods": [
    -13829.325668741896,
    -13272.469948903319,
    -939.29626970340973,
    -4607.2438426917188
  ],
  "num_iteration": 1000,
  "num_modalities": 4,
  "num_topics": 7,
  "total_liklihood": -32648.33573004034
}
