{
  "modality_liklihoods": [
    -13477.837008117289,
    -13243.211568789624,
    -941.37938951889771,
    -4617.4828092369844
  ],
  "num_iteration": 1000,
  "num_modalities": 4,
  "num_topics": 7,
  "total_liklihood": -32279.910775662793
}
