{
  "modality_liklihoods": [
    -14354.808836679218,
    -13287.585323144302,
    -942.44120197036307,
    -4650.501731786826
  ],
  "num_iteration": 1000,
  "num_modalities": 4,
  "num_topics": 7,
  "total_liklihood": -33235.337093580703
}
