{
  "modality_liklihoods": [
    -13712.70689689408,
    -13198.941827030818,
    -935.42454761026875,
    -4620.4424514216216
  ],
  "num_iteration": 1000,
  "num_modalities": 4,
  "num_topics": 7,
  "total_liklihood": -32467.515722956789
}
