{
  "modality_liklihoods": [
    -14097.004934832998,
    -13268.980915558177,
    -941.37943633354791,
    -4631.9524377860453
  ],
  "num_iteration": 1000,
  "num_modalities": 4,
  "num_topics": 7,
  "total_liklihood": -32939.317724510765
}
