{
  "modality_liklihoods": [
    -13611.038203022907,
    -13233.39148276296,
    -940.36907611362869,
    -4714.7970762408313
  ],
  "num_iteration": 1000,
  "num_modalities": 4,
  "num_topics": 7,
  "total_liklihood": -32499.595838140325
}
