{
  "modality_liklihoods": [
    -13793.436733875824,
    -13274.535665282168,
    -940.00657531650052,
    -4636.6383316588453
  ],
  "num_iteration": 1000,
  "num_modalities": 4,
  "num_topics": 7,
  "total_liklihood": -32644.617306133339
}
