{
  "modality_liklihoods": [
    -13630.186559847421,
    -13247.860748871135,
    -941.43774972188589,
    -4631.1707042042108
  ],
  "num_iteration": 1000,
  "num_modalities": 4,
  "num_topics": 7,
  "total_liklihood": -32450.655762644652
}
