{
  "modality_liklihoods": [
    -14380.957905561425,
    -13226.67779871373,
    -937.20178396763345,
    -4592.9116080722224
  ],
  "num_iteration": 1000,
  "num_modalities": 4,
  "num_topics": 7,
  "total_liklihood": -33137.749096315012
}
