{
  "modality_liklihoods": [
    -14503.783156040441,
    -13199.387662251758,
    -931.43345706279104,
    -4627.1720281558055
  ],
  "num_iteration": 1000,
  "num_modalities": 4,
  "num_topics": 7,
  "total_liklihood": -33261.7763035108
}
