{
  "modality_liklihoods": [
    -13390.60486689611,
    -13267.842230314347,
    -939.78254427167428,
    -4619.6288896793803
  ],
  "num_iteration": 1000,
  "num_modalities": 4,
  "num_topics": 7,
  "total_liklihood": -32217.858531161513
}
