{
  "modality_liklihoods": [
    -12870.188962828137,
    -13267.806867238334,
    -939.61928167526901,
    -4626.8346007239652
  ],
  "num_iteration": 1000,
  "num_modalities": 4,
  "num_topics": 7,
  "total_liklihood": -31704.449712465706
}
