{
  "modality_liklihoods": [
    -13770.7266206729,
    -13300.370378321246,
    -942.86743097077976,
    -4658.0730942171149
  ],
  "num_iteration": 1000,
  "num_modalities": 4,
  "num_topics": 7,
  "total_liklihood": -32672.037524182037
}
