{
  "modality_liklihoods": [
    -14058.468974374227,
    -13284.864389881846,
    -937.02856707980095,
    -4623.4662272532805
  ],
  "num_iteration": 1000,
  "num_modalities": 4,
  "num_topics": 7,
  "total_liklihood": -32903.828158589153
}
