{
  "modality_liklihoods": [
    -13762.635779275071,
    -13255.56666998684,
    -947.75467137718374,
    -4622.4008385719562
  ],
  "num_iteration": 1000,
  "num_modalities": 4,
  "num_topics": 7,
  "total_liklihood": -32588.357959211051
}
