{
  "modality_liklihoods": [
    -13996.039806659266,
    -13248.381498027795,
    -937.92100843325147,
    -4657.9005762446832
  ],
  "num_iteration": 1000,
  "num_modalities": 4,
  "num_topics": 7,
  "total_liklihood": -32840.242889364992
}
