{
  "modality_liklihoods": [
    -14356.089116783891,
    -13238.913375226599,
    -936.55541779529244,
    -4755.5227040915561
  ],
  "num_iteration": 1000,
  "num_modalities": 4,
  "num_topics": 7,
  "total_liklihood": -33287.080613897342
}
