{
  "modality_liklihoods": [
    -14165.847173289005,
    -13317.105699820939,
    -939.56742209032291,
    -4669.8439806008864
  ],
  "num_iteration": 1000,
  "num_modalities": 4,
  "num_topics": 7,
  "total_liklihood": -33092.364275801156
}
