{
  "modality_liklihoods": [
    -13824.338012482205,
    -13269.453135115307,
    -938.883066269859,
    -4630.1648049242667
  ],
  "num_iteration": 1000,
  "num_modalities": 4,
  "num_topics": 7,
  "total_liklihood": -32662.839018791637
}
