{
  "modality_liklihoods": [
    -13835.7070163918,
    -13274.879500228732,
    -939.26368469049771,
    -4639.1877801296496
  ],
  "num_iteration": 1000,
  "num_modalities": 4,
  "num_topics": 7,
  "total_liklihood": -32689.037981440681
}
