{
  "modality_liklihoods": [
    -14364.058668439213,
    -13274.382705161872,
    -937.29064579131989,
    -4618.9738990525548
  ],
  "num_iteration": 1000,
  "num_modalities": 4,
  "num_topics": 7,
  "total_liklihood": -33194.705918444961
}
