{
  "modality_liklihoods": [
    -13820.549330129326,
    -13262.24571986027,
    -936.19753481068244,
    -4628.5842452586548
  ],
  "num_iteration": 1000,
  "num_modalities": 4,
  "num_topics": 7,
  "total_liklihood": -32647.576830058933
}
