{
  "modality_liklihoods": [
    -13975.888283428814,
    -13262.910369607556,
    -936.88481130403045,
    -4613.9050091668087
  ],
  "num_iteration": 1000,
  "num_modalities": 4,
  "num_topics": 7,
  "total_liklihood": -32789.58847350721
}
