{
  "modality_liklihoods": [
    -13500.607248633796,
    -13327.750626303379,
    -937.67203593225236,
    -4650.7911230010932
  ],
  "num_iteration": 1000,
  "num_modalities": 4,
  "num_topics": 7,
  "total_liklihood": -32416.821033870521
}
