{
  "modality_liklihoods": [
    -13961.342671074324,
    -13247.923839164714,
    -939.18923792661622,
    -4647.2121352228951
  ],
  "num_iteration": 1000,
  "num_modalities": 4,
  "num_topics": 7,
  "total_liklihood": -32795.667883388553
}
