{
  "modality_liklihoods": [
    -13456.135286701963,
    -13263.018842866317,
    -947.79692807263518,
    -4626.4644000374237
  ],
  "num_iteration": 1000,
  "num_modalities": 4,
  "num_topics": 7,
  "total_liklihood": -32293.41545767834
}
