{
  "modality_liklihoods": [
    -13686.0815104674,
    -13283.894310712547,
    -940.67092323877284,
    -4660.0419776566596
  ],
  "num_iteration": 1000,
  "num_modalities": 4,
  "num_topics": 7,
  "total_liklihood": -32570.688722075382
}
