{
  "modality_liklihoods": [
    -13477.256714630215,
    -13236.976732136065,
    -941.5872887687774,
    -4637.3138820416052
  ],
  "num_iteration": 1000,
  "num_modalities": 4,
  "num_topics": 7,
  "total_liklihood": -32293.134617576663
}
