{
  "modality_liklihoods": [
    -13797.382920526319,
    -13255.204410330747,
    -942.20078187554236,
    -4697.9236883727353
  ],
  "num_iteration": 1000,
  "num_modalities": 4,
  "num_topics": 7,
  "total_liklihood": -32692.711801105343
}
