{
  "modality_liklihoods": [
    -14679.689565078654,
    -13239.858746447288,
    -938.52757614480538,
    -4663.4091741585153
  ],
  "num_iteration": 1000,
  "num_modalities": 4,
  "num_topics": 7,
  "total_liklihood": -33521.485061829262
}
