{
  "modality_liklihoods": [
    -13319.584099641732,
    -13284.648544355259,
    -944.82166830751021,
    -4649.1170533031054
  ],
  "num_iteration": 1000,
  "num_modalities": 4,
  "num_topics": 7,
  "total_liklihood": -32198.17136560761
}
