{
  "modality_liklihoods": [
    -14060.514162249325,
    -13261.921447657172,
    -942.6680930996547,
    -4627.2904510551762
  ],
  "num_iteration": 1000,
  "num_modalities": 4,
  "num_topics": 7,
  "total_liklihood": -32892.39415406133
}
