{
  "modality_liklihoods": [
    -14334.052845536062,
    -13295.449350582348,
    -941.15724413552698,
    -4686.2083372129891
  ],
  "num_iteration": 1000,
  "num_modalities": 4,
  "num_topics": 7,
  "total_liklihood": -33256.867777466927
}
