{
  "modality_liklihoods": [
    -13605.874989231937,
    -13264.271433821244,
    -945.11025636260865,
    -4634.4021322520275
  ],
  "num_iteration": 1000,
  "num_modalities": 4,
  "num_topics": 7,
  "total_liklihood": -32449.658811667818
}
