{
  "modality_liklihoods": [
    -13013.375269721939,
    -13265.404454468984,
    -942.9116400156222,
    -4741.6330113376371
  ],
  "num_iteration": 1000,
  "num_modalities": 4,
  "num_topics": 7,
  "total_liklihood": -31963.32437554418
}
