{
  "modality_liklihoods": [
    -14440.924579112308,
    -13252.724737824161,
    -932.92044093817867,
    -4730.5477566834179
  ],
  "num_iteration": 1000,
  "num_modalities": 4,
  "num_topics": 7,
  "total_liklihood": -33357.117514558064
}
