{
  "modality_liklihoods": [
    -13950.280930612962,
    -13289.729453013071,
    -939.14646641021704,
    -4674.5822102128232
  ],
  "num_iteration": 1000,
  "num_modalities": 4,
  "num_topics": 7,
  "total_liklihood": -32853.73906024907
}
