{
  "modality_liklihoods": [
    -13828.072402025697,
    -13240.441965623126,
    -943.82262638423435,
    -4670.1401234390851
  ],
  "num_iteration": 1000,
  "num_modalities": 4,
  "num_topics": 7,
  "total_liklihood": -32682.477117472139
}
