{
  "modality_liklihoods": [
    -14302.578849269114,
    -13221.074205550283,
    -930.90609707627448,
    -4646.6910869172107
  ],
  "num_iteration": 1000,
  "num_modalities": 4,
  "num_topics": 7,
  "total_liklihood": -33101.250238812885
}
