{
  "modality_liklihoods": [
    -14114.721924573838,
    -13273.06197838859,
    -934.43534626078804,
    -4656.6799096265022
  ],
  "num_iteration": 1000,
  "num_modalities": 4,
  "num_topics": 7,
  "total_liklihood": -32978.899158849716
}
