{
  "modality_liklihoods": [
    -14132.603721134059,
    -13293.332074198292,
    -946.62334667175901,
    -4600.6289671017439
  ],
  "num_iteration": 1000,
  "num_modalities": 4,
  "num_topics": 7,
  "total_liklihood": -32973.188109105853
}
