{
  "modality_liklihoods": [
    -14298.26293266742,
    -13216.343234574522,
    -934.41670882245614,
    -4679.4601036266513
  ],
  "num_iteration": 1000,
  "num_modalities": 4,
  "num_topics": 7,
  "total_liklihood": -33128.482979691049
}
