{
  "modality_liklihoods": [
    -13312.953153176193,
    -13245.34496313944,
    -940.23578303345244,
    -4630.7462132696819
  ],
  "num_iteration": 1000,
  "num_modalities": 4,
  "num_topics": 7,
  "total_liklihood": -32129.280112618766
}
