{
  "modality_liklihoods": [
    -15017.325136283451,
    -13248.892543987615,
    -941.13738501064495,
    -4683.039542739466
  ],
  "num_iteration": 1000,
  "num_modalities": 4,
  "num_topics": 7,
  "total_liklihood": -33890.394608021183
}
