{
  "modality_liklihoods": [
    -14214.231302480928,
    -13264.874478610673,
    -939.29791524047573,
    -4646.7961273539922
  ],
  "num_iteration": 1000,
  "num_modalities": 4,
  "num_topics": 7,
  "total_liklihood": -33065.199823686075
}
