{
  "modality_liklihoods": [
    -14414.689383864174,
    -13244.561005191843,
    -933.38463756899205,
    -4611.445121300686
  ],
  "num_iteration": 1000,
  "num_modalities": 4,
  "num_topics": 7,
  "total_liklihood": -33204.080147925699
}
