{
  "modality_liklihoods": [
    -14091.959056795835,
    -13252.044497292351,
    -942.01668098563096,
    -4666.4638083272594
  ],
  "num_iteration": 1000,
  "num_modalities": 4,
  "num_topics": 7,
  "total_liklihood": -32952.484043401077
}
