{
  "modality_liklihoods": [
    -13866.146834129057,
    -13281.511164321635,
    -941.47132833164881,
    -4629.8130019345717
  ],
  "num_iteration": 1000,
  "num_modalities": 4,
  "num_topics": 7,
  "total_liklihood": -32718.942328716912
}
