{
  "modality_liklihoods": [
    -13660.603528030217,
    -13270.86480137728,
    -942.08630182954028,
    -4619.640472829281
  ],
  "num_iteration": 1000,
  "num_modalities": 4,
  "num_topics": 7,
  "total_liklihood": -32493.195104066315
}
