{
  "modality_liklihoods": [
    -13735.987743445959,
    -13247.09388934436,
    -941.23794704065983,
    -4654.3698880395395
  ],
  "num_iteration": 1000,
  "num_modalities": 4,
  "num_topics": 7,
  "total_liklihood": -32578.689467870518
}
