{
  "modality_liklihoods": [
    -13463.813704008222,
    -13269.624140660319,
    -938.21186132202047,
    -4551.2114892760501
  ],
  "num_iteration": 1000,
  "num_modalities": 4,
  "num_topics": 7,
  "total_liklihood": -32222.861195266611
}
