{
  "modality_liklihoods": [
    -14530.812470479594,
    -13274.923284699449,
    -945.27389871339187,
    -4653.6211738251095
  ],
  "num_iteration": 1000,
  "num_modalities": 4,
  "num_topics": 7,
  "total_liklihood": -33404.630827717541
}
