{
  "modality_liklihoods": [
    -14714.738039400119,
    -13254.501163738823,
    -944.50813814681749,
    -4607.1401344177693
  ],
  "num_iteration": 1000,
  "num_modalities": 4,
  "num_topics": 7,
  "total_liklihood": -33520.88747570353
}
