{
  "modality_liklihoods": [
    -13243.228355119656,
    -13246.184108553078,
    -944.52538356630578,
    -4647.2127415305449
  ],
  "num_iteration": 1000,
  "num_modalities": 4,
  "num_topics": 7,
  "total_liklihood": -32081.150588769586
}
