{
  "modality_liklihoods": [
    -13979.257582957949,
    -13296.369813476231,
    -940.22670765609439,
    -4656.9105978662392
  ],
  "num_iteration": 1000,
  "num_modalities": 4,
  "num_topics": 7,
  "total_liklihood": -32872.764701956512
}
