{
  "modality_liklihoods": [
    -13220.372392236546,
    -13266.16217764224,
    -942.3543792438229,
    -4621.5261556651649
  ],
  "num_iteration": 1000,
  "num_modalities": 4,
  "num_topics": 7,
  "total_liklihood": -32050.415104787771
}
