{
  "modality_liklihoods": [
    -13893.014367206242,
    -13276.440556744843,
    -948.14495474197474,
    -4617.6386194748966
  ],
  "num_iteration": 1000,
  "num_modalities": 4,
  "num_topics": 7,
  "total_liklihood": -32735.238498167957
}
