{
  "modality_liklihoods": [
    -14347.81982214237,
    -13271.409514526125,
    -937.21217772596344,
    -4635.4341851171266
  ],
  "num_iteration": 1000,
  "num_modalities": 4,
  "num_topics": 7,
  "total_liklihood": -33191.875699511584
}
