{
  "modality_liklihoods": [
    -13907.479121667244,
    -13232.873970595603,
    -941.62554139607903,
    -4720.9844677608507
  ],
  "num_iteration": 1000,
  "num_modalities": 4,
  "num_topics": 7,
  "total_liklihood": -32802.96310141978
}
