{
  "modality_liklihoods": [
    -14186.164991177036,
    -13256.201110955164,
    -937.35399995437513,
    -4632.2562302625729
  ],
  "num_iteration": 1000,
  "num_modalities": 4,
  "num_topics": 7,
  "total_liklihood": -33011.97633234915
}
