{
  "modality_liklihoods": [
    -13679.22477608103,
    -13240.913267133845,
    -936.67920369502269,
    -4670.4404275973375
  ],
  "num_iteration": 1000,
  "num_modalities": 4,
  "num_topics": 7,
  "total_liklihood": -32527.257674507229
}
