{
  "modality_liklihoods": [
    -14278.273936304868,
    -13222.37009635341,
    -944.60465544653528,
    -4650.4161887969985
  ],
  "num_iteration": 1000,
  "num_modalities": 4,
  "num_topics": 7,
  "total_liklihood": -33095.664876901814
}
