{
  "modality_liklihoods": [
    -13875.28684505909,
    -13304.563625513187,
    -939.38378621644517,
    -4573.5422784367829
  ],
  "num_iteration": 1000,
  "num_modalities": 4,
  "num_topics": 7,
  "total_liklihood": -32692.776535225505
}
