{
  "modality_liklihoods": [
    -13802.050052666433,
    -13283.684726742684,
    -942.34017121368367,
    -4646.2776585016227
  ],
  "num_iteration": 1000,
  "num_modalities": 4,
  "num_topics": 7,
  "total_liklihood": -32674.352609124424
}
