{
  "modality_liklihoods": [
    -13953.551643917157,
    -13239.133781859638,
    -937.0876180398617,
    -4647.5826373874261
  ],
  "num_iteration": 1000,
  "num_modalities": 4,
  "num_topics": 7,
  "total_liklihood": -32777.355681204084
}
