{
  "modality_liklihoods": [
    -14362.270695260157,
    -13248.136753980001,
    -951.99685898288817,
    -4640.0901326033427
  ],
  "num_iteration": 1000,
  "num_modalities": 4,
  "num_topics": 7,
  "total_liklihood": -33202.494440826391
}
