{
  "modality_liklihoods": [
    -14227.802136301008,
    -13228.906026562203,
    -936.53861480232649,
    -4626.2626269389802
  ],
  "num_iteration": 1000,
  "num_modalities": 4,
  "num_topics": 7,
  "total_liklihood": -33019.50940460452
}
