{
  "modality_liklihoods": [
    -14217.163682578708,
    -13202.091040226065,
    -931.80487924018416,
    -4632.2671809984049
  ],
  "num_iteration": 1000,
  "num_modalities": 4,
  "num_topics": 7,
  "total_liklihood": -32983.326783043362
}
