{
  "modality_liklihoods": [
    -13951.94675716032,
    -13265.698382146758,
    -947.17862241860882,
    -4677.4156342784754
  ],
  "num_iteration": 1000,
  "num_modalities": 4,
  "num_topics": 7,
  "total_liklihood": -32842.239396004159
}
