{
  "modality_liklihoods": [
    -14059.869327600929,
    -13246.043411450679,
    -939.83465431754439,
    -4674.6035735181276
  ],
  "num_iteration": 1000,
  "num_modalities": 4,
  "num_topics": 7,
  "total_liklihood": -32920.350966887279
}
