{
  "modality_liklihoods": [
    -13685.27754844487,
    -13284.16775192866,
    -951.22341213319976,
    -4623.319240549823
  ],
  "num_iteration": 1000,
  "num_modalities": 4,
  "num_topics": 7,
  "total_liklihood": -32543.987953056556
}
