{
  "modality_liklihoods": [
    -14728.040628820032,
    -13196.035151698614,
    -938.88777134092209,
    -4689.6602700366448
  ],
  "num_iteration": 1000,
  "num_modalities": 4,
  "num_topics": 7,
  "total_liklihood": -33552.62382189621
}
