{
  "modality_liklihoods": [
    -14332.526196795159,
    -13260.460467684823,
    -933.29480921712297,
    -4593.542486380933
  ],
  "num_iteration": 1000,
  "num_modalities": 4,
  "num_topics": 7,
  "total_liklihood": -33119.823960078043
}
