{
  "modality_liklihoods": [
    -14382.864396645362,
    -13236.25458302078,
    -947.97369647616631,
    -4751.3700612820539
  ],
  "num_iteration": 1000,
  "num_modalities": 4,
  "num_topics": 7,
  "total_liklihood": -33318.462737424357
}
