{
  "modality_liklihoods": [
    -14454.881253460637,
    -13261.844613446876,
    -946.75179473782248,
    -4699.1715766305779
  ],
  "num_iteration": 1000,
  "num_modalities": 4,
  "num_topics": 7,
  "total_liklihood": -33362.64923827591
}
