{
  "modality_liklihoods": [
    -13428.13808106696,
    -13276.238524026736,
    -944.91887527812366,
    -4551.3432510820667
  ],
  "num_iteration": 1000,
  "num_modalities": 4,
  "num_topics": 7,
  "total_liklihood": -32200.638731453888
}
