{
  "modality_liklihoods": [
    -14084.290609846079,
    -13267.240295970638,
    -947.16917344117451,
    -4691.7523929842237
  ],
  "num_iteration": 1000,
  "num_modalities": 4,
  "num_topics": 7,
  "total_liklihood": -32990.452472242119
}
