{
  "modality_liklihoods": [
    -14114.951399615768,
    -13242.183841194323,
    -944.01662671739666,
    -4669.0941849231103
  ],
  "num_iteration": 1000,
  "num_modalities": 4,
  "num_topics": 7,
  "total_liklihood": -32970.246052450595
}
