{
  "modality_liklihoods": [
    -14354.349154467371,
    -13241.694684136513,
    -941.50692813302578,
    -4743.4420949382948
  ],
  "num_iteration": 1000,
  "num_modalities": 4,
  "num_topics": 7,
  "total_liklihood": -33280.9928616752
}
