{
  "modality_liklihoods": [
    -13247.270527903158,
    -13267.48133860682,
    -939.74078193307321,
    -4617.5319856156593
  ],
  "num_iteration": 1000,
  "num_modalities": 4,
  "num_topics": 7,
  "total_liklihood": -32072.024634058711
}
