{
  "modality_liklihoods": [
    -12202.0172769978,
    -13239.655796960809,
    -952.94386500346923,
    -4611.9776830704332
  ],
  "num_iteration": 1000,
  "num_modalities": 4,
  "num_topics": 7,
  "total_liklihood": -31006.59462203251
}
