{
  "modality_liklihoods": [
    -13983.080769759399,
    -13228.410009514568,
    -936.37154130216402,
    -4676.3025421361999
  ],
  "num_iteration": 1000,
  "num_modalities": 4,
  "num_topics": 7,
  "total_liklihood": -32824.164862712336
}
