{
  "modality_liklihoods": [
    -13986.305499261021,
    -13247.180881583643,
    -934.17147307109781,
    -4657.3893422822084
  ],
  "num_iteration": 1000,
  "num_modalities": 4,
  "num_topics": 7,
  "total_liklihood": -32825.047196197971
}
