{
  "modality_liklihoods": [
    -13579.924663310316,
    -13283.124803862873,
    -936.81376917864429,
    -4686.6703209036004
  ],
  "num_iteration": 1000,
  "num_modalities": 4,
  "num_topics": 7,
  "total_liklihood": -32486.533557255432
}
