{
  "modality_liklihoods": [
    -13460.821579594232,
    -13248.251161827053,
    -940.25140148053492,
    -4590.0890145401499
  ],
  "num_iteration": 1000,
  "num_modalities": 4,
  "num_topics": 7,
  "total_liklihood": -32239.41315744197
}
