{
  "modality_liklihoods": [
    -13915.38898291463,
    -13281.02080912398,
    -933.02968398102792,
    -4624.6860139653363
  ],
  "num_iteration": 1000,
  "num_modalities": 4,
  "num_topics": 7,
  "total_liklihood": -32754.125489984977
}
