{
  "modality_liklihoods": [
    -13899.53541598503,
    -13210.384344375909,
    -945.88817904882717,
    -4639.4355511522663
  ],
  "num_iteration": 1000,
  "num_modalities": 4,
  "num_topics": 7,
  "total_liklihood": -32695.243490562032
}
