{
  "modality_liklihoods": [
    -14259.521544173438,
    -13246.046904155626,
    -942.4556639861737,
    -4743.3846681727946
  ],
  "num_iteration": 1000,
  "num_modalities": 4,
  "num_topics": 7,
  "total_liklihood": -33191.408780488033
}
