{
  "modality_liklihoods": [
    -14192.621202271255,
    -13256.821582001361,
    -942.65658376826923,
    -4650.5877651157525
  ],
  "num_iteration": 1000,
  "num_modalities": 4,
  "num_topics": 7,
  "total_liklihood": -33042.687133156636
}
