{
  "modality_liklihoods": [
    -14059.216176372773,
    -13281.657546780672,
    -932.53573798856598,
    -4657.0797305149435
  ],
  "num_iteration": 1000,
  "num_modalities": 4,
  "num_topics": 7,
  "total_liklihood": -32930.489191656954
}
