{
  "modality_liklihoods": [
    -13950.736742317475,
    -13266.709499331359,
    -948.09918000851724,
    -4651.8336333814595
  ],
  "num_iteration": 1000,
  "num_modalities": 4,
  "num_topics": 7,
  "total_liklihood": -32817.379055038808
}
