{
  "modality_liklihoods": [
    -13736.958824212583,
    -13253.39070826973,
    -947.34323745289487,
    -4658.134352064425
  ],
  "num_iteration": 1000,
  "num_modalities": 4,
  "num_topics": 7,
  "total_liklihood": -32595.827121999635
}
