{
  "modality_liklihoods": [
    -13891.243599261072,
    -13283.003563292184,
    -944.08047751670131,
    -4617.3180501029674
  ],
  "num_iteration": 1000,
  "num_modalities": 4,
  "num_topics": 7,
  "total_liklihood": -32735.645690172925
}
