{
  "modality_liklihoods": [
    -13434.487458823249,
    -13270.955876782242,
    -932.92217751026158,
    -4590.0495251175935
  ],
  "num_iteration": 1000,
  "num_modalities": 4,
  "num_topics": 7,
  "total_liklihood": -32228.415038233346
}
