{
  "modality_liklihoods": [
    -13714.712371977641,
    -13225.066067036216,
    -940.52090857801886,
    -4589.3063355858576
  ],
  "num_iteration": 1000,
  "num_modalities": 4,
  "num_topics": 7,
  "total_liklihood": -32469.605683177731
}
