{
  "modality_liklihoods": [
    -13870.355158596065,
    -13237.724497501773,
    -941.72277964780585,
    -4638.9788416821593
  ],
  "num_iteration": 1000,
  "num_modalities": 4,
  "num_topics": 7,
  "total_liklihood": -32688.781277427806
}
