{
  "modality_liklihoods": [
    -13784.501207806425,
    -13285.734483283939,
    -934.92693207617606,
    -4605.4677618772039
  ],
  "num_iteration": 1000,
  "num_modalities": 4,
  "num_topics": 7,
  "total_liklihood": -32610.630385043743
}
