{
  "modality_liklihoods": [
    -13486.021386234199,
    -13270.96159957453,
    -942.30662648830616,
    -4650.9950226943311
  ],
  "num_iteration": 1000,
  "num_modalities": 4,
  "num_topics": 7,
  "total_liklihood": -32350.284634991367
}
