{
  "modality_liklihoods": [
    -13359.979200709829,
    -13273.031074532251,
    -937.15418131700324,
    -4615.1314548938635
  ],
  "num_iteration": 1000,
  "num_modalities": 4,
  "num_topics": 7,
  "total_liklihood": -32185.295911452948
}
