{
  "modality_liklihoods": [
    -13977.699842433034,
    -13236.807642953996,
    -947.89282994383655,
    -4648.4332205582314
  ],
  "num_iteration": 1000,
  "num_modalities": 4,
  "num_topics": 7,
  "total_liklihood": -32810.833535889098
}
