{
  "modality_liklihoods": [
    -13683.431952521862,
    -13275.363538691825,
    -937.53036388406588,
    -4656.058625428288
  ],
  "num_iteration": 1000,
  "num_modalities": 4,
  "num_topics": 7,
  "total_liklihood": -32552.384480526038
}
