{
  "modality_liklihoods": [
    -13737.359624177603,
    -13316.47699918117,
    -938.77020741409638,
    -4613.5234837781609
  ],
  "num_iteration": 1000,
  "num_modalities": 4,
  "num_topics": 7,
  "total_liklihood": -32606.130314551032
}
