{
  "modality_liklihoods": [
    -13790.177927275219,
    -13254.861423238106,
    -943.9260347174461,
    -4629.5861264594541
  ],
  "num_iteration": 1000,
  "num_modalities": 4,
  "num_topics": 7,
  "total_liklihood": -32618.551511690224
}
