{
  "modality_liklihoods": [
    -14167.733349340282,
    -13274.032046833316,
    -938.64408652126394,
    -4648.9124009292436
  ],
  "num_iteration": 1000,
  "num_modalities": 4,
  "num_topics": 7,
  "total_liklihood": -33029.321883624107
}
