{
  "modality_liklihoods": [
    -13305.22216816404,
    -13257.958519043463,
    -934.96315209224213,
    -4626.3549661828265
  ],
  "num_iteration": 1000,
  "num_modalities": 4,
  "num_topics": 7,
  "total_liklihood": -32124.49880548257
}
