{
  "modality_liklihoods": [
    -13673.183440198103,
    -13252.125576863595,
    -940.34633289600538,
    -4647.4226006416657
  ],
  "num_iteration": 1000,
  "num_modalities": 4,
  "num_topics": 7,
  "total_liklihood": -32513.077950599371
}
