{
  "modality_liklihoods": [
    -14271.624248579768,
    -13247.373527915186,
    -940.21917048996374,
    -4649.3538499920751
  ],
  "num_iteration": 1000,
  "num_modalities": 4,
  "num_topics": 7,
  "total_liklihood": -33108.570796976994
}
