{
  "modality_liklihoods": [
    -13847.68311606209,
    -13273.650590566671,
    -935.39991930794622,
    -4647.4486112381564
  ],
  "num_iteration": 1000,
  "num_modalities": 4,
  "num_topics": 7,
  "total_liklihood": -32704.182237174864
}
