{
  "modality_liklihoods": [
    -14600.228090907876,
    -13282.618343157592,
    -942.53939344087314,
    -4636.7126063203432
  ],
  "num_iteration": 1000,
  "num_modalities": 4,
  "num_topics": 7,
  "total_liklihood": -33462.098433826686
}
