{
  "modality_liklihoods": [
    -13199.678119457845,
    -13308.772678242474,
    -936.88586131851753,
    -4628.7493583567166
  ],
  "num_iteration": 1000,
  "num_modalities": 4,
  "num_topics": 7,
  "total_liklihood": -32074.086017375554
}
