{
  "modality_liklihoods": [
    -13093.09251276915,
    -13266.052283595074,
    -943.73472006716031,
    -4662.1531064910541
  ],
  "num_iteration": 1000,
  "num_modalities": 4,
  "num_topics": 7,
  "total_liklihood": -31965.032622922437
}
