{
  "modality_liklihoods": [
    -13890.174678698531,
    -13295.042529080651,
    -941.3029107864138,
    -4614.6854733824894
  ],
  "num_iteration": 1000,
  "num_modalities": 4,
  "num_topics": 7,
  "total_liklihood": -32741.205591948084
}
