{
  "modality_liklihoods": [
    -14665.882720945865,
    -13215.331382895298,
    -940.48254168357869,
    -4640.9248301024209
  ],
  "num_iteration": 1000,
  "num_modalities": 4,
  "num_topics": 7,
  "total_liklihood": -33462.621475627166
}
