{
  "modality_liklihoods": [
    -14137.375450311567,
    -13300.869110385967,
    -941.74145058627471,
    -4641.6856732265724
  ],
  "num_iteration": 1000,
  "num_modalities": 4,
  "num_topics": 7,
  "total_liklihood": -33021.67168451038
}
