{
  "modality_liklihoods": [
    -13990.858723569252,
    -13253.552800259476,
    -940.04479926937438,
    -4642.3310424639185
  ],
  "num_iteration": 1000,
  "num_modalities": 4,
  "num_topics": 7,
  "total_liklihood": -32826.787365562021
}
