{
  "modality_liklihoods": [
    -13774.292331214612,
    -13298.822856538578,
    -949.75383158988564,
    -4628.6274201587676
  ],
  "num_iteration": 1000,
  "num_modalities": 4,
  "num_topics": 7,
  "total_liklihood": -32651.49643950184
}
