{
  "modality_liklihoods": [
    -13936.440181759095,
    -13223.643546284711,
    -933.52590427583311,
    -4701.3369267986218
  ],
  "num_iteration": 1000,
  "num_modalities": 4,
  "num_topics": 7,
  "total_liklihood": -32794.94655911826
}
