{
  "modality_liklihoods": [
    -14161.65757621907,
    -13248.859615280042,
    -938.83189297953243,
    -4640.2211650566842
  ],
  "num_iteration": 1000,
  "num_modalities": 4,
  "num_topics": 7,
  "total_liklihood": -32989.570249535325
}
