{
  "modality_liklihoods": [
    -14547.950883456457,
    -13191.244395777274,
    -939.58718944618477,
    -4747.2478822492913
  ],
  "num_iteration": 1000,
  "num_modalities": 4,
  "num_topics": 7,
  "total_liklihood": -33426.030350929206
}
