{
  "modality_liklihoods": [
    -13706.258665696994,
    -13255.637458482837,
    -945.26046059133228,
    -4647.6844141809015
  ],
  "num_iteration": 1000,
  "num_modalities": 4,
  "num_topics": 7,
  "total_liklihood": -32554.840998952066
}
