{
  "modality_liklihoods": [
    -13070.317665559118,
    -13247.877238982735,
    -943.84744744907903,
    -4563.0073412910588
  ],
  "num_iteration": 1000,
  "num_modalities": 4,
  "num_topics": 7,
  "total_liklihood": -31825.049693281988
}
