{
  "modality_liklihoods": [
    -13861.272824160656,
    -13232.870323895797,
    -937.63964832549254,
    -4641.8340830153365
  ],
  "num_iteration": 1000,
  "num_modalities": 4,
  "num_topics": 7,
  "total_liklihood": -32673.616879397283
}
