{
  "modality_liklihoods": [
    -13524.615392732801,
    -13277.591992428195,
    -935.79978891970507,
    -4640.9241872227039
  ],
  "num_iteration": 1000,
  "num_modalities": 4,
  "num_topics": 7,
  "total_liklihood": -32378.931361303406
}
