{
  "modality_liklihoods": [
    -13903.714178604145,
    -13249.107335015427,
    -950.81221339171634,
    -4636.86994777771
  ],
  "num_iteration": 1000,
  "num_modalities": 4,
  "num_topics": 7,
  "total_liklihood": -32740.503674788997
}
