{
  "modality_liklihoods": [
    -13718.471560578959,
    -13300.175208716697,
    -932.85855743105617,
    -4620.976873279652
  ],
  "num_iteration": 1000,
  "num_modalities": 4,
  "num_topics": 7,
  "total_liklihood": -32572.482200006365
}
