{
  "modality_liklihoods": [
    -14019.349990051265,
    -13255.356856910565,
    -946.16302894328101,
    -4660.0404465298661
  ],
  "num_iteration": 1000,
  "num_modalities": 4,
  "num_topics": 7,
  "total_liklihood": -32880.910322434975
}
