{
  "modality_liklihoods": [
    -14711.198928765732,
    -13185.627631571349,
    -946.22445887698348,
    -4674.0603883553686
  ],
  "num_iteration": 1000,
  "num_modalities": 4,
  "num_topics": 7,
  "total_liklihood": -33517.111407569435
}
