{
  "modality_liklihoods": [
    -14798.239621732237,
    -13213.068843965724,
    -941.73173254922403,
    -4684.2471477637
  ],
  "num_iteration": 1000,
  "num_modalities": 4,
  "num_topics": 7,
  "total_liklihood": -33637.287346010889
}
