{
  "modality_liklihoods": [
    -13326.662994879855,
    -13276.617224168333,
    -944.99873240349382,
    -4623.7898313437599
  ],
  "num_iteration": 1000,
  "num_modalities": 4,
  "num_topics": 7,
  "total_liklihood": -32172.068782795446
}
