{
  "modality_liklihoods": [
    -13907.168598357435,
    -13281.572573371561,
    -937.59430089559737,
    -4667.7373361310274
  ],
  "num_iteration": 1000,
  "num_modalities": 4,
  "num_topics": 7,
  "total_liklihood": -32794.07280875562
}
