{
  "modality_liklihoods": [
    -13775.78416155601,
    -13250.624801970211,
    -941.14429406860461,
    -4651.235625298742
  ],
  "num_iteration": 1000,
  "num_modalities": 4,
  "num_topics": 7,
  "total_liklihood": -32618.788882893565
}
