{
  "modality_liklihoods": [
    -14559.414871268724,
    -13288.575095492586,
    -936.74163612709708,
    -4630.6957618688948
  ],
  "num_iteration": 1000,
  "num_modalities": 4,
  "num_topics": 7,
  "total_liklihood": -33415.427364757306
}
