{
  "modality_liklihoods": [
    -12894.370815955706,
    -13267.019789814656,
    -939.13763409387525,
    -4594.5321998391819
  ],
  "num_iteration": 1000,
  "num_modalities": 4,
  "num_topics": 7,
  "total_liklihood": -31695.060439703422
}
