{
  "modality_liklihoods": [
    -13377.281625751977,
    -13238.061236287673,
    -934.25527137393806,
    -4628.5110582988973
  ],
  "num_iteration": 1000,
  "num_modalities": 4,
  "num_topics": 7,
  "total_liklihood": -32178.109191712487
}
