{
  "modality_liklihoods": [
    -14038.143098044691,
    -13252.54209920512,
    -940.81993518730474,
    -4656.6571572594748
  ],
  "num_iteration": 1000,
  "num_modalities": 4,
  "num_topics": 7,
  "total_liklihood": -32888.162289696593
}
