{
  "modality_liklihoods": [
    -14245.742855868573,
    -13282.117168794932,
    -936.38001767148728,
    -4615.5283088233646
  ],
  "num_iteration": 1000,
  "num_modalities": 4,
  "num_topics": 7,
  "total_liklihood": -33079.768351158353
}
