{
  "modality_liklihoods": [
    -13427.35920426389,
    -13237.444859908053,
    -939.73846977691142,
    -4653.5555747175267
  ],
  "num_iteration": 1000,
  "num_modalities": 4,
  "num_topics": 7,
  "total_liklihood": -32258.098108666381
}
