{
  "modality_liklihoods": [
    -12387.904211525833,
    -13268.11419133967,
    -937.69237292441528,
    -4603.2944372583943
  ],
  "num_iteration": 1000,
  "num_modalities": 4,
  "num_topics": 7,
  "total_liklihood": -31197.005213048313
}
