{
  "modality_liklihoods": [
    -13429.396376109466,
    -13265.513086362016,
    -944.50921110779257,
    -4639.0046826962434
  ],
  "num_iteration": 1000,
  "num_modalities": 4,
  "num_topics": 7,
  "total_liklihood": -32278.423356275518
}
