{
  "modality_liklihoods": [
    -13733.350892756007,
    -13274.841492280595,
    -940.62706481875352,
    -4644.3501642097672
  ],
  "num_iteration": 1000,
  "num_modalities": 4,
  "num_topics": 7,
  "total_liklihood": -32593.169614065118
}
