{
  "modality_liklihoods": [
    -13434.382027834907,
    -13266.536218183457,
    -942.71198593731003,
    -4618.978611368796
  ],
  "num_iteration": 1000,
  "num_modalities": 4,
  "num_topics": 7,
  "total_liklihood": -32262.608843324469
}
