{
  "modality_liklihoods": [
    -14217.825305965738,
    -13225.811863666775,
    -942.86421118248131,
    -4742.7131217299047
  ],
  "num_iteration": 1000,
  "num_modalities": 4,
  "num_topics": 7,
  "total_liklihood": -33129.214502544899
}
