{
  "modality_liklihoods": [
    -13723.645138068954,
    -13235.853375222989,
    -935.81697723291916,
    -4628.4308752210281
  ],
  "num_iteration": 1000,
  "num_modalities": 4,
  "num_topics": 7,
  "total_liklihood": -32523.74636574589
}
