{
  "modality_liklihoods": [
    -13850.008959420484,
    -13287.377994868586,
    -940.40886386869931,
    -4632.5710378061958
  ],
  "num_iteration": 1000,
  "num_modalities": 4,
  "num_topics": 7,
  "total_liklihood": -32710.366855963963
}
