{
  "modality_liklihoods": [
    -12677.46770869701,
    -13253.017832921814,
    -936.60993329721111,
    -4624.2199305662216
  ],
  "num_iteration": 1000,
  "num_modalities": 4,
  "num_topics": 7,
  "total_liklihood": -31491.315405482255
}
