{
  "modality_liklihoods": [
    -14141.331113821077,
    -13302.165445555611,
    -944.46680672699313,
    -4674.9529431728633
  ],
  "num_iteration": 1000,
  "num_modalities": 4,
  "num_topics": 7,
  "total_liklihood": -33062.916309276545
}
