{
  "modality_liklihoods": [
    -13364.265457207641,
    -13279.474505415643,
    -929.88041833461421,
    -4580.3268220812806
  ],
  "num_iteration": 1000,
  "num_modalities": 4,
  "num_topics": 7,
  "total_liklihood": -32153.947203039177
}
