{
  "modality_liklihoods": [
    -13426.297288453208,
    -13248.869004469161,
    -938.32552870249879,
    -4607.981879659239
  ],
  "num_iteration": 1000,
  "num_modalities": 4,
  "num_topics": 7,
  "total_liklihood": -32221.473701284107
}
