{
  "modality_liklihoods": [
    -14440.020356899662,
    -13286.20742639032,
    -940.09940931664073,
    -4647.457512157267
  ],
  "num_iteration": 1000,
  "num_modalities": 4,
  "num_topics": 7,
  "total_liklihood": -33313.784704763893
}
