{
  "modality_liklihoods": [
    -13665.049803861995,
    -13233.917194322888,
    -942.48242919293011,
    -4639.497079419365
  ],
  "num_iteration": 1000,
  "num_modalities": 4,
  "num_topics": 7,
  "total_liklihood": -32480.94650679718
}
