{
  "modality_liklihoods": [
    -14047.745037735227,
    -13254.75431303171,
    -938.3752785186424,
    -4694.1148488520466
  ],
  "num_iteration": 1000,
  "num_modalities": 4,
  "num_topics": 7,
  "total_liklihood": -32934.989478137621
}
