{
  "modality_liklihoods": [
    -13483.249228121249,
    -13258.383207567387,
    -942.35285106409185,
    -4584.875017062489
  ],
  "num_iteration": 1000,
  "num_modalities": 4,
  "num_topics": 7,
  "total_liklihood": -32268.860303815218
}
