{
  "modality_liklihoods": [
    -13878.295476559373,
    -13274.304765327181,
    -936.55479682603391,
    -4652.2224066178824
  ],
  "num_iteration": 1000,
  "num_modalities": 4,
  "num_topics": 7,
  "total_liklihood": -32741.377445330469
}
