{
  "modality_liklihoods": [
    -13767.160203283869,
    -13266.859951083348,
    -946.42015772475804,
    -4643.8089345699582
  ],
  "num_iteration": 1000,
  "num_modalities": 4,
  "num_topics": 7,
  "total_liklihood": -32624.249246661933
}
