{
  "modality_liklihoods": [
    -13979.509635330824,
    -13257.490579623973,
    -937.00962367461977,
    -4630.6312420277463
  ],
  "num_iteration": 1000,
  "num_modalities": 4,
  "num_topics": 7,
  "total_liklihood": -32804.641080657166
}
