{
  "modality_liklihoods": [
    -14545.592229404077,
    -13289.517032189055,
    -941.99178738303124,
    -4625.2291187944375
  ],
  "num_iteration": 1000,
  "num_modalities": 4,
  "num_topics": 7,
  "total_liklihood": -33402.330167770604
}
