{
  "modality_liklihoods": [
    -14014.743709274746,
    -13272.269254167764,
    -943.84693351473913,
    -4687.2011153706962
  ],
  "num_iteration": 1000,
  "num_modalities": 4,
  "num_topics": 7,
  "total_liklihood": -32918.061012327948
}
