{
  "modality_liklihoods": [
    -14649.973328129434,
    -13263.338175304683,
    -943.69124622204595,
    -4638.2764436558282
  ],
  "num_iteration": 1000,
  "num_modalities": 4,
  "num_topics": 7,
  "total_liklihood": -33495.279193311988
}
