{
  "modality_liklihoods": [
    -14700.09609731656,
    -13223.048325263995,
    -939.21297607009296,
    -4672.7369382210927
  ],
  "num_iteration": 1000,
  "num_modalities": 4,
  "num_topics": 7,
  "total_liklihood": -33535.094336871742
}
