{
  "modality_liklihoods": [
    -14327.51971251921,
    -13286.614080618358,
    -940.10960209836367,
    -4669.5511272210406
  ],
  "num_iteration": 1000,
  "num_modalities": 4,
  "num_topics": 7,
  "total_liklihood": -33223.79452245697
}
