{
  "modality_liklihoods": [
    -14731.330573540026,
    -13240.912050506247,
    -935.97875018028572,
    -4649.0285093877219
  ],
  "num_iteration": 1000,
  "num_modalities": 4,
  "num_topics": 7,
  "total_liklihood": -33557.249883614284
}
