{
  "modality_liklihoods": [
    -13487.894859078093,
    -13242.817857018415,
    -948.11599650242101,
    -4608.641845833612
  ],
  "num_iteration": 1000,
  "num_modalities": 4,
  "num_topics": 7,
  "total_liklihood": -32287.470558432542
}
