{
  "modality_liklihoods": [
    -13560.543519249331,
    -13235.396893987554,
    -937.33568193901726,
    -4648.8388126812042
  ],
  "num_iteration": 1000,
  "num_modalities": 4,
  "num_topics": 7,
  "total_liklihood": -32382.114907857111
}
