{
  "modality_liklihoods": [
    -13889.318104920536,
    -13294.915069764073,
    -934.29819343861709,
    -4658.6183728129554
  ],
  "num_iteration": 1000,
  "num_modalities": 4,
  "num_topics": 7,
  "total_liklihood": -32777.149740936184
}
