{
  "modality_liklihoods": [
    -14047.337847200739,
    -13263.189153893974,
    -938.5215200137128,
    -4625.405228842691
  ],
  "num_iteration": 1000,
  "num_modalities": 4,
  "num_topics": 7,
  "total_liklihood": -32874.453749951121
}
