{
  "modality_liklihoods": [
    -13766.493478046079,
    -13267.986406204014,
    -937.95071066836101,
    -4654.9471429195091
  ],
  "num_iteration": 1000,
  "num_modalities": 4,
  "num_topics": 7,
  "total_liklihood": -32627.37773783796
}
