{
  "modality_liklihoods": [
    -13960.279208658238,
    -13256.364034547758,
    -940.75309942429487,
    -4681.1725733859294
  ],
  "num_iteration": 1000,
  "num_modalities": 4,
  "num_topics": 7,
  "total_liklihood": -32838.568916016222
}
