{
  "modality_liklihoods": [
    -13737.439244254867,
    -13255.730801107742,
    -940.60907369809877,
    -4648.4858428668949
  ],
  "num_iteration": 1000,
  "num_modalities": 4,
  "num_topics": 7,
  "total_liklihood": -32582.264961927605
}
