{
  "modality_liklihoods": [
    -13589.706110270208,
    -13235.141435418172,
    -940.73861527185954,
    -4662.1519099126708
  ],
  "num_iteration": 1000,
  "num_modalities": 4,
  "num_topics": 7,
  "total_liklihood": -32427.738070872914
}
