{
  "modality_liklihoods": [
    -13785.197390581463,
    -13244.988266623257,
    -939.42345298748148,
    -4635.5486765165842
  ],
  "num_iteration": 1000,
  "num_modalities": 4,
  "num_topics": 7,
  "total_liklihood": -32605.157786708784
}
