{
  "modality_liklihoods": [
    -14447.080852901609,
    -13259.48758504631,
    -949.39880490444057,
    -4636.9290334257739
  ],
  "num_iteration": 1000,
  "num_modalities": 4,
  "num_topics": 7,
  "total_liklihood": -33292.896276278138
}
