{
  "modality_liklihoods": [
    -12958.02053529114,
    -13216.338246575933,
    -940.96921690607473,
    -4650.4627149241041
  ],
  "num_iteration": 1000,
  "num_modalities": 4,
  "num_topics": 7,
  "total_liklihood": -31765.79071369725
}
