{
  "modality_liklihoods": [
    -14160.900354446523,
    -13266.679318673285,
    -936.0021902757436,
    -4629.1771513808735
  ],
  "num_iteration": 1000,
  "num_modalities": 4,
  "num_topics": 7,
  "total_liklihood": -32992.75901477642
}
