{
  "modality_liklihoods": [
    -14800.614609726308,
    -13240.913173478206,
    -941.44930915949556,
    -4667.5008338439229
  ],
  "num_iteration": 1000,
  "num_modalities": 4,
  "num_topics": 7,
  "total_liklihood": -33650.477926207932
}
