{
  "modality_liklihoods": [
    -13851.633047781012,
    -13232.528853981526,
    -940.08473440431897,
    -4659.1053491902039
  ],
  "num_iteration": 1000,
  "num_modalities": 4,
  "num_topics": 7,
  "total_liklihood": -32683.351985357061
}
