{
  "modality_liklihoods": [
    -14255.009421384466,
    -13223.572373098355,
    -942.45584030062093,
    -4627.3819520704901
  ],
  "num_iteration": 1000,
  "num_modalities": 4,
  "num_topics": 7,
  "total_liklihood": -33048.419586853932
}
