{
  "modality_liklihoods": [
    -14002.613417650271,
    -13235.634583877647,
    -942.6960093359196,
    -4614.0835283828974
  ],
  "num_iteration": 1000,
  "num_modalities": 4,
  "num_topics": 7,
  "total_liklihood": -32795.027539246737
}
