{
  "modality_liklihoods": [
    -14108.201829085454,
    -13273.547966109412,
    -934.65147236181281,
    -4628.5785839229684
  ],
  "num_iteration": 1000,
  "num_modalities": 4,
  "num_topics": 7,
  "total_liklihood": -32944.979851479649
}
