{
  "modality_liklihoods": [
    -14326.143578977752,
    -13264.534258651358,
    -936.61258063181049,
    -4693.0647425734714
  ],
  "num_iteration": 1000,
  "num_modalities": 4,
  "num_topics": 7,
  "total_liklihood": -33220.355160834391
}
