{
  "modality_liklihoods": [
    -14388.763715857764,
    -13265.238146791264,
    -935.48331358652581,
    -4587.3080435860284
  ],
  "num_iteration": 1000,
  "num_modalities": 4,
  "num_topics": 7,
  "total_liklihood": -33176.793219821586
}
