{
  "modality_liklihoods": [
    -13986.310453264643,
    -13271.874205595221,
    -936.94258895940891,
    -4669.9245328707257
  ],
  "num_iteration": 1000,
  "num_modalities": 4,
  "num_topics": 7,
  "total_liklihood": -32865.051780690002
}
