{
  "modality_liklihoods": [
    -13880.456985845531,
    -13274.32248442448,
    -945.24376879873751,
    -4685.4037711770461
  ],
  "num_iteration": 1000,
  "num_modalities": 4,
  "num_topics": 7,
  "total_liklihood": -32785.427010245796
}
