{
  "modality_liklihoods": [
    -13941.060491123793,
    -13280.804402269852,
    -938.93065867768155,
    -4630.2021394544845
  ],
  "num_iteration": 1000,
  "num_modalities": 4,
  "num_topics": 7,
  "total_liklihood": -32790.997691525808
}
