{
  "modality_liklihoods": [
    -13493.854404394928,
    -13262.275600264504,
    -939.5263883808426,
    -4620.6452211974665
  ],
  "num_iteration": 1000,
  "num_modalities": 4,
  "num_topics": 7,
  "total_liklihood": -32316.301614237746
}
