{
  "modality_liklihoods": [
    -13858.672722075471,
    -13297.302230795944,
    -941.91635141215284,
    -4628.9103585008161
  ],
  "num_iteration": 1000,
  "num_modalities": 4,
  "num_topics": 7,
  "total_liklihood": -32726.801662784386
}
