{
  "modality_liklihoods": [
    -13807.372428564287,
    -13298.158777912409,
    -941.55201058894272,
    -4637.9453035162196
  ],
  "num_iteration": 1000,
  "num_modalities": 4,
  "num_topics": 7,
  "total_liklihood": -32685.028520581862
}
