{
  "modality_liklihoods": [
    -13491.971112227819,
    -13236.998622363606,
    -940.44790868693383,
    -4611.1821655105259
  ],
  "num_iteration": 1000,
  "num_modalities": 4,
  "num_topics": 7,
  "total_liklihood": -32280.599808788884
}
