{
  "modality_liklihoods": [
    -13526.945433522171,
    -13218.909363861076,
    -940.32583977221748,
    -4670.5800637415959
  ],
  "num_iteration": 1000,
  "num_modalities": 4,
  "num_topics": 7,
  "total_liklihood": -32356.760700897059
}
