{
  "modality_liklihoods": [
    -15054.401297998917,
    -13217.557668841311,
    -939.63915694973593,
    -4675.6000022404605
  ],
  "num_iteration": 1000,
  "num_modalities": 4,
  "num_topics": 7,
  "total_liklihood": -33887.198126030424
}
