{
  "modality_liklihoods": [
    -13883.048731373754,
    -13286.405695651243,
    -940.54999317070019,
    -4655.6329750382738
  ],
  "num_iteration": 1000,
  "num_modalities": 4,
  "num_topics": 7,
  "total_liklihood": -32765.637395233971
}
