{
  "modality_liklihoods": [
    -13948.795844951419,
    -13301.871548064599,
    -937.76373879592052,
    -4636.5483457682503
  ],
  "num_iteration": 1000,
  "num_modalities": 4,
  "num_topics": 7,
  "total_liklihood": -32824.979477580193
}
