{
  "modality_liklihoods": [
    -14111.727642542583,
    -13211.6701586445,
    -940.87660747396581,
    -4724.6734506100838
  ],
  "num_iteration": 1000,
  "num_modalities": 4,
  "num_topics": 7,
  "total_liklihood": -32988.947859271131
}
