{
  "modality_liklihoods": [
    -13398.663411487907,
    -13240.602133499196,
    -938.96817570108487,
    -4640.8373837298532
  ],
  "num_iteration": 1000,
  "num_modalities": 4,
  "num_topics": 7,
  "total_liklihood": -32219.071104418039
}
