{
  "modality_liklihoods": [
    -13678.503587213612,
    -13226.402482625688,
    -934.94801373428857,
    -4682.9285915870032
  ],
  "num_iteration": 1000,
  "num_modalities": 4,
  "num_topics": 7,
  "total_liklihood": -32522.78267516059
}
