{
  "modality_liklihoods": [
    -12854.669761010433,
    -13289.689250813333,
    -936.78180988312113,
    -4634.3880353553241
  ],
  "num_iteration": 1000,
  "num_modalities": 4,
  "num_topics": 7,
  "total_liklihood": -31715.528857062211
}
