{
  "modality_liklihoods": [
    -13151.545972710421,
    -13269.094940190816,
    -937.35053887715742,
    -4677.1392271191316
  ],
  "num_iteration": 1000,
  "num_modalities": 4,
  "num_topics": 7,
  "total_liklihood": -32035.130678897531
}
