{
  "modality_liklihoods": [
    -14040.52417697997,
    -13281.866190157172,
    -934.71273527500853,
    -4623.8398465245191
  ],
  "num_iteration": 1000,
  "num_modalities": 4,
  "num_topics": 7,
  "total_liklihood": -32880.942948936674
}
