{
  "modality_liklihoods": [
    -14517.991801314693,
    -13209.28562417606,
    -937.62503004672647,
    -4665.722376806033
  ],
  "num_iteration": 1000,
  "num_modalities": 4,
  "num_topics": 7,
  "total_liklihood": -33330.624832343514
}
