{
  "modality_liklihoods": [
    -13009.19416356532,
    -13267.910488792553,
    -942.6155125855131,
    -4620.2042808658571
  ],
  "num_iteration": 1000,
  "num_modalities": 4,
  "num_topics": 7,
  "total_liklihood": -31839.924445809243
}
