{
  "modality_liklihoods": [
    -13950.863102797226,
    -13274.486900526197,
    -940.54491828298114,
    -4672.5492228418307
  ],
  "num_iteration": 1000,
  "num_modalities": 4,
  "num_topics": 7,
  "total_liklihood": -32838.444144448236
}
