{
  "modality_liklihoods": [
    -14357.271711369513,
    -13254.428341686513,
    -938.4070618977712,
    -4585.8212344324111
  ],
  "num_iteration": 1000,
  "num_modalities": 4,
  "num_topics": 7,
  "total_liklihood": -33135.928349386209
}
