{
  "modality_liklihoods": [
    -14700.008541301051,
    -13214.44880247814,
    -939.58050353200542,
    -4663.4485077912423
  ],
  "num_iteration": 1000,
  "num_modalities": 4,
  "num_topics": 7,
  "total_liklihood": -33517.486355102439
}
