{
  "modality_liklihoods": [
    -14124.515602028861,
    -13206.873588891003,
    -932.73126564454117,
    -4662.8298504027571
  ],
  "num_iteration": 1000,
  "num_modalities": 4,
  "num_topics": 7,
  "total_liklihood": -32926.950306967163
}
