{
  "modality_liklihoods": [
    -13855.067966447185,
    -13272.369023419875,
    -940.78784162161253,
    -4611.7768899451276
  ],
  "num_iteration": 1000,
  "num_modalities": 4,
  "num_topics": 7,
  "total_liklihood": -32680.0017214338
}
