{
  "modality_liklihoods": [
    -14026.361113942401,
    -13299.958354484255,
    -947.4228540662159,
    -4669.1234066134075
  ],
  "num_iteration": 1000,
  "num_modalities": 4,
  "num_topics": 7,
  "total_liklihood": -32942.865729106277
}
