{
  "modality_liklihoods": [
    -13688.901363659868,
    -13317.643511397597,
    -938.44616138193157,
    -4618.4699836291429
  ],
  "num_iteration": 1000,
  "num_modalities": 4,
  "num_topics": 7,
  "total_liklihood": -32563.461020068542
}
