{
  "modality_liklihoods": [
    -14809.69629550275,
    -13233.488097480775,
    -935.60110331512033,
    -4681.9285576643952
  ],
  "num_iteration": 1000,
  "num_modalities": 4,
  "num_topics": 7,
  "total_liklihood": -33660.714053963035
}
