{
  "modality_liklihoods": [
    -14234.876701043031,
    -13253.022376502635,
    -941.2518936415654,
    -4679.924470779024
  ],
  "num_iteration": 1000,
  "num_modalities": 4,
  "num_topics": 7,
  "total_liklihood": -33109.075441966255
}
