{
  "modality_liklihoods": [
    -13921.998817206882,
    -13237.607495612034,
    -937.43363715905832,
    -4674.4826931906728
  ],
  "num_iteration": 1000,
  "num_modalities": 4,
  "num_topics": 7,
  "total_liklihood": -32771.522643168646
}
