{
  "modality_liklihoods": [
    -14096.568495777523,
    -13211.127235820031,
    -940.32846163109866,
    -4688.693694836481
  ],
  "num_iteration": 1000,
  "num_modalities": 4,
  "num_topics": 7,
  "total_liklihood": -32936.717888065134
}
