{
  "modality_liklihoods": [
    -14190.490002037386,
    -13225.460343312314,
    -948.21255037755998,
    -4725.1553884557661
  ],
  "num_iteration": 1000,
  "num_modalities": 4,
  "num_topics": 7,
  "total_liklihood": -33089.318284183028
}
