{
  "modality_liklihoods": [
    -13706.667928301053,
    -13232.944058068861,
    -939.34999783443413,
    -4704.1785642413051
  ],
  "num_iteration": 1000,
  "num_modalities": 4,
  "num_topics": 7,
  "total_liklihood": -32583.140548445652
}
