{
  "modality_liklihoods": [
    -13641.531199892219,
    -13269.049126490934,
    -938.21691115437238,
    -4642.2057904035173
  ],
  "num_iteration": 1000,
  "num_modalities": 4,
  "num_topics": 7,
  "total_liklihood": -32491.003027941046
}
