{
  "modality_liklihoods": [
    -13925.315371611619,
    -13263.962981620751,
    -943.35892948442665,
    -4662.0430097744866
  ],
  "num_iteration": 1000,
  "num_modalities": 4,
  "num_topics": 7,
  "total_liklihood": -32794.680292491284
}
