{
  "modality_liklihoods": [
    -13803.863897202333,
    -13262.696474857144,
    -947.52346762940203,
    -4657.8546253337827
  ],
  "num_iteration": 1000,
  "num_modalities": 4,
  "num_topics": 7,
  "total_liklihood": -32671.938465022664
}
