{
  "modality_liklihoods": [
    -13894.500962854108,
    -13258.739818757502,
    -938.92919620752627,
    -4619.7050779330175
  ],
  "num_iteration": 1000,
  "num_modalities": 4,
  "num_topics": 7,
  "total_liklihood": -32711.875055752153
}
