{
  "modality_liklihoods": [
    -13742.229099051288,
    -13281.877015824541,
    -950.80144628981225,
    -4638.4084139946654
  ],
  "num_iteration": 1000,
  "num_modalities": 4,
  "num_topics": 7,
  "total_liklihood": -32613.315975160309
}
