{
  "modality_liklihoods": [
    -14283.036038237717,
    -13236.860099325742,
    -935.55723951943992,
    -4701.3999433339441
  ],
  "num_iteration": 1000,
  "num_modalities": 4,
  "num_topics": 7,
  "total_liklihood": -33156.853320416842
}
