{
  "modality_liklihoods": [
    -14373.76815061191,
    -13234.031686300517,
    -938.88907309503963,
    -4638.7899449769839
  ],
  "num_iteration": 1000,
  "num_modalities": 4,
  "num_topics": 7,
  "total_liklihood": -33185.478854984452
}
