{
  "modality_liklihoods": [
    -13985.903136880081,
    -13257.073954542426,
    -938.5320124605646,
    -4673.0920838951342
  ],
  "num_iteration": 1000,
  "num_modalities": 4,
  "num_topics": 7,
  "total_liklihood": -32854.601187778208
}
