{
  "modality_liklihoods": [
    -14051.803445119609,
    -13211.010540247353,
    -940.26333707721619,
    -4643.960831506588
  ],
  "num_iteration": 1000,
  "num_modalities": 4,
  "num_topics": 7,
  "total_liklihood": -32847.038153950765
}
