{
  "modality_liklihoods": [
    -12830.931292350218,
    -13227.449787354213,
    -942.06752789395125,
    -4624.5619607250665
  ],
  "num_iteration": 1000,
  "num_modalities": 4,
  "num_topics": 7,
  "total_liklihood": -31625.010568323451
}
