{
  "modality_liklihoods": [
    -13972.899646087862,
    -13266.954522015807,
    -939.36928988074408,
    -4630.4616012929619
  ],
  "num_iteration": 1000,
  "num_modalities": 4,
  "num_topics": 7,
  "total_liklihood": -32809.685059277377
}
