{
  "modality_liklihoods": [
    -13256.771379986532,
    -13277.996105620665,
    -936.8585215054344,
    -4638.8283930071357
  ],
  "num_iteration": 1000,
  "num_modalities": 4,
  "num_topics": 7,
  "total_liklihood": -32110.454400119765
}
