{
  "modality_liklihoods": [
    -14046.095851927015,
    -13266.906785598132,
    -938.31310439580454,
    -4608.9302398978662
  ],
  "num_iteration": 1000,
  "num_modalities": 4,
  "num_topics": 7,
  "total_liklihood": -32860.245981818822
}
