{
  "modality_liklihoods": [
    -13566.011395061125,
    -13280.167903991363,
    -947.99292988194043,
    -4691.9235391471375
  ],
  "num_iteration": 1000,
  "num_modalities": 4,
  "num_topics": 7,
  "total_liklihood": -32486.095768081566
}
