{
  "modality_liklihoods": [
    -13997.76411354355,
    -13299.223666551808,
    -947.3768906888115,
    -4646.0848930579696
  ],
  "num_iteration": 1000,
  "num_modalities": 4,
  "num_topics": 7,
  "total_liklihood": -32890.449563842136
}
