{
  "modality_liklihoods": [
    -14571.986983820159,
    -13216.028001554196,
    -938.18665417312457,
    -4630.2557459718155
  ],
  "num_iteration": 1000,
  "num_modalities": 4,
  "num_topics": 7,
  "total_liklihood": -33356.457385519301
}
