{
  "modality_liklihoods": [
    -13992.214086110685,
    -13264.541863999353,
    -936.2921903934033,
    -4635.1132956306637
  ],
  "num_iteration": 1000,
  "num_modalities": 4,
  "num_topics": 7,
  "total_liklihood": -32828.161436134105
}
