{
  "modality_liklihoods": [
    -14275.811536087824,
    -13283.497260657061,
    -942.59568195291592,
    -4685.3934936684864
  ],
  "num_iteration": 1000,
  "num_modalities": 4,
  "num_topics": 7,
  "total_liklihood": -33187.297972366287
}
