{
  "modality_liklihoods": [
    -13393.674381418268,
    -13252.156214723333,
    -947.90127313234404,
    -4668.4274187626697
  ],
  "num_iteration": 1000,
  "num_modalities": 4,
  "num_topics": 7,
  "total_liklihood": -32262.159288036615
}
