{
  "modality_liklihoods": [
    -13965.305800406408,
    -13282.472412171022,
    -937.59385532755334,
    -4618.5418467914478
  ],
  "num_iteration": 1000,
  "num_modalities": 4,
  "num_topics": 7,
  "total_liklihood": -32803.91391469643
}
