{
  "modality_liklihoods": [
    -13486.373809842169,
    -13268.002691729085,
    -943.62314433351992,
    -4707.816692920991
  ],
  "num_iteration": 1000,
  "num_modalities": 4,
  "num_topics": 7,
  "total_liklihood": -32405.816338825767
}
