{
  "modality_liklihoods": [
    -14327.304405062261,
    -13289.176278506857,
    -937.33047300925978,
    -4628.6179388803293
  ],
  "num_iteration": 1000,
  "num_modalities": 4,
  "num_topics": 7,
  "total_liklihood": -33182.429095458712
}
