{
  "modality_liklihoods": [
    -12887.821321824717,
    -13249.951188960093,
    -944.10425268488143,
    -4625.725806491746
  ],
  "num_iteration": 1000,
  "num_modalities": 4,
  "num_topics": 7,
  "total_liklihood": -31707.60256996144
}
