{
  "modality_liklihoods": [
    -13926.786576052727,
    -13271.960788910903,
    -941.19132834137099,
    -4630.1530500790132
  ],
  "num_iteration": 1000,
  "num_modalities": 4,
  "num_topics": 7,
  "total_liklihood": -32770.091743384015
}
