{
  "modality_liklihoods": [
    -13341.228883707467,
    -13265.075676388858,
    -938.97067738387102,
    -4627.1367351676045
  ],
  "num_iteration": 1000,
  "num_modalities": 4,
  "num_topics": 7,
  "total_liklihood": -32172.411972647798
}
