{
  "modality_liklihoods": [
    -13922.612105908129,
    -13258.315509440034,
    -940.7498835545091,
    -4648.2229645430607
  ],
  "num_iteration": 1000,
  "num_modalities": 4,
  "num_topics": 7,
  "total_liklihood": -32769.900463445731
}
