{
  "modality_liklihoods": [
    -14513.334591294108,
    -13276.048717831265,
    -937.9295416670833,
    -4656.2917660683634
  ],
  "num_iteration": 1000,
  "num_modalities": 4,
  "num_topics": 7,
  "total_liklihood": -33383.604616860815
}
