{
  "modality_liklihoods": [
    -14254.579095408775,
    -13193.533568965353,
    -940.55237904659703,
    -4685.6890367890228
  ],
  "num_iteration": 1000,
  "num_modalities": 4,
  "num_topics": 7,
  "total_liklihood": -33074.354080209749
}
