{
  "modality_liklihoods": [
    -13732.736966967834,
    -13296.792473600697,
    -934.41049115428677,
    -4669.5078532135876
  ],
  "num_iteration": 1000,
  "num_modalities": 4,
  "num_topics": 7,
  "total_liklihood": -32633.447784936405
}
