{
  "modality_liklihoods": [
    -13685.714070718677,
    -13253.52685567343,
    -946.75136502503926,
    -4626.1309202188968
  ],
  "num_iteration": 1000,
  "num_modalities": 4,
  "num_topics": 7,
  "total_liklihood": -32512.123211636044
}
