{
  "modality_liklihoods": [
    -13983.875988495354,
    -13216.237106852046,
    -937.5265769701673,
    -4620.853351429555
  ],
  "num_iteration": 1000,
  "num_modalities": 4,
  "num_topics": 7,
  "total_liklihood": -32758.49302374712
}
