{
  "modality_liklihoods": [
    -13722.322020411753,
    -13227.729551582624,
    -939.79290462422034,
    -4668.7076795769462
  ],
  "num_iteration": 1000,
  "num_modalities": 4,
  "num_topics": 7,
  "total_liklihood": -32558.552156195547
}
