{
  "modality_liklihoods": [
    -14453.317360019581,
    -13231.337699143225,
    -934.39863079759778,
    -4648.5166081889074
  ],
  "num_iteration": 1000,
  "num_modalities": 4,
  "num_topics": 7,
  "total_liklihood": -33267.570298149309
}
