{
  "modality_liklihoods": [
    -13878.79091400863,
    -13250.864797969034,
    -934.95057267404729,
    -4665.5405411096162
  ],
  "num_iteration": 1000,
  "num_modalities": 4,
  "num_topics": 7,
  "total_liklihood": -32730.146825761323
}
