{
  "modality_liklihoods": [
    -13203.364682082281,
    -13252.108408835107,
    -939.41596530062532,
    -4606.434735650364
  ],
  "num_iteration": 1000,
  "num_modalities": 4,
  "num_topics": 7,
  "total_liklihood": -32001.323791868377
}
