{
  "modality_liklihoods": [
    -13768.131820372415,
    -13279.870219742956,
    -943.94105728138879,
    -4591.27456640522
  ],
  "num_iteration": 1000,
  "num_modalities": 4,
  "num_topics": 7,
  "total_liklihood": -32583.217663801981
}
