{
  "modality_liklihoods": [
    -13885.864439025183,
    -13280.028862179344,
    -945.81159522319319,
    -4642.2889346191196
  ],
  "num_iteration": 1000,
  "num_modalities": 4,
  "num_topics": 7,
  "total_liklihood": -32753.993831046839
}
