{
  "modality_liklihoods": [
    -13979.04520156191,
    -13267.450887001331,
    -938.64245471478307,
    -4677.428643427369
  ],
  "num_iteration": 1000,
  "num_modalities": 4,
  "num_topics": 7,
  "total_liklihood": -32862.56718670539
}
