{
  "modality_liklihoods": [
    -13474.095021283223,
    -13239.496260843271,
    -942.2585574692489,
    -4632.5323660575523
  ],
  "num_iteration": 1000,
  "num_modalities": 4,
  "num_topics": 7,
  "total_liklihood": -32288.382205653295
}
