{
  "modality_liklihoods": [
    -14302.47004360758,
    -13296.748973965683,
    -935.9379406584344,
    -4665.5258259471802
  ],
  "num_iteration": 1000,
  "num_modalities": 4,
  "num_topics": 7,
  "total_liklihood": -33200.682784178876
}
