{
  "modality_liklihoods": [
    -13882.499563250893,
    -13243.897864613631,
    -941.14599808489936,
    -4603.7691738700705
  ],
  "num_iteration": 1000,
  "num_modalities": 4,
  "num_topics": 7,
  "total_liklihood": -32671.312599819496
}
