{
  "modality_liklihoods": [
    -13850.935585124984,
    -13287.160561809384,
    -936.19869386998448,
    -4631.2312343427702
  ],
  "num_iteration": 1000,
  "num_modalities": 4,
  "num_topics": 7,
  "total_liklihood": -32705.526075147121
}
