{
  "modality_liklihoods": [
    -14070.736814508344,
    -13260.402396880916,
    -947.93817338314011,
    -4653.8246517977723
  ],
  "num_iteration": 1000,
  "num_modalities": 4,
  "num_topics": 7,
  "total_liklihood": -32932.902036570173
}
