{
  "modality_liklihoods": [
    -14084.581586285745,
    -13218.389723999861,
    -937.71441552591386,
    -4663.2587028241605
  ],
  "num_iteration": 1000,
  "num_modalities": 4,
  "num_topics": 7,
  "total_liklihood": -32903.944428635681
}
