{
  "modality_liklihoods": [
    -14414.827351223707,
    -13210.584790475043,
    -942.41359439764926,
    -4635.9373701730174
  ],
  "num_iteration": 1000,
  "num_modalities": 4,
  "num_topics": 7,
  "total_liklihood": -33203.763106269413
}
