{
  "modality_liklihoods": [
    -14555.035910867064,
    -13297.083055730345,
    -939.76326969797447,
    -4685.2840359924667
  ],
  "num_iteration": 1000,
  "num_modalities": 4,
  "num_topics": 7,
  "total_liklihood": -33477.166272287854
}
