{
  "modality_liklihoods": [
    -14391.837404457288,
    -13257.017084592064,
    -931.15299732659878,
    -4675.4172458995263
  ],
  "num_iteration": 1000,
  "num_modalities": 4,
  "num_topics": 7,
  "total_liklihood": -33255.424732275475
}
