{
  "modality_liklihoods": [
    -13990.862433127941,
    -13274.835917122693,
    -936.84816167591998,
    -4670.4986826138111
  ],
  "num_iteration": 1000,
  "num_modalities": 4,
  "num_topics": 7,
  "total_liklihood": -32873.045194540362
}
