{
  "modality_liklihoods": [
    -14658.564634521113,
    -13288.040547375018,
    -937.2253996668652,
    -4665.0023345257305
  ],
  "num_iteration": 1000,
  "num_modalities": 4,
  "num_topics": 7,
  "total_liklihood": -33548.83291608873
}
