{
  "modality_liklihoods": [
    -13880.147607375424,
    -13266.35807399547,
    -938.4884193520827,
    -4618.4354795874024
  ],
  "num_iteration": 1000,
  "num_modalities": 4,
  "num_topics": 7,
  "total_liklihood": -32703.429580310378
}
