{
  "modality_liklihoods": [
    -14058.697590183387,
    -13291.049419579349,
    -933.67772045377319,
    -4617.1940938413827
  ],
  "num_iteration": 1000,
  "num_modalities": 4,
  "num_topics": 7,
  "total_liklihood": -32900.618824057892
}
