{
  "modality_liklihoods": [
    -14092.218561865575,
    -13295.133838031248,
    -937.46717086533897,
    -4588.3388509583874
  ],
  "num_iteration": 1000,
  "num_modalities": 4,
  "num_topics": 7,
  "total_liklihood": -32913.158421720553
}
