{
  "modality_liklihoods": [
    -14363.252021388855,
    -13281.373775533752,
    -940.41558063101047,
    -4656.7238584586175
  ],
  "num_iteration": 1000,
  "num_modalities": 4,
  "num_topics": 7,
  "total_liklihood": -33241.765236012237
}
