{
  "modality_liklihoods": [
    -13752.293134598447,
    -13256.858126589381,
    -945.60006711807284,
    -4652.9886258108018
  ],
  "num_iteration": 1000,
  "num_modalities": 4,
  "num_topics": 7,
  "total_liklihood": -32607.739954116703
}
