{
  "modality_liklihoods": [
    -14551.053848988357,
    -13184.315816724862,
    -946.52469523034267,
    -4740.2223004911657
  ],
  "num_iteration": 1000,
  "num_modalities": 4,
  "num_topics": 7,
  "total_liklihood": -33422.116661434724
}
