{
  "modality_liklihoods": [
    -14017.328795387306,
    -13293.367084723975,
    -938.41027150663626,
    -4573.8567928482944
  ],
  "num_iteration": 1000,
  "num_modalities": 4,
  "num_topics": 7,
  "total_liklihood": -32822.962944466213
}
