{
  "modality_liklihoods": [
    -14440.460856569513,
    -13279.41456384742,
    -939.33722938920539,
    -4653.9296093491057
  ],
  "num_iteration": 1000,
  "num_modalities": 4,
  "num_topics": 7,
  "total_liklihood": -33313.14225915524
}
