{
  "modality_liklihoods": [
    -13455.769821540916,
    -13240.586734891838,
    -944.7223608721896,
    -4641.7294066707045
  ],
  "num_iteration": 1000,
  "num_modalities": 4,
  "num_topics": 7,
  "total_liklihood": -32282.808323975649
}
