{
  "modality_liklihoods": [
    -14839.169892711654,
    -13236.274808260074,
    -942.49151577335181,
    -4668.9441119923176
  ],
  "num_iteration": 1000,
  "num_modalities": 4,
  "num_topics": 7,
  "total_liklihood": -33686.880328737396
}
