{
  "modality_liklihoods": [
    -14140.705367504153,
    -13238.451869275943,
    -934.64868067563987,
    -4664.0692586648202
  ],
  "num_iteration": 1000,
  "num_modalities": 4,
  "num_topics": 7,
  "total_liklihood": -32977.875176120557
}
