{
  "modality_liklihoods": [
    -14044.868040339823,
    -13181.949330438689,
    -936.7978938910328,
    -4641.6564546037052
  ],
  "num_iteration": 1000,
  "num_modalities": 4,
  "num_topics": 7,
  "total_liklihood": -32805.271719273245
}
