{
  "modality_liklihoods": [
    -14243.095505237427,
    -13231.293924804721,
    -945.75222887647601,
    -4636.6611304112948
  ],
  "num_iteration": 1000,
  "num_modalities": 4,
  "num_topics": 7,
  "total_liklihood": -33056.802789329915
}
