{
  "modality_liklihoods": [
    -14044.132524407358,
    -13238.741037471949,
    -936.65552985271722,
    -4696.8350256148669
  ],
  "num_iteration": 1000,
  "num_modalities": 4,
  "num_topics": 7,
  "total_liklihood": -32916.364117346893
}
