{
  "modality_liklihoods": [
    -13909.678087840859,
    -13262.64808406689,
    -936.48111588327902,
    -4662.3044751643056
  ],
  "num_iteration": 1000,
  "num_modalities": 4,
  "num_topics": 7,
  "total_liklihood": -32771.111762955334
}
