{
  "modality_liklihoods": [
    -14016.813140180519,
    -13292.587828326003,
    -941.43252442179778,
    -4641.178321425411
  ],
  "num_iteration": 1000,
  "num_modalities": 4,
  "num_topics": 7,
  "total_liklihood": -32892.011814353733
}
