{
  "modality_liklihoods": [
    -14284.878856049863,
    -13261.220955807343,
    -948.0869946442009,
    -4648.52730964684
  ],
  "num_iteration": 1000,
  "num_modalities": 4,
  "num_topics": 7,
  "total_liklihood": -33142.714116148243
}
