{
  "modality_liklihoods": [
    -13839.473120965476,
    -13269.232088851817,
    -942.7933949895513,
    -4652.8892904663626
  ],
  "num_iteration": 1000,
  "num_modalities": 4,
  "num_topics": 7,
  "total_liklihood": -32704.387895273208
}
