{
  "modality_liklihoods": [
    -13893.874051267505,
    -13249.803853509013,
    -941.88692786065519,
    -4678.2882304331242
  ],
  "num_iteration": 1000,
  "num_modalities": 4,
  "num_topics": 7,
  "total_liklihood": -32763.853063070295
}
