{
  "modality_liklihoods": [
    -14558.23532465407,
    -13231.089888688586,
    -939.80881645754528,
    -4743.3220321220306
  ],
  "num_iteration": 1000,
  "num_modalities": 4,
  "num_topics": 7,
  "total_liklihood": -33472.456061922232
}
