{
  "modality_liklihoods": [
    -14452.993662601553,
    -13283.975368164798,
    -937.53040880342212,
    -4606.2272762827779
  ],
  "num_iteration": 1000,
  "num_modalities": 4,
  "num_topics": 7,
  "total_liklihood": -33280.72671585255
}
