{
  "modality_liklihoods": [
    -13243.691152611595,
    -13323.230021920808,
    -941.22008219832583,
    -4662.1256672525333
  ],
  "num_iteration": 1000,
  "num_modalities": 4,
  "num_topics": 7,
  "total_liklihood": -32170.266923983261
}
