{
  "modality_liklihoods": [
    -13631.096627945612,
    -13277.195595346868,
    -937.31554032728229,
    -4594.8818109263748
  ],
  "num_iteration": 1000,
  "num_modalities": 4,
  "num_topics": 7,
  "total_liklihood": -32440.489574546136
}
