{
  "modality_liklihoods": [
    -13908.710838423434,
    -13249.719370903365,
    -939.85362535953493,
    -4643.0939954258029
  ],
  "num_iteration": 1000,
  "num_modalities": 4,
  "num_topics": 7,
  "total_liklihood": -32741.377830112135
}
