{
  "modality_liklihoods": [
    -14252.002682208014,
    -13303.926761939663,
    -937.49087155833547,
    -4668.9055830264851
  ],
  "num_iteration": 1000,
  "num_modalities": 4,
  "num_topics": 7,
  "total_liklihood": -33162.325898732503
}
