{
  "modality_liklihoods": [
    -13936.677224657429,
    -13271.198984374418,
    -935.81712523671035,
    -4661.5264253658233
  ],
  "num_iteration": 1000,
  "num_modalities": 4,
  "num_topics": 7,
  "total_liklihood": -32805.219759634383
}
