{
  "modality_liklihoods": [
    -14532.102514341939,
    -13244.931050409768,
    -946.73484680432568,
    -4658.9327576429687
  ],
  "num_iteration": 1000,
  "num_modalities": 4,
  "num_topics": 7,
  "total_liklihood": -33382.701169199005
}
