{
  "modality_liklihoods": [
    -13438.332834850482,
    -13232.666466133771,
    -946.33947511816336,
    -4638.170373582564
  ],
  "num_iteration": 1000,
  "num_modalities": 4,
  "num_topics": 7,
  "total_liklihood": -32255.509149684978
}
