{
  "modality_liklihoods": [
    -13762.963017378604,
    -13281.39428849964,
    -947.78666055114468,
    -4604.5911086704682
  ],
  "num_iteration": 1000,
  "num_modalities": 4,
  "num_topics": 7,
  "total_liklihood": -32596.735075099856
}
