{
  "modality_liklihoods": [
    -13822.209403277304,
    -13220.872609877624,
    -936.36814724989472,
    -4647.9889817215262
  ],
  "num_iteration": 1000,
  "num_modalities": 4,
  "num_topics": 7,
  "total_liklihood": -32627.439142126346
}
