{
  "modality_liklihoods": [
    -13245.049834896428,
    -13250.541159681126,
    -949.01621406214224,
    -4590.862100603691
  ],
  "num_iteration": 1000,
  "num_modalities": 4,
  "num_topics": 7,
  "total_liklihood": -32035.469309243392
}
