{
  "modality_liklihoods": [
    -14558.35713689877,
    -13278.69988101618,
    -938.71711648816472,
    -4671.2132055456732
  ],
  "num_iteration": 1000,
  "num_modalities": 4,
  "num_topics": 7,
  "total_liklihood": -33446.987339948791
}
