{
  "modality_liklihoods": [
    -14168.372803091812,
    -13279.72240912845,
    -937.4224044779628,
    -4642.7188789117554
  ],
  "num_iteration": 1000,
  "num_modalities": 4,
  "num_topics": 7,
  "total_liklihood": -33028.236495609977
}
