{
  "modality_liklihoods": [
    -14048.21949310651,
    -13251.878322503733,
    -937.29767995129953,
    -4634.5862491335893
  ],
  "num_iteration": 1000,
  "num_modalities": 4,
  "num_topics": 7,
  "total_liklihood": -32871.981744695127
}
