{
  "modality_liklihoods": [
    -13925.021686024289,
    -13249.95167599979,
    -934.77818294230372,
    -4679.696011620329
  ],
  "num_iteration": 1000,
  "num_modalities": 4,
  "num_topics": 7,
  "total_liklihood": -32789.447556586711
}
