{
  "modality_liklihoods": [
    -13379.660700354796,
    -13249.941581914058,
    -946.31781650984544,
    -4621.8288870209499
  ],
  "num_iteration": 1000,
  "num_modalities": 4,
  "num_topics": 7,
  "total_liklihood": -32197.748985799652
}
