{
  "modality_liklihoods": [
    -13464.670012112838,
    -13264.489512601929,
    -937.33962758362679,
    -4627.475292676022
  ],
  "num_iteration": 1000,
  "num_modalities": 4,
  "num_topics": 7,
  "total_liklihood": -32293.974444974418
}
