{
  "modality_liklihoods": [
    -14068.768930651238,
    -13283.728099948958,
    -934.04045387213478,
    -4614.6894220384065
  ],
  "num_iteration": 1000,
  "num_modalities": 4,
  "num_topics": 7,
  "total_liklihood": -32901.226906510739
}
