{
  "modality_liklihoods": [
    -13201.578373404749,
    -13263.558316022943,
    -934.76144230663726,
    -4625.742574465191
  ],
  "num_iteration": 1000,
  "num_modalities": 4,
  "num_topics": 7,
  "total_liklihood": -32025.640706199523
}
