{
  "modality_liklihoods": [
    -13843.361261597067,
    -13280.903874154426,
    -939.89029640604576,
    -4655.5532231511634
  ],
  "num_iteration": 1000,
  "num_modalities": 4,
  "num_topics": 7,
  "total_liklihood": -32719.708655308703
}
