{
  "modality_liklihoods": [
    -13546.671531756416,
    -13303.416190228871,
    -938.88810000994533,
    -4621.3045627340343
  ],
  "num_iteration": 1000,
  "num_modalities": 4,
  "num_topics": 7,
  "total_liklihood": -32410.280384729267
}
