{
  "modality_liklihoods": [
    -14114.286903055709,
    -13273.189739694753,
    -934.17432688557631,
    -4637.6290388038306
  ],
  "num_iteration": 1000,
  "num_modalities": 4,
  "num_topics": 7,
  "total_liklihood": -32959.28000843987
}
