{
  "modality_liklihoods": [
    -13680.813202536938,
    -13259.49321673383,
    -945.54535135400602,
    -4645.4503390462069
  ],
  "num_iteration": 1000,
  "num_modalities": 4,
  "num_topics": 7,
  "total_liklihood": -32531.302109670978
}
