{
  "modality_liklihoods": [
    -14439.963494834312,
    -13301.288693785156,
    -943.46007497096821,
    -4672.3200076607127
  ],
  "num_iteration": 1000,
  "num_modalities": 4,
  "num_topics": 7,
  "total_liklihood": -33357.032271251148
}
