{
  "modality_liklihoods": [
    -14312.616858367683,
    -13254.824217674701,
    -940.29923368209256,
    -4610.1014278063622
  ],
  "num_iteration": 1000,
  "num_modalities": 4,
  "num_topics": 7,
  "total_liklihood": -33117.841737530842
}
