{
  "modality_liklihoods": [
    -13975.916112481629,
    -13231.785634751783,
    -943.04160315376794,
    -4674.7614264514223
  ],
  "num_iteration": 1000,
  "num_modalities": 4,
  "num_topics": 7,
  "total_liklihood": -32825.504776838599
}
