{
  "modality_liklihoods": [
    -14583.767279097487,
    -13261.673793476672,
    -941.7450126620804,
    -4669.2333788940578
  ],
  "num_iteration": 1000,
  "num_modalities": 4,
  "num_topics": 7,
  "total_liklihood": -33456.419464130297
}
