{
  "modality_liklihoods": [
    -14219.615058627118,
    -13252.141844631758,
    -938.07293519150437,
    -4634.1654977460066
  ],
  "num_iteration": 1000,
  "num_modalities": 4,
  "num_topics": 7,
  "total_liklihood": -33043.995336196385
}
