{
  "modality_liklihoods": [
    -14195.088608183367,
    -13255.272198775503,
    -939.18987053496312,
    -4638.7214715877453
  ],
  "num_iteration": 1000,
  "num_modalities": 4,
  "num_topics": 7,
  "total_liklihood": -33028.272149081575
}
