{
  "modality_liklihoods": [
    -14140.880748576803,
    -13296.953201798655,
    -933.23747608062934,
    -4594.6441433693672
  ],
  "num_iteration": 1000,
  "num_modalities": 4,
  "num_topics": 7,
  "total_liklihood": -32965.715569825457
}
