{
  "modality_liklihoods": [
    -13622.657443252039,
    -13259.089437647184,
    -947.8961206248905,
    -4638.2067392467015
  ],
  "num_iteration": 1000,
  "num_modalities": 4,
  "num_topics": 7,
  "total_liklihood": -32467.849740770813
}
