{
  "modality_liklihoods": [
    -13185.00304919076,
    -13257.937087768421,
    -936.54436629307042,
    -4652.1846067838924
  ],
  "num_iteration": 1000,
  "num_modalities": 4,
  "num_topics": 7,
  "total_liklihood": -32031.669110036142
}
