{
  "modality_liklihoods": [
    -13858.55957190431,
    -13313.286641757502,
    -935.934434429514,
    -4626.4858066868574
  ],
  "num_iteration": 1000,
  "num_modalities": 4,
  "num_topics": 7,
  "total_liklihood": -32734.266454778182
}
