{
  "modality_liklihoods": [
    -14826.665245828013,
    -13210.83395451057,
    -940.04151647332333,
    -4673.8245956192031
  ],
  "num_iteration": 1000,
  "num_modalities": 4,
  "num_topics": 7,
  "total_liklihood": -33651.365312431109
}
