{
  "modality_liklihoods": [
    -13981.556948692378,
    -13238.416319599952,
    -941.63391327107092,
    -4632.305332382788
  ],
  "num_iteration": 1000,
  "num_modalities": 4,
  "num_topics": 7,
  "total_liklihood": -32793.912513946183
}
