{
  "modality_liklihoods": [
    -13898.848069111998,
    -13259.981619141616,
    -939.01989756537603,
    -4635.523725856996
  ],
  "num_iteration": 1000,
  "num_modalities": 4,
  "num_topics": 7,
  "total_liklihood": -32733.37331167599
}
