{
  "modality_liklihoods": [
    -13693.703526404855,
    -13253.500229424049,
    -940.45106541108453,
    -4616.328757260263
  ],
  "num_iteration": 1000,
  "num_modalities": 4,
  "num_topics": 7,
  "total_liklihood": -32503.983578500254
}
