{
  "modality_liklihoods": [
    -13531.536951844259,
    -13258.207659153257,
    -948.30011243149124,
    -4583.3590863981835
  ],
  "num_iteration": 1000,
  "num_modalities": 4,
  "num_topics": 7,
  "total_liklihood": -32321.403809827189
}
