{
  "modality_liklihoods": [
    -12232.887630753035,
    -13233.280395964062,
    -943.11817633616079,
    -4642.6767586799251
  ],
  "num_iteration": 1000,
  "num_modalities": 4,
  "num_topics": 7,
  "total_liklihood": -31051.962961733181
}
