{
  "modality_liklihoods": [
    -12659.962529177059,
    -13256.481749051238,
    -937.93420993322923,
    -4648.6868893046822
  ],
  "num_iteration": 1000,
  "num_modalities": 4,
  "num_topics": 7,
  "total_liklihood": -31503.065377466206
}
