{
  "modality_liklihoods": [
    -14034.171248135122,
    -13282.433522486652,
    -939.76397501589952,
    -4650.7435203348268
  ],
  "num_iteration": 1000,
  "num_modalities": 4,
  "num_topics": 7,
  "total_liklihood": -32907.112265972501
}
