{
  "modality_liklihoods": [
    -14020.333190393225,
    -13283.587277117354,
    -943.40415883445303,
    -4647.9594352949962
  ],
  "num_iteration": 1000,
  "num_modalities": 4,
  "num_topics": 7,
  "total_liklihood": -32895.284061640028
}
