{
  "modality_liklihoods": [
    -13582.043894848586,
    -13296.935716384336,
    -937.98428131814069,
    -4625.9125639675212
  ],
  "num_iteration": 1000,
  "num_modalities": 4,
  "num_topics": 7,
  "total_liklihood": -32442.876456518585
}
