{
  "modality_liklihoods": [
    -14567.174422823564,
    -13279.353273515453,
    -942.2722848906958,
    -4625.8817966127808
  ],
  "num_iteration": 1000,
  "num_modalities": 4,
  "num_topics": 7,
  "total_liklihood": -33414.681777842496
}
