{
  "modality_liklihoods": [
    -13216.387030430853,
    -13276.264886818892,
    -942.7867210354184,
    -4680.3306594442256
  ],
  "num_iteration": 1000,
  "num_modalities": 4,
  "num_topics": 7,
  "total_liklihood": -32115.769297729388
}
