{
  "modality_liklihoods": [
    -12606.985864096136,
    -13276.919066702038,
    -939.60718454274331,
    -4644.4249335183886
  ],
  "num_iteration": 1000,
  "num_modalities": 4,
  "num_topics": 7,
  "total_liklihood": -31467.937048859305
}
