{
  "modality_liklihoods": [
    -13668.806240088084,
    -13264.361093517537,
    -939.7312401865529,
    -4703.5029510871682
  ],
  "num_iteration": 1000,
  "num_modalities": 4,
  "num_topics": 7,
  "total_liklihood": -32576.40152487934
}
