{
  "modality_liklihoods": [
    -13791.939135232817,
    -13272.539566493311,
    -940.52096334099554,
    -4601.7434126885055
  ],
  "num_iteration": 1000,
  "num_modalities": 4,
  "num_topics": 7,
  "total_liklihood": -32606.743077755626
}
