{
  "modality_liklihoods": [
    -13590.061108273749,
    -13235.430243953753,
    -944.32844097867542,
    -4638.8191871905519
  ],
  "num_iteration": 1000,
  "num_modalities": 4,
  "num_topics": 7,
  "total_liklihood": -32408.638980396729
}
