{
  "modality_liklihoods": [
    -13261.030892258064,
    -13256.776064564334,
    -946.33292038541879,
    -4677.5727709513094
  ],
  "num_iteration": 1000,
  "num_modalities": 4,
  "num_topics": 7,
  "total_liklihood": -32141.712648159126
}
