{
  "modality_liklihoods": [
    -13425.458103210374,
    -13211.964871354769,
    -938.27913723498443,
    -4624.5130480897296
  ],
  "num_iteration": 1000,
  "num_modalities": 4,
  "num_topics": 7,
  "total_liklihood": -32200.215159889856
}
