{
  "modality_liklihoods": [
    -14107.364935863285,
    -13262.819538007607,
    -937.14278934485549,
    -4639.1745297150737
  ],
  "num_iteration": 1000,
  "num_modalities": 4,
  "num_topics": 7,
  "total_liklihood": -32946.501792930823
}
