{
  "modality_liklihoods": [
    -13811.614316424404,
    -13212.270013771671,
    -940.06941388376936,
    -4676.3816504799006
  ],
  "num_iteration": 1000,
  "num_modalities": 4,
  "num_topics": 7,
  "total_liklihood": -32640.335394559741
}
