{
  "modality_liklihoods": [
    -13948.279179341633,
    -13288.841263637651,
    -939.31881071144971,
    -4648.1470846336424
  ],
  "num_iteration": 1000,
  "num_modalities": 4,
  "num_topics": 7,
  "total_liklihood": -32824.586338324378
}
