{
  "modality_liklihoods": [
    -14259.077694907579,
    -13281.419602604097,
    -944.01375000074631,
    -4630.4981277919778
  ],
  "num_iteration": 1000,
  "num_modalities": 4,
  "num_topics": 7,
  "total_liklihood": -33115.009175304403
}
