{
  "modality_liklihoods": [
    -13991.433018539859,
    -13207.967606168713,
    -940.04333163750971,
    -4673.3991526583286
  ],
  "num_iteration": 1000,
  "num_modalities": 4,
  "num_topics": 7,
  "total_liklihood": -32812.843109004411
}
