{
  "modality_liklihoods": [
    -13756.676264852256,
    -13259.885951622042,
    -945.21086107237181,
    -4660.8448066103974
  ],
  "num_iteration": 1000,
  "num_modalities": 4,
  "num_topics": 7,
  "total_liklihood": -32622.617884157065
}
