{
  "modality_liklihoods": [
    -14467.82859431464,
    -13186.339470361054,
    -946.53570859679644,
    -4704.3746257041203
  ],
  "num_iteration": 1000,
  "num_modalities": 4,
  "num_topics": 7,
  "total_liklihood": -33305.078398976606
}
