{
  "modality_liklihoods": [
    -12849.254861614605,
    -13257.732064703374,
    -939.72545954786881,
    -4601.5670799526861
  ],
  "num_iteration": 1000,
  "num_modalities": 4,
  "num_topics": 7,
  "total_liklihood": -31648.279465818534
}
