{
  "modality_liklihoods": [
    -13805.449136533858,
    -13227.388683539059,
    -944.17834216765141,
    -4666.4538062417414
  ],
  "num_iteration": 1000,
  "num_modalities": 4,
  "num_topics": 7,
  "total_liklihood": -32643.46996848231
}
