{
  "modality_liklihoods": [
    -13679.417925589762,
    -13308.016869803434,
    -935.32988171880686,
    -4635.5581275400646
  ],
  "num_iteration": 1000,
  "num_modalities": 4,
  "num_topics": 7,
  "total_liklihood": -32558.322804652067
}
