{
  "modality_liklihoods": [
    -14090.502228888323,
    -13251.212797130709,
    -941.87640529542512,
    -4612.0634042198626
  ],
  "num_iteration": 1000,
  "num_modalities": 4,
  "num_topics": 7,
  "total_liklihood": -32895.654835534318
}
