{
  "modality_liklihoods": [
    -14385.561994522179,
    -13248.050529619013,
    -944.77637158882578,
    -4623.9451132219992
  ],
  "num_iteration": 1000,
  "num_modalities": 4,
  "num_topics": 7,
  "total_liklihood": -33202.334008952021
}
