{
  "modality_liklihoods": [
    -13657.868802313758,
    -13260.442851553791,
    -936.70114367895292,
    -4642.5503116899463
  ],
  "num_iteration": 1000,
  "num_modalities": 4,
  "num_topics": 7,
  "total_liklihood": -32497.563109236449
}
