{
  "modality_liklihoods": [
    -13124.484993560887,
    -13238.138508976412,
    -937.45621724637238,
    -4635.705561790739
  ],
  "num_iteration": 1000,
  "num_modalities": 4,
  "num_topics": 7,
  "total_liklihood": -31935.785281574412
}
