{
  "modality_liklihoods": [
    -13456.844218696529,
    -13271.066215535748,
    -938.67768117928415,
    -4659.6587562527138
  ],
  "num_iteration": 1000,
  "num_modalities": 4,
  "num_topics": 7,
  "total_liklihood": -32326.246871664272
}
