{
  "modality_liklihoods": [
    -14075.519676792739,
    -13285.888576511923,
    -941.62586923048468,
    -4616.5531198860444
  ],
  "num_iteration": 1000,
  "num_modalities": 4,
  "num_topics": 7,
  "total_liklihood": -32919.587242421185
}
