{
  "modality_liklihoods": [
    -13505.527957320812,
    -13251.362184564805,
    -944.1497513142391,
    -4617.1680562961228
  ],
  "num_iteration": 1000,
  "num_modalities": 4,
  "num_topics": 7,
  "total_liklihood": -32318.20794949598
}
