{
  "modality_liklihoods": [
    -14342.737439252884,
    -13252.508408058464,
    -939.51480392538406,
    -4609.3562560743694
  ],
  "num_iteration": 1000,
  "num_modalities": 4,
  "num_topics": 7,
  "total_liklihood": -33144.116907311101
}
