{
  "modality_liklihoods": [
    -13971.220448219921,
    -13287.479391293107,
    -938.48189111550164,
    -4688.0026528309018
  ],
  "num_iteration": 1000,
  "num_modalities": 4,
  "num_topics": 7,
  "total_liklihood": -32885.184383459433
}
