{
  "modality_liklihoods": [
    -13326.290038277661,
    -13268.622893688984,
    -938.61898674961878,
    -4677.2850958741401
  ],
  "num_iteration": 1000,
  "num_modalities": 4,
  "num_topics": 7,
  "total_liklihood": -32210.817014590404
}
