{
  "modality_liklihoods": [
    -13442.060069723098,
    -13270.743280926172,
    -938.59929983257859,
    -4617.2067116971048
  ],
  "num_iteration": 1000,
  "num_modalities": 4,
  "num_topics": 7,
  "total_liklihood": -32268.609362178955
}
