{
  "modality_liklihoods": [
    -14472.424717267741,
    -13225.158032775686,
    -937.13711252875567,
    -4676.6825012653253
  ],
  "num_iteration": 1000,
  "num_modalities": 4,
  "num_topics": 7,
  "total_liklihood": -33311.402363837507
}
