{
  "modality_liklihoods": [
    -14325.656422833437,
    -13253.473827375708,
    -933.36422167805995,
    -4636.0027059846097
  ],
  "num_iteration": 1000,
  "num_modalities": 4,
  "num_topics": 7,
  "total_liklihood": -33148.497177871817
}
