{
  "modality_liklihoods": [
    -14096.833529912521,
    -13222.956003978212,
    -947.57698356598428,
    -4714.2278320159903
  ],
  "num_iteration": 1000,
  "num_modalities": 4,
  "num_topics": 7,
  "total_liklihood": -32981.594349472711
}
