{
  "modality_liklihoods": [
    -14028.511289236796,
    -13229.878815865888,
    -944.38372128254002,
    -4641.1786772634168
  ],
  "num_iteration": 1000,
  "num_modalities": 4,
  "num_topics": 7,
  "total_liklihood": -32843.952503648638
}
