{
  "modality_liklihoods": [
    -13612.551461470535,
    -13274.843334312802,
    -946.17426634726735,
    -4590.2743827341665
  ],
  "num_iteration": 1000,
  "num_modalities": 4,
  "num_topics": 7,
  "total_liklihood": -32423.843444864771
}
