{
  "modality_liklihoods": [
    -14018.962295806452,
    -13293.897733260479,
    -932.26153999318194,
    -4672.9113069877976
  ],
  "num_iteration": 1000,
  "num_modalities": 4,
  "num_topics": 7,
  "total_liklihood": -32918.03287604791
}
