{
  "modality_liklihoods": [
    -14372.71378683283,
    -13242.451383484211,
    -939.93823435044783,
    -4696.8979694152085
  ],
  "num_iteration": 1000,
  "num_modalities": 4,
  "num_topics": 7,
  "total_liklihood": -33252.001374082698
}
