{
  "modality_liklihoods": [
    -14419.148982309487,
    -13242.358538535958,
    -937.45720439320564,
    -4597.3224020503967
  ],
  "num_iteration": 1000,
  "num_modalities": 4,
  "num_topics": 7,
  "total_liklihood": -33196.287127289048
}
