{
  "modality_liklihoods": [
    -14240.91571577642,
    -13261.934251299786,
    -936.19762541060436,
    -4655.8084842503977
  ],
  "num_iteration": 1000,
  "num_modalities": 4,
  "num_topics": 7,
  "total_liklihood": -33094.856076737211
}
