{
  "modality_liklihoods": [
    -13533.635594726178,
    -13232.354375516361,
    -945.19427147529223,
    -4669.8264921334094
  ],
  "num_iteration": 1000,
  "num_modalities": 4,
  "num_topics": 7,
  "total_liklihood": -32381.010733851239
}
