{
  "modality_liklihoods": [
    -14011.573055241362,
    -13261.850490796664,
    -940.07380962320656,
    -4666.1948982501062
  ],
  "num_iteration": 1000,
  "num_modalities": 4,
  "num_topics": 7,
  "total_liklihood": -32879.692253911337
}
