{
  "modality_liklihoods": [
    -13847.309696680477,
    -13276.810949421075,
    -937.55919536853844,
    -4640.7147748164207
  ],
  "num_iteration": 1000,
  "num_modalities": 4,
  "num_topics": 7,
  "total_liklihood": -32702.394616286514
}
