{
  "modality_liklihoods": [
    -13428.737065197283,
    -13275.055709675811,
    -940.36798630755277,
    -4644.1131702286684
  ],
  "num_iteration": 1000,
  "num_modalities": 4,
  "num_topics": 7,
  "total_liklihood": -32288.273931409316
}
