{
  "modality_liklihoods": [
    -13856.753496899559,
    -13284.888678730322,
    -936.87148439740645,
    -4689.0831834834726
  ],
  "num_iteration": 1000,
  "num_modalities": 4,
  "num_topics": 7,
  "total_liklihood": -32767.596843510757
}
