{
  "modality_liklihoods": [
    -13480.038613018087,
    -13259.112985111937,
    -941.97547514393477,
    -4654.8208248024566
  ],
  "num_iteration": 1000,
  "num_modalities": 4,
  "num_topics": 7,
  "total_liklihood": -32335.947898076418
}
