{
  "modality_liklihoods": [
    -14069.90285384386,
    -13240.113829357693,
    -941.03631356821165,
    -4680.9973545565008
  ],
  "num_iteration": 1000,
  "num_modalities": 4,
  "num_topics": 7,
  "total_liklihood": -32932.050351326267
}
