{
  "modality_liklihoods": [
    -14591.061109032824,
    -13281.031531889159,
    -939.51024485888695,
    -4663.2818310852235
  ],
  "num_iteration": 1000,
  "num_modalities": 4,
  "num_topics": 7,
  "total_liklihood": -33474.884716866094
}
