{
  "modality_liklihoods": [
    -13372.771599368209,
    -13279.81416158122,
    -934.54722619686652,
    -4631.2799922341828
  ],
  "num_iteration": 1000,
  "num_modalities": 4,
  "num_topics": 7,
  "total_liklihood": -32218.412979380479
}
