{
  "modality_liklihoods": [
    -14079.148101313485,
    -13206.837820949984,
    -939.44899403334489,
    -4701.2835493974299
  ],
  "num_iteration": 1000,
  "num_modalities": 4,
  "num_topics": 7,
  "total_liklihood": -32926.718465694241
}
