{
  "modality_liklihoods": [
    -13805.930574660282,
    -13274.371076760919,
    -945.47099806712185,
    -4688.401802468914
  ],
  "num_iteration": 1000,
  "num_modalities": 4,
  "num_topics": 7,
  "total_liklihood": -32714.174451957235
}
