{
  "modality_liklihoods": [
    -14599.165781257609,
    -13249.020704291852,
    -935.2608629096718,
    -4619.9833776913765
  ],
  "num_iteration": 1000,
  "num_modalities": 4,
  "num_topics": 7,
  "total_liklihood": -33403.430726150509
}
