{
  "modality_liklihoods": [
    -13951.092883612857,
    -13283.635884617488,
    -933.69834322902136,
    -4672.0697606303675
  ],
  "num_iteration": 1000,
  "num_modalities": 4,
  "num_topics": 7,
  "total_liklihood": -32840.49687208973
}
