{
  "modality_liklihoods": [
    -14077.443311622867,
    -13300.625418041291,
    -950.08781066651522,
    -4649.8566450575163
  ],
  "num_iteration": 1000,
  "num_modalities": 4,
  "num_topics": 7,
  "total_liklihood": -32978.01318538819
}
