{
  "modality_liklihoods": [
    -13734.681186964312,
    -13285.801498185578,
    -947.83609129868614,
    -4606.3013151802734
  ],
  "num_iteration": 1000,
  "num_modalities": 4,
  "num_topics": 7,
  "total_liklihood": -32574.620091628847
}
