{
  "modality_liklihoods": [
    -14446.233033509796,
    -13289.56148337259,
    -939.20516969893777,
    -4656.4892903179825
  ],
  "num_iteration": 1000,
  "num_modalities": 4,
  "num_topics": 7,
  "total_liklihood": -33331.488976899302
}
