{
  "modality_liklihoods": [
    -14515.81185738507,
    -13261.578506137199,
    -936.0666786767988,
    -4647.9134108508206
  ],
  "num_iteration": 1000,
  "num_modalities": 4,
  "num_topics": 7,
  "total_liklihood": -33361.370453049887
}
