{
  "modality_liklihoods": [
    -13927.970674768285,
    -13274.36807075626,
    -934.35804243513098,
    -4628.8666555266145
  ],
  "num_iteration": 1000,
  "num_modalities": 4,
  "num_topics": 7,
  "total_liklihood": -32765.563443486291
}
