{
  "modality_liklihoods": [
    -14365.627406326192,
    -13286.829769181722,
    -939.36957361408338,
    -4629.772328319239
  ],
  "num_iteration": 1000,
  "num_modalities": 4,
  "num_topics": 7,
  "total_liklihood": -33221.599077441235
}
