{
  "modality_liklihoods": [
    -13903.559034660477,
    -13266.428695977096,
    -938.85697783747798,
    -4663.5210845881038
  ],
  "num_iteration": 1000,
  "num_modalities": 4,
  "num_topics": 7,
  "total_liklihood": -32772.365793063153
}
