{
  "modality_liklihoods": [
    -13552.084518334888,
    -13237.76266512576,
    -942.09502866605339,
    -4605.6690681804275
  ],
  "num_iteration": 1000,
  "num_modalities": 4,
  "num_topics": 7,
  "total_liklihood": -32337.611280307126
}
