{
  "modality_liklihoods": [
    -13956.396460765232,
    -13277.980680392368,
    -938.64888964022464,
    -4686.4652064059437
  ],
  "num_iteration": 1000,
  "num_modalities": 4,
  "num_topics": 7,
  "total_liklihood": -32859.491237203772
}
