{
  "modality_liklihoods": [
    -12872.556725338762,
    -13224.228197730223,
    -940.5063172603459,
    -4614.7704862218743
  ],
  "num_iteration": 1000,
  "num_modalities": 4,
  "num_topics": 7,
  "total_liklihood": -31652.061726551205
}
