{
  "modality_liklihoods": [
    -14130.986064459563,
    -13288.546783708638,
    -941.46011997885671,
    -4705.3044324861357
  ],
  "num_iteration": 1000,
  "num_modalities": 4,
  "num_topics": 7,
  "total_liklihood": -33066.297400633193
}
