{
  "modality_liklihoods": [
    -13950.638029517497,
    -13257.482556782477,
    -939.5175516701795,
    -4619.8890876111627
  ],
  "num_iteration": 1000,
  "num_modalities": 4,
  "num_topics": 7,
  "total_liklihood": -32767.527225581314
}
