{
  "modality_liklihoods": [
    -13799.553758022414,
    -13285.082653893829,
    -942.75749998116419,
    -4638.7512828624313
  ],
  "num_iteration": 1000,
  "num_modalities": 4,
  "num_topics": 7,
  "total_liklihood": -32666.14519475984
}
