{
  "modality_liklihoods": [
    -13703.234087324636,
    -13269.345358408274,
    -936.93498738333847,
    -4634.8704431469532
  ],
  "num_iteration": 1000,
  "num_modalities": 4,
  "num_topics": 7,
  "total_liklihood": -32544.384876263201
}
