{
  "modality_liklihoods": [
    -12291.515378080714,
    -13293.098569832884,
    -948.39047986747312,
    -4635.4640305511193
  ],
  "num_iteration": 1000,
  "num_modalities": 4,
  "num_topics": 7,
  "total_liklihood": -31168.46845833219
}
