{
  "modality_liklihoods": [
    -13603.77292641611,
    -13309.015934160427,
    -938.85086392597634,
    -4641.6710645953845
  ],
  "num_iteration": 1000,
  "num_modalities": 4,
  "num_topics": 7,
  "total_liklihood": -32493.310789097901
}
