{
  "modality_liklihoods": [
    -13845.499054823946,
    -13259.099489653487,
    -938.95500482505668,
    -4632.4831717365641
  ],
  "num_iteration": 1000,
  "num_modalities": 4,
  "num_topics": 7,
  "total_liklihood": -32676.036721039054
}
