{
  "modality_liklihoods": [
    -13986.767796862736,
    -13243.898933963337,
    -942.46547222930133,
    -4669.5995728293119
  ],
  "num_iteration": 1000,
  "num_modalities": 4,
  "num_topics": 7,
  "total_liklihood": -32842.731775884684
}
