{
  "modality_liklihoods": [
    -13669.252143197838,
    -13225.937461706431,
    -930.55424572198888,
    -4625.8468868936343
  ],
  "num_iteration": 1000,
  "num_modalities": 4,
  "num_topics": 7,
  "total_liklihood": -32451.590737519895
}
