{
  "modality_liklihoods": [
    -13935.459223352334,
    -13280.724980646884,
    -936.93190486427011,
    -4699.5486712830825
  ],
  "num_iteration": 1000,
  "num_modalities": 4,
  "num_topics": 7,
  "total_liklihood": -32852.664780146573
}
