{
  "modality_liklihoods": [
    -14419.749134651591,
    -13236.998990473981,
    -941.98305185524828,
    -4595.2448333756747
  ],
  "num_iteration": 1000,
  "num_modalities": 4,
  "num_topics": 7,
  "total_liklihood": -33193.976010356499
}
