{
  "modality_liklihoods": [
    -13842.967101519882,
    -13257.969822661533,
    -940.40484019594942,
    -4652.7799681177939
  ],
  "num_iteration": 1000,
  "num_modalities": 4,
  "num_topics": 7,
  "total_liklihood": -32694.121732495154
}
