{
  "modality_liklihoods": [
    -14153.286233095694,
    -13249.639036292099,
    -934.42470745676394,
    -4639.8661904980672
  ],
  "num_iteration": 1000,
  "num_modalities": 4,
  "num_topics": 7,
  "total_liklihood": -32977.216167342624
}
