{
  "modality_liklihoods": [
    -14260.736481146643,
    -13249.874922909354,
    -948.860877904463,
    -4611.1945736807766
  ],
  "num_iteration": 1000,
  "num_modalities": 4,
  "num_topics": 7,
  "total_liklihood": -33070.666855641241
}
