{
  "modality_liklihoods": [
    -13567.359293084861,
    -13256.075634994921,
    -945.25330221427168,
    -4658.4466989549383
  ],
  "num_iteration": 1000,
  "num_modalities": 4,
  "num_topics": 7,
  "total_liklihood": -32427.13492924899
}
