{
  "modality_liklihoods": [
    -14263.860319713714,
    -13238.79380802312,
    -938.88426063983741,
    -4739.2098414515049
  ],
  "num_iteration": 1000,
  "num_modalities": 4,
  "num_topics": 7,
  "total_liklihood": -33180.748229828176
}
