{
  "modality_liklihoods": [
    -13850.964122263491,
    -13265.845941776486,
    -944.42969446470329,
    -4631.8964452708315
  ],
  "num_iteration": 1000,
  "num_modalities": 4,
  "num_topics": 7,
  "total_liklihood": -32693.136203775513
}
