{
  "modality_liklihoods": [
    -13156.97328340579,
    -13257.237358101374,
    -941.71707767701741,
    -4680.370706391468
  ],
  "num_iteration": 1000,
  "num_modalities": 4,
  "num_topics": 7,
  "total_liklihood": -32036.298425575653
}
