{
  "modality_liklihoods": [
    -14297.87002754383,
    -13201.676127530034,
    -934.23565010156869,
    -4666.161937648998
  ],
  "num_iteration": 1000,
  "num_modalities": 4,
  "num_topics": 7,
  "total_liklihood": -33099.943742824427
}
