{
  "modality_liklihoods": [
    -14194.315228049945,
    -13258.74413314252,
    -936.00023507962794,
    -4617.667988443548
  ],
  "num_iteration": 1000,
  "num_modalities": 4,
  "num_topics": 7,
  "total_liklihood": -33006.727584715642
}
