{
  "modality_liklihoods": [
    -14045.40365939034,
    -13276.621669341726,
    -938.28414855727226,
    -4640.807494114224
  ],
  "num_iteration": 1000,
  "num_modalities": 4,
  "num_topics": 7,
  "total_liklihood": -32901.116971403564
}
