{
  "modality_liklihoods": [
    -13984.568798908129,
    -13287.079136794378,
    -936.75379784542804,
    -4631.7279372124076
  ],
  "num_iteration": 1000,
  "num_modalities": 4,
  "num_topics": 7,
  "total_liklihood": -32840.129670760347
}
