{
  "modality_liklihoods": [
    -14420.655547977534,
    -13265.959855042076,
    -946.1070964095652,
    -4702.5089266718469
  ],
  "num_iteration": 1000,
  "num_modalities": 4,
  "num_topics": 7,
  "total_liklihood": -33335.231426101025
}
