{
  "modality_liklihoods": [
    -13918.824434299711,
    -13271.295947690598,
    -934.57890690113186,
    -4632.7501994829663
  ],
  "num_iteration": 1000,
  "num_modalities": 4,
  "num_topics": 7,
  "total_liklihood": -32757.449488374408
}
