{
  "modality_liklihoods": [
    -14020.255593936965,
    -13202.680862014611,
    -937.65725835151727,
    -4614.8908280760497
  ],
  "num_iteration": 1000,
  "num_modalities": 4,
  "num_topics": 7,
  "total_liklihood": -32775.484542379141
}
