{
  "modality_liklihoods": [
    -13862.645076536925,
    -13275.740249491137,
    -939.46428293770873,
    -4615.3784032107196
  ],
  "num_iteration": 1000,
  "num_modalities": 4,
  "num_topics": 7,
  "total_liklihood": -32693.228012176485
}
