{
  "modality_liklihoods": [
    -13872.612663269709,
    -13300.062399272045,
    -942.93433211299305,
    -4615.2614340865694
  ],
  "num_iteration": 1000,
  "num_modalities": 4,
  "num_topics": 7,
  "total_liklihood": -32730.870828741317
}
