{
  "modality_liklihoods": [
    -13987.654944124723,
    -13227.085148796408,
    -936.92435220690027,
    -4697.9722090432642
  ],
  "num_iteration": 1000,
  "num_modalities": 4,
  "num_topics": 7,
  "total_liklihood": -32849.636654171292
}
