{
  "modality_liklihoods": [
    -14923.093222021151,
    -13223.443298342707,
    -936.62708473851262,
    -4654.203041889351
  ],
  "num_iteration": 1000,
  "num_modalities": 4,
  "num_topics": 7,
  "total_liklihood": -33737.366646991723
}
