{
  "modality_liklihoods": [
    -14179.658579078388,
    -13228.811022992792,
    -941.09228363568752,
    -4653.8176245908289
  ],
  "num_iteration": 1000,
  "num_modalities": 4,
  "num_topics": 7,
  "total_liklihood": -33003.379510297695
}
