{
  "modality_liklihoods": [
    -13996.158148899805,
    -13281.69811144439,
    -935.26333052241353,
    -4583.9273090185116
  ],
  "num_iteration": 1000,
  "num_modalities": 4,
  "num_topics": 7,
  "total_liklihood": -32797.046899885121
}
