{
  "modality_liklihoods": [
    -13929.442203585379,
    -13239.38756676587,
    -937.46058369390835,
    -4614.9751252844071
  ],
  "num_iteration": 1000,
  "num_modalities": 4,
  "num_topics": 7,
  "total_liklihood": -32721.265479329566
}
