{
  "modality_liklihoods": [
    -14159.208433207887,
    -13281.461212461485,
    -939.52699499184121,
    -4609.6610767778166
  ],
  "num_iteration": 1000,
  "num_modalities": 4,
  "num_topics": 7,
  "total_liklihood": -32989.85771743903
}
