{
  "modality_liklihoods": [
    -13040.229492065993,
    -13297.720514814122,
    -940.69288675947018,
    -4655.8016601567188
  ],
  "num_iteration": 1000,
  "num_modalities": 4,
  "num_topics": 7,
  "total_liklihood": -31934.4445537963
}
