{
  "modality_liklihoods": [
    -13707.888252348195,
    -13271.506913363504,
    -950.51597944949481,
    -4642.8719035974527
  ],
  "num_iteration": 1000,
  "num_modalities": 4,
  "num_topics": 7,
  "total_liklihood": -32572.783048758647
}
