{
  "modality_liklihoods": [
    -13972.159560463992,
    -13310.74522990048,
    -938.4765201598733,
    -4629.857865790972
  ],
  "num_iteration": 1000,
  "num_modalities": 4,
  "num_topics": 7,
  "total_liklihood": -32851.239176315321
}
