{
  "modality_liklihoods": [
    -14596.592147995545,
    -13255.703380777026,
    -943.39839589094379,
    -4613.3155032773157
  ],
  "num_iteration": 1000,
  "num_modalities": 4,
  "num_topics": 7,
  "total_liklihood": -33409.009427940829
}
