{
  "modality_liklihoods": [
    -13923.588211466953,
    -13247.853870629517,
    -944.71488104766297,
    -4627.0008816326672
  ],
  "num_iteration": 1000,
  "num_modalities": 4,
  "num_topics": 7,
  "total_liklihood": -32743.157844776801
}
