{
  "modality_liklihoods": [
    -13275.69045781356,
    -13255.952400477618,
    -936.4062198756651,
    -4642.8264101148834
  ],
  "num_iteration": 1000,
  "num_modalities": 4,
  "num_topics": 7,
  "total_liklihood": -32110.875488281723
}
