{
  "modality_liklihoods": [
    -14167.878165436203,
    -13265.677106400703,
    -938.03650548670942,
    -4620.6647504541706
  ],
  "num_iteration": 1000,
  "num_modalities": 4,
  "num_topics": 7,
  "total_liklihood": -32992.25652777779
}
