{
  "modality_liklihoods": [
    -13962.390304194494,
    -13225.00672648305,
    -938.35118176507194,
    -4672.4763311544984
  ],
  "num_iteration": 1000,
  "num_modalities": 4,
  "num_topics": 7,
  "total_liklihood": -32798.224543597113
}
