{
  "modality_liklihoods": [
    -14074.452812177215,
    -13261.327036907405,
    -947.79755010179213,
    -4634.9463108497766
  ],
  "num_iteration": 1000,
  "num_modalities": 4,
  "num_topics": 7,
  "total_liklihood": -32918.523710036185
}
