{
  "modality_liklihoods": [
    -13274.725613879142,
    -13258.00411606683,
    -937.42218986308183,
    -4673.6401696322337
  ],
  "num_iteration": 1000,
  "num_modalities": 4,
  "num_topics": 7,
  "total_liklihood": -32143.792089441289
}
