{
  "modality_liklihoods": [
    -13627.53865209994,
    -13242.041768489124,
    -942.62279036319023,
    -4674.1127017899726
  ],
  "num_iteration": 1000,
  "num_modalities": 4,
  "num_topics": 7,
  "total_liklihood": -32486.315912742226
}
