{
  "modality_liklihoods": [
    -14207.108610268317,
    -13227.309090942965,
    -937.32610854322854,
    -4699.1277529065455
  ],
  "num_iteration": 1000,
  "num_modalities": 4,
  "num_topics": 7,
  "total_liklihood": -33070.871562661057
}
