{
  "modality_liklihoods": [
    -13705.945144732774,
    -13285.025737942426,
    -939.31436795849572,
    -4654.5738111350656
  ],
  "num_iteration": 1000,
  "num_modalities": 4,
  "num_topics": 7,
  "total_liklihood": -32584.859061768762
}
