{
  "modality_liklihoods": [
    -12741.791459933265,
    -13216.106460416315,
    -946.10645044252567,
    -4669.8145545429497
  ],
  "num_iteration": 1000,
  "num_modalities": 4,
  "num_topics": 7,
  "total_liklihood": -31573.818925335057
}
