{
  "modality_liklihoods": [
    -13845.589844602942,
    -13231.550794689641,
    -939.78839819259338,
    -4653.9988540372087
  ],
  "num_iteration": 1000,
  "num_modalities": 4,
  "num_topics": 7,
  "total_liklihood": -32670.927891522384
}
