{
  "modality_liklihoods": [
    -14043.928488642503,
    -13282.638923975717,
    -932.46486691674943,
    -4638.4056797908652
  ],
  "num_iteration": 1000,
  "num_modalities": 4,
  "num_topics": 7,
  "total_liklihood": -32897.437959325835
}
