{
  "modality_liklihoods": [
    -13904.55490566723,
    -13263.683772252109,
    -939.57829632502421,
    -4578.1199599099009
  ],
  "num_iteration": 1000,
  "num_modalities": 4,
  "num_topics": 7,
  "total_liklihood": -32685.936934154266
}
