{
  "modality_liklihoods": [
    -13932.546115177129,
    -13261.028137802739,
    -940.94331436373784,
    -4654.6680648672855
  ],
  "num_iteration": 1000,
  "num_modalities": 4,
  "num_topics": 7,
  "total_liklihood": -32789.185632210887
}
