{
  "modality_liklihoods": [
    -13834.511018450754,
    -13287.289331379301,
    -928.37838867819585,
    -4629.2548662065365
  ],
  "num_iteration": 1000,
  "num_modalities": 4,
  "num_topics": 7,
  "total_liklihood": -32679.433604714788
}
