{
  "modality_liklihoods": [
    -13720.123401445766,
    -13239.099449978827,
    -942.49892483566941,
    -4601.2721051997787
  ],
  "num_iteration": 1000,
  "num_modalities": 4,
  "num_topics": 7,
  "total_liklihood": -32502.993881460043
}
