{
  "modality_liklihoods": [
    -14331.905497390822,
    -13184.924787317274,
    -937.69066578807224,
    -4698.8602491277106
  ],
  "num_iteration": 1000,
  "num_modalities": 4,
  "num_topics": 7,
  "total_liklihood": -33153.38119962388
}
