{
  "modality_liklihoods": [
    -14000.727791084095,
    -13275.187334035072,
    -938.10779963683171,
    -4650.1554382680724
  ],
  "num_iteration": 1000,
  "num_modalities": 4,
  "num_topics": 7,
  "total_liklihood": -32864.178363024068
}
