{
  "modality_liklihoods": [
    -13817.868828277642,
    -13273.12784588087,
    -940.02066882617373,
    -4625.5799656451709
  ],
  "num_iteration": 1000,
  "num_modalities": 4,
  "num_topics": 7,
  "total_liklihood": -32656.597308629858
}
