{
  "modality_liklihoods": [
    -14000.007227494816,
    -13260.411212303887,
    -939.42180512194273,
    -4675.3999016053394
  ],
  "num_iteration": 1000,
  "num_modalities": 4,
  "num_topics": 7,
  "total_liklihood": -32875.24014652599
}
