{
  "modality_liklihoods": [
    -13571.488139322066,
    -13267.630070108251,
    -936.92913738657512,
    -4663.5915889591552
  ],
  "num_iteration": 1000,
  "num_modalities": 4,
  "num_topics": 7,
  "total_liklihood": -32439.638935776045
}
