{
  "modality_liklihoods": [
    -12997.895368183308,
    -13251.324621441923,
    -942.77157597073142,
    -4638.885030191399
  ],
  "num_iteration": 1000,
  "num_modalities": 4,
  "num_topics": 7,
  "total_liklihood": -31830.876595787362
}
