{
  "modality_liklihoods": [
    -13225.424906650829,
    -13269.903818102604,
    -943.93708994295048,
    -4598.8188350851433
  ],
  "num_iteration": 1000,
  "num_modalities": 4,
  "num_topics": 7,
  "total_liklihood": -32038.084649781522
}
