{
  "modality_liklihoods": [
    -13817.81563883797,
    -13247.128146127325,
    -938.99691620263434,
    -4640.4859004217778
  ],
  "num_iteration": 1000,
  "num_modalities": 4,
  "num_topics": 7,
  "total_liklihood": -32644.426601589708
}
