{
  "modality_liklihoods": [
    -12866.450952609684,
    -13276.376059128042,
    -945.65512163177766,
    -4648.7924563959668
  ],
  "num_iteration": 1000,
  "num_modalities": 4,
  "num_topics": 7,
  "total_liklihood": -31737.274589765471
}
