{
  "modality_liklihoods": [
    -14021.54586623081,
    -13240.473649894373,
    -935.40399188289337,
    -4635.1623993259991
  ],
  "num_iteration": 1000,
  "num_modalities": 4,
  "num_topics": 7,
  "total_liklihood": -32832.585907334076
}
