{
  "modality_liklihoods": [
    -14558.96711866668,
    -13286.946390545623,
    -933.50739449635466,
    -4652.6296593296765
  ],
  "num_iteration": 1000,
  "num_modalities": 4,
  "num_topics": 7,
  "total_liklihood": -33432.050563038334
}
