{
  "modality_liklihoods": [
    -13374.187527329776,
    -13282.837913773548,
    -943.27079272298499,
    -4652.3413836087793
  ],
  "num_iteration": 1000,
  "num_modalities": 4,
  "num_topics": 7,
  "total_liklihood": -32252.637617435088
}
