{
  "modality_liklihoods": [
    -13678.327715854974,
    -13267.196481114373,
    -934.43655595365351,
    -4615.219031034153
  ],
  "num_iteration": 1000,
  "num_modalities": 4,
  "num_topics": 7,
  "total_liklihood": -32495.179783957152
}
