{
  "modality_liklihoods": [
    -13282.364715448728,
    -13261.893113887989,
    -942.71143329026222,
    -4644.2077523578391
  ],
  "num_iteration": 1000,
  "num_modalities": 4,
  "num_topics": 7,
  "total_liklihood": -32131.177014984823
}
