{
  "modality_liklihoods": [
    -13899.804841893681,
    -13234.157084743336,
    -939.77420305624798,
    -4652.3652399411203
  ],
  "num_iteration": 1000,
  "num_modalities": 4,
  "num_topics": 7,
  "total_liklihood": -32726.101369634387
}
