{
  "modality_liklihoods": [
    -14192.923292926309,
    -13285.724736947945,
    -938.26915863361774,
    -4647.4254129807523
  ],
  "num_iteration": 1000,
  "num_modalities": 4,
  "num_topics": 7,
  "total_liklihood": -33064.342601488621
}
