{
  "modality_liklihoods": [
    -13550.854319699883,
    -13267.928764712382,
    -939.98783689748313,
    -4635.0969482019664
  ],
  "num_iteration": 1000,
  "num_modalities": 4,
  "num_topics": 7,
  "total_liklihood": -32393.867869511712
}
