{
  "modality_liklihoods": [
    -12931.135988857006,
    -13242.669570151762,
    -943.30640578642635,
    -4635.7626022306549
  ],
  "num_iteration": 1000,
  "num_modalities": 4,
  "num_topics": 7,
  "total_liklihood": -31752.874567025847
}
