{
  "modality_liklihoods": [
    -13739.110077398516,
    -13292.452299571565,
    -936.0208917364339,
    -4585.8544501166307
  ],
  "num_iteration": 1000,
  "num_modalities": 4,
  "num_topics": 7,
  "total_liklihood": -32553.437718823145
}
