{
  "modality_liklihoods": [
    -13695.993324021127,
    -13286.909973654439,
    -934.46842705590734,
    -4609.0665565271511
  ],
  "num_iteration": 1000,
  "num_modalities": 4,
  "num_topics": 7,
  "total_liklihood": -32526.438281258626
}
