{
  "modality_liklihoods": [
    -14195.463228754064,
    -13308.650294550704,
    -932.20322453418964,
    -4648.3858915218016
  ],
  "num_iteration": 1000,
  "num_modalities": 4,
  "num_topics": 7,
  "total_liklihood": -33084.702639360759
}
