{
  "modality_liklihoods": [
    -13378.074915251445,
    -13243.1270804383,
    -943.93507593985032,
    -4615.7642837108688
  ],
  "num_iteration": 1000,
  "num_modalities": 4,
  "num_topics": 7,
  "total_liklihood": -32180.901355340466
}
