{
  "modality_liklihoods": [
    -14245.686804672896,
    -13282.287996225714,
    -934.35374134685264,
    -4619.7546051131339
  ],
  "num_iteration": 1000,
  "num_modalities": 4,
  "num_topics": 7,
  "total_liklihood": -33082.083147358593
}
