{
  "modality_liklihoods": [
    -14870.588900328927,
    -13219.715666821585,
    -940.29323610308199,
    -4649.4166021196497
  ],
  "num_iteration": 1000,
  "num_modalities": 4,
  "num_topics": 7,
  "total_liklihood": -33680.014405373244
}
