{
  "modality_liklihoods": [
    -13787.845732451258,
    -13270.011138282887,
    -937.4979670888755,
    -4646.0102674737418
  ],
  "num_iteration": 1000,
  "num_modalities": 4,
  "num_topics": 7,
  "total_liklihood": -32641.365105296765
}
