{
  "modality_liklihoods": [
    -13594.80099094017,
    -13225.709864309631,
    -947.4945388168087,
    -4658.1964072630899
  ],
  "num_iteration": 1000,
  "num_modalities": 4,
  "num_topics": 7,
  "total_liklihood": -32426.201801329698
}
