{
  "modality_liklihoods": [
    -14466.955229111096,
    -13259.197605357173,
    -939.33758269311318,
    -4606.4885846782736
  ],
  "num_iteration": 1000,
  "num_modalities": 4,
  "num_topics": 7,
  "total_liklihood": -33271.979001839652
}
