{
  "modality_liklihoods": [
    -13915.234196496756,
    -13272.997811093437,
    -935.34652493149486,
    -4664.9890751890389
  ],
  "num_iteration": 1000,
  "num_modalities": 4,
  "num_topics": 7,
  "total_liklihood": -32788.567607710727
}
