{
  "modality_liklihoods": [
    -14044.626758938486,
    -13231.926098454236,
    -935.36300865426324,
    -4651.3222181571655
  ],
  "num_iteration": 1000,
  "num_modalities": 4,
  "num_topics": 7,
  "total_liklihood": -32863.238084204146
}
