{
  "modality_liklihoods": [
    -14411.015721364214,
    -13210.927684650484,
    -938.64764198399178,
    -4633.7106133037341
  ],
  "num_iteration": 1000,
  "num_modalities": 4,
  "num_topics": 7,
  "total_liklihood": -33194.301661302423
}
