{
  "modality_liklihoods": [
    -14363.495265575502,
    -13249.997161402762,
    -941.56658364556642,
    -4635.5233515843211
  ],
  "num_iteration": 1000,
  "num_modalities": 4,
  "num_topics": 7,
  "total_liklihood": -33190.582362208152
}
