{
  "modality_liklihoods": [
    -13514.013318963067,
    -13218.856245038405,
    -940.02005377240619,
    -4640.6592772381819
  ],
  "num_iteration": 1000,
  "num_modalities": 4,
  "num_topics": 7,
  "total_liklihood": -32313.548895012056
}
