{
  "modality_liklihoods": [
    -13974.549570027411,
    -13277.067930829078,
    -936.72648965088092,
    -4687.6870735054727
  ],
  "num_iteration": 1000,
  "num_modalities": 4,
  "num_topics": 7,
  "total_liklihood": -32876.031064012845
}
