{
  "modality_liklihoods": [
    -13827.846382991043,
    -13300.814996293922,
    -935.18721506219435,
    -4671.497237186376
  ],
  "num_iteration": 1000,
  "num_modalities": 4,
  "num_topics": 7,
  "total_liklihood": -32735.345831533537
}
