{
  "modality_liklihoods": [
    -13485.713862640992,
    -13249.416535200773,
    -941.16788745031022,
    -4642.1690152357342
  ],
  "num_iteration": 1000,
  "num_modalities": 4,
  "num_topics": 7,
  "total_liklihood": -32318.467300527805
}
