{
  "modality_liklihoods": [
    -12305.946839817421,
    -13231.158354177061,
    -941.13347356842257,
    -4636.191852354038
  ],
  "num_iteration": 1000,
  "num_modalities": 4,
  "num_topics": 7,
  "total_liklihood": -31114.430519916939
}
