{
  "modality_liklihoods": [
    -14006.678538269583,
    -13241.327357731103,
    -947.01057768797386,
    -4627.7914396550859
  ],
  "num_iteration": 1000,
  "num_modalities": 4,
  "num_topics": 7,
  "total_liklihood": -32822.80791334375
}
