{
  "modality_liklihoods": [
    -14090.792486269891,
    -13279.063997115572,
    -938.78534327255863,
    -4646.9688601935386
  ],
  "num_iteration": 1000,
  "num_modalities": 4,
  "num_topics": 7,
  "total_liklihood": -32955.610686851556
}
