{
  "modality_liklihoods": [
    -14190.441591400902,
    -13269.580029721214,
    -936.20519397642795,
    -4615.7566368185653
  ],
  "num_iteration": 1000,
  "num_modalities": 4,
  "num_topics": 7,
  "total_liklihood": -33011.983451917113
}
