{
  "modality_liklihoods": [
    -14437.017529191584,
    -13290.703612849271,
    -940.42284963371719,
    -4600.6988464408432
  ],
  "num_iteration": 1000,
  "num_modalities": 4,
  "num_topics": 7,
  "total_liklihood": -33268.842838115415
}
