{
  "modality_liklihoods": [
    -13970.30402497785,
    -13250.334506411205,
    -941.19300736800199,
    -4632.6770954875838
  ],
  "num_iteration": 1000,
  "num_modalities": 4,
  "num_topics": 7,
  "total_liklihood": -32794.508634244645
}
