{
  "modality_liklihoods": [
    -13544.758387563888,
    -13263.181965824271,
    -946.15388680277033,
    -4663.5873277757591
  ],
  "num_iteration": 1000,
  "num_modalities": 4,
  "num_topics": 7,
  "total_liklihood": -32417.681567966691
}
