{
  "modality_liklihoods": [
    -14196.776269887281,
    -13241.629491592239,
    -943.11988879851651,
    -4685.8270304737762
  ],
  "num_iteration": 1000,
  "num_modalities": 4,
  "num_topics": 7,
  "total_liklihood": -33067.352680751814
}
