{
  "modality_liklihoods": [
    -13924.806723424063,
    -13298.554429384536,
    -940.52448288971755,
    -4676.5957783744489
  ],
  "num_iteration": 1000,
  "num_modalities": 4,
  "num_topics": 7,
  "total_liklihood": -32840.481414072769
}
