{
  "modality_liklihoods": [
    -14520.146997149479,
    -13215.195242490978,
    -933.91729192346702,
    -4603.9521400525491
  ],
  "num_iteration": 1000,
  "num_modalities": 4,
  "num_topics": 7,
  "total_liklihood": -33273.211671616475
}
