{
  "modality_liklihoods": [
    -13917.251783377264,
    -13263.894887500173,
    -934.45154107037672,
    -4655.4759533980296
  ],
  "num_iteration": 1000,
  "num_modalities": 4,
  "num_topics": 7,
  "total_liklihood": -32771.074165345846
}
