{
  "modality_liklihoods": [
    -14400.10929802435,
    -13283.406568377108,
    -940.04567843832092,
    -4648.6213468831247
  ],
  "num_iteration": 1000,
  "num_modalities": 4,
  "num_topics": 7,
  "total_liklihood": -33272.182891722907
}
