{
  "modality_liklihoods": [
    -14071.196766813151,
    -13293.478067829696,
    -941.07756822156762,
    -4628.4019224599615
  ],
  "num_iteration": 1000,
  "num_modalities": 4,
  "num_topics": 7,
  "total_liklihood": -32934.154325324373
}
