{
  "modality_liklihoods": [
    -14225.193454662227,
    -13277.399887928244,
    -943.92002328745571,
    -4657.371591042177
  ],
  "num_iteration": 1000,
  "num_modalities": 4,
  "num_topics": 7,
  "total_liklihood": -33103.884956920105
}
