{
  "modality_liklihoods": [
    -14496.491188640153,
    -13256.180532989858,
    -935.33320600315892,
    -4640.0695539105482
  ],
  "num_iteration": 1000,
  "num_modalities": 4,
  "num_topics": 7,
  "total_liklihood": -33328.074481543721
}
