{
  "modality_liklihoods": [
    -14360.44862601258,
    -13215.475023727033,
    -947.24126728464114,
    -4759.111576507612
  ],
  "num_iteration": 1000,
  "num_modalities": 4,
  "num_topics": 7,
  "total_liklihood": -33282.276493531863
}
