{
  "modality_liklihoods": [
    -14367.360417522388,
    -13247.441908950836,
    -938.37489187517974,
    -4607.8340499343567
  ],
  "num_iteration": 1000,
  "num_modalities": 4,
  "num_topics": 7,
  "total_liklihood": -33161.01126828276
}
