{
  "modality_liklihoods": [
    -13710.904779742341,
    -13247.228549014309,
    -939.91018022736637,
    -4650.7699463029548
  ],
  "num_iteration": 1000,
  "num_modalities": 4,
  "num_topics": 7,
  "total_liklihood": -32548.813455286974
}
