{
  "modality_liklihoods": [
    -14624.143789062902,
    -13248.362748845186,
    -942.492579685294,
    -4643.8599207088146
  ],
  "num_iteration": 1000,
  "num_modalities": 4,
  "num_topics": 7,
  "total_liklihood": -33458.859038302195
}
