{
  "modality_liklihoods": [
    -14301.966738776255,
    -13249.362639049692,
    -937.23709238784431,
    -4653.2446390214727
  ],
  "num_iteration": 1000,
  "num_modalities": 4,
  "num_topics": 7,
  "total_liklihood": -33141.811109235263
}
