{
  "modality_liklihoods": [
    -13868.388818247497,
    -13256.00965396979,
    -942.95278099623636,
    -4669.4290301402907
  ],
  "num_iteration": 1000,
  "num_modalities": 4,
  "num_topics": 7,
  "total_liklihood": -32736.780283353812
}
