{
  "modality_liklihoods": [
    -13939.496683320855,
    -13295.270989739469,
    -936.950304037107,
    -4619.3353174099593
  ],
  "num_iteration": 1000,
  "num_modalities": 4,
  "num_topics": 7,
  "total_liklihood": -32791.053294507386
}
