{
  "modality_liklihoods": [
    -14458.194841972645,
    -13256.742655686669,
    -933.76023144687861,
    -4600.921716508883
  ],
  "num_iteration": 1000,
  "num_modalities": 4,
  "num_topics": 7,
  "total_liklihood": -33249.619445615077
}
