{
  "modality_liklihoods": [
    -13971.07547702269,
    -13250.8667226744,
    -939.06598959974258,
    -4659.6687567971985
  ],
  "num_iteration": 1000,
  "num_modalities": 4,
  "num_topics": 7,
  "total_liklihood": -32820.676946094034
}
