{
  "modality_liklihoods": [
    -13505.411285883967,
    -13252.282427556866,
    -941.67833467034268,
    -4656.2113497617029
  ],
  "num_iteration": 1000,
  "num_modalities": 4,
  "num_topics": 7,
  "total_liklihood": -32355.583397872877
}
