{
  "modality_liklihoods": [
    -14060.719817473,
    -13265.364140298123,
    -939.05864867578339,
    -4749.3834369035239
  ],
  "num_iteration": 1000,
  "num_modalities": 4,
  "num_topics": 7,
  "total_liklihood": -33014.52604335043
}
