{
  "modality_liklihoods": [
    -13843.426878054457,
    -13277.869018896145,
    -938.34640249577365,
    -4623.7034303902037
  ],
  "num_iteration": 1000,
  "num_modalities": 4,
  "num_topics": 7,
  "total_liklihood": -32683.345729836576
}
