{
  "modality_liklihoods": [
    -13421.339442375254,
    -13282.279813896595,
    -940.92708808535451,
    -4634.2693008040987
  ],
  "num_iteration": 1000,
  "num_modalities": 4,
  "num_topics": 7,
  "total_liklihood": -32278.815645161303
}
