{
  "modality_liklihoods": [
    -13962.351686729537,
    -13282.64342865859,
    -939.38262852027992,
    -4621.6862075020008
  ],
  "num_iteration": 1000,
  "num_modalities": 4,
  "num_topics": 7,
  "total_liklihood": -32806.063951410411
}
