{
  "modality_liklihoods": [
    -14599.078828132686,
    -13257.469301859373,
    -943.92528767023248,
    -4600.1538378876976
  ],
  "num_iteration": 1000,
  "num_modalities": 4,
  "num_topics": 7,
  "total_liklihood": -33400.627255549989
}
