{
  "modality_liklihoods": [
    -14006.917086506377,
    -13296.367739434763,
    -937.64726163621174,
    -4661.8565160454018
  ],
  "num_iteration": 1000,
  "num_modalities": 4,
  "num_topics": 7,
  "total_liklihood": -32902.788603622757
}
