{
  "modality_liklihoods": [
    -13544.634743720593,
    -13246.679385168867,
    -946.80930503030584,
    -4602.5498717214432
  ],
  "num_iteration": 1000,
  "num_modalities": 4,
  "num_topics": 7,
  "total_liklihood": -32340.673305641212
}
