{
  "modality_liklihoods": [
    -14187.935655070623,
    -13286.920709232278,
    -940.78135918200894,
    -4685.522529916896
  ],
  "num_iteration": 1000,
  "num_modalities": 4,
  "num_topics": 7,
  "total_liklihood": -33101.160253401802
}
