{
  "modality_liklihoods": [
    -14026.793613503165,
    -13275.234399518775,
    -949.28267757180333,
    -4610.4790108539146
  ],
  "num_iteration": 1000,
  "num_modalities": 4,
  "num_topics": 7,
  "total_liklihood": -32861.789701447655
}
