{
  "modality_liklihoods": [
    -13957.539921834177,
    -13242.253609685475,
    -942.59329175037874,
    -4682.7594321836696
  ],
  "num_iteration": 1000,
  "num_modalities": 4,
  "num_topics": 7,
  "total_liklihood": -32825.146255453699
}
