{
  "modality_liklihoods": [
    -13869.862989787509,
    -13253.196208875292,
    -937.69537478563109,
    -4665.0549664283681
  ],
  "num_iteration": 1000,
  "num_modalities": 4,
  "num_topics": 7,
  "total_liklihood": -32725.809539876798
}
