{
  "modality_liklihoods": [
    -13774.404672716297,
    -13312.602706801996,
    -944.0228941183608,
    -4613.9260427641811
  ],
  "num_iteration": 1000,
  "num_modalities": 4,
  "num_topics": 7,
  "total_liklihood": -32644.956316400832
}
