{
  "modality_liklihoods": [
    -14458.855032476244,
    -13286.800583188337,
    -936.92248729948267,
    -4619.1633964034681
  ],
  "num_iteration": 1000,
  "num_modalities": 4,
  "num_topics": 7,
  "total_liklihood": -33301.741499367534
}
