{
  "modality_liklihoods": [
    -14747.307918701466,
    -13222.045261396108,
    -941.63520967600004,
    -4660.8967209301945
  ],
  "num_iteration": 1000,
  "num_modalities": 4,
  "num_topics": 7,
  "total_liklihood": -33571.88511070377
}
