{
  "modality_liklihoods": [
    -14213.061301577578,
    -13206.530903087465,
    -939.03397009242974,
    -4617.4183278141527
  ],
  "num_iteration": 1000,
  "num_modalities": 4,
  "num_topics": 7,
  "total_liklihood": -32976.044502571625
}
