{
  "modality_liklihoods": [
    -13995.696187077947,
    -13216.007552697667,
    -940.19411077285099,
    -4661.1540745677139
  ],
  "num_iteration": 1000,
  "num_modalities": 4,
  "num_topics": 7,
  "total_liklihood": -32813.051925116182
}
