{
  "modality_liklihoods": [
    -13766.414906737513,
    -13256.448073588756,
    -935.77714498194916,
    -4649.361643762023
  ],
  "num_iteration": 1000,
  "num_modalities": 4,
  "num_topics": 7,
  "total_liklihood": -32608.001769070237
}
