{
  "modality_liklihoods": [
    -14032.243493435417,
    -13233.43348106956,
    -941.87329344087175,
    -4636.0305507611383
  ],
  "num_iteration": 1000,
  "num_modalities": 4,
  "num_topics": 7,
  "total_liklihood": -32843.580818706985
}
