{
  "modality_liklihoods": [
    -13746.361265177607,
    -13258.551469240303,
    -935.2989389164677,
    -4667.6319649569768
  ],
  "num_iteration": 1000,
  "num_modalities": 4,
  "num_topics": 7,
  "total_liklihood": -32607.843638291357
}
