{
  "modality_liklihoods": [
    -14955.201606677463,
    -13219.994442282119,
    -945.90030731316187,
    -4639.497180968564
  ],
  "num_iteration": 1000,
  "num_modalities": 4,
  "num_topics": 7,
  "total_liklihood": -33760.593537241308
}
