{
  "modality_liklihoods": [
    -13962.38304108625,
    -13245.597010898935,
    -947.03774281448659,
    -4645.3372728090271
  ],
  "num_iteration": 1000,
  "num_modalities": 4,
  "num_topics": 7,
  "total_liklihood": -32800.355067608696
}
