{
  "modality_liklihoods": [
    -13792.201300357936,
    -13218.013217720043,
    -943.74656315788263,
    -4638.1702600677991
  ],
  "num_iteration": 1000,
  "num_modalities": 4,
  "num_topics": 7,
  "total_liklihood": -32592.131341303659
}
