{
  "modality_liklihoods": [
    -14092.096806753189,
    -13257.331264470431,
    -940.52678851331882,
    -4655.591946656079
  ],
  "num_iteration": 1000,
  "num_modalities": 4,
  "num_topics": 7,
  "total_liklihood": -32945.546806393017
}
