{
  "modality_liklihoods": [
    -13371.672431102003,
    -13269.966627882557,
    -938.12202235407688,
    -4636.8766678650109
  ],
  "num_iteration": 1000,
  "num_modalities": 4,
  "num_topics": 7,
  "total_liklihood": -32216.637749203648
}
