{
  "modality_liklihoods": [
    -14104.756080727164,
    -13266.467404413261,
    -938.77783502830596,
    -4640.6074521467699
  ],
  "num_iteration": 1000,
  "num_modalities": 4,
  "num_topics": 7,
  "total_liklihood": -32950.6087723155
}
