{
  "modality_liklihoods": [
    -14087.192602736348,
    -13251.051089342158,
    -939.57458651428965,
    -4664.5462396776593
  ],
  "num_iteration": 1000,
  "num_modalities": 4,
  "num_topics": 7,
  "total_liklihood": -32942.364518270449
}
