{
  "modality_liklihoods": [
    -14081.330306198519,
    -13290.699734889718,
    -941.65354054424324,
    -4660.8862158215143
  ],
  "num_iteration": 1000,
  "num_modalities": 4,
  "num_topics": 7,
  "total_liklihood": -32974.569797453994
}
