{
  "modality_liklihoods": [
    -13928.263665988952,
    -13274.335759953698,
    -937.60356662268453,
    -4627.1255044145691
  ],
  "num_iteration": 1000,
  "num_modalities": 4,
  "num_topics": 7,
  "total_liklihood": -32767.328496979906
}
