{
  "modality_liklihoods": [
    -13557.947696668243,
    -13205.961569747071,
    -938.49894542865343,
    -4657.2234264669032
  ],
  "num_iteration": 1000,
  "num_modalities": 4,
  "num_topics": 7,
  "total_liklihood": -32359.631638310871
}
