{
  "modality_liklihoods": [
    -14750.996647121832,
    -13265.804607576787,
    -941.09130238895375,
    -4641.1509848614878
  ],
  "num_iteration": 1000,
  "num_modalities": 4,
  "num_topics": 7,
  "total_liklihood": -33599.043541949068
}
