{
  "modality_liklihoods": [
    -14036.231232332188,
    -13234.733908990229,
    -941.92660765045696,
    -4720.4687424303675
  ],
  "num_iteration": 1000,
  "num_modalities": 4,
  "num_topics": 7,
  "total_liklihood": -32933.36049140324
}
