{
  "modality_liklihoods": [
    -15063.80826143324,
    -13206.825006009716,
    -943.78284293857007,
    -4631.9166814005139
  ],
  "num_iteration": 1000,
  "num_modalities": 4,
  "num_topics": 7,
  "total_liklihood": -33846.332791782042
}
