{
  "modality_liklihoods": [
    -13994.383077794229,
    -13282.210185534797,
    -935.03998198095053,
    -4658.757652403101
  ],
  "num_iteration": 1000,
  "num_modalities": 4,
  "num_topics": 7,
  "total_liklihood": -32870.390897713078
}
