{
  "modality_liklihoods": [
    -14448.350164471347,
    -13215.050731726526,
    -943.74073136121194,
    -4638.7918238452976
  ],
  "num_iteration": 1000,
  "num_modalities": 4,
  "num_topics": 7,
  "total_liklihood": -33245.93345140438
}
