{
  "modality_liklihoods": [
    -13897.461298481247,
    -13264.741804869785,
    -940.77468643653879,
    -4682.2411993751857
  ],
  "num_iteration": 1000,
  "num_modalities": 4,
  "num_topics": 7,
  "total_liklihood": -32785.218989162757
}
