{
  "modality_liklihoods": [
    -13852.955521671209,
    -13266.345537416628,
    -938.66153926880577,
    -4639.423533879828
  ],
  "num_iteration": 1000,
  "num_modalities": 4,
  "num_topics": 7,
  "total_liklihood": -32697.386132236472
}
