{
  "modality_liklihoods": [
    -14556.310485201015,
    -13208.196385321689,
    -945.30379490203063,
    -4612.9247946917867
  ],
  "num_iteration": 1000,
  "num_modalities": 4,
  "num_topics": 7,
  "total_liklihood": -33322.735460116521
}
