{
  "modality_liklihoods": [
    -14260.88219763198,
    -13229.002905394391,
    -939.08472725077195,
    -4590.9927393170274
  ],
  "num_iteration": 1000,
  "num_modalities": 4,
  "num_topics": 7,
  "total_liklihood": -33019.962569594165
}
