{
  "modality_liklihoods": [
    -12632.396823257403,
    -13260.158071611615,
    -955.50419818264436,
    -4579.3845049202992
  ],
  "num_iteration": 1000,
  "num_modalities": 4,
  "num_topics": 7,
  "total_liklihood": -31427.443597971964
}
