{
  "modality_liklihoods": [
    -13965.793993081628,
    -13246.714087657261,
    -943.03511357180719,
    -4662.552456408238
  ],
  "num_iteration": 1000,
  "num_modalities": 4,
  "num_topics": 7,
  "total_liklihood": -32818.095650718933
}
