{
  "modality_liklihoods": [
    -14259.723549734348,
    -13222.178931618713,
    -947.86133740692981,
    -4658.1329693787866
  ],
  "num_iteration": 1000,
  "num_modalities": 4,
  "num_topics": 7,
  "total_liklihood": -33087.89678813878
}
