{
  "modality_liklihoods": [
    -14116.129427245425,
    -13260.612549270074,
    -935.95028146367429,
    -4634.3363158752418
  ],
  "num_iteration": 1000,
  "num_modalities": 4,
  "num_topics": 7,
  "total_liklihood": -32947.028573854412
}
