{
  "modality_liklihoods": [
    -13949.531035171305,
    -13277.136521204766,
    -942.24567319629841,
    -4685.3061550855009
  ],
  "num_iteration": 1000,
  "num_modalities": 4,
  "num_topics": 7,
  "total_liklihood": -32854.219384657874
}
