{
  "modality_liklihoods": [
    -14137.953047901156,
    -13225.185917439108,
    -936.87029698070717,
    -4637.3082770641449
  ],
  "num_iteration": 1000,
  "num_modalities": 4,
  "num_topics": 7,
  "total_liklihood": -32937.317539385112
}
