{
  "modality_liklihoods": [
    -15032.876881082662,
    -13229.416670565824,
    -940.69583925531811,
    -4644.889178625458
  ],
  "num_iteration": 1000,
  "num_modalities": 4,
  "num_topics": 7,
  "total_liklihood": -33847.878569529261
}
