{
  "modality_liklihoods": [
    -12285.391243996093,
    -13243.550034331412,
    -938.93303320578707,
    -4654.9899911721068
  ],
  "num_iteration": 1000,
  "num_modalities": 4,
  "num_topics": 7,
  "total_liklihood": -31122.864302705399
}
