{
  "modality_liklihoods": [
    -14397.928468600629,
    -13257.667829761,
    -939.45855174388146,
    -4638.4677636875695
  ],
  "num_iteration": 1000,
  "num_modalities": 4,
  "num_topics": 7,
  "total_liklihood": -33233.52261379308
}
