{
  "modality_liklihoods": [
    -14321.044492325753,
    -13226.53559386628,
    -940.78924321113914,
    -4672.8137272171598
  ],
  "num_iteration": 1000,
  "num_modalities": 4,
  "num_topics": 7,
  "total_liklihood": -33161.183056620335
}
