{
  "modality_liklihoods": [
    -13885.025391010786,
    -13267.196502399851,
    -940.37209742108769,
    -4680.143127886533
  ],
  "num_iteration": 1000,
  "num_modalities": 4,
  "num_topics": 7,
  "total_liklihood": -32772.737118718258
}
