{
  "modality_liklihoods": [
    -14927.175284617455,
    -13195.597203439105,
    -941.75310482442478,
    -4658.742998958206
  ],
  "num_iteration": 1000,
  "num_modalities": 4,
  "num_topics": 7,
  "total_liklihood": -33723.268591839187
}
