{
  "modality_liklihoods": [
    -13866.396786250718,
    -13308.125662685132,
    -934.00118105548643,
    -4613.828731267914
  ],
  "num_iteration": 1000,
  "num_modalities": 4,
  "num_topics": 7,
  "total_liklihood": -32722.352361259251
}
