{
  "modality_liklihoods": [
    -14276.125236886553,
    -13221.640917967325,
    -942.68609922966436,
    -4712.7760574364111
  ],
  "num_iteration": 1000,
  "num_modalities": 4,
  "num_topics": 7,
  "total_liklihood": -33153.228311519953
}
