{
  "modality_liklihoods": [
    -14002.551354170615,
    -13264.686556912522,
    -942.51088033499298,
    -4652.7090938960355
  ],
  "num_iteration": 1000,
  "num_modalities": 4,
  "num_topics": 7,
  "total_liklihood": -32862.457885314172
}
