{
  "modality_liklihoods": [
    -14529.593713034339,
    -13269.157292221604,
    -937.13440041420643,
    -4643.7920886933098
  ],
  "num_iteration": 1000,
  "num_modalities": 4,
  "num_topics": 7,
  "total_liklihood": -33379.677494363459
}
