{
  "modality_liklihoods": [
    -13354.556855417297,
    -13265.011580917837,
    -937.96914690569827,
    -4630.4076213918961
  ],
  "num_iteration": 1000,
  "num_modalities": 4,
  "num_topics": 7,
  "total_liklihood": -32187.945204632728
}
