{
  "modality_liklihoods": [
    -13457.207098487761,
    -13290.293686407858,
    -940.71355115544259,
    -4678.6000640864177
  ],
  "num_iteration": 1000,
  "num_modalities": 4,
  "num_topics": 7,
  "total_liklihood": -32366.814400137482
}
