{
  "modality_liklihoods": [
    -13865.036855762555,
    -13287.469769718486,
    -938.5226869043579,
    -4639.1588535857372
  ],
  "num_iteration": 1000,
  "num_modalities": 4,
  "num_topics": 7,
  "total_liklihood": -32730.188165971136
}
