{
  "modality_liklihoods": [
    -13644.971715138105,
    -13305.247149013509,
    -948.50743168825352,
    -4626.0597914180407
  ],
  "num_iteration": 1000,
  "num_modalities": 4,
  "num_topics": 7,
  "total_liklihood": -32524.786087257904
}
