{
  "modality_liklihoods": [
    -14025.257211310594,
    -13266.248606935562,
    -942.83410746460004,
    -4651.0715888075583
  ],
  "num_iteration": 1000,
  "num_modalities": 4,
  "num_topics": 7,
  "total_liklihood": -32885.411514518317
}
