{
  "modality_liklihoods": [
    -13686.223117272631,
    -13259.818303095028,
    -945.73454372372635,
    -4623.6931983638378
  ],
  "num_iteration": 1000,
  "num_modalities": 4,
  "num_topics": 7,
  "total_liklihood": -32515.469162455225
}
