{
  "modality_liklihoods": [
    -14330.728811993347,
    -13207.03103853844,
    -943.59337052463354,
    -4710.3580177039548
  ],
  "num_iteration": 1000,
  "num_modalities": 4,
  "num_topics": 7,
  "total_liklihood": -33191.711238760377
}
