{
  "modality_liklihoods": [
    -13682.532532317487,
    -13196.760801751316,
    -941.21358375806199,
    -4632.4841248581943
  ],
  "num_iteration": 1000,
  "num_modalities": 4,
  "num_topics": 7,
  "total_liklihood": -32452.991042685058
}
