{
  "modality_liklihoods": [
    -14163.688470579562,
    -13270.8279909841,
    -936.54185989829273,
    -4639.8702409393727
  ],
  "num_iteration": 1000,
  "num_modalities": 4,
  "num_topics": 7,
  "total_liklihood": -33010.928562401328
}
