{
  "modality_liklihoods": [
    -14332.79929407951,
    -13278.313610528799,
    -937.30306683788649,
    -4636.8285201108056
  ],
  "num_iteration": 1000,
  "num_modalities": 4,
  "num_topics": 7,
  "total_liklihood": -33185.244491557001
}
