{
  "modality_liklihoods": [
    -13543.61424530703,
    -13189.980615745902,
    -943.33492875912395,
    -4686.5423830939362
  ],
  "num_iteration": 1000,
  "num_modalities": 4,
  "num_topics": 7,
  "total_liklihood": -32363.472172905989
}
