{
  "modality_liklihoods": [
    -14357.706644705171,
    -13220.044688121174,
    -938.35168982449125,
    -4631.1040479091462
  ],
  "num_iteration": 1000,
  "num_modalities": 4,
  "num_topics": 7,
  "total_liklihood": -33147.207070559984
}
