{
  "modality_liklihoods": [
    -13964.852608022989,
    -13259.169231176473,
    -939.60857673164219,
    -4639.6727864048344
  ],
  "num_iteration": 1000,
  "num_modalities": 4,
  "num_topics": 7,
  "total_liklihood": -32803.303202335941
}
