{
  "modality_liklihoods": [
    -14392.273543666652,
    -13289.700801282186,
    -939.42113714612753,
    -4682.5228080168445
  ],
  "num_iteration": 1000,
  "num_modalities": 4,
  "num_topics": 7,
  "total_liklihood": -33303.918290111811
}
