{
  "modality_liklihoods": [
    -14184.794853755644,
    -13233.786763152317,
    -935.37267331884084,
    -4623.2389643431252
  ],
  "num_iteration": 1000,
  "num_modalities": 4,
  "num_topics": 7,
  "total_liklihood": -32977.193254569931
}
