{
  "modality_liklihoods": [
    -13752.761252225344,
    -13283.261595872744,
    -942.7169749245013,
    -4634.90523707999
  ],
  "num_iteration": 1000,
  "num_modalities": 4,
  "num_topics": 7,
  "total_liklihood": -32613.645060102579
}
