{
  "modality_liklihoods": [
    -13367.861792235926,
    -13270.72253039034,
    -943.42419286686663,
    -4617.6069536642372
  ],
  "num_iteration": 1000,
  "num_modalities": 4,
  "num_topics": 7,
  "total_liklihood": -32199.615469157368
}
