{
  "modality_liklihoods": [
    -13435.061182968742,
    -13240.671398826727,
    -938.49226372882254,
    -4645.6760399588093
  ],
  "num_iteration": 1000,
  "num_modalities": 4,
  "num_topics": 7,
  "total_liklihood": -32259.900885483101
}
