{
  "modality_liklihoods": [
    -14370.480317816953,
    -13265.720514325407,
    -941.56729527546929,
    -4722.174099333607
  ],
  "num_iteration": 1000,
  "num_modalities": 4,
  "num_topics": 7,
  "total_liklihood": -33299.942226751438
}
