{
  "modality_liklihoods": [
    -14117.540919674786,
    -13264.031444761549,
    -940.81337441680182,
    -4669.3647619309259
  ],
  "num_iteration": 1000,
  "num_modalities": 4,
  "num_topics": 7,
  "total_liklihood": -32991.750500784059
}
