{
  "modality_liklihoods": [
    -13872.81933883453,
    -13272.654853653379,
    -933.90684181567281,
    -4634.3238194676733
  ],
  "num_iteration": 1000,
  "num_modalities": 4,
  "num_topics": 7,
  "total_liklihood": -32713.704853771254
}
