{
  "modality_liklihoods": [
    -13502.836503654577,
    -13281.826101643286,
    -938.39739117303566,
    -4651.799382951308
  ],
  "num_iteration": 1000,
  "num_modalities": 4,
  "num_topics": 7,
  "total_liklihood": -32374.859379422203
}
