{
  "modality_liklihoods": [
    -13880.15994959815,
    -13286.307924848457,
    -937.66209863384506,
    -4587.4103822751777
  ],
  "num_iteration": 1000,
  "num_modalities": 4,
  "num_topics": 7,
  "total_liklihood": -32691.540355355632
}
