{
  "modality_liklihoods": [
    -14273.987714398818,
    -13303.133758271644,
    -933.43466343396017,
    -4638.5130631857646
  ],
  "num_iteration": 1000,
  "num_modalities": 4,
  "num_topics": 7,
  "total_liklihood": -33149.069199290185
}
