{
  "modality_liklihoods": [
    -14089.23176373258,
    -13251.652230401172,
    -934.6260609450394,
    -4631.3799930638042
  ],
  "num_iteration": 1000,
  "num_modalities": 4,
  "num_topics": 7,
  "total_liklihood": -32906.890048142595
}
