{
  "modality_liklihoods": [
    -13974.861234768472,
    -13292.693481863043,
    -947.42241559375884,
    -4629.4570748306505
  ],
  "num_iteration": 1000,
  "num_modalities": 4,
  "num_topics": 7,
  "total_liklihood": -32844.434207055921
}
