{
  "modality_liklihoods": [
    -13618.399501241913,
    -13248.081310362233,
    -935.74761312078499,
    -4598.9083811953924
  ],
  "num_iteration": 1000,
  "num_modalities": 4,
  "num_topics": 7,
  "total_liklihood": -32401.136805920323
}
