{
  "modality_liklihoods": [
    -13815.707616824708,
    -13240.256718710621,
    -941.58932778102235,
    -4621.7584547367369
  ],
  "num_iteration": 1000,
  "num_modalities": 4,
  "num_topics": 7,
  "total_liklihood": -32619.312118053087
}
