{
  "modality_liklihoods": [
    -13855.563379487668,
    -13255.974806649756,
    -945.50352873873464,
    -4590.9305013783433
  ],
  "num_iteration": 1000,
  "num_modalities": 4,
  "num_topics": 7,
  "total_liklihood": -32647.972216254508
}
