{
  "modality_liklihoods": [
    -13462.351730902723,
    -13207.337939133338,
    -944.07697468241656,
    -4633.4266865587997
  ],
  "num_iteration": 1000,
  "num_modalities": 4,
  "num_topics": 7,
  "total_liklihood": -32247.193331277274
}
