{
  "modality_liklihoods": [
    -13803.454972385674,
    -13316.09610510343,
    -943.03047124813622,
    -4647.7016614607473
  ],
  "num_iteration": 1000,
  "num_modalities": 4,
  "num_topics": 7,
  "total_liklihood": -32710.283210197988
}
