{
  "modality_liklihoods": [
    -13611.448776862784,
    -13253.06487877839,
    -938.68339284762158,
    -4642.9040095850469
  ],
  "num_iteration": 1000,
  "num_modalities": 4,
  "num_topics": 7,
  "total_liklihood": -32446.101058073844
}
