{
  "modality_liklihoods": [
    -14101.993883185773,
    -13273.299076859937,
    -938.59495798444141,
    -4629.6800368133236
  ],
  "num_iteration": 1000,
  "num_modalities": 4,
  "num_topics": 7,
  "total_liklihood": -32943.567954843478
}
