{
  "modality_liklihoods": [
    -13824.873130530475,
    -13240.057482523964,
    -936.01252696272115,
    -4634.7785753264379
  ],
  "num_iteration": 1000,
  "num_modalities": 4,
  "num_topics": 7,
  "total_liklihood": -32635.721715343599
}
