{
  "modality_liklihoods": [
    -13689.52346620445,
    -13287.841822065771,
    -933.02876218012852,
    -4627.0802231660464
  ],
  "num_iteration": 1000,
  "num_modalities": 4,
  "num_topics": 7,
  "total_liklihood": -32537.474273616397
}
