{
  "modality_liklihoods": [
    -14086.252725654362,
    -13277.852433506143,
    -937.73489265199544,
    -4615.3664245457512
  ],
  "num_iteration": 1000,
  "num_modalities": 4,
  "num_topics": 7,
  "total_liklihood": -32917.206476358253
}
