{
  "modality_liklihoods": [
    -14065.490707813149,
    -13214.973048696915,
    -936.21740031817046,
    -4657.4140390577986
  ],
  "num_iteration": 1000,
  "num_modalities": 4,
  "num_topics": 7,
  "total_liklihood": -32874.095195886031
}
