{
  "modality_liklihoods": [
    -14457.746311350656,
    -13238.504722870286,
    -949.17084110375276,
    -4746.2009551000083
  ],
  "num_iteration": 1000,
  "num_modalities": 4,
  "num_topics": 7,
  "total_liklihood": -33391.622830424705
}
