{
  "modality_liklihoods": [
    -13959.350908963548,
    -13253.806481108686,
    -936.45768924956428,
    -4648.9688217424728
  ],
  "num_iteration": 1000,
  "num_modalities": 4,
  "num_topics": 7,
  "total_liklihood": -32798.583901064274
}
