{
  "modality_liklihoods": [
    -14275.28674782131,
    -13219.51705388241,
    -941.51789726464222,
    -4722.8151536610203
  ],
  "num_iteration": 1000,
  "num_modalities": 4,
  "num_topics": 7,
  "total_liklihood": -33159.136852629381
}
