{
  "modality_liklihoods": [
    -14821.858281689001,
    -13217.167654912162,
    -945.74599333356025,
    -4685.688813426349
  ],
  "num_iteration": 1000,
  "num_modalities": 4,
  "num_topics": 7,
  "total_liklihood": -33670.460743361073
}
