{
  "modality_liklihoods": [
    -14152.837142634491,
    -13243.365076501026,
    -938.62843824322931,
    -4662.1257294042589
  ],
  "num_iteration": 1000,
  "num_modalities": 4,
  "num_topics": 7,
  "total_liklihood": -32996.956386783
}
