{
  "modality_liklihoods": [
    -14319.313110513989,
    -13262.912088097177,
    -936.58919090898053,
    -4629.0684820160541
  ],
  "num_iteration": 1000,
  "num_modalities": 4,
  "num_topics": 7,
  "total_liklihood": -33147.882871536203
}
