{
  "modality_liklihoods": [
    -13823.789416990407,
    -13287.983751189515,
    -940.39937411796018,
    -4628.1364004322759
  ],
  "num_iteration": 1000,
  "num_modalities": 4,
  "num_topics": 7,
  "total_liklihood": -32680.308942730153
}
