{
  "modality_liklihoods": [
    -13843.55531377312,
    -13279.70551960579,
    -933.24082196808206,
    -4614.9975774471577
  ],
  "num_iteration": 1000,
  "num_modalities": 4,
  "num_topics": 7,
  "total_liklihood": -32671.499232794151
}
