{
  "modality_liklihoods": [
    -13400.03468539101,
    -13250.284520016816,
    -946.40999234608853,
    -4591.2965876232256
  ],
  "num_iteration": 1000,
  "num_modalities": 4,
  "num_topics": 7,
  "total_liklihood": -32188.02578537714
}
