{
  "modality_liklihoods": [
    -14237.999523982953,
    -13243.715080272137,
    -938.47050950051448,
    -4719.2971165623849
  ],
  "num_iteration": 1000,
  "num_modalities": 4,
  "num_topics": 7,
  "total_liklihood": -33139.48223031799
}
