{
  "modality_liklihoods": [
    -13742.173600676308,
    -13288.838129256728,
    -934.38251472494733,
    -4603.8932857380614
  ],
  "num_iteration": 1000,
  "num_modalities": 4,
  "num_topics": 7,
  "total_liklihood": -32569.287530396046
}
