{
  "modality_liklihoods": [
    -14094.226716125047,
    -13286.056502460462,
    -946.8381316545217,
    -4653.8019691330301
  ],
  "num_iteration": 1000,
  "num_modalities": 4,
  "num_topics": 7,
  "total_liklihood": -32980.923319373062
}
