{
  "modality_liklihoods": [
    -13927.838463134402,
    -13244.57711288983,
    -941.00750723345334,
    -4628.2391931359243
  ],
  "num_iteration": 1000,
  "num_modalities": 4,
  "num_topics": 7,
  "total_liklihood": -32741.66227639361
}
