{
  "modality_liklihoods": [
    -13917.916572099206,
    -13278.562852885894,
    -943.02997348242525,
    -4643.8357604020803
  ],
  "num_iteration": 1000,
  "num_modalities": 4,
  "num_topics": 7,
  "total_liklihood": -32783.345158869604
}
