{
  "modality_liklihoods": [
    -14682.883291765951,
    -13236.25921047653,
    -939.09122671021566,
    -4708.5422090123611
  ],
  "num_iteration": 1000,
  "num_modalities": 4,
  "num_topics": 7,
  "total_liklihood": -33566.775937965052
}
