{
  "modality_liklihoods": [
    -13819.28769439493,
    -13276.073449380676,
    -935.18297934942802,
    -4667.1690901347065
  ],
  "num_iteration": 1000,
  "num_modalities": 4,
  "num_topics": 7,
  "total_liklihood": -32697.71321325974
}
