{
  "modality_liklihoods": [
    -14037.391437815455,
    -13246.743057633857,
    -942.96457869390997,
    -4683.6755403632469
  ],
  "num_iteration": 1000,
  "num_modalities": 4,
  "num_topics": 7,
  "total_liklihood": -32910.774614506467
}
