{
  "modality_liklihoods": [
    -14427.207336232834,
    -13241.502348737742,
    -935.92511336532334,
    -4647.4770037689977
  ],
  "num_iteration": 1000,
  "num_modalities": 4,
  "num_topics": 7,
  "total_liklihood": -33252.111802104897
}
