{
  "modality_liklihoods": [
    -15063.336777386259,
    -13242.073653781466,
    -940.62373350116457,
    -4677.7568847553721
  ],
  "num_iteration": 1000,
  "num_modalities": 4,
  "num_topics": 7,
  "total_liklihood": -33923.791049424261
}
