{
  "modality_liklihoods": [
    -14459.304563125646,
    -13222.090472215561,
    -936.39035036401049,
    -4730.6123696473214
  ],
  "num_iteration": 1000,
  "num_modalities": 4,
  "num_topics": 7,
  "total_liklihood": -33348.39775535254
}
