{
  "modality_liklihoods": [
    -12877.597483922915,
    -13250.776076064614,
    -945.90411852685259,
    -4621.4064526510674
  ],
  "num_iteration": 1000,
  "num_modalities": 4,
  "num_topics": 7,
  "total_liklihood": -31695.68413116545
}
