{
  "modality_liklihoods": [
    -13911.518741838587,
    -13225.390202784434,
    -943.92260418815829,
    -4665.2119084770802
  ],
  "num_iteration": 1000,
  "num_modalities": 4,
  "num_topics": 7,
  "total_liklihood": -32746.043457288259
}
