{
  "modality_liklihoods": [
    -14581.652016507111,
    -13302.528361425524,
    -940.32120718308261,
    -4680.618861998445
  ],
  "num_iteration": 1000,
  "num_modalities": 4,
  "num_topics": 7,
  "total_liklihood": -33505.120447114161
}
