{
  "modality_liklihoods": [
    -14323.015601594008,
    -13237.078847125651,
    -934.24425019797764,
    -4660.9425240164946
  ],
  "num_iteration": 1000,
  "num_modalities": 4,
  "num_topics": 7,
  "total_liklihood": -33155.281222934136
}
