{
  "modality_liklihoods": [
    -13979.390780937803,
    -13257.89991729617,
    -939.48974506640525,
    -4668.1704097564316
  ],
  "num_iteration": 1000,
  "num_modalities": 4,
  "num_topics": 7,
  "total_liklihood": -32844.950853056813
}
