{
  "modality_liklihoods": [
    -14493.381503869061,
    -13245.709862465999,
    -938.58654459391448,
    -4598.625614151093
  ],
  "num_iteration": 1000,
  "num_modalities": 4,
  "num_topics": 7,
  "total_liklihood": -33276.303525080068
}
