{
  "modality_liklihoods": [
    -14944.614039718106,
    -13241.617074379043,
    -939.62319623061126,
    -4650.2630698695984
  ],
  "num_iteration": 1000,
  "num_modalities": 4,
  "num_topics": 7,
  "total_liklihood": -33776.117380197364
}
