{
  "modality_liklihoods": [
    -14118.776721885377,
    -13233.383638712385,
    -947.35986708357473,
    -4653.5684277947339
  ],
  "num_iteration": 1000,
  "num_modalities": 4,
  "num_topics": 7,
  "total_liklihood": -32953.088655476073
}
