{
  "modality_liklihoods": [
    -13940.03555915281,
    -13294.414177915409,
    -937.95868486577046,
    -4661.7138697112541
  ],
  "num_iteration": 1000,
  "num_modalities": 4,
  "num_topics": 7,
  "total_liklihood": -32834.122291645246
}
