{
  "modality_liklihoods": [
    -13915.65407118648,
    -13275.185454237146,
    -940.92205210344309,
    -4632.8840030926203
  ],
  "num_iteration": 1000,
  "num_modalities": 4,
  "num_topics": 7,
  "total_liklihood": -32764.64558061969
}
