{
  "modality_liklihoods": [
    -14168.685523297872,
    -13299.394653763076,
    -936.03480200476815,
    -4623.8197327332482
  ],
  "num_iteration": 1000,
  "num_modalities": 4,
  "num_topics": 7,
  "total_liklihood": -33027.93471179896
}
