{
  "modality_liklihoods": [
    -14484.440810759075,
    -13270.039721755285,
    -944.2260183940939,
    -4618.1350419399214
  ],
  "num_iteration": 1000,
  "num_modalities": 4,
  "num_topics": 7,
  "total_liklihood": -33316.841592848374
}
