{
  "modality_liklihoods": [
    -14550.240108306549,
    -13253.415191794822,
    -949.54687055208603,
    -4661.3417591879434
  ],
  "num_iteration": 1000,
  "num_modalities": 4,
  "num_topics": 7,
  "total_liklihood": -33414.543929841398
}
