{
  "modality_liklihoods": [
    -14975.813577223598,
    -13224.697110367764,
    -939.08364825244496,
    -4703.6685385476394
  ],
  "num_iteration": 1000,
  "num_modalities": 4,
  "num_topics": 7,
  "total_liklihood": -33843.262874391447
}
