{
  "modality_liklihoods": [
    -12341.728471192007,
    -13284.68002314329,
    -936.10414065950431,
    -4629.9494486134899
  ],
  "num_iteration": 1000,
  "num_modalities": 4,
  "num_topics": 7,
  "total_liklihood": -31192.46208360829
}
