{
  "modality_liklihoods": [
    -13971.852773484978,
    -13230.800504635063,
    -940.44325000755771,
    -4666.7141707387527
  ],
  "num_iteration": 1000,
  "num_modalities": 4,
  "num_topics": 7,
  "total_liklihood": -32809.810698866349
}
