{
  "modality_liklihoods": [
    -13516.624250815874,
    -13243.915231713308,
    -943.47097249340766,
    -4639.3771601492317
  ],
  "num_iteration": 1000,
  "num_modalities": 4,
  "num_topics": 7,
  "total_liklihood": -32343.387615171821
}
