{
  "modality_liklihoods": [
    -12364.850486860469,
    -13244.411866413731,
    -937.02327400200204,
    -4626.1175782962673
  ],
  "num_iteration": 1000,
  "num_modalities": 4,
  "num_topics": 7,
  "total_liklihood": -31172.403205572471
}
