{
  "modality_liklihoods": [
    -14304.242866209115,
    -13277.41271073132,
    -943.76204081965659,
    -4641.4720411853414
  ],
  "num_iteration": 1000,
  "num_modalities": 4,
  "num_topics": 7,
  "total_liklihood": -33166.889658945438
}
