{
  "modality_liklihoods": [
    -14306.496173345644,
    -13279.678694979762,
    -936.57366605138304,
    -4628.2772535562508
  ],
  "num_iteration": 1000,
  "num_modalities": 4,
  "num_topics": 7,
  "total_liklihood": -33151.025787933038
}
