{
  "modality_liklihoods": [
    -13719.504113284864,
    -13260.345961669804,
    -941.10115350790875,
    -4627.2665603432006
  ],
  "num_iteration": 1000,
  "num_modalities": 4,
  "num_topics": 7,
  "total_liklihood": -32548.217788805774
}
