{
  "modality_liklihoods": [
    -14016.569375156347,
    -13278.413706215202,
    -939.73252682006989,
    -4635.3712192097464
  ],
  "num_iteration": 1000,
  "num_modalities": 4,
  "num_topics": 7,
  "total_liklihood": -32870.086827401363
}
