{
  "modality_liklihoods": [
    -13368.045777432093,
    -13270.162891843924,
    -939.0939093298532,
    -4684.2360906534959
  ],
  "num_iteration": 1000,
  "num_modalities": 4,
  "num_topics": 7,
  "total_liklihood": -32261.538669259367
}
