{
  "modality_liklihoods": [
    -13092.204864577367,
    -13260.3110882125,
    -942.96666388615097,
    -4616.6593979026657
  ],
  "num_iteration": 1000,
  "num_modalities": 4,
  "num_topics": 7,
  "total_liklihood": -31912.142014578683
}
