{
  "modality_liklihoods": [
    -14001.316019247864,
    -13279.251662509174,
    -933.84026475560768,
    -4624.0225580440047
  ],
  "num_iteration": 1000,
  "num_modalities": 4,
  "num_topics": 7,
  "total_liklihood": -32838.430504556651
}
