{
  "modality_liklihoods": [
    -13666.172410419225,
    -13271.1346025736,
    -942.47497296551296,
    -4652.1319895192009
  ],
  "num_iteration": 1000,
  "num_modalities": 4,
  "num_topics": 7,
  "total_liklihood": -32531.913975477539
}
