{
  "modality_liklihoods": [
    -12143.790971700171,
    -13308.072640196482,
    -946.48983855883944,
    -4659.1395579410828
  ],
  "num_iteration": 1000,
  "num_modalities": 4,
  "num_topics": 7,
  "total_liklihood": -31057.493008396574
}
