{
  "modality_liklihoods": [
    -13705.023564872386,
    -13239.827514094655,
    -940.84904411463299,
    -4620.6530246094571
  ],
  "num_iteration": 1000,
  "num_modalities": 4,
  "num_topics": 7,
  "total_liklihood": -32506.35314769113
}
