{
  "modality_liklihoods": [
    -14085.121399613707,
    -13227.743829357431,
    -942.64798537868239,
    -4637.3328954510835
  ],
  "num_iteration": 1000,
  "num_modalities": 4,
  "num_topics": 7,
  "total_liklihood": -32892.846109800907
}
