{
  "modality_liklihoods": [
    -13431.900614349615,
    -13253.646243426645,
    -946.85281627137238,
    -4592.6704224045534
  ],
  "num_iteration": 1000,
  "num_modalities": 4,
  "num_topics": 7,
  "total_liklihood": -32225.070096452186
}
