{
  "modality_liklihoods": [
    -15025.7506017008,
    -13228.471246980325,
    -939.79461965070095,
    -4630.6927663986453
  ],
  "num_iteration": 1000,
  "num_modalities": 4,
  "num_topics": 7,
  "total_liklihood": -33824.709234730472
}
