{
  "modality_liklihoods": [
    -14381.42555506013,
    -13260.042923206554,
    -939.15415572112749,
    -4679.3931170954538
  ],
  "num_iteration": 1000,
  "num_modalities": 4,
  "num_topics": 7,
  "total_liklihood": -33260.015751083265
}
