{
  "modality_liklihoods": [
    -13277.412492983634,
    -13294.655104790336,
    -936.54034441829242,
    -4617.9807085652792
  ],
  "num_iteration": 1000,
  "num_modalities": 4,
  "num_topics": 7,
  "total_liklihood": -32126.588650757541
}
