{
  "modality_liklihoods": [
    -14379.62886344758,
    -13247.519811190778,
    -939.79846188933334,
    -4657.2138468659232
  ],
  "num_iteration": 1000,
  "num_modalities": 4,
  "num_topics": 7,
  "total_liklihood": -33224.160983393616
}
