{
  "modality_liklihoods": [
    -13760.196754151657,
    -13230.0609702206,
    -947.46478503554692,
    -4691.9955756764139
  ],
  "num_iteration": 1000,
  "num_modalities": 4,
  "num_topics": 7,
  "total_liklihood": -32629.718085084216
}
