{
  "modality_liklihoods": [
    -13340.919192044592,
    -13260.637883004383,
    -936.33430769274332,
    -4624.1212958673323
  ],
  "num_iteration": 1000,
  "num_modalities": 4,
  "num_topics": 7,
  "total_liklihood": -32162.012678609051
}
