{
  "modality_liklihoods": [
    -13379.062706241986,
    -13236.09407446797,
    -935.17348158035941,
    -4669.9300743588883
  ],
  "num_iteration": 1000,
  "num_modalities": 4,
  "num_topics": 7,
  "total_liklihood": -32220.260336649204
}
