{
  "modality_liklihoods": [
    -14454.506131855447,
    -13249.40707896246,
    -936.91773470721193,
    -4665.3312682179685
  ],
  "num_iteration": 1000,
  "num_modalities": 4,
  "num_topics": 7,
  "total_liklihood": -33306.16221374309
}
