{
  "modality_liklihoods": [
    -14097.379824997173,
    -13240.377053305501,
    -933.95834329459956,
    -4620.7612907730208
  ],
  "num_iteration": 1000,
  "num_modalities": 4,
  "num_topics": 7,
  "total_liklihood": -32892.476512370289
}
