{
  "modality_liklihoods": [
    -13781.51638992866,
    -13263.12927268288,
    -937.18132693679024,
    -4624.8749947720034
  ],
  "num_iteration": 1000,
  "num_modalities": 4,
  "num_topics": 7,
  "total_liklihood": -32606.701984320331
}
