{
  "modality_liklihoods": [
    -14250.523140019553,
    -13255.32621170898,
    -939.77420622775799,
    -4656.5791514103748
  ],
  "num_iteration": 1000,
  "num_modalities": 4,
  "num_topics": 7,
  "total_liklihood": -33102.202709366662
}
