{
  "modality_liklihoods": [
    -13549.765661335179,
    -13273.2493957433,
    -949.67742282429651,
    -4601.807798625111
  ],
  "num_iteration": 1000,
  "num_modalities": 4,
  "num_topics": 7,
  "total_liklihood": -32374.500278527888
}
