{
  "modality_liklihoods": [
    -13957.635733716324,
    -13328.575922441018,
    -929.9545122936803,
    -4657.2976795839513
  ],
  "num_iteration": 1000,
  "num_modalities": 4,
  "num_topics": 7,
  "total_liklihood": -32873.463848034975
}
