{
  "modality_liklihoods": [
    -14296.057565381749,
    -13270.470812012871,
    -935.1308472383464,
    -4645.434590111734
  ],
  "num_iteration": 1000,
  "num_modalities": 4,
  "num_topics": 7,
  "total_liklihood": -33147.093814744701
}
