{
  "modality_liklihoods": [
    -13534.693267204882,
    -13262.745989609948,
    -939.58686654786106,
    -4642.2711671251982
  ],
  "num_iteration": 1000,
  "num_modalities": 4,
  "num_topics": 7,
  "total_liklihood": -32379.297290487892
}
