{
  "modality_liklihoods": [
    -14003.240729953497,
    -13283.469272682956,
    -945.67099475966768,
    -4684.9357850263568
  ],
  "num_iteration": 1000,
  "num_modalities": 4,
  "num_topics": 7,
  "total_liklihood": -32917.31678242248
}
