{
  "modality_liklihoods": [
    -13703.705785261802,
    -13269.528192156162,
    -937.99765610044142,
    -4633.1795176722426
  ],
  "num_iteration": 1000,
  "num_modalities": 4,
  "num_topics": 7,
  "total_liklihood": -32544.411151190645
}
