{
  "modality_liklihoods": [
    -14513.987441741237,
    -13259.089481478821,
    -939.35166191541759,
    -4688.3846113151913
  ],
  "num_iteration": 1000,
  "num_modalities": 4,
  "num_topics": 7,
  "total_liklihood": -33400.813196450668
}
