{
  "modality_liklihoods": [
    -13983.263941764599,
    -13263.807740609187,
    -936.51288481808263,
    -4638.2203641653341
  ],
  "num_iteration": 1000,
  "num_modalities": 4,
  "num_topics": 7,
  "total_liklihood": -32821.804931357205
}
