{
  "modality_liklihoods": [
    -13894.417106051078,
    -13287.558251078935,
    -937.9440106747976,
    -4629.3780750707674
  ],
  "num_iteration": 1000,
  "num_modalities": 4,
  "num_topics": 7,
  "total_liklihood": -32749.297442875577
}
