{
  "modality_liklihoods": [
    -13836.566414388906,
    -13252.207030036861,
    -938.96435051173603,
    -4683.0586704652651
  ],
  "num_iteration": 1000,
  "num_modalities": 4,
  "num_topics": 7,
  "total_liklihood": -32710.796465402767
}
