{
  "modality_liklihoods": [
    -14252.454334806429,
    -13231.36485719466,
    -945.58321372522687,
    -4648.9287996135172
  ],
  "num_iteration": 1000,
  "num_modalities": 4,
  "num_topics": 7,
  "total_liklihood": -33078.331205339826
}
