{
  "modality_liklihoods": [
    -13661.831036520842,
    -13222.705138216241,
    -946.44485420492697,
    -4669.3189064953585
  ],
  "num_iteration": 1000,
  "num_modalities": 4,
  "num_topics": 7,
  "total_liklihood": -32500.299935437371
}
