{
  "modality_liklihoods": [
    -13864.066508299462,
    -13296.701492975753,
    -937.53726609201738,
    -4625.2894161475961
  ],
  "num_iteration": 1000,
  "num_modalities": 4,
  "num_topics": 7,
  "total_liklihood": -32723.594683514832
}
