{
  "modality_liklihoods": [
    -13402.685402386776,
    -13219.329953104683,
    -943.68230777103122,
    -4714.7436485459166
  ],
  "num_iteration": 1000,
  "num_modalities": 4,
  "num_topics": 7,
  "total_liklihood": -32280.441311808405
}
