{
  "modality_liklihoods": [
    -13282.829406013383,
    -13257.673513626052,
    -941.58512936475597,
    -4639.1915413264614
  ],
  "num_iteration": 1000,
  "num_modalities": 4,
  "num_topics": 7,
  "total_liklihood": -32121.279590330654
}
