{
  "modality_liklihoods": [
    -14409.056832125812,
    -13230.533583863513,
    -946.00960317756301,
    -4635.6419528442484
  ],
  "num_iteration": 1000,
  "num_modalities": 4,
  "num_topics": 7,
  "total_liklihood": -33221.241972011136
}
