{
  "modality_liklihoods": [
    -13497.385013889196,
    -13207.261268502578,
    -942.83047164798245,
    -4645.0726382605362
  ],
  "num_iteration": 1000,
  "num_modalities": 4,
  "num_topics": 7,
  "total_liklihood": -32292.549392300294
}
