{
  "modality_liklihoods": [
    -14522.110924293624,
    -13231.355486691178,
    -942.48433493652499,
    -4729.8786083718205
  ],
  "num_iteration": 1000,
  "num_modalities": 4,
  "num_topics": 7,
  "total_liklihood": -33425.82935429315
}
