{
  "modality_liklihoods": [
    -14300.46073218841,
    -13269.410999362146,
    -941.84798794498931,
    -4609.0613161107203
  ],
  "num_iteration": 1000,
  "num_modalities": 4,
  "num_topics": 7,
  "total_liklihood": -33120.781035606262
}
