{
  "modality_liklihoods": [
    -11707.787619889978,
    -13335.24572051796,
    -941.66421737422888,
    -4624.5917469476053
  ],
  "num_iteration": 1000,
  "num_modalities": 4,
  "num_topics": 7,
  "total_liklihood": -30609.289304729769
}
