{
  "modality_liklihoods": [
    -13939.639074795174,
    -13263.347922595256,
    -939.59610258609837,
    -4674.4051774212985
  ],
  "num_iteration": 1000,
  "num_modalities": 4,
  "num_topics": 7,
  "total_liklihood": -32816.988277397824
}
