{
  "modality_liklihoods": [
    -13469.270414834729,
    -13257.950800984372,
    -945.02299447514724,
    -4639.6676110116568
  ],
  "num_iteration": 1000,
  "num_modalities": 4,
  "num_topics": 7,
  "total_liklihood": -32311.911821305908
}
