{
  "modality_liklihoods": [
    -14337.587037119234,
    -13304.354952880434,
    -936.83009239643661,
    -4648.260120378508
  ],
  "num_iteration": 1000,
  "num_modalities": 4,
  "num_topics": 7,
  "total_liklihood": -33227.032202774615
}
