{
  "modality_liklihoods": [
    -13922.679853759151,
    -13271.663771078929,
    -939.46632257822216,
    -4625.8578106320592
  ],
  "num_iteration": 1000,
  "num_modalities": 4,
  "num_topics": 7,
  "total_liklihood": -32759.667758048363
}
