{
  "modality_liklihoods": [
    -13721.604031846849,
    -13242.29050577425,
    -945.38300209634042,
    -4640.7713709017489
  ],
  "num_iteration": 1000,
  "num_modalities": 4,
  "num_topics": 7,
  "total_liklihood": -32550.048910619185
}
