{
  "modality_liklihoods": [
    -13840.972810834399,
    -13285.731154388362,
    -942.15135100833334,
    -4647.1355677101465
  ],
  "num_iteration": 1000,
  "num_modalities": 4,
  "num_topics": 7,
  "total_liklihood": -32715.990883941242
}
