{
  "modality_liklihoods": [
    -13002.237279447027,
    -13300.384355532806,
    -935.43680777173745,
    -4603.6128620381915
  ],
  "num_iteration": 1000,
  "num_modalities": 4,
  "num_topics": 7,
  "total_liklihood": -31841.671304789765
}
