{
  "modality_liklihoods": [
    -13958.617994379274,
    -13275.836117398374,
    -946.86605964593832,
    -4666.9498806308602
  ],
  "num_iteration": 1000,
  "num_modalities": 4,
  "num_topics": 7,
  "total_liklihood": -32848.270052054446
}
