{
  "modality_liklihoods": [
    -12602.563637585219,
    -13254.537225551281,
    -941.93230880296437,
    -4638.1050662600137
  ],
  "num_iteration": 1000,
  "num_modalities": 4,
  "num_topics": 7,
  "total_liklihood": -31437.138238199477
}
