{
  "modality_liklihoods": [
    -13982.945130178232,
    -13264.199712075851,
    -937.0621776117747,
    -4623.04315263235
  ],
  "num_iteration": 1000,
  "num_modalities": 4,
  "num_topics": 7,
  "total_liklihood": -32807.250172498207
}
