{
  "modality_liklihoods": [
    -14421.803160861991,
    -13276.576431008569,
    -948.67013835708747,
    -4631.4164181194319
  ],
  "num_iteration": 1000,
  "num_modalities": 4,
  "num_topics": 7,
  "total_liklihood": -33278.466148347077
}
