{
  "modality_liklihoods": [
    -13913.989701705483,
    -13246.52834507712,
    -943.88421238946478,
    -4668.9395152057359
  ],
  "num_iteration": 1000,
  "num_modalities": 4,
  "num_topics": 7,
  "total_liklihood": -32773.341774377805
}
