{
  "modality_liklihoods": [
    -14511.623594657322,
    -13243.567565013062,
    -934.01936994568655,
    -4632.7668742072965
  ],
  "num_iteration": 1000,
  "num_modalities": 4,
  "num_topics": 7,
  "total_liklihood": -33321.977403823366
}
