{
  "modality_liklihoods": [
    -13570.168276018263,
    -13230.695329761682,
    -938.86103358663968,
    -4606.2248189008224
  ],
  "num_iteration": 1000,
  "num_modalities": 4,
  "num_topics": 7,
  "total_liklihood": -32345.949458267409
}
