{
  "modality_liklihoods": [
    -14349.003542402485,
    -13280.475758122342,
    -942.57193270884443,
    -4653.7506653249675
  ],
  "num_iteration": 1000,
  "num_modalities": 4,
  "num_topics": 7,
  "total_liklihood": -33225.801898558639
}
