{
  "modality_liklihoods": [
    -14172.075712345715,
    -13227.710622179073,
    -951.40157756002509,
    -4686.7709159571914
  ],
  "num_iteration": 1000,
  "num_modalities": 4,
  "num_topics": 7,
  "total_liklihood": -33037.958828042007
}
