{
  "modality_liklihoods": [
    -14197.075979962279,
    -13246.03372226089,
    -941.94844684621648,
    -4625.5097479154438
  ],
  "num_iteration": 1000,
  "num_modalities": 4,
  "num_topics": 7,
  "total_liklihood": -33010.56789698483
}
