{
  "modality_liklihoods": [
    -13970.266688482705,
    -13247.648941587064,
    -937.64443499892911,
    -4617.8196756478374
  ],
  "num_iteration": 1000,
  "num_modalities": 4,
  "num_topics": 7,
  "total_liklihood": -32773.379740716533
}
