{
  "modality_liklihoods": [
    -13778.684903494755,
    -13225.86930165201,
    -950.40486666278468,
    -4665.7709377927667
  ],
  "num_iteration": 1000,
  "num_modalities": 4,
  "num_topics": 7,
  "total_liklihood": -32620.730009602317
}
