{
  "modality_liklihoods": [
    -13450.383816940863,
    -13258.733021359107,
    -945.54290445806816,
    -4599.043477579813
  ],
  "num_iteration": 1000,
  "num_modalities": 4,
  "num_topics": 7,
  "total_liklihood": -32253.703220337848
}
