{
  "modality_liklihoods": [
    -14054.028430850438,
    -13279.767003185967,
    -941.64371127008678,
    -4693.6157405406457
  ],
  "num_iteration": 1000,
  "num_modalities": 4,
  "num_topics": 7,
  "total_liklihood": -32969.054885847137
}
