{
  "modality_liklihoods": [
    -14025.453676996165,
    -13253.95136666562,
    -939.81942013509683,
    -4679.9502742873101
  ],
  "num_iteration": 1000,
  "num_modalities": 4,
  "num_topics": 7,
  "total_liklihood": -32899.174738084192
}
