{
  "modality_liklihoods": [
    -13964.422315065058,
    -13289.583405005334,
    -937.80321645763206,
    -4630.7645112760529
  ],
  "num_iteration": 1000,
  "num_modalities": 4,
  "num_topics": 7,
  "total_liklihood": -32822.573447804076
}
