{
  "modality_liklihoods": [
    -14455.491046893649,
    -13286.346299531026,
    -939.66254521485882,
    -4649.0009253980679
  ],
  "num_iteration": 1000,
  "num_modalities": 4,
  "num_topics": 7,
  "total_liklihood": -33330.500817037602
}
