{
  "modality_liklihoods": [
    -14141.13890261815,
    -13224.356316725418,
    -935.46814646969653,
    -4657.6533059732883
  ],
  "num_iteration": 1000,
  "num_modalities": 4,
  "num_topics": 7,
  "total_liklihood": -32958.616671786549
}
