{
  "modality_liklihoods": [
    -13998.8605552384,
    -13279.784311300868,
    -942.52330333243003,
    -4655.6851632893167
  ],
  "num_iteration": 1000,
  "num_modalities": 4,
  "num_topics": 7,
  "total_liklihood": -32876.853333161016
}
