{
  "modality_liklihoods": [
    -13628.383060497408,
    -13245.171784725251,
    -941.06527158455981,
    -4649.3250813906143
  ],
  "num_iteration": 1000,
  "num_modalities": 4,
  "num_topics": 7,
  "total_liklihood": -32463.945198197835
}
