{
  "modality_liklihoods": [
    -13762.374299587766,
    -13269.950324596297,
    -935.82718544042507,
    -4643.8583775274965
  ],
  "num_iteration": 1000,
  "num_modalities": 4,
  "num_topics": 7,
  "total_liklihood": -32612.010187151984
}
