{
  "modality_liklihoods": [
    -13991.50194456319,
    -13223.276909137423,
    -943.1486300934987,
    -4629.922929403443
  ],
  "num_iteration": 1000,
  "num_modalities": 4,
  "num_topics": 7,
  "total_liklihood": -32787.850413197557
}
