{
  "modality_liklihoods": [
    -13827.822381313059,
    -13275.562941392292,
    -941.29838968275351,
    -4598.844063157404
  ],
  "num_iteration": 1000,
  "num_modalities": 4,
  "num_topics": 7,
  "total_liklihood": -32643.52777554551
}
