{
  "modality_liklihoods": [
    -13701.843887539932,
    -13286.974074868567,
    -936.24485685268542,
    -4631.8648088047585
  ],
  "num_iteration": 1000,
  "num_modalities": 4,
  "num_topics": 7,
  "total_liklihood": -32556.927628065943
}
