{
  "modality_liklihoods": [
    -13884.438118352682,
    -13251.098386007532,
    -949.88091012059749,
    -4657.9030035240039
  ],
  "num_iteration": 1000,
  "num_modalities": 4,
  "num_topics": 7,
  "total_liklihood": -32743.320418004816
}
