{
  "modality_liklihoods": [
    -13939.311690775101,
    -13304.477648690554,
    -939.75173214037159,
    -4601.3142759954762
  ],
  "num_iteration": 1000,
  "num_modalities": 4,
  "num_topics": 7,
  "total_liklihood": -32784.855347601508
}
