{
  "modality_liklihoods": [
    -13843.239007526374,
    -13256.982767465119,
    -939.06752484019523,
    -4645.7612647902497
  ],
  "num_iteration": 1000,
  "num_modalities": 4,
  "num_topics": 7,
  "total_liklihood": -32685.050564621939
}
