{
  "modality_liklihoods": [
    -14008.868140416791,
    -13248.364373356699,
    -941.77289586693234,
    -4602.3598691740681
  ],
  "num_iteration": 1000,
  "num_modalities": 4,
  "num_topics": 7,
  "total_liklihood": -32801.36527881449
}
