{
  "modality_liklihoods": [
    -13764.572027595897,
    -13291.122910666018,
    -931.83764241755682,
    -4611.9239496876862
  ],
  "num_iteration": 1000,
  "num_modalities": 4,
  "num_topics": 7,
  "total_liklihood": -32599.456530367159
}
