{
  "modality_liklihoods": [
    -13813.497919830968,
    -13249.384592243314,
    -950.90663250814521,
    -4661.4873122988847
  ],
  "num_iteration": 1000,
  "num_modalities": 4,
  "num_topics": 7,
  "total_liklihood": -32675.276456881315
}
