{
  "modality_liklihoods": [
    -14193.13742275947,
    -13294.7483629405,
    -943.92252229343001,
    -4685.2266214218162
  ],
  "num_iteration": 1000,
  "num_modalities": 4,
  "num_topics": 7,
  "total_liklihood": -33117.034929415211
}
