{
  "modality_liklihoods": [
    -13488.401439104611,
    -13258.957398646187,
    -942.52459505640934,
    -4658.4201445311392
  ],
  "num_iteration": 1000,
  "num_modalities": 4,
  "num_topics": 7,
  "total_liklihood": -32348.303577338345
}
