{
  "modality_liklihoods": [
    -13392.263733280766,
    -13268.550331087954,
    -938.01516611364491,
    -4614.5264990534415
  ],
  "num_iteration": 1000,
  "num_modalities": 4,
  "num_topics": 7,
  "total_liklihood": -32213.355729535808
}
