{
  "modality_liklihoods": [
    -14027.10858550462,
    -13271.222069450514,
    -939.75848574295821,
    -4593.1555160193002
  ],
  "num_iteration": 1000,
  "num_modalities": 4,
  "num_topics": 7,
  "total_liklihood": -32831.24465671739
}
