{
  "modality_liklihoods": [
    -13786.254114075828,
    -13244.380267867833,
    -941.52070840633007,
    -4657.1617795016837
  ],
  "num_iteration": 1000,
  "num_modalities": 4,
  "num_topics": 7,
  "total_liklihood": -32629.316869851671
}
