{
  "modality_liklihoods": [
    -13907.590275714732,
    -13289.81868703102,
    -943.48193392766109,
    -4615.8080018352048
  ],
  "num_iteration": 1000,
  "num_modalities": 4,
  "num_topics": 7,
  "total_liklihood": -32756.698898508617
}
