{
  "modality_liklihoods": [
    -13784.218203724487,
    -13272.58653609823,
    -935.3851860537136,
    -4630.1644258091192
  ],
  "num_iteration": 1000,
  "num_modalities": 4,
  "num_topics": 7,
  "total_liklihood": -32622.35435168555
}
