{
  "modality_liklihoods": [
    -13883.701769589614,
    -13296.910283477593,
    -936.45639263876421,
    -4630.3555234910727
  ],
  "num_iteration": 1000,
  "num_modalities": 4,
  "num_topics": 7,
  "total_liklihood": -32747.423969197043
}
