{
  "modality_liklihoods": [
    -13611.177586241047,
    -13238.524666657824,
    -938.30145731145694,
    -4663.536957900892
  ],
  "num_iteration": 1000,
  "num_modalities": 4,
  "num_topics": 7,
  "total_liklihood": -32451.540668111218
}
