{
  "modality_liklihoods": [
    -13977.441763339144,
    -13275.412277302898,
    -941.72469137313192,
    -4661.6453969831182
  ],
  "num_iteration": 1000,
  "num_modalities": 4,
  "num_topics": 7,
  "total_liklihood": -32856.224128998292
}
