{
  "modality_liklihoods": [
    -13668.452856304846,
    -13301.204072923851,
    -943.08226973337048,
    -4627.3172103889301
  ],
  "num_iteration": 1000,
  "num_modalities": 4,
  "num_topics": 7,
  "total_liklihood": -32540.056409350997
}
