{
  "modality_liklihoods": [
    -13909.696726031825,
    -13256.827112872472,
    -939.63360497715212,
    -4621.4034331399143
  ],
  "num_iteration": 1000,
  "num_modalities": 4,
  "num_topics": 7,
  "total_liklihood": -32727.560877021366
}
