{
  "modality_liklihoods": [
    -13983.049559134504,
    -13267.906443037655,
    -939.6597491234221,
    -4688.5513118419685
  ],
  "num_iteration": 1000,
  "num_modalities": 4,
  "num_topics": 7,
  "total_liklihood": -32879.167063137545
}
