{
  "modality_liklihoods": [
    -14089.11668155943,
    -13266.861346019781,
    -937.89596060395934,
    -4642.7430278117308
  ],
  "num_iteration": 1000,
  "num_modalities": 4,
  "num_topics": 7,
  "total_liklihood": -32936.617015994903
}
