{
  "modality_liklihoods": [
    -14957.73876815432,
    -13216.369582487683,
    -930.72879720443825,
    -4636.2911865471406
  ],
  "num_iteration": 1000,
  "num_modalities": 4,
  "num_topics": 7,
  "total_liklihood": -33741.128334393587
}
