{
  "modality_liklihoods": [
    -13258.138195535794,
    -13264.268593507242,
    -946.26173282828904,
    -4634.4314245828364
  ],
  "num_iteration": 1000,
  "num_modalities": 4,
  "num_topics": 7,
  "total_liklihood": -32103.099946454164
}
