{
  "modality_liklihoods": [
    -13747.89551875353,
    -13254.741728620862,
    -936.24690088708871,
    -4631.189834292768
  ],
  "num_iteration": 1000,
  "num_modalities": 4,
  "num_topics": 7,
  "total_liklihood": -32570.073982554248
}
