{
  "modality_liklihoods": [
    -14530.877508610723,
    -13293.572463684404,
    -936.72588130961969,
    -4637.9123817238897
  ],
  "num_iteration": 1000,
  "num_modalities": 4,
  "num_topics": 7,
  "total_liklihood": -33399.088235328636
}
