{
  "modality_liklihoods": [
    -13981.59798205269,
    -13298.559592290601,
    -936.00233272415676,
    -4626.7515213794904
  ],
  "num_iteration": 1000,
  "num_modalities": 4,
  "num_topics": 7,
  "total_liklihood": -32842.91142844694
}
