{
  "modality_liklihoods": [
    -14401.216177674205,
    -13243.326809858381,
    -935.9386258325859,
    -4637.9170781787143
  ],
  "num_iteration": 1000,
  "num_modalities": 4,
  "num_topics": 7,
  "total_liklihood": -33218.398691543887
}
