{
  "modality_liklihoods": [
    -13362.26578186157,
    -13218.224892136392,
    -938.55613153496336,
    -4698.4104473775415
  ],
  "num_iteration": 1000,
  "num_modalities": 4,
  "num_topics": 7,
  "total_liklihood": -32217.457252910466
}
