{
  "modality_liklihoods": [
    -13291.726870631181,
    -13272.549901962155,
    -936.08105385520628,
    -4622.7133809854595
  ],
  "num_iteration": 1000,
  "num_modalities": 4,
  "num_topics": 7,
  "total_liklihood": -32123.071207434004
}
