{
  "modality_liklihoods": [
    -14304.312569932175,
    -13311.402858167819,
    -937.84708975853516,
    -4635.7296989693605
  ],
  "num_iteration": 1000,
  "num_modalities": 4,
  "num_topics": 7,
  "total_liklihood": -33189.292216827889
}
