{
  "modality_liklihoods": [
    -14792.892411937481,
    -13226.203963938573,
    -941.46086084100489,
    -4674.8740119554504
  ],
  "num_iteration": 1000,
  "num_modalities": 4,
  "num_topics": 7,
  "total_liklihood": -33635.43124867251
}
