{
  "modality_liklihoods": [
    -12969.805202915328,
    -13249.988994068794,
    -942.98875033079912,
    -4628.9774779796599
  ],
  "num_iteration": 1000,
  "num_modalities": 4,
  "num_topics": 7,
  "total_liklihood": -31791.760425294578
}
