{
  "modality_liklihoods": [
    -13810.983684382807,
    -13225.816170398812,
    -946.5405845892177,
    -4673.7175629407666
  ],
  "num_iteration": 1000,
  "num_modalities": 4,
  "num_topics": 7,
  "total_liklihood": -32657.058002311598
}
