{
  "modality_liklihoods": [
    -13355.537348745587,
    -13246.322613613251,
    -941.27853305419694,
    -4641.2557431841724
  ],
  "num_iteration": 1000,
  "num_modalities": 4,
  "num_topics": 7,
  "total_liklihood": -32184.394238597204
}
