{
  "modality_liklihoods": [
    -14061.540098981346,
    -13246.420676441356,
    -940.02364495896609,
    -4631.8417892468851
  ],
  "num_iteration": 1000,
  "num_modalities": 4,
  "num_topics": 7,
  "total_liklihood": -32879.826209628554
}
