{
  "modality_liklihoods": [
    -14463.869189264708,
    -13300.577439189823,
    -939.31703018364328,
    -4632.3141101871679
  ],
  "num_iteration": 1000,
  "num_modalities": 4,
  "num_topics": 7,
  "total_liklihood": -33336.077768825344
}
