{
  "modality_liklihoods": [
    -13896.0384771345,
    -13266.625009312449,
    -934.42970378472751,
    -4626.6463260482478
  ],
  "num_iteration": 1000,
  "num_modalities": 4,
  "num_topics": 7,
  "total_liklihood": -32723.739516279926
}
