{
  "modality_liklihoods": [
    -13519.46310190469,
    -13252.869402197035,
    -944.56984186788986,
    -4643.1302919502341
  ],
  "num_iteration": 1000,
  "num_modalities": 4,
  "num_topics": 7,
  "total_liklihood": -32360.032637919849
}
