{
  "modality_liklihoods": [
    -13961.889750712015,
    -13214.1999843872,
    -931.7527596757817,
    -4649.940067398732
  ],
  "num_iteration": 1000,
  "num_modalities": 4,
  "num_topics": 7,
  "total_liklihood": -32757.782562173732
}
