{
  "modality_liklihoods": [
    -14379.304722986981,
    -13234.602357844184,
    -945.98201620918439,
    -4625.2680519537262
  ],
  "num_iteration": 1000,
  "num_modalities": 4,
  "num_topics": 7,
  "total_liklihood": -33185.157148994076
}
