{
  "modality_liklihoods": [
    -14057.503976786915,
    -13271.173010494245,
    -941.95273943262066,
    -4644.8235472915194
  ],
  "num_iteration": 1000,
  "num_modalities": 4,
  "num_topics": 7,
  "total_liklihood": -32915.453274005304
}
