{
  "modality_liklihoods": [
    -13834.490543640539,
    -13275.757046366572,
    -945.27325818092288,
    -4634.345153707457
  ],
  "num_iteration": 1000,
  "num_modalities": 4,
  "num_topics": 7,
  "total_liklihood": -32689.866001895491
}
