{
  "modality_liklihoods": [
    -13668.931200804689,
    -13308.095049354244,
    -941.0237585887736,
    -4627.6669648720545
  ],
  "num_iteration": 1000,
  "num_modalities": 4,
  "num_topics": 7,
  "total_liklihood": -32545.716973619761
}
