{
  "modality_liklihoods": [
    -13947.320284599908,
    -13276.892860094946,
    -941.4445275641973,
    -4666.028327862231
  ],
  "num_iteration": 1000,
  "num_modalities": 4,
  "num_topics": 7,
  "total_liklihood": -32831.686000121284
}
