{
  "modality_liklihoods": [
    -13930.145532605193,
    -13225.11913821417,
    -943.44665604526199,
    -4672.0958244918056
  ],
  "num_iteration": 1000,
  "num_modalities": 4,
  "num_topics": 7,
  "total_liklihood": -32770.807151356435
}
