{
  "modality_liklihoods": [
    -13763.616574903488,
    -13265.392484001448,
    -941.0237819907934,
    -4665.394286227659
  ],
  "num_iteration": 1000,
  "num_modalities": 4,
  "num_topics": 7,
  "total_liklihood": -32635.427127123388
}
