{
  "modality_liklihoods": [
    -14397.511459640042,
    -13255.532087426918,
    -938.45006619448702,
    -4740.0010420937806
  ],
  "num_iteration": 1000,
  "num_modalities": 4,
  "num_topics": 7,
  "total_liklihood": -33331.494655355229
}
