{
  "modality_liklihoods": [
    -13531.607472424988,
    -13215.624813475109,
    -944.95095845218464,
    -4603.1082438572303
  ],
  "num_iteration": 1000,
  "num_modalities": 4,
  "num_topics": 7,
  "total_liklihood": -32295.291488209514
}
