{
  "modality_liklihoods": [
    -14019.431696764696,
    -13302.829253706794,
    -939.59161614321829,
    -4604.9931944680275
  ],
  "num_iteration": 1000,
  "num_modalities": 4,
  "num_topics": 7,
  "total_liklihood": -32866.845761082732
}
