{
  "modality_liklihoods": [
    -12766.765488032677,
    -13313.299429408882,
    -944.12491111224097,
    -4632.9325071269905
  ],
  "num_iteration": 1000,
  "num_modalities": 4,
  "num_topics": 7,
  "total_liklihood": -31657.12233568079
}
