{
  "modality_liklihoods": [
    -13931.868403336164,
    -13254.478076971704,
    -938.94919136618512,
    -4681.0431024564932
  ],
  "num_iteration": 1000,
  "num_modalities": 4,
  "num_topics": 7,
  "total_liklihood": -32806.338774130549
}
