{
  "modality_liklihoods": [
    -14331.854208622401,
    -13291.225579796826,
    -937.21554165006535,
    -4632.2263488191693
  ],
  "num_iteration": 1000,
  "num_modalities": 4,
  "num_topics": 7,
  "total_liklihood": -33192.521678888465
}
