{
  "modality_liklihoods": [
    -13664.780776208716,
    -13243.669060884724,
    -944.18428976439475,
    -4689.9757111679774
  ],
  "num_iteration": 1000,
  "num_modalities": 4,
  "num_topics": 7,
  "total_liklihood": -32542.609838025812
}
