{
  "modality_liklihoods": [
    -13852.056905658375,
    -13285.930663726842,
    -943.39902928900233,
    -4620.979217965617
  ],
  "num_iteration": 1000,
  "num_modalities": 4,
  "num_topics": 7,
  "total_liklihood": -32702.365816639835
}
