{
  "modality_liklihoods": [
    -13854.853454695414,
    -13252.883079787583,
    -937.04004859814847,
    -4634.8329312617507
  ],
  "num_iteration": 1000,
  "num_modalities": 4,
  "num_topics": 7,
  "total_liklihood": -32679.609514342894
}
