{
  "modality_liklihoods": [
    -12922.820367508386,
    -13278.221715795,
    -943.09913298446907,
    -4652.7311379043558
  ],
  "num_iteration": 1000,
  "num_modalities": 4,
  "num_topics": 7,
  "total_liklihood": -31796.872354192212
}
