{
  "modality_liklihoods": [
    -13691.106868152034,
    -13283.882966109408,
    -935.15599138690936,
    -4612.5211822981655
  ],
  "num_iteration": 1000,
  "num_modalities": 4,
  "num_topics": 7,
  "total_liklihood": -32522.667007946515
}
