{
  "modality_liklihoods": [
    -13377.515250087281,
    -13234.905782327576,
    -937.32126942521847,
    -4619.8844865908313
  ],
  "num_iteration": 1000,
  "num_modalities": 4,
  "num_topics": 7,
  "total_liklihood": -32169.626788430909
}
