{
  "modality_liklihoods": [
    -13720.079052748199,
    -13192.892295844922,
    -944.16826901137745,
    -4731.7341293835998
  ],
  "num_iteration": 1000,
  "num_modalities": 4,
  "num_topics": 7,
  "total_liklihood": -32588.873746988098
}
