{
  "modality_liklihoods": [
    -13526.190641525349,
    -13302.724794222189,
    -938.06932435254123,
    -4606.3110996523674
  ],
  "num_iteration": 1000,
  "num_modalities": 4,
  "num_topics": 7,
  "total_liklihood": -32373.295859752448
}
