{
  "modality_liklihoods": [
    -13871.054892249713,
    -13222.80196606621,
    -942.12312872631378,
    -4635.9908523704134
  ],
  "num_iteration": 1000,
  "num_modalities": 4,
  "num_topics": 7,
  "total_liklihood": -32671.97083941265
}
