{
  "modality_liklihoods": [
    -14219.779810396634,
    -13264.674990147008,
    -938.9851641759609,
    -4765.6009741677353
  ],
  "num_iteration": 1000,
  "num_modalities": 4,
  "num_topics": 7,
  "total_liklihood": -33189.040938887338
}
