{
  "modality_liklihoods": [
    -13891.775600654892,
    -13245.318464635022,
    -938.68569269578518,
    -4692.9865525822961
  ],
  "num_iteration": 1000,
  "num_modalities": 4,
  "num_topics": 7,
  "total_liklihood": -32768.766310567997
}
