{
  "modality_liklihoods": [
    -13966.854036242905,
    -13285.855242781374,
    -936.78385229239348,
    -4637.5361237421193
  ],
  "num_iteration": 1000,
  "num_modalities": 4,
  "num_topics": 7,
  "total_liklihood": -32827.029255058791
}
