{
  "modality_liklihoods": [
    -13977.093841801738,
    -13241.091241688726,
    -938.66982945014001,
    -4665.9910352336774
  ],
  "num_iteration": 1000,
  "num_modalities": 4,
  "num_topics": 7,
  "total_liklihood": -32822.845948174276
}
