{
  "modality_liklihoods": [
    -14385.584755114605,
    -13242.120068004695,
    -938.66556257167633,
    -4738.7983914066763
  ],
  "num_iteration": 1000,
  "num_modalities": 4,
  "num_topics": 7,
  "total_liklihood": -33305.168777097657
}
