{
  "modality_liklihoods": [
    -13503.022861491598,
    -13243.121571802238,
    -945.23044759417564,
    -4653.1530857087319
  ],
  "num_iteration": 1000,
  "num_modalities": 4,
  "num_topics": 7,
  "total_liklihood": -32344.527966596739
}
