{
  "modality_liklihoods": [
    -13473.885524142688,
    -13276.718365743733,
    -942.4589186802616,
    -4632.6947960745138
  ],
  "num_iteration": 1000,
  "num_modalities": 4,
  "num_topics": 7,
  "total_liklihood": -32325.757604641196
}
