{
  "modality_liklihoods": [
    -13357.101742689218,
    -13266.788042099612,
    -942.00591421947331,
    -4646.2247290180012
  ],
  "num_iteration": 1000,
  "num_modalities": 4,
  "num_topics": 7,
  "total_liklihood": -32212.120428026305
}
