{
  "modality_liklihoods": [
    -14294.737319647109,
    -13189.07637002197,
    -937.73670676682434,
    -4703.1360625689576
  ],
  "num_iteration": 1000,
  "num_modalities": 4,
  "num_topics": 7,
  "total_liklihood": -33124.686459004857
}
