{
  "modality_liklihoods": [
    -13651.92227231267,
    -13301.568238547145,
    -932.33128131720252,
    -4637.6096450739888
  ],
  "num_iteration": 1000,
  "num_modalities": 4,
  "num_topics": 7,
  "total_liklihood": -32523.431437251005
}
