{
  "modality_liklihoods": [
    -13940.762938639957,
    -13287.517650247821,
    -936.85710120116437,
    -4579.7937264839748
  ],
  "num_iteration": 1000,
  "num_modalities": 4,
  "num_topics": 7,
  "total_liklihood": -32744.931416572916
}
