{
  "modality_liklihoods": [
    -14416.043469405884,
    -13267.957000526829,
    -939.88549196570284,
    -4592.8048657094905
  ],
  "num_iteration": 1000,
  "num_modalities": 4,
  "num_topics": 7,
  "total_liklihood": -33216.690827607905
}
