{
  "modality_liklihoods": [
    -14610.063613369306,
    -13283.267365204325,
    -941.67583208251335,
    -4603.4878005842884
  ],
  "num_iteration": 1000,
  "num_modalities": 4,
  "num_topics": 7,
  "total_liklihood": -33438.494611240436
}
