{
  "modality_liklihoods": [
    -13733.394029076368,
    -13279.811431985385,
    -942.92359780537481,
    -4626.2427089821449
  ],
  "num_iteration": 1000,
  "num_modalities": 4,
  "num_topics": 7,
  "total_liklihood": -32582.371767849269
}
