{
  "modality_liklihoods": [
    -13715.785247717266,
    -13280.189040528374,
    -941.81613140998127,
    -4625.1918783112205
  ],
  "num_iteration": 1000,
  "num_modalities": 4,
  "num_topics": 7,
  "total_liklihood": -32562.982297966842
}
