{
  "modality_liklihoods": [
    -13946.227550928797,
    -13292.681190400695,
    -934.90076449538788,
    -4599.4957634043085
  ],
  "num_iteration": 1000,
  "num_modalities": 4,
  "num_topics": 7,
  "total_liklihood": -32773.305269229189
}
