{
  "modality_liklihoods": [
    -14152.16865664682,
    -13248.940636513671,
    -933.80252180838568,
    -4677.9279256914997
  ],
  "num_iteration": 1000,
  "num_modalities": 4,
  "num_topics": 7,
  "total_liklihood": -33012.839740660376
}
