{
  "modality_liklihoods": [
    -14067.34571137163,
    -13256.098827040441,
    -938.95105487288095,
    -4630.788201116743
  ],
  "num_iteration": 1000,
  "num_modalities": 4,
  "num_topics": 7,
  "total_liklihood": -32893.183794401695
}
