{
  "modality_liklihoods": [
    -13828.715921872548,
    -13261.189762111891,
    -933.22955546865296,
    -4622.5233880438
  ],
  "num_iteration": 1000,
  "num_modalities": 4,
  "num_topics": 7,
  "total_liklihood": -32645.658627496894
}
