{
  "modality_liklihoods": [
    -14140.458318187457,
    -13238.254877471276,
    -948.01222229271548,
    -4645.8260248751476
  ],
  "num_iteration": 1000,
  "num_modalities": 4,
  "num_topics": 7,
  "total_liklihood": -32972.551442826596
}
