{
  "modality_liklihoods": [
    -13946.241871717892,
    -13289.91369793609,
    -934.9003878599284,
    -4641.4836168193724
  ],
  "num_iteration": 1000,
  "num_modalities": 4,
  "num_topics": 7,
  "total_liklihood": -32812.539574333277
}
