{
  "modality_liklihoods": [
    -13935.727184514977,
    -13257.336215309751,
    -935.37023519166644,
    -4676.6074701204507
  ],
  "num_iteration": 1000,
  "num_modalities": 4,
  "num_topics": 7,
  "total_liklihood": -32805.041105136843
}
