{
  "modality_liklihoods": [
    -13481.169309168099,
    -13292.138585981402,
    -941.15732300668276,
    -4614.7613865640806
  ],
  "num_iteration": 1000,
  "num_modalities": 4,
  "num_topics": 7,
  "total_liklihood": -32329.226604720265
}
