{
  "modality_liklihoods": [
    -13263.167143452314,
    -13261.512033629679,
    -941.54026524782512,
    -4672.1280388870355
  ],
  "num_iteration": 1000,
  "num_modalities": 4,
  "num_topics": 7,
  "total_liklihood": -32138.347481216853
}
