{
  "modality_liklihoods": [
    -14242.151062142959,
    -13266.414924451388,
    -935.60097683203571,
    -4635.711248982464
  ],
  "num_iteration": 1000,
  "num_modalities": 4,
  "num_topics": 7,
  "total_liklihood": -33079.878212408847
}
