{
  "modality_liklihoods": [
    -13964.509773566875,
    -13238.327196144373,
    -935.69594289526458,
    -4646.0504644568218
  ],
  "num_iteration": 1000,
  "num_modalities": 4,
  "num_topics": 7,
  "total_liklihood": -32784.58337706334
}
