{
  "modality_liklihoods": [
    -14099.363265863056,
    -13308.675590521603,
    -937.12910009453321,
    -4606.0507899889235
  ],
  "num_iteration": 1000,
  "num_modalities": 4,
  "num_topics": 7,
  "total_liklihood": -32951.218746468119
}
