{
  "modality_liklihoods": [
    -14310.412565251674,
    -13259.389357124699,
    -936.59227993654008,
    -4661.3109071770132
  ],
  "num_iteration": 1000,
  "num_modalities": 4,
  "num_topics": 7,
  "total_liklihood": -33167.705109489929
}
