{
  "modality_liklihoods": [
    -13962.545193897755,
    -13260.485806930054,
    -935.81955196937929,
    -4674.8463766682544
  ],
  "num_iteration": 1000,
  "num_modalities": 4,
  "num_topics": 7,
  "total_liklihood": -32833.696929465441
}
