{
  "modality_liklihoods": [
    -11557.994954242791,
    -13256.46328740916,
    -937.36180110407054,
    -4658.7029977462962
  ],
  "num_iteration": 1000,
  "num_modalities": 4,
  "num_topics": 7,
  "total_liklihood": -30410.523040502318
}
