{
  "modality_liklihoods": [
    -14684.196245580511,
    -13236.384988036902,
    -938.87332552087321,
    -4667.5998549868564
  ],
  "num_iteration": 1000,
  "num_modalities": 4,
  "num_topics": 7,
  "total_liklihood": -33527.054414125145
}
