{
  "modality_liklihoods": [
    -14259.605157317046,
    -13269.598716129387,
    -932.10304383974938,
    -4564.8501433450847
  ],
  "num_iteration": 1000,
  "num_modalities": 4,
  "num_topics": 7,
  "total_liklihood": -33026.157060631267
}
