{
  "modality_liklihoods": [
    -14092.191701332427,
    -13266.013128443523,
    -940.31114438018017,
    -4706.2034891764251
  ],
  "num_iteration": 1000,
  "num_modalities": 4,
  "num_topics": 7,
  "total_liklihood": -33004.719463332556
}
