{
  "modality_liklihoods": [
    -13986.311254711287,
    -13251.298199634859,
    -937.60365601460649,
    -4658.5120916298438
  ],
  "num_iteration": 1000,
  "num_modalities": 4,
  "num_topics": 7,
  "total_liklihood": -32833.725201990594
}
