{
  "modality_liklihoods": [
    -14495.240382810931,
    -13290.977470910642,
    -944.03695606071199,
    -4658.262115863884
  ],
  "num_iteration": 1000,
  "num_modalities": 4,
  "num_topics": 7,
  "total_liklihood": -33388.516925646167
}
