{
  "modality_liklihoods": [
    -14281.463879529281,
    -13311.572915085417,
    -943.41693314800114,
    -4678.6969083305503
  ],
  "num_iteration": 1000,
  "num_modalities": 4,
  "num_topics": 7,
  "total_liklihood": -33215.150636093247
}
