{
  "modality_liklihoods": [
    -13419.907817202489,
    -13309.814639459739,
    -943.57386816104702,
    -4641.4757393649525
  ],
  "num_iteration": 1000,
  "num_modalities": 4,
  "num_topics": 7,
  "total_liklihood": -32314.772064188226
}
