{
  "modality_liklihoods": [
    -14099.548247917051,
    -13255.567070546236,
    -941.62719944958724,
    -4641.2262219389513
  ],
  "num_iteration": 1000,
  "num_modalities": 4,
  "num_topics": 7,
  "total_liklihood": -32937.968739851822
}
