{
  "modality_liklihoods": [
    -13941.936736664768,
    -13280.26803679305,
    -937.59797198543981,
    -4657.406940812486
  ],
  "num_iteration": 1000,
  "num_modalities": 4,
  "num_topics": 7,
  "total_liklihood": -32817.209686255745
}
