{
  "modality_liklihoods": [
    -14677.881008331669,
    -13210.229087433765,
    -941.55153095452874,
    -4662.8191649195542
  ],
  "num_iteration": 1000,
  "num_modalities": 4,
  "num_topics": 7,
  "total_liklihood": -33492.480791639522
}
