{
  "modality_liklihoods": [
    -14275.269771425152,
    -13170.95934666064,
    -937.56561392710739,
    -4689.6076775587926
  ],
  "num_iteration": 1000,
  "num_modalities": 4,
  "num_topics": 7,
  "total_liklihood": -33073.402409571696
}
