{
  "modality_liklihoods": [
    -14416.039876885076,
    -13268.675313814343,
    -936.1550003575004,
    -4604.5412135146826
  ],
  "num_iteration": 1000,
  "num_modalities": 4,
  "num_topics": 7,
  "total_liklihood": -33225.411404571598
}
