{
  "modality_liklihoods": [
    -14043.442277834931,
    -13249.781113231225,
    -939.80301545731834,
    -4637.780018216632
  ],
  "num_iteration": 1000,
  "num_modalities": 4,
  "num_topics": 7,
  "total_liklihood": -32870.806424740105
}
