{
  "modality_liklihoods": [
    -15066.311900238123,
    -13226.652199285041,
    -941.3703501465659,
    -4649.0962859478823
  ],
  "num_iteration": 1000,
  "num_modalities": 4,
  "num_topics": 7,
  "total_liklihood": -33883.430735617614
}
