{
  "modality_liklihoods": [
    -13438.955542916225,
    -13274.919870102227,
    -941.08835865350636,
    -4595.0377606535458
  ],
  "num_iteration": 1000,
  "num_modalities": 4,
  "num_topics": 7,
  "total_liklihood": -32250.001532325507
}
