{
  "modality_liklihoods": [
    -14220.894828011511,
    -13286.149262461413,
    -934.13257127770123,
    -4609.409217561818
  ],
  "num_iteration": 1000,
  "num_modalities": 4,
  "num_topics": 7,
  "total_liklihood": -33050.585879312443
}
