{
  "modality_liklihoods": [
    -14065.945674104916,
    -13228.492350039511,
    -942.93851856990307,
    -4743.0715576415787
  ],
  "num_iteration": 1000,
  "num_modalities": 4,
  "num_topics": 7,
  "total_liklihood": -32980.448100355905
}
