{
  "modality_liklihoods": [
    -14211.039667665536,
    -13236.412847971924,
    -939.20603236080569,
    -4719.578244907837
  ],
  "num_iteration": 1000,
  "num_modalities": 4,
  "num_topics": 7,
  "total_liklihood": -33106.2367929061
}
