{
  "modality_liklihoods": [
    -13349.711464999609,
    -13276.4913402353,
    -944.88794741206277,
    -4644.9139861275917
  ],
  "num_iteration": 1000,
  "num_modalities": 4,
  "num_topics": 7,
  "total_liklihood": -32216.004738774562
}
