{
  "modality_liklihoods": [
    -11326.180432370353,
    -13228.51567400054,
    -940.97280074421644,
    -4682.8775062792738
  ],
  "num_iteration": 1000,
  "num_modalities": 4,
  "num_topics": 7,
  "total_liklihood": -30178.546413394386
}
