{
  "modality_liklihoods": [
    -14343.952004336898,
    -13251.772145781475,
    -940.96062198324262,
    -4615.8220223213839
  ],
  "num_iteration": 1000,
  "num_modalities": 4,
  "num_topics": 7,
  "total_liklihood": -33152.506794423003
}
