{
  "modality_liklihoods": [
    -13560.904675263144,
    -13238.525858254978,
    -935.53425209864599,
    -4641.3994467655202
  ],
  "num_iteration": 1000,
  "num_modalities": 4,
  "num_topics": 7,
  "total_liklihood": -32376.364232382286
}
