{
  "modality_liklihoods": [
    -14049.313824445131,
    -13273.238182496108,
    -942.51218394083207,
    -4689.6760013660069
  ],
  "num_iteration": 1000,
  "num_modalities": 4,
  "num_topics": 7,
  "total_liklihood": -32954.740192248079
}
