{
  "modality_liklihoods": [
    -13385.773931684607,
    -13294.022165588942,
    -937.86989757648234,
    -4637.6061450512079
  ],
  "num_iteration": 1000,
  "num_modalities": 4,
  "num_topics": 7,
  "total_liklihood": -32255.272139901237
}
