{
  "modality_liklihoods": [
    -13493.915184669051,
    -13250.039613976191,
    -940.33612271589732,
    -4663.1208833767814
  ],
  "num_iteration": 1000,
  "num_modalities": 4,
  "num_topics": 7,
  "total_liklihood": -32347.41180473792
}
