{
  "modality_liklihoods": [
    -13068.694500163845,
    -13268.459949145199,
    -940.47378217754965,
    -4605.1082356252928
  ],
  "num_iteration": 1000,
  "num_modalities": 4,
  "num_topics": 7,
  "total_liklihood": -31882.736467111885
}
