{
  "modality_liklihoods": [
    -13719.917681981517,
    -13218.548929486056,
    -944.81257620138342,
    -4678.1842608025418
  ],
  "num_iteration": 1000,
  "num_modalities": 4,
  "num_topics": 7,
  "total_liklihood": -32561.463448471499
}
