{
  "modality_liklihoods": [
    -14166.233277818907,
    -13335.872997517308,
    -941.72178552602429,
    -4658.3943491102609
  ],
  "num_iteration": 1000,
  "num_modalities": 4,
  "num_topics": 7,
  "total_liklihood": -33102.222409972499
}
