{
  "modality_liklihoods": [
    -12583.072254056591,
    -13271.033418409223,
    -942.08259167012443,
    -4679.123094082388
  ],
  "num_iteration": 1000,
  "num_modalities": 4,
  "num_topics": 7,
  "total_liklihood": -31475.311358218325
}
