{
  "modality_liklihoods": [
    -14078.53450938961,
    -13279.28698722021,
    -946.44622231103051,
    -4641.4811886907137
  ],
  "num_iteration": 1000,
  "num_modalities": 4,
  "num_topics": 7,
  "total_liklihood": -32945.748907611567
}
