{
  "modality_liklihoods": [
    -14068.326374433664,
    -13242.498978757685,
    -940.4145435824239,
    -4638.8443214151675
  ],
  "num_iteration": 1000,
  "num_modalities": 4,
  "num_topics": 7,
  "total_liklihood": -32890.084218188946
}
