{
  "modality_liklihoods": [
    -14394.177928110299,
    -13244.413859707538,
    -942.73201995518332,
    -4598.0565523293299
  ],
  "num_iteration": 1000,
  "num_modalities": 4,
  "num_topics": 7,
  "total_liklihood": -33179.380360102354
}
