{
  "modality_liklihoods": [
    -13885.950309928778,
    -13262.226444465812,
    -943.29454031770376,
    -4679.0697377099996
  ],
  "num_iteration": 1000,
  "num_modalities": 4,
  "num_topics": 7,
  "total_liklihood": -32770.54103242229
}
