{
  "modality_liklihoods": [
    -13176.610914200557,
    -13278.512049084211,
    -937.66229377049831,
    -4633.6971369210332
  ],
  "num_iteration": 1000,
  "num_modalities": 4,
  "num_topics": 7,
  "total_liklihood": -32026.482393976301
}
