{
  "modality_liklihoods": [
    -14497.853021633951,
    -13290.181157536774,
    -934.95533222330118,
    -4625.7333945110822
  ],
  "num_iteration": 1000,
  "num_modalities": 4,
  "num_topics": 7,
  "total_liklihood": -33348.72290590511
}
