{
  "modality_liklihoods": [
    -13349.806460088908,
    -13262.670148633659,
    -941.48788552505607,
    -4625.6529369347709
  ],
  "num_iteration": 1000,
  "num_modalities": 4,
  "num_topics": 7,
  "total_liklihood": -32179.617431182392
}
