{
  "modality_liklihoods": [
    -12573.635382534883,
    -13271.525627922674,
    -935.82485748661861,
    -4600.9752158807905
  ],
  "num_iteration": 1000,
  "num_modalities": 4,
  "num_topics": 7,
  "total_liklihood": -31381.961083824968
}
