{
  "modality_liklihoods": [
    -13362.040533498239,
    -13296.53920907272,
    -942.33525473138059,
    -4610.3253030792848
  ],
  "num_iteration": 1000,
  "num_modalities": 4,
  "num_topics": 7,
  "total_liklihood": -32211.240300381625
}
