{
  "modality_liklihoods": [
    -13721.613514623992,
    -13320.551606857447,
    -941.01234046326681,
    -4606.5226173381634
  ],
  "num_iteration": 1000,
  "num_modalities": 4,
  "num_topics": 7,
  "total_liklihood": -32589.700079282873
}
