{
  "modality_liklihoods": [
    -14505.456058352895,
    -13277.011248113738,
    -941.45716988700008,
    -4624.8068650658743
  ],
  "num_iteration": 1000,
  "num_modalities": 4,
  "num_topics": 7,
  "total_liklihood": -33348.731341419509
}
