{
  "modality_liklihoods": [
    -14100.22469097029,
    -13269.282050190499,
    -941.94610841890801,
    -4629.8954964080076
  ],
  "num_iteration": 1000,
  "num_modalities": 4,
  "num_topics": 7,
  "total_liklihood": -32941.348345987702
}
