{
  "modality_liklihoods": [
    -13943.347130355709,
    -13248.185624896309,
    -939.88114369012158,
    -4627.6394251460515
  ],
  "num_iteration": 1000,
  "num_modalities": 4,
  "num_topics": 7,
  "total_liklihood": -32759.053324088192
}
