{
  "modality_liklihoods": [
    -14023.538423767484,
    -13229.261577598392,
    -940.11867754991886,
    -4659.4285382213056
  ],
  "num_iteration": 1000,
  "num_modalities": 4,
  "num_topics": 7,
  "total_liklihood": -32852.347217137096
}
