{
  "modality_liklihoods": [
    -13791.596800369576,
    -13265.088262807325,
    -947.12268562977852,
    -4624.4945928657271
  ],
  "num_iteration": 1000,
  "num_modalities": 4,
  "num_topics": 7,
  "total_liklihood": -32628.30234167241
}
