{
  "modality_liklihoods": [
    -14453.666294594273,
    -13261.064938542642,
    -940.04179285497435,
    -4745.713099838591
  ],
  "num_iteration": 1000,
  "num_modalities": 4,
  "num_topics": 7,
  "total_liklihood": -33400.486125830488
}
