{
  "modality_liklihoods": [
    -14194.178215840775,
    -13236.752859343387,
    -945.03914297242397,
    -4650.6442289186807
  ],
  "num_iteration": 1000,
  "num_modalities": 4,
  "num_topics": 7,
  "total_liklihood": -33026.614447075262
}
