{
  "modality_liklihoods": [
    -13847.493368999334,
    -13255.338277573586,
    -936.01276737358478,
    -4656.2453394620279
  ],
  "num_iteration": 1000,
  "num_modalities": 4,
  "num_topics": 7,
  "total_liklihood": -32695.089753408534
}
