{
  "modality_liklihoods": [
    -13436.674988317136,
    -13280.875066246392,
    -937.06452879193148,
    -4624.3235539293082
  ],
  "num_iteration": 1000,
  "num_modalities": 4,
  "num_topics": 7,
  "total_liklihood": -32278.938137284771
}
