{
  "modality_liklihoods": [
    -13608.22130475401,
    -13238.843155347085,
    -941.76117500994815,
    -4625.0166497199025
  ],
  "num_iteration": 1000,
  "num_modalities": 4,
  "num_topics": 7,
  "total_liklihood": -32413.842284830946
}
