{
  "modality_liklihoods": [
    -15058.984602582301,
    -13203.762045201216,
    -939.90666887921918,
    -4686.3439385111933
  ],
  "num_iteration": 1000,
  "num_modalities": 4,
  "num_topics": 7,
  "total_liklihood": -33888.997255173934
}
