{
  "modality_liklihoods": [
    -14094.616904113574,
    -13209.709558752624,
    -940.51080232829929,
    -4640.8677283876295
  ],
  "num_iteration": 1000,
  "num_modalities": 4,
  "num_topics": 7,
  "total_liklihood": -32885.704993582127
}
