{
  "modality_liklihoods": [
    -14154.344203974671,
    -13228.531810514685,
    -938.45598381657533,
    -4618.7050767743413
  ],
  "num_iteration": 1000,
  "num_modalities": 4,
  "num_topics": 7,
  "total_liklihood": -32940.037075080276
}
