{
  "modality_liklihoods": [
    -14116.356497766366,
    -13270.600240607359,
    -936.9565379541292,
    -4603.1762818001907
  ],
  "num_iteration": 1000,
  "num_modalities": 4,
  "num_topics": 7,
  "total_liklihood": -32927.089558128042
}
