{
  "modality_liklihoods": [
    -14883.02412256798,
    -13219.025912595478,
    -946.95099562919029,
    -4652.2092019177089
  ],
  "num_iteration": 1000,
  "num_modalities": 4,
  "num_topics": 7,
  "total_liklihood": -33701.210232710357
}
