{
  "modality_liklihoods": [
    -14237.564847422143,
    -13180.937340378052,
    -935.78703205265253,
    -4710.9969644819912
  ],
  "num_iteration": 1000,
  "num_modalities": 4,
  "num_topics": 7,
  "total_liklihood": -33065.286184334836
}
