{
  "modality_liklihoods": [
    -14279.781463963831,
    -13269.319089149698,
    -934.9841888482423,
    -4609.716981136231
  ],
  "num_iteration": 1000,
  "num_modalities": 4,
  "num_topics": 7,
  "total_liklihood": -33093.801723098004
}
