{
  "modality_liklihoods": [
    -15085.753369859209,
    -13265.517542476464,
    -938.52528315676727,
    -4660.5329794586805
  ],
  "num_iteration": 1000,
  "num_modalities": 4,
  "num_topics": 7,
  "total_liklihood": -33950.329174951119
}
