{
  "modality_liklihoods": [
    -13435.682336030954,
    -13223.05936275933,
    -946.88267749804743,
    -4639.792970086145
  ],
  "num_iteration": 1000,
  "num_modalities": 4,
  "num_topics": 7,
  "total_liklihood": -32245.417346374477
}
