{
  "modality_liklihoods": [
    -13296.376399964798,
    -13265.239308824235,
    -934.94883383874082,
    -4627.1582106526657
  ],
  "num_iteration": 1000,
  "num_modalities": 4,
  "num_topics": 7,
  "total_liklihood": -32123.722753280439
}
