{
  "modality_liklihoods": [
    -13848.760571236598,
    -13303.816341988269,
    -941.97687318019177,
    -4639.141789201909
  ],
  "num_iteration": 1000,
  "num_modalities": 4,
  "num_topics": 7,
  "total_liklihood": -32733.695575606969
}
