{
  "modality_liklihoods": [
    -15063.633488573993,
    -13204.45161141915,
    -943.72572052720818,
    -4666.3614923217101
  ],
  "num_iteration": 1000,
  "num_modalities": 4,
  "num_topics": 7,
  "total_liklihood": -33878.172312842056
}
