{
  "modality_liklihoods": [
    -13208.545754520064,
    -13264.0150747229,
    -943.77301827658857,
    -4654.71377494233
  ],
  "num_iteration": 1000,
  "num_modalities": 4,
  "num_topics": 7,
  "total_liklihood": -32071.047622461883
}
