{
  "modality_liklihoods": [
    -13832.394208372943,
    -13293.518539638044,
    -946.52415606347688,
    -4644.677026229384
  ],
  "num_iteration": 1000,
  "num_modalities": 4,
  "num_topics": 7,
  "total_liklihood": -32717.113930303851
}
