{
  "modality_liklihoods": [
    -14498.936468275546,
    -13249.068816188923,
    -939.22831725479091,
    -4648.7150098751845
  ],
  "num_iteration": 1000,
  "num_modalities": 4,
  "num_topics": 7,
  "total_liklihood": -33335.948611594446
}
