{
  "modality_liklihoods": [
    -14266.306490806252,
    -13239.255494541609,
    -936.98101640343396,
    -4713.3911308358674
  ],
  "num_iteration": 1000,
  "num_modalities": 4,
  "num_topics": 7,
  "total_liklihood": -33155.934132587165
}
