{
  "modality_liklihoods": [
    -13732.10625399343,
    -13214.026527827102,
    -937.34897905552327,
    -4644.4192319872036
  ],
  "num_iteration": 1000,
  "num_modalities": 4,
  "num_topics": 7,
  "total_liklihood": -32527.900992863259
}
