{
  "modality_liklihoods": [
    -13257.053570662585,
    -13253.38606515177,
    -947.36932692241794,
    -4617.4764216910826
  ],
  "num_iteration": 1000,
  "num_modalities": 4,
  "num_topics": 7,
  "total_liklihood": -32075.285384427858
}
