{
  "modality_liklihoods": [
    -13894.638828052633,
    -13313.921186385904,
    -943.42165557658689,
    -4665.1353430154577
  ],
  "num_iteration": 1000,
  "num_modalities": 4,
  "num_topics": 7,
  "total_liklihood": -32817.117013030584
}
