{
  "modality_liklihoods": [
    -13820.999657796279,
    -13271.708372237728,
    -936.31437431641189,
    -4663.2414765649946
  ],
  "num_iteration": 1000,
  "num_modalities": 4,
  "num_topics": 7,
  "total_liklihood": -32692.263880915416
}
