{
  "modality_liklihoods": [
    -14650.345514763947,
    -13308.912455735794,
    -935.00218607535055,
    -4671.8885564459533
  ],
  "num_iteration": 1000,
  "num_modalities": 4,
  "num_topics": 7,
  "total_liklihood": -33566.148713021044
}
