{
  "modality_liklihoods": [
    -13714.48984116015,
    -13267.032498784112,
    -939.30321704721962,
    -4626.9942840490003
  ],
  "num_iteration": 1000,
  "num_modalities": 4,
  "num_topics": 7,
  "total_liklihood": -32547.81984104048
}
