{
  "modality_liklihoods": [
    -14630.007558114701,
    -13289.32213383658,
    -933.92426791901801,
    -4646.4458992678019
  ],
  "num_iteration": 1000,
  "num_modalities": 4,
  "num_topics": 7,
  "total_liklihood": -33499.699859138098
}
