{
  "modality_liklihoods": [
    -13802.278824223589,
    -13263.772669981801,
    -947.52819760913133,
    -4684.1545360665341
  ],
  "num_iteration": 1000,
  "num_modalities": 4,
  "num_topics": 7,
  "total_liklihood": -32697.734227881057
}
