{
  "modality_liklihoods": [
    -14383.551990179252,
    -13243.523610892664,
    -936.17232789491641,
    -4632.904584907652
  ],
  "num_iteration": 1000,
  "num_modalities": 4,
  "num_topics": 7,
  "total_liklihood": -33196.152513874484
}
