{
  "modality_liklihoods": [
    -13969.764100310667,
    -13267.064285421835,
    -939.06346163943749,
    -4636.4687103280357
  ],
  "num_iteration": 1000,
  "num_modalities": 4,
  "num_topics": 7,
  "total_liklihood": -32812.360557699976
}
