{
  "modality_liklihoods": [
    -13036.222058250976,
    -13274.597389890254,
    -935.74838121652908,
    -4611.4948219574244
  ],
  "num_iteration": 1000,
  "num_modalities": 4,
  "num_topics": 7,
  "total_liklihood": -31858.062651315184
}
