{
  "modality_liklihoods": [
    -13475.631885785067,
    -13246.318598841295,
    -943.01628202875793,
    -4638.7048399279101
  ],
  "num_iteration": 1000,
  "num_modalities": 4,
  "num_topics": 7,
  "total_liklihood": -32303.671606583033
}
