{
  "modality_liklihoods": [
    -13784.021589739268,
    -13308.367745492253,
    -932.09380979384287,
    -4647.6833470706952
  ],
  "num_iteration": 1000,
  "num_modalities": 4,
  "num_topics": 7,
  "total_liklihood": -32672.166492096057
}
