{
  "modality_liklihoods": [
    -13831.768570464244,
    -13303.796308144943,
    -939.39676672182566,
    -4681.4447041963267
  ],
  "num_iteration": 1000,
  "num_modalities": 4,
  "num_topics": 7,
  "total_liklihood": -32756.406349527337
}
