{
  "modality_liklihoods": [
    -13711.138357526968,
    -13265.331848836837,
    -942.06910834557004,
    -4616.2486206284029
  ],
  "num_iteration": 1000,
  "num_modalities": 4,
  "num_topics": 7,
  "total_liklihood": -32534.787935337779
}
