{
  "modality_liklihoods": [
    -13959.854421795095,
    -13285.146587207179,
    -949.14521903501645,
    -4646.6030031051605
  ],
  "num_iteration": 1000,
  "num_modalities": 4,
  "num_topics": 7,
  "total_liklihood": -32840.74923114245
}
