{
  "modality_liklihoods": [
    -13782.235041967495,
    -13268.24651537815,
    -940.40801931405565,
    -4696.5670769614799
  ],
  "num_iteration": 1000,
  "num_modalities": 4,
  "num_topics": 7,
  "total_liklihood": -32687.456653621179
}
