{
  "modality_liklihoods": [
    -13725.754943941782,
    -13292.612432820886,
    -938.37927849498669,
    -4602.8001808594263
  ],
  "num_iteration": 1000,
  "num_modalities": 4,
  "num_topics": 7,
  "total_liklihood": -32559.546836117082
}
