{
  "modality_liklihoods": [
    -13668.285826969983,
    -13298.866481101386,
    -932.92264484796999,
    -4615.4986148497665
  ],
  "num_iteration": 1000,
  "num_modalities": 4,
  "num_topics": 7,
  "total_liklihood": -32515.573567769105
}
