{
  "modality_liklihoods": [
    -13074.685861413445,
    -13251.473501376806,
    -937.97270450436974,
    -4646.517020743051
  ],
  "num_iteration": 1000,
  "num_modalities": 4,
  "num_topics": 7,
  "total_liklihood": -31910.649088037673
}
