{
  "modality_liklihoods": [
    -14147.419209928381,
    -13296.062684120385,
    -937.35319367777254,
    -4630.4827263993275
  ],
  "num_iteration": 1000,
  "num_modalities": 4,
  "num_topics": 7,
  "total_liklihood": -33011.317814125869
}
