{
  "modality_liklihoods": [
    -13576.508498742334,
    -13243.591784971748,
    -942.91098053366841,
    -4630.8137846880145
  ],
  "num_iteration": 1000,
  "num_modalities": 4,
  "num_topics": 7,
  "total_liklihood": -32393.825048935767
}
