{
  "modality_liklihoods": [
    -13995.900014420489,
    -13261.708626550782,
    -935.70135828279592,
    -4645.5820720976735
  ],
  "num_iteration": 1000,
  "num_modalities": 4,
  "num_topics": 7,
  "total_liklihood": -32838.892071351744
}
