{
  "modality_liklihoods": [
    -14654.701768301968,
    -13261.822213672269,
    -935.39624855886814,
    -4608.9136089261419
  ],
  "num_iteration": 1000,
  "num_modalities": 4,
  "num_topics": 7,
  "total_liklihood": -33460.833839459243
}
