{
  "modality_liklihoods": [
    -14064.098112818328,
    -13263.665025581478,
    -940.69021151598793,
    -4602.2907306091838
  ],
  "num_iteration": 1000,
  "num_modalities": 4,
  "num_topics": 7,
  "total_liklihood": -32870.744080524979
}
