{
  "modality_liklihoods": [
    -13023.69636854143,
    -13282.377862349194,
    -942.89652403792979,
    -4635.5842460711719
  ],
  "num_iteration": 1000,
  "num_modalities": 4,
  "num_topics": 7,
  "total_liklihood": -31884.555000999728
}
