{
  "modality_liklihoods": [
    -14618.125532386644,
    -13278.920912734178,
    -935.24907621348837,
    -4601.710289206123
  ],
  "num_iteration": 1000,
  "num_modalities": 4,
  "num_topics": 7,
  "total_liklihood": -33434.005810540431
}
