{
  "modality_liklihoods": [
    -13750.823834833169,
    -13209.689429868662,
    -943.96641183941097,
    -4700.5683595404889
  ],
  "num_iteration": 1000,
  "num_modalities": 4,
  "num_topics": 7,
  "total_liklihood": -32605.048036081731
}
