{
  "modality_liklihoods": [
    -13716.552941781669,
    -13303.551568794252,
    -936.90884634175359,
    -4648.4006236824871
  ],
  "num_iteration": 1000,
  "num_modalities": 4,
  "num_topics": 7,
  "total_liklihood": -32605.413980600159
}
