{
  "modality_liklihoods": [
    -13876.751609311123,
    -13253.644486635741,
    -940.58262323110523,
    -4740.0347262505284
  ],
  "num_iteration": 1000,
  "num_modalities": 4,
  "num_topics": 7,
  "total_liklihood": -32811.0134454285
}
