{
  "modality_liklihoods": [
    -12885.954958247488,
    -13292.311578867082,
    -937.0962298713697,
    -4625.1873879286568
  ],
  "num_iteration": 1000,
  "num_modalities": 4,
  "num_topics": 7,
  "total_liklihood": -31740.550154914599
}
