{
  "modality_liklihoods": [
    -13961.56609647026,
    -13287.048830499582,
    -941.92832803905947,
    -4654.8089674148368
  ],
  "num_iteration": 1000,
  "num_modalities": 4,
  "num_topics": 7,
  "total_liklihood": -32845.352222423739
}
