{
  "modality_liklihoods": [
    -13424.737646159523,
    -13241.452671360839,
    -953.46487959546482,
    -4700.74174760604
  ],
  "num_iteration": 1000,
  "num_modalities": 4,
  "num_topics": 7,
  "total_liklihood": -32320.396944721866
}
