{
  "modality_liklihoods": [
    -13761.30294472312,
    -13292.051127348292,
    -943.41089612453914,
    -4658.9341881149658
  ],
  "num_iteration": 1000,
  "num_modalities": 4,
  "num_topics": 7,
  "total_liklihood": -32655.699156310919
}
