{
  "modality_liklihoods": [
    -14159.274289692059,
    -13233.145622533082,
    -939.18860392452063,
    -4666.959101317454
  ],
  "num_iteration": 1000,
  "num_modalities": 4,
  "num_topics": 7,
  "total_liklihood": -32998.567617467117
}
