{
  "modality_liklihoods": [
    -13810.803088658286,
    -13278.381372805938,
    -942.8361256873585,
    -4626.2061629670216
  ],
  "num_iteration": 1000,
  "num_modalities": 4,
  "num_topics": 7,
  "total_liklihood": -32658.226750118603
}
