{
  "modality_liklihoods": [
    -14223.761795154565,
    -13252.712440070087,
    -938.14077013014912,
    -4597.4508529287923
  ],
  "num_iteration": 1000,
  "num_modalities": 4,
  "num_topics": 7,
  "total_liklihood": -33012.065858283597
}
