{
  "modality_liklihoods": [
    -14468.237732155987,
    -13296.831041456142,
    -937.77531073733462,
    -4660.850814477174
  ],
  "num_iteration": 1000,
  "num_modalities": 4,
  "num_topics": 7,
  "total_liklihood": -33363.694898826638
}
