{
  "modality_liklihoods": [
    -12837.005464095817,
    -13246.216277877666,
    -940.8731657206298,
    -4634.6104330484141
  ],
  "num_iteration": 1000,
  "num_modalities": 4,
  "num_topics": 7,
  "total_liklihood": -31658.705340742526
}
