{
  "modality_liklihoods": [
    -13696.660035501542,
    -13227.418480498594,
    -939.09959865966027,
    -4664.60650476721
  ],
  "num_iteration": 1000,
  "num_modalities": 4,
  "num_topics": 7,
  "total_liklihood": -32527.784619427006
}
