{
  "modality_liklihoods": [
    -14044.03075597818,
    -13255.617905715217,
    -939.17827755542271,
    -4642.9658241810112
  ],
  "num_iteration": 1000,
  "num_modalities": 4,
  "num_topics": 7,
  "total_liklihood": -32881.792763429832
}
