{
  "modality_liklihoods": [
    -13849.534772312005,
    -13293.033536711844,
    -943.04509883050832,
    -4651.5912871935234
  ],
  "num_iteration": 1000,
  "num_modalities": 4,
  "num_topics": 7,
  "total_liklihood": -32737.204695047883
}
