{
  "modality_liklihoods": [
    -14059.853239958724,
    -13272.715542391212,
    -938.73910366156292,
    -4676.4196271529827
  ],
  "num_iteration": 1000,
  "num_modalities": 4,
  "num_topics": 7,
  "total_liklihood": -32947.727513164478
}
