{
  "modality_liklihoods": [
    -14482.710332061844,
    -13223.458206708692,
    -940.48477310393446,
    -4757.3074403485653
  ],
  "num_iteration": 1000,
  "num_modalities": 4,
  "num_topics": 7,
  "total_liklihood": -33403.960752223036
}
