{
  "modality_liklihoods": [
    -14416.922412205115,
    -13262.83611537769,
    -940.19227155893236,
    -4651.9970202947425
  ],
  "num_iteration": 1000,
  "num_modalities": 4,
  "num_topics": 7,
  "total_liklihood": -33271.947819436478
}
