{
  "modality_liklihoods": [
    -14925.859226165961,
    -13201.906020633169,
    -938.37849702061033,
    -4663.028308212999
  ],
  "num_iteration": 1000,
  "num_modalities": 4,
  "num_topics": 7,
  "total_liklihood": -33729.172052032736
}
