{
  "modality_liklihoods": [
    -13831.676089671493,
    -13244.714958588673,
    -943.55578492691109,
    -4626.3474271389432
  ],
  "num_iteration": 1000,
  "num_modalities": 4,
  "num_topics": 7,
  "total_liklihood": -32646.294260326016
}
