{
  "modality_liklihoods": [
    -14163.355255415252,
    -13304.058515553044,
    -936.37507639959426,
    -4617.2707374466663
  ],
  "num_iteration": 1000,
  "num_modalities": 4,
  "num_topics": 7,
  "total_liklihood": -33021.05958481456
}
