{
  "modality_liklihoods": [
    -13159.30354168407,
    -13271.292989945852,
    -941.92117136439197,
    -4728.6499175329527
  ],
  "num_iteration": 1000,
  "num_modalities": 4,
  "num_topics": 7,
  "total_liklihood": -32101.167620527267
}
