{
  "modality_liklihoods": [
    -14372.845782409475,
    -13272.757196750939,
    -930.37364726116971,
    -4619.868525159769
  ],
  "num_iteration": 1000,
  "num_modalities": 4,
  "num_topics": 7,
  "total_liklihood": -33195.845151581358
}
