{
  "modality_liklihoods": [
    -14247.521899976606,
    -13261.455170992449,
    -943.5369770022462,
    -4630.8712413739977
  ],
  "num_iteration": 1000,
  "num_modalities": 4,
  "num_topics": 7,
  "total_liklihood": -33083.3852893453
}
