{
  "modality_liklihoods": [
    -13419.515277665996,
    -13220.493143370471,
    -938.6008294614868,
    -4647.8209316786579
  ],
  "num_iteration": 1000,
  "num_modalities": 4,
  "num_topics": 7,
  "total_liklihood": -32226.430182176613
}
