{
  "modality_liklihoods": [
    -13772.562542456193,
    -13305.212858815985,
    -935.95726006565587,
    -4637.3630492574775
  ],
  "num_iteration": 1000,
  "num_modalities": 4,
  "num_topics": 7,
  "total_liklihood": -32651.095710595313
}
