{
  "modality_liklihoods": [
    -14003.026804298417,
    -13254.409115676255,
    -933.66550736657564,
    -4651.6627468231527
  ],
  "num_iteration": 1000,
  "num_modalities": 4,
  "num_topics": 7,
  "total_liklihood": -32842.764174164404
}
