{
  "modality_liklihoods": [
    -14005.504512099387,
    -13277.297683122777,
    -937.03488936831968,
    -4612.1410397614209
  ],
  "num_iteration": 1000,
  "num_modalities": 4,
  "num_topics": 7,
  "total_liklihood": -32831.978124351903
}
