{
  "modality_liklihoods": [
    -13297.497512907083,
    -13248.338197275747,
    -939.76399845145647,
    -4634.8471949394061
  ],
  "num_iteration": 1000,
  "num_modalities": 4,
  "num_topics": 7,
  "total_liklihood": -32120.446903573691
}
