{
  "modality_liklihoods": [
    -13840.6676636429,
    -13253.235816989605,
    -937.55100164860005,
    -4627.191441285775
  ],
  "num_iteration": 1000,
  "num_modalities": 4,
  "num_topics": 7,
  "total_liklihood": -32658.645923566881
}
