{
  "modality_liklihoods": [
    -14098.473882838631,
    -13284.996884478567,
    -939.3909595865133,
    -4613.2689295094324
  ],
  "num_iteration": 1000,
  "num_modalities": 4,
  "num_topics": 7,
  "total_liklihood": -32936.130656413145
}
