{
  "modality_liklihoods": [
    -13615.99231678151,
    -13258.39936615937,
    -946.3603845611409,
    -4667.4951868797743
  ],
  "num_iteration": 1000,
  "num_modalities": 4,
  "num_topics": 7,
  "total_liklihood": -32488.247254381793
}
