{
  "modality_liklihoods": [
    -14141.140958533168,
    -13224.987912930354,
    -934.55211197306232,
    -4688.7710780109173
  ],
  "num_iteration": 1000,
  "num_modalities": 4,
  "num_topics": 7,
  "total_liklihood": -32989.452061447504
}
