{
  "modality_liklihoods": [
    -13762.627602120601,
    -13281.364768732667,
    -935.37245338467596,
    -4649.7156222017102
  ],
  "num_iteration": 1000,
  "num_modalities": 4,
  "num_topics": 7,
  "total_liklihood": -32629.080446439653
}
