{
  "modality_liklihoods": [
    -13950.211031049188,
    -13256.076746932929,
    -940.52129173781168,
    -4629.6278032932514
  ],
  "num_iteration": 1000,
  "num_modalities": 4,
  "num_topics": 7,
  "total_liklihood": -32776.436873013183
}
