{
  "modality_liklihoods": [
    -14533.304334861374,
    -13243.153809268697,
    -944.12020970206368,
    -4752.7944072299524
  ],
  "num_iteration": 1000,
  "num_modalities": 4,
  "num_topics": 7,
  "total_liklihood": -33473.372761062084
}
