{
  "modality_liklihoods": [
    -13318.476520882556,
    -13254.283160438539,
    -940.60802954810981,
    -4660.7645949150028
  ],
  "num_iteration": 1000,
  "num_modalities": 4,
  "num_topics": 7,
  "total_liklihood": -32174.132305784209
}
