{
  "modality_liklihoods": [
    -13770.184242434103,
    -13265.551433265575,
    -942.45089305299769,
    -4626.5106856422644
  ],
  "num_iteration": 1000,
  "num_modalities": 4,
  "num_topics": 7,
  "total_liklihood": -32604.697254394941
}
