{
  "modality_liklihoods": [
    -14386.313953358469,
    -13249.246507530615,
    -940.45372268157439,
    -4677.6349364153948
  ],
  "num_iteration": 1000,
  "num_modalities": 4,
  "num_topics": 7,
  "total_liklihood": -33253.649119986054
}
