{
  "modality_liklihoods": [
    -13610.494223326548,
    -13280.802583182387,
    -934.20688655605193,
    -4638.0490701271074
  ],
  "num_iteration": 1000,
  "num_modalities": 4,
  "num_topics": 7,
  "total_liklihood": -32463.552763192096
}
