{
  "modality_liklihoods": [
    -13923.258892254797,
    -13253.735348862316,
    -936.55098499685914,
    -4625.8684336260121
  ],
  "num_iteration": 1000,
  "num_modalities": 4,
  "num_topics": 7,
  "total_liklihood": -32739.413659739985
}
