{
  "modality_liklihoods": [
    -13291.207021185048,
    -13236.890189430604,
    -951.68264783286622,
    -4637.8515827867059
  ],
  "num_iteration": 1000,
  "num_modalities": 4,
  "num_topics": 7,
  "total_liklihood": -32117.631441235222
}
