{
  "modality_liklihoods": [
    -13374.988350382831,
    -13230.065392159091,
    -947.07957056639191,
    -4642.3524573627819
  ],
  "num_iteration": 1000,
  "num_modalities": 4,
  "num_topics": 7,
  "total_liklihood": -32194.485770471096
}
