{
  "modality_liklihoods": [
    -14433.877479078814,
    -13227.556007594367,
    -944.25386057296805,
    -4747.2588949251758
  ],
  "num_iteration": 1000,
  "num_modalities": 4,
  "num_topics": 7,
  "total_liklihood": -33352.946242171325
}
