{
  "modality_liklihoods": [
    -13488.894958590936,
    -13297.537330793057,
    -945.93760862062447,
    -4643.8840122950942
  ],
  "num_iteration": 1000,
  "num_modalities": 4,
  "num_topics": 7,
  "total_liklihood": -32376.253910299711
}
