{
  "modality_liklihoods": [
    -14055.676481977291,
    -13263.14804963405,
    -948.30291444472311,
    -4663.9939654515701
  ],
  "num_iteration": 1000,
  "num_modalities": 4,
  "num_topics": 7,
  "total_liklihood": -32931.121411507636
}
