{
  "modality_liklihoods": [
    -14018.47932296665,
    -13287.606304549836,
    -950.73564352498704,
    -4673.459421862377
  ],
  "num_iteration": 1000,
  "num_modalities": 4,
  "num_topics": 7,
  "total_liklihood": -32930.280692903849
}
