{
  "modality_liklihoods": [
    -13921.703072245731,
    -13243.953891031557,
    -937.53080983763346,
    -4698.0402586764003
  ],
  "num_iteration": 1000,
  "num_modalities": 4,
  "num_topics": 7,
  "total_liklihood": -32801.228031791325
}
