{
  "modality_liklihoods": [
    -13454.569275694203,
    -13299.337476667641,
    -941.55953045343608,
    -4641.2869942906882
  ],
  "num_iteration": 1000,
  "num_modalities": 4,
  "num_topics": 7,
  "total_liklihood": -32336.753277105967
}
