{
  "modality_liklihoods": [
    -13543.977144947485,
    -13247.594258872081,
    -940.16122963121575,
    -4693.8135002835361
  ],
  "num_iteration": 1000,
  "num_modalities": 4,
  "num_topics": 7,
  "total_liklihood": -32425.546133734319
}
