{
  "modality_liklihoods": [
    -13907.83976384884,
    -13265.888578310158,
    -938.85033827570135,
    -4661.3488707082388
  ],
  "num_iteration": 1000,
  "num_modalities": 4,
  "num_topics": 7,
  "total_liklihood": -32773.927551142937
}
