{
  "modality_liklihoods": [
    -13485.0139706099,
    -13286.602326310722,
    -939.49100711261292,
    -4579.7147571767682
  ],
  "num_iteration": 1000,
  "num_modalities": 4,
  "num_topics": 7,
  "total_liklihood": -32290.822061210001
}
