{
  "modality_liklihoods": [
    -13592.86969879794,
    -13279.587922886451,
    -936.76609842442178,
    -4604.3629485302108
  ],
  "num_iteration": 1000,
  "num_modalities": 4,
  "num_topics": 7,
  "total_liklihood": -32413.586668639025
}
