{
  "modality_liklihoods": [
    -12655.47935004616,
    -13247.470553098115,
    -940.66434497261423,
    -4692.2771966744995
  ],
  "num_iteration": 1000,
  "num_modalities": 4,
  "num_topics": 7,
  "total_liklihood": -31535.891444791388
}
