{
  "modality_liklihoods": [
    -13564.292368736018,
    -13271.702415263289,
    -946.02331160480833,
    -4630.8696353556843
  ],
  "num_iteration": 1000,
  "num_modalities": 4,
  "num_topics": 7,
  "total_liklihood": -32412.887730959799
}
