{
  "modality_liklihoods": [
    -13971.836364263147,
    -13265.202214484309,
    -941.46890468832567,
    -4661.6550462287705
  ],
  "num_iteration": 1000,
  "num_modalities": 4,
  "num_topics": 7,
  "total_liklihood": -32840.162529664551
}
