{
  "modality_liklihoods": [
    -14504.031450262926,
    -13250.820338967927,
    -938.17496347530164,
    -4689.0342047481063
  ],
  "num_iteration": 1000,
  "num_modalities": 4,
  "num_topics": 7,
  "total_liklihood": -33382.060957454261
}
