{
  "modality_liklihoods": [
    -13902.229800477815,
    -13262.301101598998,
    -941.44127914668911,
    -4655.7227235178216
  ],
  "num_iteration": 1000,
  "num_modalities": 4,
  "num_topics": 7,
  "total_liklihood": -32761.694904741322
}
