{
  "modality_liklihoods": [
    -14121.403802317755,
    -13254.629821642135,
    -935.67687100268995,
    -4593.1646566670534
  ],
  "num_iteration": 1000,
  "num_modalities": 4,
  "num_topics": 7,
  "total_liklihood": -32904.875151629632
}
