{
  "modality_liklihoods": [
    -13571.592754808536,
    -13240.437063779176,
    -944.1720672442342,
    -4614.3465860018723
  ],
  "num_iteration": 1000,
  "num_modalities": 4,
  "num_topics": 7,
  "total_liklihood": -32370.548471833819
}
