{
  "modality_liklihoods": [
    -13442.553216656584,
    -13233.023139643397,
    -953.4731618188589,
    -4632.4906608564006
  ],
  "num_iteration": 1000,
  "num_modalities": 4,
  "num_topics": 7,
  "total_liklihood": -32261.540178975243
}
