{
  "modality_liklihoods": [
    -14957.391895272118,
    -13258.947159612502,
    -940.90402495518231,
    -4664.7175670698434
  ],
  "num_iteration": 1000,
  "num_modalities": 4,
  "num_topics": 7,
  "total_liklihood": -33821.960646909647
}
