{
  "modality_liklihoods": [
    -12543.442090475046,
    -13275.433847727352,
    -945.78194980036585,
    -4596.0040413533934
  ],
  "num_iteration": 1000,
  "num_modalities": 4,
  "num_topics": 7,
  "total_liklihood": -31360.66192935616
}
