{
  "modality_liklihoods": [
    -14632.770122627635,
    -13281.416571130811,
    -939.52073388848601,
    -4644.0515141597925
  ],
  "num_iteration": 1000,
  "num_modalities": 4,
  "num_topics": 7,
  "total_liklihood": -33497.758941806722
}
