{
  "modality_liklihoods": [
    -14998.196333962273,
    -13215.938008374105,
    -940.54093640612291,
    -4646.7046981132798
  ],
  "num_iteration": 1000,
  "num_modalities": 4,
  "num_topics": 7,
  "total_liklihood": -33801.37997685578
}
