{
  "modality_liklihoods": [
    -13954.298732285692,
    -13257.594217005137,
    -945.60045331742401,
    -4717.51471800534
  ],
  "num_iteration": 1000,
  "num_modalities": 4,
  "num_topics": 7,
  "total_liklihood": -32875.008120613595
}
