{
  "modality_liklihoods": [
    -14596.932590907516,
    -13261.279082698597,
    -938.07092996066672,
    -4608.6232945058655
  ],
  "num_iteration": 1000,
  "num_modalities": 4,
  "num_topics": 7,
  "total_liklihood": -33404.905898072648
}
