{
  "modality_liklihoods": [
    -14407.438428337879,
    -13253.248561284368,
    -938.84649047070775,
    -4636.2844301221958
  ],
  "num_iteration": 1000,
  "num_modalities": 4,
  "num_topics": 7,
  "total_liklihood": -33235.817910215148
}
