{
  "modality_liklihoods": [
    -14395.190446756294,
    -13255.196938684649,
    -939.26187794982286,
    -4638.8756551114329
  ],
  "num_iteration": 1000,
  "num_modalities": 4,
  "num_topics": 7,
  "total_liklihood": -33228.524918502197
}
