{
  "modality_liklihoods": [
    -14274.237966089304,
    -13213.988118500214,
    -945.7348217960531,
    -4771.4918974248358
  ],
  "num_iteration": 1000,
  "num_modalities": 4,
  "num_topics": 7,
  "total_liklihood": -33205.452803810404
}
