{
  "modality_liklihoods": [
    -13711.439418075859,
    -13290.228113187584,
    -931.66755334199922,
    -4606.6042039862014
  ],
  "num_iteration": 1000,
  "num_modalities": 4,
  "num_topics": 7,
  "total_liklihood": -32539.939288591642
}
