{
  "modality_liklihoods": [
    -13927.282372921709,
    -13234.557515498111,
    -943.68973382445336,
    -4663.9963183751552
  ],
  "num_iteration": 1000,
  "num_modalities": 4,
  "num_topics": 7,
  "total_liklihood": -32769.525940619424
}
