{
  "modality_liklihoods": [
    -13941.398247542982,
    -13252.686062647481,
    -940.35336182397123,
    -4691.631156334257
  ],
  "num_iteration": 1000,
  "num_modalities": 4,
  "num_topics": 7,
  "total_liklihood": -32826.068828348689
}
