{
  "modality_liklihoods": [
    -14675.021134955048,
    -13286.334047996635,
    -943.78026161055993,
    -4691.2762929481023
  ],
  "num_iteration": 1000,
  "num_modalities": 4,
  "num_topics": 7,
  "total_liklihood": -33596.411737510345
}
