{
  "modality_liklihoods": [
    -13545.248656727637,
    -13255.429109677299,
    -945.44750837163622,
    -4641.737766017347
  ],
  "num_iteration": 1000,
  "num_modalities": 4,
  "num_topics": 7,
  "total_liklihood": -32387.86304079392
}
