{
  "modality_liklihoods": [
    -14055.661009018399,
    -13262.153760158182,
    -941.28986351410106,
    -4659.2907097235056
  ],
  "num_iteration": 1000,
  "num_modalities": 4,
  "num_topics": 7,
  "total_liklihood": -32918.395342414187
}
