{
  "modality_liklihoods": [
    -14631.760100926835,
    -13281.378393270998,
    -942.37711215012132,
    -4637.1855613530315
  ],
  "num_iteration": 1000,
  "num_modalities": 4,
  "num_topics": 7,
  "total_liklihood": -33492.701167700987
}
