{
  "modality_liklihoods": [
    -14141.812152425533,
    -13268.945329027103,
    -936.57856701698358,
    -4645.1437986970468
  ],
  "num_iteration": 1000,
  "num_modalities": 4,
  "num_topics": 7,
  "total_liklihood": -32992.479847166665
}
