{
  "modality_liklihoods": [
    -14121.529478710418,
    -13269.21131140201,
    -943.44422727626056,
    -4630.2019576549774
  ],
  "num_iteration": 1000,
  "num_modalities": 4,
  "num_topics": 7,
  "total_liklihood": -32964.386975043664
}
