{
  "modality_liklihoods": [
    -13500.772794649742,
    -13288.376837124362,
    -942.87346255634804,
    -4634.0369216047739
  ],
  "num_iteration": 1000,
  "num_modalities": 4,
  "num_topics": 7,
  "total_liklihood": -32366.060015935225
}
