{
  "modality_liklihoods": [
    -13642.859859511542,
    -13276.130306181527,
    -940.54122901457458,
    -4658.2897019708089
  ],
  "num_iteration": 1000,
  "num_modalities": 4,
  "num_topics": 7,
  "total_liklihood": -32517.821096678454
}
