{
  "modality_liklihoods": [
    -13530.469266204123,
    -13270.236472981995,
    -936.74233886785362,
    -4629.3350789866454
  ],
  "num_iteration": 1000,
  "num_modalities": 4,
  "num_topics": 7,
  "total_liklihood": -32366.783157040616
}
