{
  "modality_liklihoods": [
    -13374.117717789175,
    -13244.02509016552,
    -941.15428457109851,
    -4658.880277962021
  ],
  "num_iteration": 1000,
  "num_modalities": 4,
  "num_topics": 7,
  "total_liklihood": -32218.177370487814
}
