{
  "modality_liklihoods": [
    -13888.939826453488,
    -13238.432172081122,
    -941.12834609074537,
    -4642.3833500685123
  ],
  "num_iteration": 1000,
  "num_modalities": 4,
  "num_topics": 7,
  "total_liklihood": -32710.883694693868
}
