{
  "modality_liklihoods": [
    -13146.556820238913,
    -13232.071833877586,
    -941.3354544492272,
    -4631.3191865724784
  ],
  "num_iteration": 1000,
  "num_modalities": 4,
  "num_topics": 7,
  "total_liklihood": -31951.283295138208
}
