{
  "modality_liklihoods": [
    -14347.768616545669,
    -13265.522217298338,
    -940.11429464590776,
    -4639.8340705784412
  ],
  "num_iteration": 1000,
  "num_modalities": 4,
  "num_topics": 7,
  "total_liklihood": -33193.239199068354
}
