{
  "modality_liklihoods": [
    -13764.601650681429,
    -13302.740485167302,
    -938.59447016572403,
    -4627.7727788352331
  ],
  "num_iteration": 1000,
  "num_modalities": 4,
  "num_topics": 7,
  "total_liklihood": -32633.709384849688
}
