{
  "modality_liklihoods": [
    -14640.802865906884,
    -13227.078362834129,
    -939.35172177092522,
    -4664.8001728034451
  ],
  "num_iteration": 1000,
  "num_modalities": 4,
  "num_topics": 7,
  "total_liklihood": -33472.033123315385
}
