{
  "modality_liklihoods": [
    -13720.174708929193,
    -13238.004137680931,
    -940.35190605477464,
    -4658.5807591423682
  ],
  "num_iteration": 1000,
  "num_modalities": 4,
  "num_topics": 7,
  "total_liklihood": -32557.111511807267
}
