{
  "modality_liklihoods": [
    -14022.250507504481,
    -13249.381101120674,
    -938.87786019312762,
    -4658.2036759448592
  ],
  "num_iteration": 1000,
  "num_modalities": 4,
  "num_topics": 7,
  "total_liklihood": -32868.71314476314
}
