{
  "modality_liklihoods": [
    -13236.315923227819,
    -13274.257983853251,
    -938.06679653284584,
    -4631.0132552759951
  ],
  "num_iteration": 1000,
  "num_modalities": 4,
  "num_topics": 7,
  "total_liklihood": -32079.65395888991
}
