{
  "modality_liklihoods": [
    -14017.277847563309,
    -13265.811574476207,
    -941.08867307548041,
    -4597.4386536071397
  ],
  "num_iteration": 1000,
  "num_modalities": 4,
  "num_topics": 7,
  "total_liklihood": -32821.616748722139
}
