{
  "modality_liklihoods": [
    -13934.269750358619,
    -13240.736965460492,
    -939.73025952761134,
    -4654.5419680247187
  ],
  "num_iteration": 1000,
  "num_modalities": 4,
  "num_topics": 7,
  "total_liklihood": -32769.278943371442
}
