{
  "modality_liklihoods": [
    -14955.326413791641,
    -13229.869751032074,
    -938.40097653042551,
    -4632.9643225433356
  ],
  "num_iteration": 1000,
  "num_modalities": 4,
  "num_topics": 7,
  "total_liklihood": -33756.56146389748
}
