{
  "modality_liklihoods": [
    -14480.517258339712,
    -13218.307686917089,
    -943.03169370952355,
    -4693.7044401628445
  ],
  "num_iteration": 1000,
  "num_modalities": 4,
  "num_topics": 7,
  "total_liklihood": -33335.561079129169
}
