{
  "modality_liklihoods": [
    -14120.958572655612,
    -13278.063251349784,
    -938.23735527598456,
    -4620.5879413915864
  ],
  "num_iteration": 1000,
  "num_modalities": 4,
  "num_topics": 7,
  "total_liklihood": -32957.847120672966
}
