{
  "modality_liklihoods": [
    -13529.055459651907,
    -13210.762576176718,
    -942.28714988967317,
    -4692.3897856864187
  ],
  "num_iteration": 1000,
  "num_modalities": 4,
  "num_topics": 7,
  "total_liklihood": -32374.494971404718
}
