{
  "modality_liklihoods": [
    -13715.377715568047,
    -13221.48298742961,
    -946.75712341023473,
    -4682.233441061011
  ],
  "num_iteration": 1000,
  "num_modalities": 4,
  "num_topics": 7,
  "total_liklihood": -32565.851267468905
}
