{
  "modality_liklihoods": [
    -14194.020020877982,
    -13260.573842236976,
    -931.82978073681079,
    -4653.3544751169957
  ],
  "num_iteration": 1000,
  "num_modalities": 4,
  "num_topics": 7,
  "total_liklihood": -33039.778118968767
}
