{
  "modality_liklihoods": [
    -14676.669528030623,
    -13204.584017252453,
    -941.80484661461026,
    -4677.2172091750954
  ],
  "num_iteration": 1000,
  "num_modalities": 4,
  "num_topics": 7,
  "total_liklihood": -33500.275601072783
}
