{
  "modality_liklihoods": [
    -13562.942239299678,
    -13249.265560062069,
    -939.68915541228353,
    -4621.1957494124208
  ],
  "num_iteration": 1000,
  "num_modalities": 4,
  "num_topics": 7,
  "total_liklihood": -32373.092704186456
}
