{
  "modality_liklihoods": [
    -14210.722978818028,
    -13276.984316667038,
    -940.30694643786308,
    -4668.863938821306
  ],
  "num_iteration": 1000,
  "num_modalities": 4,
  "num_topics": 7,
  "total_liklihood": -33096.878180744236
}
