{
  "modality_liklihoods": [
    -13733.567451929923,
    -13258.510376355685,
    -939.20918801021685,
    -4654.0849468148954
  ],
  "num_iteration": 1000,
  "num_modalities": 4,
  "num_topics": 7,
  "total_liklihood": -32585.37196311072
}
