{
  "modality_liklihoods": [
    -13191.505827334779,
    -13267.840833231732,
    -937.19833438900514,
    -4668.7088514680554
  ],
  "num_iteration": 1000,
  "num_modalities": 4,
  "num_topics": 7,
  "total_liklihood": -32065.253846423569
}
