{
  "modality_liklihoods": [
    -14686.313383386752,
    -13249.77184471902,
    -939.85186838168192,
    -4660.1744021933791
  ],
  "num_iteration": 1000,
  "num_modalities": 4,
  "num_topics": 7,
  "total_liklihood": -33536.111498680832
}
