{
  "modality_liklihoods": [
    -14068.73476396218,
    -13255.472449839579,
    -947.91765510494724,
    -4676.4953475114271
  ],
  "num_iteration": 1000,
  "num_modalities": 4,
  "num_topics": 7,
  "total_liklihood": -32948.62021641813
}
