{
  "modality_liklihoods": [
    -13938.59547375267,
    -13272.244912777853,
    -939.6979929193003,
    -4600.8667020039838
  ],
  "num_iteration": 1000,
  "num_modalities": 4,
  "num_topics": 7,
  "total_liklihood": -32751.405081453806
}
