{
  "modality_liklihoods": [
    -14015.339693877986,
    -13274.513531196078,
    -943.19067294289584,
    -4604.2087885389192
  ],
  "num_iteration": 1000,
  "num_modalities": 4,
  "num_topics": 7,
  "total_liklihood": -32837.252686555876
}
