{
  "modality_liklihoods": [
    -13772.650053274061,
    -13286.581340496679,
    -941.24387689644357,
    -4644.6282545833301
  ],
  "num_iteration": 1000,
  "num_modalities": 4,
  "num_topics": 7,
  "total_liklihood": -32645.103525250513
}
