{
  "modality_liklihoods": [
    -14568.672855428893,
    -13286.682702476071,
    -937.43734064337059,
    -4674.1032374821671
  ],
  "num_iteration": 1000,
  "num_modalities": 4,
  "num_topics": 7,
  "total_liklihood": -33466.896136030504
}
