{
  "modality_liklihoods": [
    -13590.508394194301,
    -13296.869436704334,
    -936.58912932891349,
    -4620.9440953902968
  ],
  "num_iteration": 1000,
  "num_modalities": 4,
  "num_topics": 7,
  "total_liklihood": -32444.911055617846
}
