{
  "modality_liklihoods": [
    -13964.425900826243,
    -13251.0962863078,
    -942.07649309348528,
    -4646.7700453685875
  ],
  "num_iteration": 1000,
  "num_modalities": 4,
  "num_topics": 7,
  "total_liklihood": -32804.368725596119
}
