{
  "modality_liklihoods": [
    -13951.555188509994,
    -13311.713440836176,
    -943.94321582200632,
    -4643.1464977534988
  ],
  "num_iteration": 1000,
  "num_modalities": 4,
  "num_topics": 7,
  "total_liklihood": -32850.358342921674
}
