{
  "modality_liklihoods": [
    -13468.272060279827,
    -13306.289343057553,
    -942.36921614248831,
    -4601.7905825293801
  ],
  "num_iteration": 1000,
  "num_modalities": 4,
  "num_topics": 7,
  "total_liklihood": -32318.721202009248
}
