{
  "modality_liklihoods": [
    -14300.341238060681,
    -13180.397130851781,
    -936.20028675303683,
    -4661.4710121087537
  ],
  "num_iteration": 1000,
  "num_modalities": 4,
  "num_topics": 7,
  "total_liklihood": -33078.409667774249
}
