{
  "modality_liklihoods": [
    -14032.447822470724,
    -13213.62671449827,
    -941.97277917830831,
    -4632.9357391167041
  ],
  "num_iteration": 1000,
  "num_modalities": 4,
  "num_topics": 7,
  "total_liklihood": -32820.983055264005
}
