{
  "modality_liklihoods": [
    -13866.342131960095,
    -13299.368157945217,
    -943.98034931354493,
    -4653.3866985235018
  ],
  "num_iteration": 1000,
  "num_modalities": 4,
  "num_topics": 7,
  "total_liklihood": -32763.077337742361
}
