{
  "modality_liklihoods": [
    -13943.881097486803,
    -13254.869040074787,
    -943.88491026020984,
    -4682.1915002905343
  ],
  "num_iteration": 1000,
  "num_modalities": 4,
  "num_topics": 7,
  "total_liklihood": -32824.826548112338
}
