{
  "modality_liklihoods": [
    -14043.468110387968,
    -13272.603129324685,
    -938.93775755055958,
    -4637.5693865179928
  ],
  "num_iteration": 1000,
  "num_modalities": 4,
  "num_topics": 7,
  "total_liklihood": -32892.578383781205
}
