{
  "modality_liklihoods": [
    -13965.005646351798,
    -13265.198979493151,
    -938.22850698892296,
    -4670.2427976505633
  ],
  "num_iteration": 1000,
  "num_modalities": 4,
  "num_topics": 7,
  "total_liklihood": -32838.675930484431
}
