{
  "modality_liklihoods": [
    -14390.33630382244,
    -13275.915382581439,
    -937.67251542932343,
    -4625.1848431090684
  ],
  "num_iteration": 1000,
  "num_modalities": 4,
  "num_topics": 7,
  "total_liklihood": -33229.10904494227
}
