{
  "modality_liklihoods": [
    -13843.227542339966,
    -13279.734694831903,
    -937.80347424449042,
    -4645.4686402192929
  ],
  "num_iteration": 1000,
  "num_modalities": 4,
  "num_topics": 7,
  "total_liklihood": -32706.234351635652
}
