{
  "modality_liklihoods": [
    -13449.419546422218,
    -13274.870653488206,
    -939.61667626185363,
    -4671.7613041702007
  ],
  "num_iteration": 1000,
  "num_modalities": 4,
  "num_topics": 7,
  "total_liklihood": -32335.668180342473
}
