{
  "modality_liklihoods": [
    -13352.158806978458,
    -13249.301402330399,
    -945.61424746199827,
    -4682.7581937193354
  ],
  "num_iteration": 1000,
  "num_modalities": 4,
  "num_topics": 7,
  "total_liklihood": -32229.832650490189
}
