{
  "modality_liklihoods": [
    -14123.484343638213,
    -13275.361100133012,
    -937.59124149333991,
    -4635.2114747565556
  ],
  "num_iteration": 1000,
  "num_modalities": 4,
  "num_topics": 7,
  "total_liklihood": -32971.648160021119
}
