{
  "modality_liklihoods": [
    -13715.364824425658,
    -13263.183673459695,
    -936.49134446103767,
    -4639.2760494436789
  ],
  "num_iteration": 1000,
  "num_modalities": 4,
  "num_topics": 7,
  "total_liklihood": -32554.315891790073
}
