{
  "modality_liklihoods": [
    -14024.628362886046,
    -13289.965768686785,
    -943.34501262099911,
    -4664.8654340669727
  ],
  "num_iteration": 1000,
  "num_modalities": 4,
  "num_topics": 7,
  "total_liklihood": -32922.804578260802
}
