{
  "modality_liklihoods": [
    -13472.246010678182,
    -13280.775520754354,
    -941.10911702113185,
    -4583.7177515140556
  ],
  "num_iteration": 1000,
  "num_modalities": 4,
  "num_topics": 7,
  "total_liklihood": -32277.848399967726
}
