{
  "modality_liklihoods": [
    -13689.113004627117,
    -13236.694765248014,
    -941.10225986101216,
    -4614.3432013254824
  ],
  "num_iteration": 1000,
  "num_modalities": 4,
  "num_topics": 7,
  "total_liklihood": -32481.253231061623
}
