{
  "modality_liklihoods": [
    -13870.476597389252,
    -13258.508171996195,
    -942.83723173570183,
    -4664.7349141176155
  ],
  "num_iteration": 1000,
  "num_modalities": 4,
  "num_topics": 7,
  "total_liklihood": -32736.556915238765
}
