{
  "modality_liklihoods": [
    -14320.107243488845,
    -13236.028786249326,
    -945.03834058397752,
    -4707.115102414954
  ],
  "num_iteration": 1000,
  "num_modalities": 4,
  "num_topics": 7,
  "total_liklihood": -33208.289472737102
}
