{
  "modality_liklihoods": [
    -13477.450793937121,
    -13241.389243203774,
    -941.44827861211706,
    -4673.7413785064273
  ],
  "num_iteration": 1000,
  "num_modalities": 4,
  "num_topics": 7,
  "total_liklihood": -32334.029694259436
}
