{
  "modality_liklihoods": [
    -14262.678892473059,
    -13277.516112382262,
    -934.51516573470747,
    -4648.4341176142916
  ],
  "num_iteration": 1000,
  "num_modalities": 4,
  "num_topics": 7,
  "total_liklihood": -33123.144288204319
}
