{
  "modality_liklihoods": [
    -13486.198505265824,
    -13258.512871597417,
    -945.80286745822764,
    -4655.1279037824006
  ],
  "num_iteration": 1000,
  "num_modalities": 4,
  "num_topics": 7,
  "total_liklihood": -32345.642148103871
}
