{
  "modality_liklihoods": [
    -13230.620896602506,
    -13234.201479520907,
    -938.98665658720381,
    -4592.7495014162878
  ],
  "num_iteration": 1000,
  "num_modalities": 4,
  "num_topics": 7,
  "total_liklihood": -31996.558534126903
}
