{
  "modality_liklihoods": [
    -14583.593236961964,
    -13227.55207100804,
    -936.97598261210862,
    -4700.0839660773454
  ],
  "num_iteration": 1000,
  "num_modalities": 4,
  "num_topics": 7,
  "total_liklihood": -33448.205256659458
}
