{
  "modality_liklihoods": [
    -14110.64370247409,
    -13241.501848398751,
    -941.60382810842816,
    -4651.4300494050167
  ],
  "num_iteration": 1000,
  "num_modalities": 4,
  "num_topics": 7,
  "total_liklihood": -32945.179428386284
}
