{
  "modality_liklihoods": [
    -14275.812100475756,
    -13303.340489228476,
    -947.51825293195316,
    -4637.696568862978
  ],
  "num_iteration": 1000,
  "num_modalities": 4,
  "num_topics": 7,
  "total_liklihood": -33164.367411499159
}
