{
  "modality_liklihoods": [
    -14210.499204972755,
    -13258.489558258607,
    -935.70764092673585,
    -4679.6506359535015
  ],
  "num_iteration": 1000,
  "num_modalities": 4,
  "num_topics": 7,
  "total_liklihood": -33084.347040111599
}
