{
  "modality_liklihoods": [
    -12751.141248753847,
    -13218.401355493233,
    -941.77249576542181,
    -4690.9999136856577
  ],
  "num_iteration": 1000,
  "num_modalities": 4,
  "num_topics": 7,
  "total_liklihood": -31602.315013698157
}
