{
  "modality_liklihoods": [
    -13869.862768944407,
    -13278.604801610256,
    -940.08823306529916,
    -4685.7888146733858
  ],
  "num_iteration": 1000,
  "num_modalities": 4,
  "num_topics": 7,
  "total_liklihood": -32774.344618293348
}
