{
  "modality_liklihoods": [
    -14212.572804734107,
    -13241.661503644129,
    -941.90049856491532,
    -4640.643315908369
  ],
  "num_iteration": 1000,
  "num_modalities": 4,
  "num_topics": 7,
  "total_liklihood": -33036.778122851523
}
