{
  "modality_liklihoods": [
    -13378.936563097301,
    -13222.726191502372,
    -937.17444875508784,
    -4644.9137824420714
  ],
  "num_iteration": 1000,
  "num_modalities": 4,
  "num_topics": 7,
  "total_liklihood": -32183.750985796836
}
