{
  "modality_liklihoods": [
    -14127.986637999487,
    -13251.14610916281,
    -941.83533124144299,
    -4643.3128960430267
  ],
  "num_iteration": 1000,
  "num_modalities": 4,
  "num_topics": 7,
  "total_liklihood": -32964.280974446767
}
