{
  "modality_liklihoods": [
    -13586.178718214756,
    -13326.386512041936,
    -947.26798427116432,
    -4706.1628330524072
  ],
  "num_iteration": 1000,
  "num_modalities": 4,
  "num_topics": 7,
  "total_liklihood": -32565.996047580265
}
