{
  "modality_liklihoods": [
    -13991.117903954377,
    -13221.379849192539,
    -934.40928506087118,
    -4624.0562314026438
  ],
  "num_iteration": 1000,
  "num_modalities": 4,
  "num_topics": 7,
  "total_liklihood": -32770.963269610431
}
