{
  "modality_liklihoods": [
    -13951.695447278342,
    -13230.371673609337,
    -941.41707354931418,
    -4659.7324857163685
  ],
  "num_iteration": 1000,
  "num_modalities": 4,
  "num_topics": 7,
  "total_liklihood": -32783.21668015336
}
