{
  "modality_liklihoods": [
    -13680.491822783073,
    -13224.588866684537,
    -941.67018275453472,
    -4654.5280529100637
  ],
  "num_iteration": 1000,
  "num_modalities": 4,
  "num_topics": 7,
  "total_liklihood": -32501.278925132206
}
