{
  "modality_liklihoods": [
    -12879.444259782709,
    -13248.516688585914,
    -940.96378858630612,
    -4633.2812574449263
  ],
  "num_iteration": 1000,
  "num_modalities": 4,
  "num_topics": 7,
  "total_liklihood": -31702.205994399854
}
