{
  "modality_liklihoods": [
    -13943.749452812219,
    -13224.261586840634,
    -941.78864717819727,
    -4614.8097114382954
  ],
  "num_iteration": 1000,
  "num_modalities": 4,
  "num_topics": 7,
  "total_liklihood": -32724.609398269346
}
