{
  "modality_liklihoods": [
    -13705.647868481798,
    -13265.914786959565,
    -943.72367411532503,
    -4623.7794017903207
  ],
  "num_iteration": 1000,
  "num_modalities": 4,
  "num_topics": 7,
  "total_liklihood": -32539.065731347007
}
