{
  "modality_liklihoods": [
    -13215.202543706204,
    -13263.252272291707,
    -937.41971514234478,
    -4630.7192541334625
  ],
  "num_iteration": 1000,
  "num_modalities": 4,
  "num_topics": 7,
  "total_liklihood": -32046.593785273715
}
