{
  "modality_liklihoods": [
    -13646.691274567804,
    -13255.700893509114,
    -948.99556695241085,
    -4645.4562457999191
  ],
  "num_iteration": 1000,
  "num_modalities": 4,
  "num_topics": 7,
  "total_liklihood": -32496.84398082925
}
