{
  "modality_liklihoods": [
    -13952.637799692055,
    -13260.957449091233,
    -938.47462575324062,
    -4635.4036786255328
  ],
  "num_iteration": 1000,
  "num_modalities": 4,
  "num_topics": 7,
  "total_liklihood": -32787.473553162061
}
