{
  "modality_liklihoods": [
    -12999.557460680569,
    -13208.630602372965,
    -939.16960438263732,
    -4704.1435757881627
  ],
  "num_iteration": 1000,
  "num_modalities": 4,
  "num_topics": 7,
  "total_liklihood": -31851.501243224335
}
