{
  "modality_liklihoods": [
    -13871.242871332563,
    -13287.294651219838,
    -940.46403691786986,
    -4603.8930852882968
  ],
  "num_iteration": 1000,
  "num_modalities": 4,
  "num_topics": 7,
  "total_liklihood": -32702.894644758569
}
