{
  "modality_liklihoods": [
    -13851.244654541468,
    -13277.384458898459,
    -941.29076971071754,
    -4643.3154748907418
  ],
  "num_iteration": 1000,
  "num_modalities": 4,
  "num_topics": 7,
  "total_liklihood": -32713.235358041391
}
