{
  "modality_liklihoods": [
    -14723.745117271659,
    -13227.524865986259,
    -940.88548613167075,
    -4648.8735807603616
  ],
  "num_iteration": 1000,
  "num_modalities": 4,
  "num_topics": 7,
  "total_liklihood": -33541.029050149948
}
