{
  "modality_liklihoods": [
    -15084.63091046796,
    -13211.577584528139,
    -942.82534574385159,
    -4615.2238200996489
  ],
  "num_iteration": 1000,
  "num_modalities": 4,
  "num_topics": 7,
  "total_liklihood": -33854.257660839598
}
