{
  "modality_liklihoods": [
    -12685.172040389551,
    -13256.55208646842,
    -937.45689960585662,
    -4613.5128781535586
  ],
  "num_iteration": 1000,
  "num_modalities": 4,
  "num_topics": 7,
  "total_liklihood": -31492.693904617387
}
