{
  "modality_liklihoods": [
    -13657.561469712318,
    -13324.013233653814,
    -939.94463470785138,
    -4603.6399835662487
  ],
  "num_iteration": 1000,
  "num_modalities": 4,
  "num_topics": 7,
  "total_liklihood": -32525.159321640233
}
