{
  "modality_liklihoods": [
    -14490.285951764348,
    -13218.701662272353,
    -935.9724693849131,
    -4650.9399804123195
  ],
  "num_iteration": 1000,
  "num_modalities": 4,
  "num_topics": 7,
  "total_liklihood": -33295.900063833935
}
