{
  "modality_liklihoods": [
    -13800.798552630456,
    -13230.600257324077,
    -943.12489577199347,
    -4691.4245317394916
  ],
  "num_iteration": 1000,
  "num_modalities": 4,
  "num_topics": 7,
  "total_liklihood": -32665.948237466018
}
