{
  "modality_liklihoods": [
    -13834.851884141541,
    -13272.704422900961,
    -937.19012873765689,
    -4694.301394943981
  ],
  "num_iteration": 1000,
  "num_modalities": 4,
  "num_topics": 7,
  "total_liklihood": -32739.047830724139
}
