{
  "modality_liklihoods": [
    -14230.315777394277,
    -13249.40247868834,
    -940.23009865550137,
    -4744.8553076728931
  ],
  "num_iteration": 1000,
  "num_modalities": 4,
  "num_topics": 7,
  "total_liklihood": -33164.80366241101
}
