{
  "modality_liklihoods": [
    -12721.537131544545,
    -13274.974810641153,
    -941.36631281421739,
    -4612.8910640167032
  ],
  "num_iteration": 1000,
  "num_modalities": 4,
  "num_topics": 7,
  "total_liklihood": -31550.769319016617
}
