{
  "modality_liklihoods": [
    -14236.307351951373,
    -13224.11053503215,
    -940.49048929775711,
    -4652.5799732479263
  ],
  "num_iteration": 1000,
  "num_modalities": 4,
  "num_topics": 7,
  "total_liklihood": -33053.488349529209
}
