{
  "modality_liklihoods": [
    -14954.120971473531,
    -13206.088006928925,
    -945.49103277000029,
    -4653.4153407894546
  ],
  "num_iteration": 1000,
  "num_modalities": 4,
  "num_topics": 7,
  "total_liklihood": -33759.115351961911
}
