{
  "modality_liklihoods": [
    -13984.597582616252,
    -13229.088328673613,
    -942.84624691589102,
    -4631.226886434788
  ],
  "num_iteration": 1000,
  "num_modalities": 4,
  "num_topics": 7,
  "total_liklihood": -32787.759044640545
}
