{
  "modality_liklihoods": [
    -13902.82559599958,
    -13261.988897872998,
    -939.25393682660297,
    -4653.9722155137861
  ],
  "num_iteration": 1000,
  "num_modalities": 4,
  "num_topics": 7,
  "total_liklihood": -32758.040646212969
}
