{
  "modality_liklihoods": [
    -14371.778164651945,
    -13242.966785179406,
    -943.03262440918911,
    -4639.9970281346241
  ],
  "num_iteration": 1000,
  "num_modalities": 4,
  "num_topics": 7,
  "total_liklihood": -33197.774602375161
}
