{
  "modality_liklihoods": [
    -13821.035386793632,
    -13278.861424269837,
    -936.96926342094355,
    -4656.9354717988863
  ],
  "num_iteration": 1000,
  "num_modalities": 4,
  "num_topics": 7,
  "total_liklihood": -32693.801546283295
}
