{
  "modality_liklihoods": [
    -13663.792729987807,
    -13301.526536238087,
    -947.73935574575046,
    -4641.1486264646446
  ],
  "num_iteration": 1000,
  "num_modalities": 4,
  "num_topics": 7,
  "total_liklihood": -32554.207248436291
}
