{
  "modality_liklihoods": [
    -13918.37632156703,
    -13258.806440045815,
    -943.9441627517906,
    -4627.0858350103845
  ],
  "num_iteration": 1000,
  "num_modalities": 4,
  "num_topics": 7,
  "total_liklihood": -32748.212759375019
}
