{
  "modality_liklihoods": [
    -13416.107156729184,
    -13214.857208238673,
    -946.88220690393166,
    -4667.409286197244
  ],
  "num_iteration": 1000,
  "num_modalities": 4,
  "num_topics": 7,
  "total_liklihood": -32245.255858069031
}
