{
  "modality_liklihoods": [
    -13762.567742637721,
    -13249.527260842926,
    -936.94087240945976,
    -4651.6723687524536
  ],
  "num_iteration": 1000,
  "num_modalities": 4,
  "num_topics": 7,
  "total_liklihood": -32600.708244642559
}
