{
  "modality_liklihoods": [
    -14115.898304029244,
    -13217.671585872849,
    -939.21565505227363,
    -4729.7163375512255
  ],
  "num_iteration": 1000,
  "num_modalities": 4,
  "num_topics": 7,
  "total_liklihood": -33002.501882505596
}
