{
  "modality_liklihoods": [
    -13485.957796843864,
    -13241.585468298046,
    -942.74367394571016,
    -4674.859389859781
  ],
  "num_iteration": 1000,
  "num_modalities": 4,
  "num_topics": 7,
  "total_liklihood": -32345.146328947405
}
