{
  "modality_liklihoods": [
    -14140.261385490892,
    -13247.419277410645,
    -941.98360980844245,
    -4671.7568394545442
  ],
  "num_iteration": 1000,
  "num_modalities": 4,
  "num_topics": 7,
  "total_liklihood": -33001.42111216452
}
