{
  "modality_liklihoods": [
    -14680.646107686542,
    -13246.014414214746,
    -939.59009210971305,
    -4713.7700878165133
  ],
  "num_iteration": 1000,
  "num_modalities": 4,
  "num_topics": 7,
  "total_liklihood": -33580.02070182751
}
