{
  "modality_liklihoods": [
    -13549.656050249789,
    -13270.665436975169,
    -945.43695368816725,
    -4610.418335071261
  ],
  "num_iteration": 1000,
  "num_modalities": 4,
  "num_topics": 7,
  "total_liklihood": -32376.176775984386
}
