{
  "modality_liklihoods": [
    -14193.767841254405,
    -13239.261720058605,
    -935.74999933379229,
    -4652.4874379931734
  ],
  "num_iteration": 1000,
  "num_modalities": 4,
  "num_topics": 7,
  "total_liklihood": -33021.266998639971
}
