{
  "modality_liklihoods": [
    -14313.049455517648,
    -13259.844957974343,
    -938.07449170485938,
    -4606.697274934515
  ],
  "num_iteration": 1000,
  "num_modalities": 4,
  "num_topics": 7,
  "total_liklihood": -33117.66618013136
}
