{
  "modality_liklihoods": [
    -14088.454425999793,
    -13275.286892753626,
    -934.83114635160644,
    -4667.9408111679186
  ],
  "num_iteration": 1000,
  "num_modalities": 4,
  "num_topics": 7,
  "total_liklihood": -32966.513276272948
}
