{
  "modality_liklihoods": [
    -14299.382715907144,
    -13236.449790968811,
    -945.6214092384007,
    -4623.7512368509642
  ],
  "num_iteration": 1000,
  "num_modalities": 4,
  "num_topics": 7,
  "total_liklihood": -33105.205152965318
}
