{
  "modality_liklihoods": [
    -14048.421823860488,
    -13279.040531374112,
    -944.49353694038325,
    -4676.6270662634979
  ],
  "num_iteration": 1000,
  "num_modalities": 4,
  "num_topics": 7,
  "total_liklihood": -32948.582958438485
}
