{
  "modality_liklihoods": [
    -14433.47816938229,
    -13293.504881232271,
    -944.91165493316657,
    -4627.1241532381027
  ],
  "num_iteration": 1000,
  "num_modalities": 4,
  "num_topics": 7,
  "total_liklihood": -33299.018858785828
}
