{
  "modality_liklihoods": [
    -13802.102929197436,
    -13283.743602093216,
    -937.31217832384948,
    -4644.8185295664871
  ],
  "num_iteration": 1000,
  "num_modalities": 4,
  "num_topics": 7,
  "total_liklihood": -32667.977239180989
}
