{
  "modality_liklihoods": [
    -14119.022439218514,
    -13246.985794512422,
    -936.01567794380196,
    -4663.3768916917106
  ],
  "num_iteration": 1000,
  "num_modalities": 4,
  "num_topics": 7,
  "total_liklihood": -32965.400803366443
}
