{
  "modality_liklihoods": [
    -13392.193572905124,
    -13247.223446735417,
    -943.35800589069618,
    -4660.9266531467902
  ],
  "num_iteration": 1000,
  "num_modalities": 4,
  "num_topics": 7,
  "total_liklihood": -32243.701678678026
}
