{
  "modality_liklihoods": [
    -14536.905255786569,
    -13313.181205116754,
    -935.95332267997514,
    -4649.9598487121893
  ],
  "num_iteration": 1000,
  "num_modalities": 4,
  "num_topics": 7,
  "total_liklihood": -33435.99963229549
}
