{
  "modality_liklihoods": [
    -13504.879458964113,
    -13271.750899054756,
    -943.87486518215007,
    -4670.4031737734622
  ],
  "num_iteration": 1000,
  "num_modalities": 4,
  "num_topics": 7,
  "total_liklihood": -32390.908396974482
}
