{
  "modality_liklihoods": [
    -13985.628632659904,
    -13260.023939773462,
    -940.11016817765801,
    -4685.0938606233121
  ],
  "num_iteration": 1000,
  "num_modalities": 4,
  "num_topics": 7,
  "total_liklihood": -32870.856601234336
}
