{
  "modality_liklihoods": [
    -13831.686217163035,
    -36208.778598795914,
    -5628.2622698861969,
    -7301.9483032029866
  ],
  "num_iteration": 1000,
  "num_modalities": 4,
  "num_topics": 7,
  "total_liklihood": -62970.675389048134
}
