{
  "modality_liklihoods": [
    -13999.798305017406,
    -13281.380286024585,
    -939.33900019058274,
    -4631.8188741304803
  ],
  "num_iteration": 1000,
  "num_modalities": 4,
  "num_topics": 7,
  "total_liklihood": -32852.336465363056
}
