{
  "modality_liklihoods": [
    -14410.044166552745,
    -13307.658748546119,
    -932.02826137688783,
    -4626.332844311909
  ],
  "num_iteration": 1000,
  "num_modalities": 4,
  "num_topics": 7,
  "total_liklihood": -33276.064020787657
}
