{
  "modality_liklihoods": [
    -13944.754999964562,
    -13270.943837952051,
    -939.12903485908589,
    -4722.5134020130863
  ],
  "num_iteration": 1000,
  "num_modalities": 4,
  "num_topics": 7,
  "total_liklihood": -32877.341274788785
}
