{
  "modality_liklihoods": [
    -14006.756402579082,
    -13244.919202090927,
    -943.06459332710392,
    -4671.2683118048944
  ],
  "num_iteration": 1000,
  "num_modalities": 4,
  "num_topics": 7,
  "total_liklihood": -32866.008509802006
}
