{
  "modality_liklihoods": [
    -13714.591902826061,
    -13258.683914205516,
    -944.38699797953825,
    -4627.4400992898891
  ],
  "num_iteration": 1000,
  "num_modalities": 4,
  "num_topics": 7,
  "total_liklihood": -32545.102914301006
}
