{
  "modality_liklihoods": [
    -13377.122659994293,
    -13244.759310474858,
    -951.37776021380989,
    -4590.3433582455946
  ],
  "num_iteration": 1000,
  "num_modalities": 4,
  "num_topics": 7,
  "total_liklihood": -32163.603088928554
}
