{
  "modality_liklihoods": [
    -15076.74422942286,
    -13212.567217662201,
    -934.8421097738227,
    -4617.8279455280681
  ],
  "num_iteration": 1000,
  "num_modalities": 4,
  "num_topics": 7,
  "total_liklihood": -33841.981502386952
}
