{
  "modality_liklihoods": [
    -13710.861406852684,
    -13280.556964005369,
    -936.42244270939545,
    -4616.706428984071
  ],
  "num_iteration": 1000,
  "num_modalities": 4,
  "num_topics": 7,
  "total_liklihood": -32544.547242551518
}
