{
  "modality_liklihoods": [
    -13378.277428001929,
    -13255.494652076912,
    -943.9934953633898,
    -4603.8084646677926
  ],
  "num_iteration": 1000,
  "num_modalities": 4,
  "num_topics": 7,
  "total_liklihood": -32181.574040110023
}
