{
  "modality_liklihoods": [
    -13902.393684692839,
    -13276.117304734697,
    -941.14974138552304,
    -4623.8149777686813
  ],
  "num_iteration": 1000,
  "num_modalities": 4,
  "num_topics": 7,
  "total_liklihood": -32743.47570858174
}
