{
  "modality_liklihoods": [
    -14376.689582573399,
    -13252.419850943999,
    -939.7978751760262,
    -4612.7913022723042
  ],
  "num_iteration": 1000,
  "num_modalities": 4,
  "num_topics": 7,
  "total_liklihood": -33181.69861096573
}
