{
  "modality_liklihoods": [
    -13588.034423475263,
    -13245.184143992952,
    -943.15214549212294,
    -4704.5853180000513
  ],
  "num_iteration": 1000,
  "num_modalities": 4,
  "num_topics": 7,
  "total_liklihood": -32480.956030960391
}
