{
  "modality_liklihoods": [
    -14939.700177536179,
    -13214.570968271972,
    -937.96408654661354,
    -4672.6421989458404
  ],
  "num_iteration": 1000,
  "num_modalities": 4,
  "num_topics": 7,
  "total_liklihood": -33764.877431300607
}
