{
  "modality_liklihoods": [
    -13391.982297805316,
    -13271.629822904004,
    -939.39380858988602,
    -4638.919077233073
  ],
  "num_iteration": 1000,
  "num_modalities": 4,
  "num_topics": 7,
  "total_liklihood": -32241.925006532278
}
