{
  "modality_liklihoods": [
    -14277.884305825672,
    -13254.433313109714,
    -940.5377692028303,
    -4633.8010626633786
  ],
  "num_iteration": 1000,
  "num_modalities": 4,
  "num_topics": 7,
  "total_liklihood": -33106.656450801594
}
