{
  "modality_liklihoods": [
    -13214.693655493447,
    -13239.934991969189,
    -935.65447471783193,
    -4641.1708642350013
  ],
  "num_iteration": 1000,
  "num_modalities": 4,
  "num_topics": 7,
  "total_liklihood": -32031.453986415469
}
