{
  "modality_liklihoods": [
    -13363.176705790345,
    -13260.811444267918,
    -938.15180981155481,
    -4639.1116341421794
  ],
  "num_iteration": 1000,
  "num_modalities": 4,
  "num_topics": 7,
  "total_liklihood": -32201.251594011999
}
