{
  "modality_liklihoods": [
    -13945.770360514429,
    -13256.74614931728,
    -948.44850737582624,
    -4630.9124216443688
  ],
  "num_iteration": 1000,
  "num_modalities": 4,
  "num_topics": 7,
  "total_liklihood": -32781.877438851901
}
