{
  "modality_liklihoods": [
    -14519.765775213231,
    -13292.987759169422,
    -935.78136019861802,
    -4606.110817908916
  ],
  "num_iteration": 1000,
  "num_modalities": 4,
  "num_topics": 7,
  "total_liklihood": -33354.645712490186
}
