{
  "modality_liklihoods": [
    -14077.473063618661,
    -13271.701263229654,
    -936.11822665534726,
    -4631.7162043726557
  ],
  "num_iteration": 1000,
  "num_modalities": 4,
  "num_topics": 7,
  "total_liklihood": -32917.00875787632
}
