{
  "modality_liklihoods": [
    -13782.465619545492,
    -13272.66899793021,
    -936.0914105319481,
    -4635.139978016753
  ],
  "num_iteration": 1000,
  "num_modalities": 4,
  "num_topics": 7,
  "total_liklihood": -32626.366006024404
}
