{
  "modality_liklihoods": [
    -13580.060090384619,
    -13239.075318004105,
    -939.11012100123037,
    -4668.8432439162625
  ],
  "num_iteration": 1000,
  "num_modalities": 4,
  "num_topics": 7,
  "total_liklihood": -32427.088773306219
}
