{
  "modality_liklihoods": [
    -14208.967404815152,
    -13196.072022686716,
    -934.43394576242849,
    -4622.9928303945653
  ],
  "num_iteration": 1000,
  "num_modalities": 4,
  "num_topics": 7,
  "total_liklihood": -32962.466203658863
}
