{
  "modality_liklihoods": [
    -14248.579015970718,
    -13223.112445446252,
    -948.8874714341739,
    -4733.1444963860295
  ],
  "num_iteration": 1000,
  "num_modalities": 4,
  "num_topics": 7,
  "total_liklihood": -33153.723429237172
}
