{
  "modality_liklihoods": [
    -14014.046112716434,
    -13270.731398311889,
    -941.38915404631632,
    -4625.7378731321405
  ],
  "num_iteration": 1000,
  "num_modalities": 4,
  "num_topics": 7,
  "total_liklihood": -32851.904538206785
}
