{
  "modality_liklihoods": [
    -13699.773713865288,
    -13254.001125443534,
    -939.21163816967783,
    -4618.571954582585
  ],
  "num_iteration": 1000,
  "num_modalities": 4,
  "num_topics": 7,
  "total_liklihood": -32511.558432061087
}
