{
  "modality_liklihoods": [
    -13722.178258464663,
    -13243.300480231244,
    -938.2725300100484,
    -4614.4429743061783
  ],
  "num_iteration": 1000,
  "num_modalities": 4,
  "num_topics": 7,
  "total_liklihood": -32518.194243012134
}
