{
  "modality_liklihoods": [
    -13749.576928411396,
    -13272.507246539046,
    -937.07179039538426,
    -4645.8001154128069
  ],
  "num_iteration": 1000,
  "num_modalities": 4,
  "num_topics": 7,
  "total_liklihood": -32604.956080758631
}
