{
  "modality_liklihoods": [
    -13590.458717150901,
    -13264.580891038966,
    -943.34708525740746,
    -4679.4665153995629
  ],
  "num_iteration": 1000,
  "num_modalities": 4,
  "num_topics": 7,
  "total_liklihood": -32477.853208846835
}
