{
  "modality_liklihoods": [
    -13888.410412227046,
    -13233.807874287939,
    -943.3677656678683,
    -4659.7707625613721
  ],
  "num_iteration": 1000,
  "num_modalities": 4,
  "num_topics": 7,
  "total_liklihood": -32725.356814744224
}
