{
  "modality_liklihoods": [
    -14540.942242710136,
    -13222.289051299407,
    -944.48884278536184,
    -4702.1320046592828
  ],
  "num_iteration": 1000,
  "num_modalities": 4,
  "num_topics": 7,
  "total_liklihood": -33409.85214145419
}
