{
  "modality_liklihoods": [
    -13773.541213753106,
    -13220.922264738252,
    -936.56880379779398,
    -4667.1728119413137
  ],
  "num_iteration": 1000,
  "num_modalities": 4,
  "num_topics": 7,
  "total_liklihood": -32598.205094230463
}
