{
  "modality_liklihoods": [
    -13601.781196370232,
    -13248.946830506022,
    -946.89306583489736,
    -4670.3317834363688
  ],
  "num_iteration": 1000,
  "num_modalities": 4,
  "num_topics": 7,
  "total_liklihood": -32467.952876147523
}
