{
  "modality_liklihoods": [
    -13451.11878543939,
    -13288.225290849061,
    -941.3105839757925,
    -4641.1254572814123
  ],
  "num_iteration": 1000,
  "num_modalities": 4,
  "num_topics": 7,
  "total_liklihood": -32321.780117545655
}
