{
  "modality_liklihoods": [
    -13718.161695795543,
    -13215.016539129689,
    -941.94226921355357,
    -4670.369665328576
  ],
  "num_iteration": 1000,
  "num_modalities": 4,
  "num_topics": 7,
  "total_liklihood": -32545.490169467361
}
