{
  "modality_liklihoods": [
    -13716.53788388752,
    -13287.278731542518,
    -944.7244408601473,
    -4653.7898602204277
  ],
  "num_iteration": 1000,
  "num_modalities": 4,
  "num_topics": 7,
  "total_liklihood": -32602.330916510611
}
