{
  "modality_liklihoods": [
    -13984.620672177591,
    -13292.87645188187,
    -944.13893534665499,
    -4666.51712447706
  ],
  "num_iteration": 1000,
  "num_modalities": 4,
  "num_topics": 7,
  "total_liklihood": -32888.153183883172
}
