{
  "modality_liklihoods": [
    -13769.449818107772,
    -13279.592611192806,
    -939.29950032515558,
    -4626.5477434272661
  ],
  "num_iteration": 1000,
  "num_modalities": 4,
  "num_topics": 7,
  "total_liklihood": -32614.889673053
}
