{
  "modality_liklihoods": [
    -13927.075393307921,
    -13271.442722393132,
    -942.0316836975868,
    -4659.3314008526777
  ],
  "num_iteration": 1000,
  "num_modalities": 4,
  "num_topics": 7,
  "total_liklihood": -32799.881200251315
}
