{
  "modality_liklihoods": [
    -14590.260394135463,
    -13304.394794384023,
    -940.59132534667344,
    -4623.5729277638738
  ],
  "num_iteration": 1000,
  "num_modalities": 4,
  "num_topics": 7,
  "total_liklihood": -33458.819441630032
}
