{
  "modality_liklihoods": [
    -13968.786241684546,
    -13228.366786128148,
    -940.09601425817334,
    -4650.0986775492347
  ],
  "num_iteration": 1000,
  "num_modalities": 4,
  "num_topics": 7,
  "total_liklihood": -32787.347719620098
}
