{
  "modality_liklihoods": [
    -14218.45797105724,
    -13250.666596089055,
    -939.08486236134411,
    -4611.2044370202721
  ],
  "num_iteration": 1000,
  "num_modalities": 4,
  "num_topics": 7,
  "total_liklihood": -33019.413866527917
}
