{
  "modality_liklihoods": [
    -14101.161983454331,
    -13297.484682259867,
    -943.71232892681905,
    -4642.9786346542251
  ],
  "num_iteration": 1000,
  "num_modalities": 4,
  "num_topics": 7,
  "total_liklihood": -32985.337629295245
}
