{
  "modality_liklihoods": [
    -13939.291816688274,
    -13271.118971902079,
    -944.39927168803274,
    -4660.7512775912464
  ],
  "num_iteration": 1000,
  "num_modalities": 4,
  "num_topics": 7,
  "total_liklihood": -32815.561337869629
}
