{
  "modality_liklihoods": [
    -13413.017629829827,
    -13219.64526932258,
    -944.64001141885308,
    -4718.8479502972978
  ],
  "num_iteration": 1000,
  "num_modalities": 4,
  "num_topics": 7,
  "total_liklihood": -32296.150860868558
}
