{
  "modality_liklihoods": [
    -14095.114347783108,
    -13265.596616667817,
    -936.13875223094465,
    -4649.5498628727873
  ],
  "num_iteration": 1000,
  "num_modalities": 4,
  "num_topics": 7,
  "total_liklihood": -32946.399579554658
}
