{
  "modality_liklihoods": [
    -14155.72159543049,
    -13281.33951762817,
    -938.63806880211155,
    -4667.2120994889165
  ],
  "num_iteration": 1000,
  "num_modalities": 4,
  "num_topics": 7,
  "total_liklihood": -33042.91128134969
}
