{
  "modality_liklihoods": [
    -13630.331029555417,
    -13253.924649009257,
    -943.68443963855543,
    -4578.5384047568159
  ],
  "num_iteration": 1000,
  "num_modalities": 4,
  "num_topics": 7,
  "total_liklihood": -32406.478522960046
}
