{
  "modality_liklihoods": [
    -13994.979473739166,
    -13260.688519237572,
    -944.98952652979051,
    -4647.1295926272514
  ],
  "num_iteration": 1000,
  "num_modalities": 4,
  "num_topics": 7,
  "total_liklihood": -32847.787112133781
}
