{
  "modality_liklihoods": [
    -13434.423718416323,
    -13278.679452464668,
    -936.70846795700186,
    -4615.8522947003748
  ],
  "num_iteration": 1000,
  "num_modalities": 4,
  "num_topics": 7,
  "total_liklihood": -32265.663933538366
}
