{
  "modality_liklihoods": [
    -14350.384736945316,
    -13278.864134149988,
    -938.28765352634298,
    -4688.7421709200835
  ],
  "num_iteration": 1000,
  "num_modalities": 4,
  "num_topics": 7,
  "total_liklihood": -33256.278695541732
}
