{
  "modality_liklihoods": [
    -13656.206390501628,
    -13253.190225722354,
    -942.04039800138344,
    -4622.4715777147612
  ],
  "num_iteration": 1000,
  "num_modalities": 4,
  "num_topics": 7,
  "total_liklihood": -32473.908591940126
}
