{
  "modality_liklihoods": [
    -14043.999086085805,
    -13268.308945505027,
    -936.96064906211041,
    -4669.8007509922008
  ],
  "num_iteration": 1000,
  "num_modalities": 4,
  "num_topics": 7,
  "total_liklihood": -32919.069431645141
}
