{
  "modality_liklihoods": [
    -13986.701545472382,
    -13242.667358868992,
    -933.22300682856803,
    -4630.723340344096
  ],
  "num_iteration": 1000,
  "num_modalities": 4,
  "num_topics": 7,
  "total_liklihood": -32793.315251514039
}
