{
  "modality_liklihoods": [
    -13744.810682164736,
    -13267.710155462551,
    -940.49854346140671,
    -4635.2238194603424
  ],
  "num_iteration": 1000,
  "num_modalities": 4,
  "num_topics": 7,
  "total_liklihood": -32588.243200549034
}
