{
  "modality_liklihoods": [
    -13895.312201041872,
    -13248.473382396041,
    -943.92173775812444,
    -4636.3967224340886
  ],
  "num_iteration": 1000,
  "num_modalities": 4,
  "num_topics": 7,
  "total_liklihood": -32724.104043630126
}
