{
  "modality_liklihoods": [
    -13810.205473160386,
    -13278.086478074629,
    -945.01589875823174,
    -4668.012427936289
  ],
  "num_iteration": 1000,
  "num_modalities": 4,
  "num_topics": 7,
  "total_liklihood": -32701.320277929535
}
