{
  "modality_liklihoods": [
    -13949.189740728025,
    -13312.707882391971,
    -944.09613965801793,
    -4649.6251684037416
  ],
  "num_iteration": 1000,
  "num_modalities": 4,
  "num_topics": 7,
  "total_liklihood": -32855.618931181758
}
