{
  "modality_liklihoods": [
    -12923.910596571455,
    -13301.467255334634,
    -939.59794481074141,
    -4638.6618601772343
  ],
  "num_iteration": 1000,
  "num_modalities": 4,
  "num_topics": 7,
  "total_liklihood": -31803.637656894065
}
