{
  "modality_liklihoods": [
    -14065.348869575879,
    -13229.015048856265,
    -944.0711424885543,
    -4747.8919762586711
  ],
  "num_iteration": 1000,
  "num_modalities": 4,
  "num_topics": 7,
  "total_liklihood": -32986.32703717937
}
