{
  "modality_liklihoods": [
    -13723.459644131859,
    -13285.979298896089,
    -940.05386818114073,
    -4640.1487642842158
  ],
  "num_iteration": 1000,
  "num_modalities": 4,
  "num_topics": 7,
  "total_liklihood": -32589.641575493304
}
