{
  "modality_liklihoods": [
    -13932.217789583896,
    -13254.739416290446,
    -934.9807228270754,
    -4679.1623299438597
  ],
  "num_iteration": 1000,
  "num_modalities": 4,
  "num_topics": 7,
  "total_liklihood": -32801.100258645281
}
