{
  "modality_liklihoods": [
    -13358.171197122989,
    -13271.319799780147,
    -939.93981213133225,
    -4604.711290747925
  ],
  "num_iteration": 1000,
  "num_modalities": 4,
  "num_topics": 7,
  "total_liklihood": -32174.142099782392
}
