{
  "modality_liklihoods": [
    -13616.865072843604,
    -13261.371978180594,
    -943.1053147952947,
    -4655.430968749617
  ],
  "num_iteration": 1000,
  "num_modalities": 4,
  "num_topics": 7,
  "total_liklihood": -32476.773334569109
}
