{
  "modality_liklihoods": [
    -13323.35494799644,
    -13270.428274994983,
    -937.34149485795047,
    -4640.5619616218073
  ],
  "num_iteration": 1000,
  "num_modalities": 4,
  "num_topics": 7,
  "total_liklihood": -32171.686679471182
}
