{
  "modality_liklihoods": [
    -13766.532730725619,
    -13279.724881398584,
    -939.08195883261692,
    -4591.1110403888224
  ],
  "num_iteration": 1000,
  "num_modalities": 4,
  "num_topics": 7,
  "total_liklihood": -32576.450611345641
}
