{
  "modality_liklihoods": [
    -13997.05024231045,
    -13263.998914992088,
    -935.05565244023126,
    -4605.8877305479637
  ],
  "num_iteration": 1000,
  "num_modalities": 4,
  "num_topics": 7,
  "total_liklihood": -32801.992540290732
}
