{
  "modality_liklihoods": [
    -13827.144096544003,
    -13297.799123277573,
    -939.1260494264701,
    -4621.065750685746
  ],
  "num_iteration": 1000,
  "num_modalities": 4,
  "num_topics": 7,
  "total_liklihood": -32685.135019933794
}
