{
  "modality_liklihoods": [
    -13844.323758903054,
    -13287.062389975274,
    -938.78279329267764,
    -4633.0750453268738
  ],
  "num_iteration": 1000,
  "num_modalities": 4,
  "num_topics": 7,
  "total_liklihood": -32703.243987497881
}
