{
  "modality_liklihoods": [
    -14385.473574998417,
    -13243.943566320582,
    -943.63896242009173,
    -4716.7228025070553
  ],
  "num_iteration": 1000,
  "num_modalities": 4,
  "num_topics": 7,
  "total_liklihood": -33289.778906246145
}
