{
  "modality_liklihoods": [
    -13819.733928386018,
    -13276.262864371731,
    -946.0063798279009,
    -4599.3418711027516
  ],
  "num_iteration": 1000,
  "num_modalities": 4,
  "num_topics": 7,
  "total_liklihood": -32641.345043688401
}
