{
  "modality_liklihoods": [
    -14632.977440728519,
    -13245.696442740427,
    -943.14248732921624,
    -4619.5519997213987
  ],
  "num_iteration": 1000,
  "num_modalities": 4,
  "num_topics": 7,
  "total_liklihood": -33441.368370519558
}
