{
  "modality_liklihoods": [
    -14494.088805355535,
    -13207.65152859198,
    -939.8701340941326,
    -4725.2432316781869
  ],
  "num_iteration": 1000,
  "num_modalities": 4,
  "num_topics": 7,
  "total_liklihood": -33366.853699719832
}
