{
  "modality_liklihoods": [
    -14073.338130737002,
    -13255.026074602743,
    -939.06093179314678,
    -4649.499527657822
  ],
  "num_iteration": 1000,
  "num_modalities": 4,
  "num_topics": 7,
  "total_liklihood": -32916.924664790713
}
