{
  "modality_liklihoods": [
    -14100.686986166891,
    -13256.853928124947,
    -937.32116925974515,
    -4636.7812716745011
  ],
  "num_iteration": 1000,
  "num_modalities": 4,
  "num_topics": 7,
  "total_liklihood": -32931.643355226086
}
