{
  "modality_liklihoods": [
    -13679.601559848874,
    -13219.548957500649,
    -940.85762695298388,
    -4631.5168585660804
  ],
  "num_iteration": 1000,
  "num_modalities": 4,
  "num_topics": 7,
  "total_liklihood": -32471.525002868588
}
