{
  "modality_liklihoods": [
    -14272.430064268479,
    -13293.995622715283,
    -939.72955483243186,
    -4709.2468967043224
  ],
  "num_iteration": 1000,
  "num_modalities": 4,
  "num_topics": 7,
  "total_liklihood": -33215.40213852052
}
