{
  "modality_liklihoods": [
    -14421.057401645561,
    -13309.253897977649,
    -938.98444580193404,
    -4593.9285556385112
  ],
  "num_iteration": 1000,
  "num_modalities": 4,
  "num_topics": 7,
  "total_liklihood": -33263.224301063652
}
