{
  "modality_liklihoods": [
    -14148.243795161829,
    -13308.600536719438,
    -938.08431089656858,
    -4687.0718914787303
  ],
  "num_iteration": 1000,
  "num_modalities": 4,
  "num_topics": 7,
  "total_liklihood": -33082.000534256564
}
