{
  "modality_liklihoods": [
    -13816.424801064768,
    -13182.956244843386,
    -941.43185009707963,
    -4699.605374554325
  ],
  "num_iteration": 1000,
  "num_modalities": 4,
  "num_topics": 7,
  "total_liklihood": -32640.418270559559
}
