{
  "modality_liklihoods": [
    -13834.226378704705,
    -13296.357576073187,
    -943.3189312756856,
    -4616.068608771815
  ],
  "num_iteration": 1000,
  "num_modalities": 4,
  "num_topics": 7,
  "total_liklihood": -32689.97149482539
}
