{
  "modality_liklihoods": [
    -13728.297038368975,
    -13290.126039072562,
    -934.01015218339728,
    -4638.8256886145537
  ],
  "num_iteration": 1000,
  "num_modalities": 4,
  "num_topics": 7,
  "total_liklihood": -32591.258918239488
}
