{
  "modality_liklihoods": [
    -13477.043115195813,
    -13217.96273191231,
    -940.6133207761784,
    -4619.0692272880187
  ],
  "num_iteration": 1000,
  "num_modalities": 4,
  "num_topics": 7,
  "total_liklihood": -32254.688395172318
}
