{
  "modality_liklihoods": [
    -13937.538484317993,
    -13256.234830518704,
    -937.14400587075056,
    -4678.5458041989086
  ],
  "num_iteration": 1000,
  "num_modalities": 4,
  "num_topics": 7,
  "total_liklihood": -32809.46312490636
}
