{
  "modality_liklihoods": [
    -13552.628578756185,
    -13238.379615883043,
    -939.82987368164436,
    -4646.9187551789946
  ],
  "num_iteration": 1000,
  "num_modalities": 4,
  "num_topics": 7,
  "total_liklihood": -32377.756823499865
}
