{
  "modality_liklihoods": [
    -13446.596254907105,
    -13220.028207434352,
    -945.1819060008462,
    -4679.3909483583429
  ],
  "num_iteration": 1000,
  "num_modalities": 4,
  "num_topics": 7,
  "total_liklihood": -32291.197316700644
}
