{
  "modality_liklihoods": [
    -13412.318687369174,
    -13243.393245855785,
    -941.24243609471091,
    -4656.6067354170809
  ],
  "num_iteration": 1000,
  "num_modalities": 4,
  "num_topics": 7,
  "total_liklihood": -32253.561104736749
}
