{
  "modality_liklihoods": [
    -14123.073995207233,
    -13270.397247511581,
    -944.04919679044031,
    -4586.3784327568483
  ],
  "num_iteration": 1000,
  "num_modalities": 4,
  "num_topics": 7,
  "total_liklihood": -32923.898872266102
}
