{
  "modality_liklihoods": [
    -13852.42668733445,
    -13293.512640148394,
    -940.02780220465024,
    -4609.1504060190673
  ],
  "num_iteration": 1000,
  "num_modalities": 4,
  "num_topics": 7,
  "total_liklihood": -32695.117535706562
}
