{
  "modality_liklihoods": [
    -13791.38822200904,
    -13265.816613439009,
    -938.64336723343524,
    -4585.7466186088068
  ],
  "num_iteration": 1000,
  "num_modalities": 4,
  "num_topics": 7,
  "total_liklihood": -32581.594821290291
}
