{
  "modality_liklihoods": [
    -14001.955937810535,
    -13226.427400062768,
    -937.66092919146593,
    -4647.4256017620019
  ],
  "num_iteration": 1000,
  "num_modalities": 4,
  "num_topics": 7,
  "total_liklihood": -32813.469868826767
}
