{
  "modality_liklihoods": [
    -13747.216443741901,
    -13295.858237203363,
    -936.51601076088468,
    -4633.3421846591864
  ],
  "num_iteration": 1000,
  "num_modalities": 4,
  "num_topics": 7,
  "total_liklihood": -32612.932876365339
}
