{
  "modality_liklihoods": [
    -13712.909621755305,
    -13230.086152309015,
    -943.0100053603594,
    -4658.2600022002744
  ],
  "num_iteration": 1000,
  "num_modalities": 4,
  "num_topics": 7,
  "total_liklihood": -32544.265781624956
}
