{
  "modality_liklihoods": [
    -13766.746857147353,
    -13210.452569930454,
    -943.43334518056531,
    -4733.2819041507519
  ],
  "num_iteration": 1000,
  "num_modalities": 4,
  "num_topics": 7,
  "total_liklihood": -32653.914676409127
}
