{
  "modality_liklihoods": [
    -13922.6444710697,
    -13199.240861373357,
    -943.56413937704735,
    -4682.1986090529954
  ],
  "num_iteration": 1000,
  "num_modalities": 4,
  "num_topics": 7,
  "total_liklihood": -32747.648080873099
}
