{
  "modality_liklihoods": [
    -14091.788682748875,
    -13289.301314349539,
    -946.30637668637235,
    -4620.8822665853249
  ],
  "num_iteration": 1000,
  "num_modalities": 4,
  "num_topics": 7,
  "total_liklihood": -32948.27864037011
}
