{
  "modality_liklihoods": [
    -13915.194799541736,
    -13291.18881300941,
    -940.65015277618636,
    -4656.4014385398086
  ],
  "num_iteration": 1000,
  "num_modalities": 4,
  "num_topics": 7,
  "total_liklihood": -32803.435203867142
}
