{
  "modality_liklihoods": [
    -13693.078996634767,
    -13279.599134994924,
    -949.26541057923021,
    -4608.8709943237118
  ],
  "num_iteration": 1000,
  "num_modalities": 4,
  "num_topics": 7,
  "total_liklihood": -32530.814536532635
}
