{
  "modality_liklihoods": [
    -14408.60216669884,
    -13255.057329188408,
    -936.93275877327801,
    -4590.4611947065123
  ],
  "num_iteration": 1000,
  "num_modalities": 4,
  "num_topics": 7,
  "total_liklihood": -33191.053449367035
}
