{
  "modality_liklihoods": [
    -13523.438957084372,
    -13291.371728184567,
    -935.02671072059945,
    -4622.5051095403296
  ],
  "num_iteration": 1000,
  "num_modalities": 4,
  "num_topics": 7,
  "total_liklihood": -32372.342505529865
}
