{
  "modality_liklihoods": [
    -13984.284118541473,
    -13278.632244507213,
    -939.18626127419884,
    -4638.6316688762481
  ],
  "num_iteration": 1000,
  "num_modalities": 4,
  "num_topics": 7,
  "total_liklihood": -32840.73429319913
}
