{
  "modality_liklihoods": [
    -13794.125804444629,
    -13292.958203390512,
    -940.79600003574581,
    -4643.9169379637979
  ],
  "num_iteration": 1000,
  "num_modalities": 4,
  "num_topics": 7,
  "total_liklihood": -32671.796945834682
}
