{
  "modality_liklihoods": [
    -14104.111410328818,
    -13287.360536935545,
    -934.17042300358548,
    -4646.2618787311721
  ],
  "num_iteration": 1000,
  "num_modalities": 4,
  "num_topics": 7,
  "total_liklihood": -32971.904248999119
}
