{
  "modality_liklihoods": [
    -13649.996480951017,
    -13273.233248221766,
    -939.19868498177607,
    -4675.4558004000764
  ],
  "num_iteration": 1000,
  "num_modalities": 4,
  "num_topics": 7,
  "total_liklihood": -32537.884214554633
}
