{
  "modality_liklihoods": [
    -13701.353493072318,
    -13251.505286315793,
    -943.14939539857198,
    -4659.3383722581357
  ],
  "num_iteration": 1000,
  "num_modalities": 4,
  "num_topics": 7,
  "total_liklihood": -32555.346547044817
}
