{
  "modality_liklihoods": [
    -13762.834930964973,
    -13263.472568352088,
    -944.09703783984105,
    -4542.9505194657577
  ],
  "num_iteration": 1000,
  "num_modalities": 4,
  "num_topics": 7,
  "total_liklihood": -32513.355056622659
}
