{
  "modality_liklihoods": [
    -13400.262917327997,
    -13268.956486283421,
    -948.47380024663062,
    -4661.1916039104344
  ],
  "num_iteration": 1000,
  "num_modalities": 4,
  "num_topics": 7,
  "total_liklihood": -32278.884807768482
}
