{
  "modality_liklihoods": [
    -13718.199894252284,
    -13280.813793745061,
    -937.60203772773525,
    -4639.4422029017214
  ],
  "num_iteration": 1000,
  "num_modalities": 4,
  "num_topics": 7,
  "total_liklihood": -32576.0579286268
}
