{
  "modality_liklihoods": [
    -14594.536073537958,
    -13254.369471390297,
    -941.00278212318733,
    -4640.747957866628
  ],
  "num_iteration": 1000,
  "num_modalities": 4,
  "num_topics": 7,
  "total_liklihood": -33430.65628491807
}
