{
  "modality_liklihoods": [
    -14495.997629319521,
    -13282.264403010076,
    -946.96354634077284,
    -4732.501253425381
  ],
  "num_iteration": 1000,
  "num_modalities": 4,
  "num_topics": 7,
  "total_liklihood": -33457.726832095752
}
