{
  "modality_liklihoods": [
    -14033.190324781093,
    -13244.390527962107,
    -943.83721073302081,
    -4682.1033188590736
  ],
  "num_iteration": 1000,
  "num_modalities": 4,
  "num_topics": 7,
  "total_liklihood": -32903.521382335297
}
