{
  "modality_liklihoods": [
    -14072.019451324015,
    -13263.881682637211,
    -940.82708687765273,
    -4641.5071335253479
  ],
  "num_iteration": 1000,
  "num_modalities": 4,
  "num_topics": 7,
  "total_liklihood": -32918.235354364224
}
