{
  "modality_liklihoods": [
    -14805.066392314448,
    -13220.331473833354,
    -937.95384926760403,
    -4663.942283632141
  ],
  "num_iteration": 1000,
  "num_modalities": 4,
  "num_topics": 7,
  "total_liklihood": -33627.29399904755
}
