{
  "modality_liklihoods": [
    -13929.066294682458,
    -13216.839753101791,
    -940.31067599618484,
    -4732.4911295725315
  ],
  "num_iteration": 1000,
  "num_modalities": 4,
  "num_topics": 7,
  "total_liklihood": -32818.707853352964
}
