{
  "modality_liklihoods": [
    -14418.272919945159,
    -13265.826651350581,
    -934.00710981126622,
    -4618.1920969542743
  ],
  "num_iteration": 1000,
  "num_modalities": 4,
  "num_topics": 7,
  "total_liklihood": -33236.298778061282
}
