{
  "modality_liklihoods": [
    -14640.895429042192,
    -13279.383301401302,
    -935.81049728780363,
    -4606.4968562733702
  ],
  "num_iteration": 1000,
  "num_modalities": 4,
  "num_topics": 7,
  "total_liklihood": -33462.586084004666
}
