{
  "modality_liklihoods": [
    -13934.027732138678,
    -13286.746682123781,
    -941.95756383113257,
    -4655.460219816383
  ],
  "num_iteration": 1000,
  "num_modalities": 4,
  "num_topics": 7,
  "total_liklihood": -32818.192197909972
}
