{
  "modality_liklihoods": [
    -13770.742183698783,
    -13248.707036449268,
    -937.59256038984574,
    -4609.5596743116976
  ],
  "num_iteration": 1000,
  "num_modalities": 4,
  "num_topics": 7,
  "total_liklihood": -32566.601454849599
}
