{
  "modality_liklihoods": [
    -13802.620622277731,
    -13247.771166952889,
    -942.79625263255173,
    -4717.7276607939202
  ],
  "num_iteration": 1000,
  "num_modalities": 4,
  "num_topics": 7,
  "total_liklihood": -32710.91570265709
}
