{
  "modality_liklihoods": [
    -13321.78929682853,
    -13308.302143585344,
    -937.95232984194354,
    -4644.4915190889606
  ],
  "num_iteration": 1000,
  "num_modalities": 4,
  "num_topics": 7,
  "total_liklihood": -32212.535289344778
}
