{
  "modality_liklihoods": [
    -12816.901861345865,
    -13254.88981606233,
    -940.75776399397341,
    -4631.5202666641835
  ],
  "num_iteration": 1000,
  "num_modalities": 4,
  "num_topics": 7,
  "total_liklihood": -31644.069708066352
}
