{
  "modality_liklihoods": [
    -13857.086223268321,
    -13262.534194650279,
    -938.09286935726652,
    -4604.4904818303294
  ],
  "num_iteration": 1000,
  "num_modalities": 4,
  "num_topics": 7,
  "total_liklihood": -32662.2037691062
}
