{
  "modality_liklihoods": [
    -14012.001049700501,
    -13276.955177193668,
    -938.95217533155619,
    -4666.9229516719834
  ],
  "num_iteration": 1000,
  "num_modalities": 4,
  "num_topics": 7,
  "total_liklihood": -32894.831353897709
}
