{
  "modality_liklihoods": [
    -14078.836246369881,
    -13249.401724235833,
    -942.72728602877714,
    -4639.4395235503771
  ],
  "num_iteration": 1000,
  "num_modalities": 4,
  "num_topics": 7,
  "total_liklihood": -32910.404780184872
}
