{
  "modality_liklihoods": [
    -14236.688067248297,
    -13258.382921986507,
    -936.69442578479243,
    -4617.0516913212687
  ],
  "num_iteration": 1000,
  "num_modalities": 4,
  "num_topics": 7,
  "total_liklihood": -33048.817106340866
}
