{
  "modality_liklihoods": [
    -13917.977997476228,
    -13293.643973891916,
    -937.32794199562397,
    -4688.7986787056443
  ],
  "num_iteration": 1000,
  "num_modalities": 4,
  "num_topics": 7,
  "total_liklihood": -32837.748592069409
}
