{
  "modality_liklihoods": [
    -14013.21207917386,
    -13244.06330454453,
    -938.83939651414028,
    -4638.0276261667195
  ],
  "num_iteration": 1000,
  "num_modalities": 4,
  "num_topics": 7,
  "total_liklihood": -32834.142406399253
}
