{
  "modality_liklihoods": [
    -13718.324702403825,
    -13263.648869657452,
    -943.58631626853048,
    -4661.6946816971576
  ],
  "num_iteration": 1000,
  "num_modalities": 4,
  "num_topics": 7,
  "total_liklihood": -32587.254570026966
}
