{
  "modality_liklihoods": [
    -13788.382821665638,
    -13314.23316307292,
    -936.59346483374816,
    -4606.3210117808831
  ],
  "num_iteration": 1000,
  "num_modalities": 4,
  "num_topics": 7,
  "total_liklihood": -32645.530461353192
}
