{
  "modality_liklihoods": [
    -13831.464920608183,
    -13257.727158080452,
    -939.20335709806079,
    -4651.8432187272347
  ],
  "num_iteration": 1000,
  "num_modalities": 4,
  "num_topics": 7,
  "total_liklihood": -32680.238654513927
}
