{
  "modality_liklihoods": [
    -14432.432120715113,
    -13235.878022331512,
    -937.20220015292864,
    -4634.2454512814757
  ],
  "num_iteration": 1000,
  "num_modalities": 4,
  "num_topics": 7,
  "total_liklihood": -33239.757794481033
}
