{
  "modality_liklihoods": [
    -14613.677398397576,
    -13269.568281164526,
    -943.97175978861253,
    -4634.1510854132184
  ],
  "num_iteration": 1000,
  "num_modalities": 4,
  "num_topics": 7,
  "total_liklihood": -33461.368524763937
}
