{
  "modality_liklihoods": [
    -13787.45780560713,
    -13251.859622998138,
    -942.37097989672463,
    -4623.9942492081555
  ],
  "num_iteration": 1000,
  "num_modalities": 4,
  "num_topics": 7,
  "total_liklihood": -32605.682657710146
}
