{
  "modality_liklihoods": [
    -13899.573555757661,
    -13218.571857419354,
    -947.71643054416222,
    -4650.5491050868541
  ],
  "num_iteration": 1000,
  "num_modalities": 4,
  "num_topics": 7,
  "total_liklihood": -32716.410948808032
}
