{
  "modality_liklihoods": [
    -13376.140317279227,
    -13273.913108536015,
    -931.52959482196798,
    -4638.6533829695682
  ],
  "num_iteration": 1000,
  "num_modalities": 4,
  "num_topics": 7,
  "total_liklihood": -32220.236403606777
}
