{
  "modality_liklihoods": [
    -13902.31311824685,
    -13273.615441871298,
    -941.9348884842932,
    -4628.8970849876869
  ],
  "num_iteration": 1000,
  "num_modalities": 4,
  "num_topics": 7,
  "total_liklihood": -32746.760533590128
}
