{
  "modality_liklihoods": [
    -14110.51280002446,
    -13219.849935685845,
    -937.49429397666597,
    -4643.8814805626835
  ],
  "num_iteration": 1000,
  "num_modalities": 4,
  "num_topics": 7,
  "total_liklihood": -32911.738510249656
}
