{
  "modality_liklihoods": [
    -13527.52690178937,
    -13269.848769801747,
    -945.31027716532913,
    -4657.3018839172282
  ],
  "num_iteration": 1000,
  "num_modalities": 4,
  "num_topics": 7,
  "total_liklihood": -32399.987832673673
}
