{
  "modality_liklihoods": [
    -14134.676889828395,
    -13217.570671679045,
    -947.34621362235544,
    -4737.2995927208058
  ],
  "num_iteration": 1000,
  "num_modalities": 4,
  "num_topics": 7,
  "total_liklihood": -33036.8933678506
}
