{
  "modality_liklihoods": [
    -13480.861482086206,
    -13231.110837572018,
    -944.02101303624545,
    -4594.8228365103651
  ],
  "num_iteration": 1000,
  "num_modalities": 4,
  "num_topics": 7,
  "total_liklihood": -32250.816169204834
}
