{
  "modality_liklihoods": [
    -13161.740799651408,
    -13262.444718930874,
    -946.40266764283444,
    -4619.4721372511358
  ],
  "num_iteration": 1000,
  "num_modalities": 4,
  "num_topics": 7,
  "total_liklihood": -31990.060323476253
}
