{
  "modality_liklihoods": [
    -13698.100609895451,
    -13280.932636617725,
    -940.3790808343133,
    -4636.8681966051618
  ],
  "num_iteration": 1000,
  "num_modalities": 4,
  "num_topics": 7,
  "total_liklihood": -32556.280523952653
}
