{
  "modality_liklihoods": [
    -14352.77448797698,
    -13244.636262251972,
    -938.82625917678013,
    -4663.4001521493592
  ],
  "num_iteration": 1000,
  "num_modalities": 4,
  "num_topics": 7,
  "total_liklihood": -33199.637161555089
}
