{
  "modality_liklihoods": [
    -14468.37537805003,
    -13223.106521967933,
    -942.02719259184005,
    -4743.8401164794905
  ],
  "num_iteration": 1000,
  "num_modalities": 4,
  "num_topics": 7,
  "total_liklihood": -33377.349209089291
}
