{
  "modality_liklihoods": [
    -14059.804653188032,
    -13240.900188585641,
    -935.59453837267893,
    -4621.5217280487004
  ],
  "num_iteration": 1000,
  "num_modalities": 4,
  "num_topics": 7,
  "total_liklihood": -32857.82110819505
}
