{
  "modality_liklihoods": [
    -14275.627457640703,
    -13229.704256584153,
    -942.01359492456947,
    -4633.2752651021819
  ],
  "num_iteration": 1000,
  "num_modalities": 4,
  "num_topics": 7,
  "total_liklihood": -33080.62057425161
}
