{
  "modality_liklihoods": [
    -14287.622873014085,
    -13218.576943143242,
    -933.9364600922554,
    -4626.0418016601707
  ],
  "num_iteration": 1000,
  "num_modalities": 4,
  "num_topics": 7,
  "total_liklihood": -33066.178077909753
}
