{
  "modality_liklihoods": [
    -13855.682958172007,
    -13265.173659627404,
    -945.71547714126029,
    -4660.7712105520823
  ],
  "num_iteration": 1000,
  "num_modalities": 4,
  "num_topics": 7,
  "total_liklihood": -32727.343305492752
}
