{
  "modality_liklihoods": [
    -13843.800550535218,
    -13295.603167474346,
    -944.81427680829995,
    -4672.4229467225223
  ],
  "num_iteration": 1000,
  "num_modalities": 4,
  "num_topics": 7,
  "total_liklihood": -32756.640941540387
}
