{
  "modality_liklihoods": [
    -13631.41015203737,
    -13222.487262717075,
    -940.93711873372206,
    -4679.7822190563884
  ],
  "num_iteration": 1000,
  "num_modalities": 4,
  "num_topics": 7,
  "total_liklihood": -32474.616752544556
}
