{
  "modality_liklihoods": [
    -14061.373701685074,
    -13295.326655246579,
    -936.19062143531255,
    -4658.8232012799826
  ],
  "num_iteration": 1000,
  "num_modalities": 4,
  "num_topics": 7,
  "total_liklihood": -32951.714179646944
}
