{
  "modality_liklihoods": [
    -13449.693292337088,
    -13262.39132048721,
    -937.86283854563248,
    -4637.8861659475842
  ],
  "num_iteration": 1000,
  "num_modalities": 4,
  "num_topics": 7,
  "total_liklihood": -32287.833617317516
}
