{
  "modality_liklihoods": [
    -14023.319624461059,
    -13273.097572654153,
    -941.47762295974439,
    -4675.097927988385
  ],
  "num_iteration": 1000,
  "num_modalities": 4,
  "num_topics": 7,
  "total_liklihood": -32912.992748063341
}
