{
  "modality_liklihoods": [
    -13644.958625162248,
    -13201.502756123491,
    -941.74188308831413,
    -4735.5606850951426
  ],
  "num_iteration": 1000,
  "num_modalities": 4,
  "num_topics": 7,
  "total_liklihood": -32523.763949469198
}
