{
  "modality_liklihoods": [
    -13670.028604984156,
    -13314.110661396368,
    -942.14652689760851,
    -4644.1834335955964
  ],
  "num_iteration": 1000,
  "num_modalities": 4,
  "num_topics": 7,
  "total_liklihood": -32570.469226873731
}
