{
  "modality_liklihoods": [
    -14084.35256485498,
    -13268.559433645793,
    -943.60915168752911,
    -4645.6139732490283
  ],
  "num_iteration": 1000,
  "num_modalities": 4,
  "num_topics": 7,
  "total_liklihood": -32942.135123437329
}
