{
  "modality_liklihoods": [
    -13635.107507362565,
    -13265.221896040492,
    -945.3089537189353,
    -4600.007870941432
  ],
  "num_iteration": 1000,
  "num_modalities": 4,
  "num_topics": 7,
  "total_liklihood": -32445.646228063422
}
