{
  "modality_liklihoods": [
    -13653.829004010566,
    -13285.16019759974,
    -934.22626004278766,
    -4612.6744823944091
  ],
  "num_iteration": 1000,
  "num_modalities": 4,
  "num_topics": 7,
  "total_liklihood": -32485.889944047503
}
