{
  "modality_liklihoods": [
    -13511.563910460323,
    -13264.578049621879,
    -947.26911224315313,
    -4636.2293062473909
  ],
  "num_iteration": 1000,
  "num_modalities": 4,
  "num_topics": 7,
  "total_liklihood": -32359.640378572749
}
