{
  "modality_liklihoods": [
    -13994.74564699304,
    -13240.908567658824,
    -939.66806846984457,
    -4650.5072568362884
  ],
  "num_iteration": 1000,
  "num_modalities": 4,
  "num_topics": 7,
  "total_liklihood": -32825.829539957995
}
