{
  "modality_liklihoods": [
    -13826.462235133517,
    -13261.181132931295,
    -942.15778437867596,
    -4630.4555602481905
  ],
  "num_iteration": 1000,
  "num_modalities": 4,
  "num_topics": 7,
  "total_liklihood": -32660.256712691677
}
