{
  "modality_liklihoods": [
    -13923.632478439818,
    -13297.520852478276,
    -933.1835598448954,
    -4640.8385618589018
  ],
  "num_iteration": 1000,
  "num_modalities": 4,
  "num_topics": 7,
  "total_liklihood": -32795.175452621894
}
