{
  "modality_liklihoods": [
    -13497.119791904122,
    -13265.563962871516,
    -941.97886652639784,
    -4639.9550930686055
  ],
  "num_iteration": 1000,
  "num_modalities": 4,
  "num_topics": 7,
  "total_liklihood": -32344.617714370641
}
