{
  "modality_liklihoods": [
    -14580.041562138549,
    -13255.772270227881,
    -932.23156630543019,
    -4618.5050418040382
  ],
  "num_iteration": 1000,
  "num_modalities": 4,
  "num_topics": 7,
  "total_liklihood": -33386.550440475898
}
