{
  "modality_liklihoods": [
    -13145.260258142598,
    -13207.142427859737,
    -945.33059090555264,
    -4643.0301991570623
  ],
  "num_iteration": 1000,
  "num_modalities": 4,
  "num_topics": 7,
  "total_liklihood": -31940.763476064953
}
