{
  "modality_liklihoods": [
    -13985.280099237516,
    -13305.504731341434,
    -940.47583134261527,
    -4609.6130987945226
  ],
  "num_iteration": 1000,
  "num_modalities": 4,
  "num_topics": 7,
  "total_liklihood": -32840.873760716087
}
