{
  "modality_liklihoods": [
    -14133.987478769381,
    -13242.668455858593,
    -936.93886690116153,
    -4650.4907350031535
  ],
  "num_iteration": 1000,
  "num_modalities": 4,
  "num_topics": 7,
  "total_liklihood": -32964.085536532293
}
