{
  "modality_liklihoods": [
    -13673.560652570661,
    -13295.240623944301,
    -947.23079962109375,
    -4674.9312274968906
  ],
  "num_iteration": 1000,
  "num_modalities": 4,
  "num_topics": 7,
  "total_liklihood": -32590.963303632947
}
