{
  "modality_liklihoods": [
    -13617.933737376328,
    -13236.96653997557,
    -932.8421299137558,
    -4673.3620007758636
  ],
  "num_iteration": 1000,
  "num_modalities": 4,
  "num_topics": 7,
  "total_liklihood": -32461.104408041516
}
