{
  "modality_liklihoods": [
    -14228.879943059354,
    -13292.706422848645,
    -937.9796010209127,
    -4686.4749888017859
  ],
  "num_iteration": 1000,
  "num_modalities": 4,
  "num_topics": 7,
  "total_liklihood": -33146.040955730699
}
