{
  "modality_liklihoods": [
    -13811.576363620599,
    -13277.451054048874,
    -940.69076764153658,
    -4636.1277790173408
  ],
  "num_iteration": 1000,
  "num_modalities": 4,
  "num_topics": 7,
  "total_liklihood": -32665.84596432835
}
