{
  "modality_liklihoods": [
    -14247.701596488141,
    -13271.153776135365,
    -947.96197083281481,
    -4650.5793551317765
  ],
  "num_iteration": 1000,
  "num_modalities": 4,
  "num_topics": 7,
  "total_liklihood": -33117.396698588098
}
