{
  "modality_liklihoods": [
    -14869.481801448872,
    -13224.993981249974,
    -940.89965500924427,
    -4649.6822988559488
  ],
  "num_iteration": 1000,
  "num_modalities": 4,
  "num_topics": 7,
  "total_liklihood": -33685.057736564042
}
