{
  "modality_liklihoods": [
    -13969.377872661331,
    -13258.713228048431,
    -936.29879184865729,
    -4684.5085397576277
  ],
  "num_iteration": 1000,
  "num_modalities": 4,
  "num_topics": 7,
  "total_liklihood": -32848.898432316048
}
