{
  "modality_liklihoods": [
    -14764.291350250496,
    -13225.267819240109,
    -945.47814995293811,
    -4673.1809386923505
  ],
  "num_iteration": 1000,
  "num_modalities": 4,
  "num_topics": 7,
  "total_liklihood": -33608.218258135894
}
