{
  "modality_liklihoods": [
    -14610.269630689083,
    -13263.075667005816,
    -936.17308913235854,
    -4600.2843979686277
  ],
  "num_iteration": 1000,
  "num_modalities": 4,
  "num_topics": 7,
  "total_liklihood": -33409.80278479588
}
