{
  "modality_liklihoods": [
    -13334.591394321627,
    -13247.258860976268,
    -943.5347609504264,
    -4681.0752561017316
  ],
  "num_iteration": 1000,
  "num_modalities": 4,
  "num_topics": 7,
  "total_liklihood": -32206.460272350057
}
