{
  "modality_liklihoods": [
    -14027.712020167635,
    -13310.860672428244,
    -936.95739213167349,
    -4687.086678713079
  ],
  "num_iteration": 1000,
  "num_modalities": 4,
  "num_topics": 7,
  "total_liklihood": -32962.61676344063
}
