{
  "modality_liklihoods": [
    -13384.050275905865,
    -13234.049302737105,
    -939.25113579167748,
    -4637.3023976549403
  ],
  "num_iteration": 1000,
  "num_modalities": 4,
  "num_topics": 7,
  "total_liklihood": -32194.653112089589
}
