{
  "modality_liklihoods": [
    -14969.413675663045,
    -13245.87839331716,
    -940.91023015957762,
    -4607.663448344696
  ],
  "num_iteration": 1000,
  "num_modalities": 4,
  "num_topics": 7,
  "total_liklihood": -33763.86574748448
}
