{
  "modality_liklihoods": [
    -13994.421900067122,
    -13279.062326516598,
    -939.05856103534052,
    -4646.6994821849157
  ],
  "num_iteration": 1000,
  "num_modalities": 4,
  "num_topics": 7,
  "total_liklihood": -32859.242269803981
}
