{
  "modality_liklihoods": [
    -13611.565006455434,
    -13252.908715680882,
    -936.71207681482076,
    -4630.2033442726761
  ],
  "num_iteration": 1000,
  "num_modalities": 4,
  "num_topics": 7,
  "total_liklihood": -32431.389143223812
}
