{
  "modality_liklihoods": [
    -14140.810429722767,
    -13240.929567567093,
    -941.41699981721945,
    -4616.9733531263128
  ],
  "num_iteration": 1000,
  "num_modalities": 4,
  "num_topics": 7,
  "total_liklihood": -32940.13035023339
}
