{
  "modality_liklihoods": [
    -14050.210205298434,
    -13241.876688890792,
    -943.62360253220959,
    -4634.8790975992042
  ],
  "num_iteration": 1000,
  "num_modalities": 4,
  "num_topics": 7,
  "total_liklihood": -32870.589594320641
}
