{
  "modality_liklihoods": [
    -13045.583221919209,
    -13237.34169837525,
    -942.20708023707482,
    -4596.368508489204
  ],
  "num_iteration": 1000,
  "num_modalities": 4,
  "num_topics": 7,
  "total_liklihood": -31821.500509020741
}
