{
  "modality_liklihoods": [
    -14636.147019882392,
    -13270.880425932713,
    -948.80540864603836,
    -4678.5422269944829
  ],
  "num_iteration": 1000,
  "num_modalities": 4,
  "num_topics": 7,
  "total_liklihood": -33534.375081455626
}
