{
  "modality_liklihoods": [
    -13254.354236100449,
    -13276.569774385036,
    -943.67137908163079,
    -4583.6869815448927
  ],
  "num_iteration": 1000,
  "num_modalities": 4,
  "num_topics": 7,
  "total_liklihood": -32058.282371112007
}
