{
  "modality_liklihoods": [
    -13757.40376534797,
    -13213.096989464746,
    -946.31024643878607,
    -4686.9188346630071
  ],
  "num_iteration": 1000,
  "num_modalities": 4,
  "num_topics": 7,
  "total_liklihood": -32603.72983591451
}
