{
  "modality_liklihoods": [
    -14022.048758358194,
    -13244.435296912096,
    -946.0289111420509,
    -4734.8389885819552
  ],
  "num_iteration": 1000,
  "num_modalities": 4,
  "num_topics": 7,
  "total_liklihood": -32947.351954994294
}
