{
  "modality_liklihoods": [
    -13509.174316104669,
    -13267.953523592729,
    -946.26439200255106,
    -4637.9101625666517
  ],
  "num_iteration": 1000,
  "num_modalities": 4,
  "num_topics": 7,
  "total_liklihood": -32361.3023942666
}
