{
  "modality_liklihoods": [
    -14022.963811912086,
    -13217.531330456213,
    -931.54476350487266,
    -4632.3353241714603
  ],
  "num_iteration": 1000,
  "num_modalities": 4,
  "num_topics": 7,
  "total_liklihood": -32804.375230044636
}
