{
  "modality_liklihoods": [
    -14135.516733475537,
    -13279.418957556942,
    -940.20695837993924,
    -4583.8132021304618
  ],
  "num_iteration": 1000,
  "num_modalities": 4,
  "num_topics": 7,
  "total_liklihood": -32938.95585154288
}
