{
  "modality_liklihoods": [
    -12890.111285985027,
    -13227.70194487216,
    -943.99047638803006,
    -4635.26974998491
  ],
  "num_iteration": 1000,
  "num_modalities": 4,
  "num_topics": 7,
  "total_liklihood": -31697.073457230126
}
