{
  "modality_liklihoods": [
    -14248.953931299544,
    -13247.674689024221,
    -941.01391469601958,
    -4681.5970149387767
  ],
  "num_iteration": 1000,
  "num_modalities": 4,
  "num_topics": 7,
  "total_liklihood": -33119.239549958562
}
