{
  "modality_liklihoods": [
    -13475.910064624371,
    -13275.044782262863,
    -933.37683303610913,
    -4635.2636562210155
  ],
  "num_iteration": 1000,
  "num_modalities": 4,
  "num_topics": 7,
  "total_liklihood": -32319.595336144361
}
