{
  "modality_liklihoods": [
    -13920.412245988111,
    -13280.943855714013,
    -943.95239377239261,
    -4621.9022331723463
  ],
  "num_iteration": 1000,
  "num_modalities": 4,
  "num_topics": 7,
  "total_liklihood": -32767.210728646864
}
