{
  "modality_liklihoods": [
    -13705.753739334668,
    -13232.601954413614,
    -942.64856962858937,
    -4658.6968669847074
  ],
  "num_iteration": 1000,
  "num_modalities": 4,
  "num_topics": 7,
  "total_liklihood": -32539.70113036158
}
