{
  "modality_liklihoods": [
    -14043.188037769292,
    -13223.024559400954,
    -942.48418698029775,
    -4677.7462999924655
  ],
  "num_iteration": 1000,
  "num_modalities": 4,
  "num_topics": 7,
  "total_liklihood": -32886.443084143015
}
