{
  "modality_liklihoods": [
    -13963.221882741871,
    -13270.264930696421,
    -949.0915195832016,
    -4756.7732505736967
  ],
  "num_iteration": 1000,
  "num_modalities": 4,
  "num_topics": 7,
  "total_liklihood": -32939.351583595191
}
