{
  "modality_liklihoods": [
    -13892.043545795921,
    -13249.705340901059,
    -944.36544258268145,
    -4712.275209828169
  ],
  "num_iteration": 1000,
  "num_modalities": 4,
  "num_topics": 7,
  "total_liklihood": -32798.389539107833
}
