{
  "modality_liklihoods": [
    -14227.474192384929,
    -13247.108879966801,
    -939.62066876255244,
    -4636.0185678187145
  ],
  "num_iteration": 1000,
  "num_modalities": 4,
  "num_topics": 7,
  "total_liklihood": -33050.222308932993
}
