{
  "modality_liklihoods": [
    -14038.26895872764,
    -13268.814629122046,
    -939.28563470349366,
    -4617.3537464331384
  ],
  "num_iteration": 1000,
  "num_modalities": 4,
  "num_topics": 7,
  "total_liklihood": -32863.722968986316
}
