{
  "modality_liklihoods": [
    -13959.807939178056,
    -13241.403277978023,
    -937.1176893492792,
    -4665.6910360785732
  ],
  "num_iteration": 1000,
  "num_modalities": 4,
  "num_topics": 7,
  "total_liklihood": -32804.019942583931
}
