{
  "modality_liklihoods": [
    -14213.141385580828,
    -13292.952622386414,
    -941.50050493042329,
    -4631.42405072163
  ],
  "num_iteration": 1000,
  "num_modalities": 4,
  "num_topics": 7,
  "total_liklihood": -33079.018563619298
}
