{
  "modality_liklihoods": [
    -13838.938795130618,
    -13292.914748726202,
    -936.97465103124273,
    -4613.0044633352163
  ],
  "num_iteration": 1000,
  "num_modalities": 4,
  "num_topics": 7,
  "total_liklihood": -32681.83265822328
}
