{
  "modality_liklihoods": [
    -14201.487728809005,
    -13310.578606691064,
    -941.8265036746559,
    -4629.821741032375
  ],
  "num_iteration": 1000,
  "num_modalities": 4,
  "num_topics": 7,
  "total_liklihood": -33083.714580207103
}
