{
  "modality_liklihoods": [
    -14024.777939084552,
    -13300.304094301553,
    -950.89347472400675,
    -4649.1358477139811
  ],
  "num_iteration": 1000,
  "num_modalities": 4,
  "num_topics": 7,
  "total_liklihood": -32925.11135582409
}
