{
  "modality_liklihoods": [
    -12386.725196149271,
    -13284.708477978947,
    -943.77106359939103,
    -4671.2002472866216
  ],
  "num_iteration": 1000,
  "num_modalities": 4,
  "num_topics": 7,
  "total_liklihood": -31286.404985014229
}
