{
  "modality_liklihoods": [
    -14875.372187515812,
    -13236.088284933279,
    -939.11083056921723,
    -4655.9493066329014
  ],
  "num_iteration": 1000,
  "num_modalities": 4,
  "num_topics": 7,
  "total_liklihood": -33706.520609651212
}
