{
  "modality_liklihoods": [
    -14131.423500189365,
    -13281.208271231661,
    -933.11057782871376,
    -4651.073469525345
  ],
  "num_iteration": 1000,
  "num_modalities": 4,
  "num_topics": 7,
  "total_liklihood": -32996.815818775081
}
