{
  "modality_liklihoods": [
    -14305.131672168662,
    -13294.291325176875,
    -945.17292075122293,
    -4667.6673228458903
  ],
  "num_iteration": 1000,
  "num_modalities": 4,
  "num_topics": 7,
  "total_liklihood": -33212.263240942651
}
