{
  "modality_liklihoods": [
    -13400.991572637759,
    -13230.676807540203,
    -944.63230695360801,
    -4631.5551266684824
  ],
  "num_iteration": 1000,
  "num_modalities": 4,
  "num_topics": 7,
  "total_liklihood": -32207.855813800052
}
