{
  "modality_liklihoods": [
    -13415.266752704931,
    -13232.675916781047,
    -943.56412172077046,
    -4630.7596926162551
  ],
  "num_iteration": 1000,
  "num_modalities": 4,
  "num_topics": 7,
  "total_liklihood": -32222.266483823005
}
