{
  "modality_liklihoods": [
    -13936.783165587927,
    -13288.784823733253,
    -939.74134290267045,
    -4616.5736190574162
  ],
  "num_iteration": 1000,
  "num_modalities": 4,
  "num_topics": 7,
  "total_liklihood": -32781.882951281266
}
