{
  "modality_liklihoods": [
    -13987.968196072366,
    -13236.405531112852,
    -937.93757296103377,
    -4657.5521456615006
  ],
  "num_iteration": 1000,
  "num_modalities": 4,
  "num_topics": 7,
  "total_liklihood": -32819.86344580775
}
