{
  "modality_liklihoods": [
    -14229.445966845124,
    -13259.546590825521,
    -938.4489705943414,
    -4661.5385471798863
  ],
  "num_iteration": 1000,
  "num_modalities": 4,
  "num_topics": 7,
  "total_liklihood": -33088.980075444873
}
