{
  "modality_liklihoods": [
    -13622.153669774281,
    -13312.456608008129,
    -948.34468851142128,
    -4644.6685997810418
  ],
  "num_iteration": 1000,
  "num_modalities": 4,
  "num_topics": 7,
  "total_liklihood": -32527.623566074875
}
