{
  "modality_liklihoods": [
    -14192.444767585834,
    -13265.279918704888,
    -936.02251410548968,
    -4638.5387797280055
  ],
  "num_iteration": 1000,
  "num_modalities": 4,
  "num_topics": 7,
  "total_liklihood": -33032.285980124216
}
