{
  "modality_liklihoods": [
    -13629.331063237412,
    -13287.332168674702,
    -942.17029079688223,
    -4653.4184517491385
  ],
  "num_iteration": 1000,
  "num_modalities": 4,
  "num_topics": 7,
  "total_liklihood": -32512.251974458133
}
