{
  "modality_liklihoods": [
    -12557.085296071353,
    -13253.129706132237,
    -943.58849866557955,
    -4624.565016944428
  ],
  "num_iteration": 1000,
  "num_modalities": 4,
  "num_topics": 7,
  "total_liklihood": -31378.368517813597
}
