{
  "modality_liklihoods": [
    -13334.370382132507,
    -13271.289947791221,
    -940.49735146217506,
    -4598.4131183182881
  ],
  "num_iteration": 1000,
  "num_modalities": 4,
  "num_topics": 7,
  "total_liklihood": -32144.57079970419
}
