{
  "modality_liklihoods": [
    -13605.383911256371,
    -13261.571829848297,
    -939.45435282680262,
    -4623.9014773340841
  ],
  "num_iteration": 1000,
  "num_modalities": 4,
  "num_topics": 7,
  "total_liklihood": -32430.311571265556
}
