{
  "modality_liklihoods": [
    -13843.192099652326,
    -13281.593736304774,
    -938.87435167189244,
    -4622.4088332276006
  ],
  "num_iteration": 1000,
  "num_modalities": 4,
  "num_topics": 7,
  "total_liklihood": -32686.069020856594
}
