{
  "modality_liklihoods": [
    -13982.647799519242,
    -13258.576582396283,
    -939.8465536503104,
    -4679.3605269693326
  ],
  "num_iteration": 1000,
  "num_modalities": 4,
  "num_topics": 7,
  "total_liklihood": -32860.431462535169
}
