{
  "modality_liklihoods": [
    -13356.401624656171,
    -13233.55028505733,
    -936.9056203754692,
    -4624.3334042398983
  ],
  "num_iteration": 1000,
  "num_modalities": 4,
  "num_topics": 7,
  "total_liklihood": -32151.190934328872
}
