{
  "modality_liklihoods": [
    -14398.960701135282,
    -13242.856660137939,
    -941.65862106144107,
    -4603.1609281573174
  ],
  "num_iteration": 1000,
  "num_modalities": 4,
  "num_topics": 7,
  "total_liklihood": -33186.63691049198
}
