{
  "modality_liklihoods": [
    -13528.806147761772,
    -13265.712475633551,
    -932.72773702842403,
    -4705.7928642758079
  ],
  "num_iteration": 1000,
  "num_modalities": 4,
  "num_topics": 7,
  "total_liklihood": -32433.039224699554
}
