{
  "modality_liklihoods": [
    -13834.064912434738,
    -13297.238035898165,
    -940.50814821728727,
    -4669.0369319419551
  ],
  "num_iteration": 1000,
  "num_modalities": 4,
  "num_topics": 7,
  "total_liklihood": -32740.848028492142
}
