{
  "modality_liklihoods": [
    -14372.842464987738,
    -13227.929612115604,
    -944.70439077637161,
    -4638.1212250386561
  ],
  "num_iteration": 1000,
  "num_modalities": 4,
  "num_topics": 7,
  "total_liklihood": -33183.597692918367
}
