{
  "modality_liklihoods": [
    -14265.153064452947,
    -13272.632313677626,
    -940.99028214993746,
    -4690.8480323535578
  ],
  "num_iteration": 1000,
  "num_modalities": 4,
  "num_topics": 7,
  "total_liklihood": -33169.623692634072
}
