{
  "modality_liklihoods": [
    -14078.984779801198,
    -13239.279715382931,
    -939.23653312859813,
    -4655.4631905169199
  ],
  "num_iteration": 1000,
  "num_modalities": 4,
  "num_topics": 7,
  "total_liklihood": -32912.964218829649
}
