{
  "modality_liklihoods": [
    -14826.323047281147,
    -13228.965901596621,
    -945.83915094590668,
    -4663.7959702579565
  ],
  "num_iteration": 1000,
  "num_modalities": 4,
  "num_topics": 7,
  "total_liklihood": -33664.92407008163
}
