{
  "modality_liklihoods": [
    -13169.439514217951,
    -13286.279220053992,
    -942.25053271438242,
    -4606.6585898582971
  ],
  "num_iteration": 1000,
  "num_modalities": 4,
  "num_topics": 7,
  "total_liklihood": -32004.627856844618
}
