{
  "modality_liklihoods": [
    -13987.082427616793,
    -13295.48105686505,
    -935.3853786595912,
    -4632.6678503575376
  ],
  "num_iteration": 1000,
  "num_modalities": 4,
  "num_topics": 7,
  "total_liklihood": -32850.616713498966
}
