{
  "modality_liklihoods": [
    -13805.758248490631,
    -13296.012959821615,
    -941.31351811486638,
    -4630.0775915201939
  ],
  "num_iteration": 1000,
  "num_modalities": 4,
  "num_topics": 7,
  "total_liklihood": -32673.16231794731
}
