{
  "modality_liklihoods": [
    -13286.831000379641,
    -13292.388062245118,
    -937.32736661985109,
    -4589.4923995930722
  ],
  "num_iteration": 1000,
  "num_modalities": 4,
  "num_topics": 7,
  "total_liklihood": -32106.038828837685
}
