{
  "modality_liklihoods": [
    -14570.613380935349,
    -13295.004366205105,
    -941.01958283025544,
    -4674.4737584358218
  ],
  "num_iteration": 1000,
  "num_modalities": 4,
  "num_topics": 7,
  "total_liklihood": -33481.111088406527
}
