{
  "modality_liklihoods": [
    -14627.895143429594,
    -13256.172501085925,
    -941.443854733835,
    -4608.2284345359649
  ],
  "num_iteration": 1000,
  "num_modalities": 4,
  "num_topics": 7,
  "total_liklihood": -33433.73993378532
}
