{
  "modality_liklihoods": [
    -13682.588945740346,
    -13286.085669230966,
    -938.45308690520869,
    -4650.1557081337141
  ],
  "num_iteration": 1000,
  "num_modalities": 4,
  "num_topics": 7,
  "total_liklihood": -32557.283410010241
}
