{
  "modality_liklihoods": [
    -14920.104570880421,
    -13204.811352252478,
    -936.16378164030664,
    -4698.7826487778129
  ],
  "num_iteration": 1000,
  "num_modalities": 4,
  "num_topics": 7,
  "total_liklihood": -33759.86235355102
}
