{
  "modality_liklihoods": [
    -14279.612851788555,
    -13239.946229380776,
    -938.90881499994998,
    -4636.2958457444938
  ],
  "num_iteration": 1000,
  "num_modalities": 4,
  "num_topics": 7,
  "total_liklihood": -33094.763741913775
}
