{
  "modality_liklihoods": [
    -13567.309083134567,
    -13230.222291286784,
    -945.04119636690427,
    -4632.2177588141421
  ],
  "num_iteration": 1000,
  "num_modalities": 4,
  "num_topics": 7,
  "total_liklihood": -32374.790329602394
}
