{
  "modality_liklihoods": [
    -14517.514943435503,
    -13183.628240623393,
    -940.49464698521331,
    -4725.1490277832518
  ],
  "num_iteration": 1000,
  "num_modalities": 4,
  "num_topics": 7,
  "total_liklihood": -33366.786858827363
}
