{
  "modality_liklihoods": [
    -14313.452319374488,
    -13218.811783092098,
    -937.68706036429001,
    -4667.0943131449339
  ],
  "num_iteration": 1000,
  "num_modalities": 4,
  "num_topics": 7,
  "total_liklihood": -33137.045475975807
}
