{
  "modality_liklihoods": [
    -13693.401097642436,
    -13305.048359984843,
    -934.70620348150214,
    -4639.1751141764753
  ],
  "num_iteration": 1000,
  "num_modalities": 4,
  "num_topics": 7,
  "total_liklihood": -32572.330775285256
}
