{
  "modality_liklihoods": [
    -14368.239176134979,
    -13263.431046821977,
    -938.06429106644021,
    -4686.7170315583144
  ],
  "num_iteration": 1000,
  "num_modalities": 4,
  "num_topics": 7,
  "total_liklihood": -33256.451545581709
}
