{
  "modality_liklihoods": [
    -13635.243540811965,
    -13234.929952397775,
    -948.80456405857922,
    -4669.4142880959525
  ],
  "num_iteration": 1000,
  "num_modalities": 4,
  "num_topics": 7,
  "total_liklihood": -32488.392345364271
}
