{
  "modality_liklihoods": [
    -13519.603303214983,
    -13252.749842944517,
    -943.28995977666909,
    -4638.4346658117638
  ],
  "num_iteration": 1000,
  "num_modalities": 4,
  "num_topics": 7,
  "total_liklihood": -32354.077771747932
}
