{
  "modality_liklihoods": [
    -13391.959975403426,
    -13272.170289914524,
    -944.13490286122135,
    -4623.6046795041239
  ],
  "num_iteration": 1000,
  "num_modalities": 4,
  "num_topics": 7,
  "total_liklihood": -32231.869847683294
}
