{
  "modality_liklihoods": [
    -14396.299937974965,
    -13236.214869398018,
    -929.83242245214046,
    -4616.9137117160853
  ],
  "num_iteration": 1000,
  "num_modalities": 4,
  "num_topics": 7,
  "total_liklihood": -33179.260941541208
}
