{
  "modality_liklihoods": [
    -13952.716601470602,
    -13233.684992952549,
    -944.74142347508098,
    -4619.4243986995025
  ],
  "num_iteration": 1000,
  "num_modalities": 4,
  "num_topics": 7,
  "total_liklihood": -32750.567416597733
}
