{
  "modality_liklihoods": [
    -14149.537526153194,
    -13204.761069637017,
    -935.9197874231395,
    -4667.9890798133847
  ],
  "num_iteration": 1000,
  "num_modalities": 4,
  "num_topics": 7,
  "total_liklihood": -32958.207463026738
}
