{
  "modality_liklihoods": [
    -13813.930519379603,
    -13293.335402934294,
    -937.32782430125701,
    -4639.2452050145184
  ],
  "num_iteration": 1000,
  "num_modalities": 4,
  "num_topics": 7,
  "total_liklihood": -32683.838951629674
}
