{
  "modality_liklihoods": [
    -13588.088940124684,
    -13327.929526791433,
    -932.49312164242315,
    -4647.7438709565558
  ],
  "num_iteration": 1000,
  "num_modalities": 4,
  "num_topics": 7,
  "total_liklihood": -32496.255459515094
}
