{
  "modality_liklihoods": [
    -13935.433603274038,
    -13243.106383494109,
    -944.69272553864539,
    -4671.7736756508621
  ],
  "num_iteration": 1000,
  "num_modalities": 4,
  "num_topics": 7,
  "total_liklihood": -32795.006387957656
}
