{
  "modality_liklihoods": [
    -14280.568846695553,
    -13256.440961148635,
    -933.90968795770732,
    -4628.1516949852139
  ],
  "num_iteration": 1000,
  "num_modalities": 4,
  "num_topics": 7,
  "total_liklihood": -33099.071190787108
}
