{
  "modality_liklihoods": [
    -13424.4564504522,
    -13274.682686559405,
    -942.18732481867323,
    -4622.6419648495958
  ],
  "num_iteration": 1000,
  "num_modalities": 4,
  "num_topics": 7,
  "total_liklihood": -32263.968426679872
}
