{
  "modality_liklihoods": [
    -13562.970198240393,
    -13299.025307522154,
    -939.13818209711087,
    -4618.9464772696647
  ],
  "num_iteration": 1000,
  "num_modalities": 4,
  "num_topics": 7,
  "total_liklihood": -32420.080165129322
}
