{
  "modality_liklihoods": [
    -14099.783658360006,
    -13224.754062212161,
    -949.67571834699095,
    -4735.5398584883997
  ],
  "num_iteration": 1000,
  "num_modalities": 4,
  "num_topics": 7,
  "total_liklihood": -33009.753297407558
}
