{
  "modality_liklihoods": [
    -14081.659027274825,
    -13304.715547275413,
    -949.00966785649098,
    -4601.3102501007334
  ],
  "num_iteration": 1000,
  "num_modalities": 4,
  "num_topics": 7,
  "total_liklihood": -32936.694492507464
}
