{
  "modality_liklihoods": [
    -14188.917065323027,
    -13274.051296839896,
    -932.50489846934079,
    -4648.8073777177633
  ],
  "num_iteration": 1000,
  "num_modalities": 4,
  "num_topics": 7,
  "total_liklihood": -33044.280638350028
}
