{
  "modality_liklihoods": [
    -13654.884719046899,
    -13207.759853168202,
    -943.46172333038817,
    -4710.1478416944155
  ],
  "num_iteration": 1000,
  "num_modalities": 4,
  "num_topics": 7,
  "total_liklihood": -32516.254137239903
}
