{
  "modality_liklihoods": [
    -13862.198922299125,
    -13302.511298284579,
    -938.0199041241159,
    -4649.3470213360597
  ],
  "num_iteration": 1000,
  "num_modalities": 4,
  "num_topics": 7,
  "total_liklihood": -32752.077146043881
}
