{
  "modality_liklihoods": [
    -13402.610150761911,
    -13289.327968689433,
    -938.7917916417731,
    -4631.9165937768903
  ],
  "num_iteration": 1000,
  "num_modalities": 4,
  "num_topics": 7,
  "total_liklihood": -32262.646504870005
}
