{
  "modality_liklihoods": [
    -14024.311155893327,
    -13300.028646416633,
    -939.64039572018498,
    -4610.3043789704097
  ],
  "num_iteration": 1000,
  "num_modalities": 4,
  "num_topics": 7,
  "total_liklihood": -32874.284577000552
}
