{
  "modality_liklihoods": [
    -14004.909863564255,
    -13280.356835484365,
    -937.43047379796212,
    -4612.7673685545124
  ],
  "num_iteration": 1000,
  "num_modalities": 4,
  "num_topics": 7,
  "total_liklihood": -32835.464541401088
}
