{
  "modality_liklihoods": [
    -13508.694091943416,
    -13238.544585387293,
    -944.01694385678161,
    -4658.2526387517501
  ],
  "num_iteration": 1000,
  "num_modalities": 4,
  "num_topics": 7,
  "total_liklihood": -32349.508259939241
}
