{
  "modality_liklihoods": [
    -14329.833402208487,
    -13292.080299388919,
    -941.22649075902177,
    -4646.3677871257914
  ],
  "num_iteration": 1000,
  "num_modalities": 4,
  "num_topics": 7,
  "total_liklihood": -33209.507979482216
}
