{
  "modality_liklihoods": [
    -13750.829728466286,
    -13302.826418634822,
    -940.57089012921017,
    -4577.1913900330828
  ],
  "num_iteration": 1000,
  "num_modalities": 4,
  "num_topics": 7,
  "total_liklihood": -32571.418427263401
}
