{
  "modality_liklihoods": [
    -13413.739666149313,
    -13306.130652711085,
    -935.88525455019942,
    -4676.6822172174861
  ],
  "num_iteration": 1000,
  "num_modalities": 4,
  "num_topics": 7,
  "total_liklihood": -32332.437790628082
}
