{
  "modality_liklihoods": [
    -13496.734134415545,
    -13289.755920907197,
    -937.83478426124157,
    -4647.0606226084064
  ],
  "num_iteration": 1000,
  "num_modalities": 4,
  "num_topics": 7,
  "total_liklihood": -32371.385462192389
}
