{
  "modality_liklihoods": [
    -13911.794905357025,
    -13248.162969281471,
    -939.40214407646351,
    -4657.7320821917683
  ],
  "num_iteration": 1000,
  "num_modalities": 4,
  "num_topics": 7,
  "total_liklihood": -32757.092100906724
}
