{
  "modality_liklihoods": [
    -14028.298986317164,
    -13228.027536173309,
    -942.87706691848291,
    -4650.2524560505562
  ],
  "num_iteration": 1000,
  "num_modalities": 4,
  "num_topics": 7,
  "total_liklihood": -32849.456045459512
}
