{
  "modality_liklihoods": [
    -14030.73658563446,
    -13282.117416173081,
    -938.19487388007849,
    -4642.4295572750516
  ],
  "num_iteration": 1000,
  "num_modalities": 4,
  "num_topics": 7,
  "total_liklihood": -32893.478432962671
}
