{
  "modality_liklihoods": [
    -13872.610771955846,
    -13268.986280300031,
    -946.63947789784311,
    -4627.5822652966535
  ],
  "num_iteration": 1000,
  "num_modalities": 4,
  "num_topics": 7,
  "total_liklihood": -32715.818795450374
}
