{
  "modality_liklihoods": [
    -13412.252603677296,
    -13271.094892750934,
    -946.59469026126465,
    -4635.0027561060915
  ],
  "num_iteration": 1000,
  "num_modalities": 4,
  "num_topics": 7,
  "total_liklihood": -32264.944942795584
}
