{
  "modality_liklihoods": [
    -14332.600626509087,
    -13269.636165967873,
    -937.14203255546965,
    -4628.1017309491108
  ],
  "num_iteration": 1000,
  "num_modalities": 4,
  "num_topics": 7,
  "total_liklihood": -33167.480555981543
}
