{
  "modality_liklihoods": [
    -14137.514440131894,
    -13271.408538259615,
    -933.88235878599562,
    -4635.7953105181796
  ],
  "num_iteration": 1000,
  "num_modalities": 4,
  "num_topics": 7,
  "total_liklihood": -32978.600647695683
}
