{
  "modality_liklihoods": [
    -14081.486801620124,
    -13290.799984589477,
    -938.67881258842704,
    -4661.1407636064305
  ],
  "num_iteration": 1000,
  "num_modalities": 4,
  "num_topics": 7,
  "total_liklihood": -32972.106362404462
}
