{
  "modality_liklihoods": [
    -14334.383412316345,
    -13249.437443166822,
    -942.95161330944825,
    -4613.5334007589381
  ],
  "num_iteration": 1000,
  "num_modalities": 4,
  "num_topics": 7,
  "total_liklihood": -33140.30586955155
}
