{
  "modality_liklihoods": [
    -14556.977149997394,
    -13246.034927967046,
    -938.15758333849749,
    -4674.6474331013442
  ],
  "num_iteration": 1000,
  "num_modalities": 4,
  "num_topics": 7,
  "total_liklihood": -33415.817094404279
}
