{
  "modality_liklihoods": [
    -13675.190809539081,
    -13247.276755613273,
    -943.48564351539835,
    -4649.7125172176411
  ],
  "num_iteration": 1000,
  "num_modalities": 4,
  "num_topics": 7,
  "total_liklihood": -32515.665725885396
}
