{
  "modality_liklihoods": [
    -14037.37444275666,
    -13286.28837446563,
    -936.73152384864659,
    -4661.2858256195577
  ],
  "num_iteration": 1000,
  "num_modalities": 4,
  "num_topics": 7,
  "total_liklihood": -32921.680166690494
}
