{
  "modality_liklihoods": [
    -13628.657515902209,
    -13255.619478447385,
    -938.72389285940494,
    -4585.7031649968521
  ],
  "num_iteration": 1000,
  "num_modalities": 4,
  "num_topics": 7,
  "total_liklihood": -32408.704052205852
}
