{
  "modality_liklihoods": [
    -13674.876271517507,
    -13236.08674107938,
    -939.68941314172469,
    -4670.2694126068855
  ],
  "num_iteration": 1000,
  "num_modalities": 4,
  "num_topics": 7,
  "total_liklihood": -32520.921838345497
}
