{
  "modality_liklihoods": [
    -12773.248421456467,
    -13303.648116610573,
    -938.75592675113739,
    -4678.1204542804735
  ],
  "num_iteration": 1000,
  "num_modalities": 4,
  "num_topics": 7,
  "total_liklihood": -31693.772919098654
}
