{
  "modality_liklihoods": [
    -14039.403381287519,
    -13265.064672377046,
    -939.83359346514021,
    -4614.4236751366443
  ],
  "num_iteration": 1000,
  "num_modalities": 4,
  "num_topics": 7,
  "total_liklihood": -32858.725322266349
}
