{
  "modality_liklihoods": [
    -14270.654011663779,
    -13223.10791582927,
    -944.84770964149038,
    -4698.6066744245909
  ],
  "num_iteration": 1000,
  "num_modalities": 4,
  "num_topics": 7,
  "total_liklihood": -33137.216311559125
}
