{
  "modality_liklihoods": [
    -13782.558322044886,
    -13289.55222560545,
    -942.89099413897065,
    -4565.1239550162591
  ],
  "num_iteration": 1000,
  "num_modalities": 4,
  "num_topics": 7,
  "total_liklihood": -32580.125496805565
}
