{
  "modality_liklihoods": [
    -14634.046483501734,
    -13229.864300988913,
    -936.60157198146499,
    -4628.889950492583
  ],
  "num_iteration": 1000,
  "num_modalities": 4,
  "num_topics": 7,
  "total_liklihood": -33429.402306964694
}
