{
  "modality_liklihoods": [
    -13828.194643048568,
    -13276.46079632737,
    -936.07935346730767,
    -4633.9000189048047
  ],
  "num_iteration": 1000,
  "num_modalities": 4,
  "num_topics": 7,
  "total_liklihood": -32674.634811748048
}
