{
  "modality_liklihoods": [
    -13962.345087731101,
    -13222.131153997763,
    -942.36374887177215,
    -4742.8958874430036
  ],
  "num_iteration": 1000,
  "num_modalities": 4,
  "num_topics": 7,
  "total_liklihood": -32869.735878043641
}
