{
  "modality_liklihoods": [
    -13816.315416354102,
    -13293.09663667516,
    -935.26827483055774,
    -4599.4954449739989
  ],
  "num_iteration": 1000,
  "num_modalities": 4,
  "num_topics": 7,
  "total_liklihood": -32644.17577283382
}
