{
  "modality_liklihoods": [
    -14023.784137086954,
    -13192.334197040593,
    -938.00446818248213,
    -4703.2756910508679
  ],
  "num_iteration": 1000,
  "num_modalities": 4,
  "num_topics": 7,
  "total_liklihood": -32857.398493360895
}
