{
  "modality_liklihoods": [
    -14238.585038097135,
    -13260.62694427821,
    -937.81488823104689,
    -4667.006769066842
  ],
  "num_iteration": 1000,
  "num_modalities": 4,
  "num_topics": 7,
  "total_liklihood": -33104.033639673231
}
