{
  "modality_liklihoods": [
    -13449.471687200237,
    -13253.314765426012,
    -944.3691986915893,
    -4616.9228693575651
  ],
  "num_iteration": 1000,
  "num_modalities": 4,
  "num_topics": 7,
  "total_liklihood": -32264.078520675404
}
