{
  "modality_liklihoods": [
    -13502.038678266672,
    -13218.471411084944,
    -944.12471139344791,
    -4658.1463519648551
  ],
  "num_iteration": 1000,
  "num_modalities": 4,
  "num_topics": 7,
  "total_liklihood": -32322.781152709918
}
