{
  "modality_liklihoods": [
    -12503.38321585246,
    -13292.221361866896,
    -938.98394221586739,
    -4660.3057725542576
  ],
  "num_iteration": 1000,
  "num_modalities": 4,
  "num_topics": 7,
  "total_liklihood": -31394.89429248948
}
