{
  "modality_liklihoods": [
    -14309.777901010757,
    -13258.140246747105,
    -953.24761303842831,
    -4697.9205171828598
  ],
  "num_iteration": 1000,
  "num_modalities": 4,
  "num_topics": 7,
  "total_liklihood": -33219.08627797915
}
