{
  "modality_liklihoods": [
    -13754.278676770444,
    -13201.313731126285,
    -944.81337231189525,
    -4603.2861769204692
  ],
  "num_iteration": 1000,
  "num_modalities": 4,
  "num_topics": 7,
  "total_liklihood": -32503.691957129093
}
