{
  "modality_liklihoods": [
    -14092.7565757177,
    -13237.368490460871,
    -940.08512913777042,
    -4644.4904956276823
  ],
  "num_iteration": 1000,
  "num_modalities": 4,
  "num_topics": 7,
  "total_liklihood": -32914.700690944024
}
