{
  "modality_liklihoods": [
    -14338.732159811261,
    -13259.600847524485,
    -940.22473664606878,
    -4622.6276243720022
  ],
  "num_iteration": 1000,
  "num_modalities": 4,
  "num_topics": 7,
  "total_liklihood": -33161.185368353821
}
