{
  "modality_liklihoods": [
    -12369.07875866679,
    -13270.61220699928,
    -943.66558480321385,
    -4634.1992965470699
  ],
  "num_iteration": 1000,
  "num_modalities": 4,
  "num_topics": 7,
  "total_liklihood": -31217.555847016356
}
