{
  "modality_liklihoods": [
    -13365.226443400055,
    -13253.988955697178,
    -943.66358552560735,
    -4639.6548229826612
  ],
  "num_iteration": 1000,
  "num_modalities": 4,
  "num_topics": 7,
  "total_liklihood": -32202.533807605501
}
