{
  "modality_liklihoods": [
    -12858.836521242016,
    -13268.12516458597,
    -943.23963483219404,
    -4619.0454072425564
  ],
  "num_iteration": 1000,
  "num_modalities": 4,
  "num_topics": 7,
  "total_liklihood": -31689.246727902733
}
