{
  "modality_liklihoods": [
    -13662.213152563494,
    -13260.133480769939,
    -953.68501381886995,
    -4645.914289831012
  ],
  "num_iteration": 1000,
  "num_modalities": 4,
  "num_topics": 7,
  "total_liklihood": -32521.945936983317
}
