{
  "modality_liklihoods": [
    -12903.222832484769,
    -13297.192832522169,
    -942.19660806326647,
    -4660.7058902908739
  ],
  "num_iteration": 1000,
  "num_modalities": 4,
  "num_topics": 7,
  "total_liklihood": -31803.31816336108
}
