{
  "modality_liklihoods": [
    -13876.721902503312,
    -13286.159415448892,
    -935.50089023648115,
    -4623.2561696809526
  ],
  "num_iteration": 1000,
  "num_modalities": 4,
  "num_topics": 7,
  "total_liklihood": -32721.63837786964
}
