{
  "modality_liklihoods": [
    -14171.286924931403,
    -13289.198182402375,
    -942.27705623458291,
    -4610.793793645109
  ],
  "num_iteration": 1000,
  "num_modalities": 4,
  "num_topics": 7,
  "total_liklihood": -33013.555957213466
}
