{
  "modality_liklihoods": [
    -14381.946348661115,
    -13286.272663689611,
    -938.50888445470571,
    -4612.2569423017176
  ],
  "num_iteration": 1000,
  "num_modalities": 4,
  "num_topics": 7,
  "total_liklihood": -33218.98483910715
}
