{
  "modality_liklihoods": [
    -13880.105373692606,
    -13292.592525228423,
    -936.62855493577297,
    -4612.0974066633917
  ],
  "num_iteration": 1000,
  "num_modalities": 4,
  "num_topics": 7,
  "total_liklihood": -32721.423860520197
}
