{
  "modality_liklihoods": [
    -13794.45741058352,
    -13236.015847082266,
    -947.0686933963276,
    -4659.0134919105731
  ],
  "num_iteration": 1000,
  "num_modalities": 4,
  "num_topics": 7,
  "total_liklihood": -32636.555442972684
}
