{
  "modality_liklihoods": [
    -13442.270249036445,
    -13258.785506355098,
    -942.31803075981531,
    -4637.5803395593821
  ],
  "num_iteration": 1000,
  "num_modalities": 4,
  "num_topics": 7,
  "total_liklihood": -32280.954125710741
}
