{
  "modality_liklihoods": [
    -14234.403654460424,
    -13291.170874118628,
    -936.30962655609267,
    -4662.7711791469901
  ],
  "num_iteration": 1000,
  "num_modalities": 4,
  "num_topics": 7,
  "total_liklihood": -33124.655334282135
}
