{
  "modality_liklihoods": [
    -13353.56559655833,
    -13266.841258587763,
    -941.18057252830238,
    -4634.9326884288184
  ],
  "num_iteration": 1000,
  "num_modalities": 4,
  "num_topics": 7,
  "total_liklihood": -32196.520116103216
}
