{
  "modality_liklihoods": [
    -14555.605228953931,
    -13251.383145237571,
    -946.06820584120464,
    -4606.6624882567121
  ],
  "num_iteration": 1000,
  "num_modalities": 4,
  "num_topics": 7,
  "total_liklihood": -33359.719068289422
}
