{
  "modality_liklihoods": [
    -13937.330393143951,
    -13269.959858703287,
    -942.85133397648269,
    -4604.60416952379
  ],
  "num_iteration": 1000,
  "num_modalities": 4,
  "num_topics": 7,
  "total_liklihood": -32754.745755347514
}
