{
  "modality_liklihoods": [
    -13308.9619584516,
    -13290.687967011238,
    -942.53432690132263,
    -4643.7245493026048
  ],
  "num_iteration": 1000,
  "num_modalities": 4,
  "num_topics": 7,
  "total_liklihood": -32185.908801666763
}
