{
  "modality_liklihoods": [
    -14556.921926105388,
    -13295.831912786723,
    -945.37743608144649,
    -4695.6623244729399
  ],
  "num_iteration": 1000,
  "num_modalities": 4,
  "num_topics": 7,
  "total_liklihood": -33493.793599446493
}
