{
  "modality_liklihoods": [
    -13810.120882548625,
    -13281.429912227388,
    -940.721885018026,
    -4644.2091284122289
  ],
  "num_iteration": 1000,
  "num_modalities": 4,
  "num_topics": 7,
  "total_liklihood": -32676.481808206267
}
