{
  "modality_liklihoods": [
    -14174.09262312399,
    -13226.222999593163,
    -941.52977960963881,
    -4631.1486166760533
  ],
  "num_iteration": 1000,
  "num_modalities": 4,
  "num_topics": 7,
  "total_liklihood": -32972.994019002843
}
