{
  "modality_liklihoods": [
    -13166.881816285468,
    -13258.961631581346,
    -931.38030328676928,
    -4647.7482475117849
  ],
  "num_iteration": 1000,
  "num_modalities": 4,
  "num_topics": 7,
  "total_liklihood": -32004.971998665365
}
