{
  "modality_liklihoods": [
    -13550.782161739287,
    -13256.825055478908,
    -942.67305223014762,
    -4555.3421990763136
  ],
  "num_iteration": 1000,
  "num_modalities": 4,
  "num_topics": 7,
  "total_liklihood": -32305.622468524656
}
