{
  "modality_liklihoods": [
    -13582.320058162384,
    -13242.068939118963,
    -942.03813077519283,
    -4659.1834023592601
  ],
  "num_iteration": 1000,
  "num_modalities": 4,
  "num_topics": 7,
  "total_liklihood": -32425.610530415801
}
