{
  "modality_liklihoods": [
    -13409.907323752383,
    -13228.306084726935,
    -944.93688719027318,
    -4646.4522802488955
  ],
  "num_iteration": 1000,
  "num_modalities": 4,
  "num_topics": 7,
  "total_liklihood": -32229.602575918485
}
