{
  "modality_liklihoods": [
    -12891.45113486138,
    -13288.505174216967,
    -934.23306774598439,
    -4639.3996596237766
  ],
  "num_iteration": 1000,
  "num_modalities": 4,
  "num_topics": 7,
  "total_liklihood": -31753.589036448109
}
