{
  "modality_liklihoods": [
    -14256.478500738944,
    -13259.505654019973,
    -937.52242197220824,
    -4733.1907058628858
  ],
  "num_iteration": 1000,
  "num_modalities": 4,
  "num_topics": 7,
  "total_liklihood": -33186.69728259401
}
