{
  "modality_liklihoods": [
    -13327.361662850208,
    -13249.276327564212,
    -938.17886705044145,
    -4624.3991349191783
  ],
  "num_iteration": 1000,
  "num_modalities": 4,
  "num_topics": 7,
  "total_liklihood": -32139.215992384041
}
