{
  "modality_liklihoods": [
    -13909.785018903873,
    -13264.128145778284,
    -934.13591338827996,
    -4672.430002188521
  ],
  "num_iteration": 1000,
  "num_modalities": 4,
  "num_topics": 7,
  "total_liklihood": -32780.479080258956
}
