{
  "modality_liklihoods": [
    -12950.341547069656,
    -13283.920328238026,
    -937.85818352477622,
    -4658.033380807492
  ],
  "num_iteration": 1000,
  "num_modalities": 4,
  "num_topics": 7,
  "total_liklihood": -31830.153439639951
}
