{
  "modality_liklihoods": [
    -13976.897902740928,
    -13263.08128865115,
    -938.08327241327299,
    -4655.6430933670072
  ],
  "num_iteration": 1000,
  "num_modalities": 4,
  "num_topics": 7,
  "total_liklihood": -32833.705557172361
}
