{
  "modality_liklihoods": [
    -13685.323576558463,
    -13265.570455189409,
    -941.69702241878815,
    -4633.7548357182159
  ],
  "num_iteration": 1000,
  "num_modalities": 4,
  "num_topics": 7,
  "total_liklihood": -32526.345889884877
}
