{
  "modality_liklihoods": [
    -14330.656280250036,
    -13293.527926202478,
    -937.61911361488842,
    -4620.920820196684
  ],
  "num_iteration": 1000,
  "num_modalities": 4,
  "num_topics": 7,
  "total_liklihood": -33182.724140264087
}
