{
  "modality_liklihoods": [
    -14465.932319778454,
    -13245.593137901578,
    -936.29928971312984,
    -4644.7964372399729
  ],
  "num_iteration": 1000,
  "num_modalities": 4,
  "num_topics": 7,
  "total_liklihood": -33292.621184633135
}
