{
  "modality_liklihoods": [
    -14019.516849316056,
    -13274.587637781353,
    -937.21405865134079,
    -4626.6555557921456
  ],
  "num_iteration": 1000,
  "num_modalities": 4,
  "num_topics": 7,
  "total_liklihood": -32857.974101540894
}
