{
  "modality_liklihoods": [
    -13614.812374967729,
    -13214.886252523722,
    -939.53416921979294,
    -4653.5515249010768
  ],
  "num_iteration": 1000,
  "num_modalities": 4,
  "num_topics": 7,
  "total_liklihood": -32422.784321612322
}
