{
  "modality_liklihoods": [
    -14390.029124630726,
    -13242.923789900986,
    -933.97258250701293,
    -4628.9724287483723
  ],
  "num_iteration": 1000,
  "num_modalities": 4,
  "num_topics": 7,
  "total_liklihood": -33195.897925787096
}
