{
  "modality_liklihoods": [
    -14353.577989677226,
    -13256.504338994284,
    -939.53238371764098,
    -4711.9773267993369
  ],
  "num_iteration": 1000,
  "num_modalities": 4,
  "num_topics": 7,
  "total_liklihood": -33261.592039188487
}
