{
  "modality_liklihoods": [
    -13596.040200452955,
    -13237.685895100036,
    -943.89179151703934,
    -4646.0732628421838
  ],
  "num_iteration": 1000,
  "num_modalities": 4,
  "num_topics": 7,
  "total_liklihood": -32423.691149912214
}
