{
  "modality_liklihoods": [
    -14215.887667226238,
    -13196.710120883869,
    -940.26902436187459,
    -4641.2177443710007
  ],
  "num_iteration": 1000,
  "num_modalities": 4,
  "num_topics": 7,
  "total_liklihood": -32994.08455684298
}
