{
  "modality_liklihoods": [
    -13815.097302605183,
    -13248.866581274877,
    -934.63394410958449,
    -4674.3170256508893
  ],
  "num_iteration": 1000,
  "num_modalities": 4,
  "num_topics": 7,
  "total_liklihood": -32672.914853640534
}
