{
  "modality_liklihoods": [
    -13531.377289229107,
    -13213.524266054379,
    -944.12199558688656,
    -4668.1774339037693
  ],
  "num_iteration": 1000,
  "num_modalities": 4,
  "num_topics": 7,
  "total_liklihood": -32357.200984774143
}
