{
  "modality_liklihoods": [
    -13912.0131398129,
    -13212.662264802126,
    -948.80304583525367,
    -4660.8574186377391
  ],
  "num_iteration": 1000,
  "num_modalities": 4,
  "num_topics": 7,
  "total_liklihood": -32734.33586908802
}
