{
  "modality_liklihoods": [
    -13655.595371125077,
    -13221.124751977657,
    -941.54309679844221,
    -4664.2981982531464
  ],
  "num_iteration": 1000,
  "num_modalities": 4,
  "num_topics": 7,
  "total_liklihood": -32482.561418154324
}
