{
  "modality_liklihoods": [
    -14349.308941476696,
    -13284.101787056257,
    -935.98612991805669,
    -4615.6873018635861
  ],
  "num_iteration": 1000,
  "num_modalities": 4,
  "num_topics": 7,
  "total_liklihood": -33185.084160314596
}
