{
  "modality_liklihoods": [
    -13711.019217470046,
    -13248.455905183162,
    -943.68510735148868,
    -4641.9828763268961
  ],
  "num_iteration": 1000,
  "num_modalities": 4,
  "num_topics": 7,
  "total_liklihood": -32545.143106331594
}
