{
  "modality_liklihoods": [
    -13900.558614202426,
    -13242.704227776454,
    -936.02197132244066,
    -4632.7247201662594
  ],
  "num_iteration": 1000,
  "num_modalities": 4,
  "num_topics": 7,
  "total_liklihood": -32712.009533467579
}
