{
  "modality_liklihoods": [
    -13206.520556681458,
    -13283.059868304203,
    -945.06706320011995,
    -4620.417574131443
  ],
  "num_iteration": 1000,
  "num_modalities": 4,
  "num_topics": 7,
  "total_liklihood": -32055.065062317222
}
