{
  "modality_liklihoods": [
    -13917.335034159807,
    -13288.244595495469,
    -939.55886560180659,
    -4685.9383511105225
  ],
  "num_iteration": 1000,
  "num_modalities": 4,
  "num_topics": 7,
  "total_liklihood": -32831.076846367607
}
