{
  "modality_liklihoods": [
    -13890.712563691084,
    -13238.628302143323,
    -943.16406713825813,
    -4618.6269130870351
  ],
  "num_iteration": 1000,
  "num_modalities": 4,
  "num_topics": 7,
  "total_liklihood": -32691.131846059699
}
