{
  "modality_liklihoods": [
    -13618.065617647022,
    -13287.983714429078,
    -942.10176965597907,
    -4628.032176119933
  ],
  "num_iteration": 1000,
  "num_modalities": 4,
  "num_topics": 7,
  "total_liklihood": -32476.183277852015
}
