{
  "modality_liklihoods": [
    -13838.429915351668,
    -13260.055051056006,
    -941.03578048142708,
    -4656.6620494739836
  ],
  "num_iteration": 1000,
  "num_modalities": 4,
  "num_topics": 7,
  "total_liklihood": -32696.182796363086
}
