{
  "modality_liklihoods": [
    -13747.426975515145,
    -13258.118848782371,
    -948.56881878178183,
    -4759.9281428007889
  ],
  "num_iteration": 1000,
  "num_modalities": 4,
  "num_topics": 7,
  "total_liklihood": -32714.042785880087
}
