{
  "modality_liklihoods": [
    -13360.201881285975,
    -13257.638952747215,
    -942.52179691408389,
    -4627.4254452375762
  ],
  "num_iteration": 1000,
  "num_modalities": 4,
  "num_topics": 7,
  "total_liklihood": -32187.788076184846
}
