{
  "modality_liklihoods": [
    -14132.380953209016,
    -13251.254554887319,
    -941.15917131144931,
    -4642.6821640288863
  ],
  "num_iteration": 1000,
  "num_modalities": 4,
  "num_topics": 7,
  "total_liklihood": -32967.476843436671
}
