{
  "modality_liklihoods": [
    -13268.425415368098,
    -13240.806782937378,
    -951.58511531791328,
    -4644.4827645840433
  ],
  "num_iteration": 1000,
  "num_modalities": 4,
  "num_topics": 7,
  "total_liklihood": -32105.30007820743
}
