{
  "modality_liklihoods": [
    -13960.133363858326,
    -13266.370293563104,
    -938.24611309849854,
    -4662.6637795994402
  ],
  "num_iteration": 1000,
  "num_modalities": 4,
  "num_topics": 7,
  "total_liklihood": -32827.413550119374
}
