{
  "modality_liklihoods": [
    -15045.459319866022,
    -13235.375306545822,
    -940.98739204883566,
    -4702.3142063974647
  ],
  "num_iteration": 1000,
  "num_modalities": 4,
  "num_topics": 7,
  "total_liklihood": -33924.136224858143
}
