{
  "modality_liklihoods": [
    -13725.738988373303,
    -13292.091205788931,
    -936.03067532067655,
    -4618.010789301823
  ],
  "num_iteration": 1000,
  "num_modalities": 4,
  "num_topics": 7,
  "total_liklihood": -32571.87165878473
}
