{
  "modality_liklihoods": [
    -14984.595657604281,
    -13239.74963869874,
    -941.44345315720284,
    -4657.8599551842326
  ],
  "num_iteration": 1000,
  "num_modalities": 4,
  "num_topics": 7,
  "total_liklihood": -33823.64870464446
}
