{
  "modality_liklihoods": [
    -14238.525879277271,
    -13270.624569849853,
    -934.62742103340497,
    -4670.7624099081531
  ],
  "num_iteration": 1000,
  "num_modalities": 4,
  "num_topics": 7,
  "total_liklihood": -33114.540280068686
}
