{
  "modality_liklihoods": [
    -13918.064630055374,
    -13260.164711689789,
    -939.67728403996932,
    -4719.4761950126995
  ],
  "num_iteration": 1000,
  "num_modalities": 4,
  "num_topics": 7,
  "total_liklihood": -32837.382820797837
}
