{
  "modality_liklihoods": [
    -13544.602846339845,
    -13276.423617486462,
    -933.91531585577684,
    -4659.3142901438114
  ],
  "num_iteration": 1000,
  "num_modalities": 4,
  "num_topics": 7,
  "total_liklihood": -32414.256069825897
}
