{
  "modality_liklihoods": [
    -14045.077002237265,
    -13281.081138491916,
    -944.64843793730745,
    -4677.7900153754081
  ],
  "num_iteration": 1000,
  "num_modalities": 4,
  "num_topics": 7,
  "total_liklihood": -32948.596594041897
}
