{
  "modality_liklihoods": [
    -13565.088182097767,
    -13252.949223160729,
    -942.92445547564364,
    -4650.0358965044743
  ],
  "num_iteration": 1000,
  "num_modalities": 4,
  "num_topics": 7,
  "total_liklihood": -32410.997757238612
}
