{
  "modality_liklihoods": [
    -14314.229743689828,
    -13258.618784116168,
    -937.20865631134927,
    -4581.6394851758077
  ],
  "num_iteration": 1000,
  "num_modalities": 4,
  "num_topics": 7,
  "total_liklihood": -33091.696669293153
}
