{
  "modality_liklihoods": [
    -13797.569027068052,
    -13304.996040591355,
    -937.38794856457389,
    -4604.874577611542
  ],
  "num_iteration": 1000,
  "num_modalities": 4,
  "num_topics": 7,
  "total_liklihood": -32644.827593835525
}
