{
  "modality_liklihoods": [
    -13541.402686441206,
    -13243.489574418812,
    -937.26917482941815,
    -4696.755090476946
  ],
  "num_iteration": 1000,
  "num_modalities": 4,
  "num_topics": 7,
  "total_liklihood": -32418.91652616638
}
