{
  "modality_liklihoods": [
    -13310.335353056349,
    -13275.242027181072,
    -937.33727375704007,
    -4586.6290318879592
  ],
  "num_iteration": 1000,
  "num_modalities": 4,
  "num_topics": 7,
  "total_liklihood": -32109.543685882418
}
