{
  "modality_liklihoods": [
    -13240.655085306567,
    -13262.062303559136,
    -945.92169473081492,
    -4616.5365390011639
  ],
  "num_iteration": 1000,
  "num_modalities": 4,
  "num_topics": 7,
  "total_liklihood": -32065.175622597686
}
