{
  "modality_liklihoods": [
    -14435.637313446527,
    -13288.751710447379,
    -936.11808878802663,
    -4633.1011989490598
  ],
  "num_iteration": 1000,
  "num_modalities": 4,
  "num_topics": 7,
  "total_liklihood": -33293.608311630989
}
