{
  "modality_liklihoods": [
    -13937.819848847499,
    -13281.468324937983,
    -934.76240246382497,
    -4644.5748032603824
  ],
  "num_iteration": 1000,
  "num_modalities": 4,
  "num_topics": 7,
  "total_liklihood": -32798.625379509693
}
