{
  "modality_liklihoods": [
    -13112.915434595046,
    -13286.131183795949,
    -940.78521227975909,
    -4607.922516313698
  ],
  "num_iteration": 1000,
  "num_modalities": 4,
  "num_topics": 7,
  "total_liklihood": -31947.754346984453
}
