{
  "modality_liklihoods": [
    -14025.733568146965,
    -13239.609589682652,
    -945.3123263950514,
    -4653.9306121929048
  ],
  "num_iteration": 1000,
  "num_modalities": 4,
  "num_topics": 7,
  "total_liklihood": -32864.586096417574
}
