{
  "modality_liklihoods": [
    -13567.649234139188,
    -13277.814741162265,
    -946.69367924918845,
    -4679.1424381202105
  ],
  "num_iteration": 1000,
  "num_modalities": 4,
  "num_topics": 7,
  "total_liklihood": -32471.300092670848
}
