{
  "modality_liklihoods": [
    -14256.292887230811,
    -13258.876758314329,
    -939.48647295478236,
    -4648.6937469118075
  ],
  "num_iteration": 1000,
  "num_modalities": 4,
  "num_topics": 7,
  "total_liklihood": -33103.349865411728
}
