{
  "modality_liklihoods": [
    -14412.704981278359,
    -13238.853454836768,
    -942.10306268006968,
    -4688.2371613157429
  ],
  "num_iteration": 1000,
  "num_modalities": 4,
  "num_topics": 7,
  "total_liklihood": -33281.898660110943
}
