{
  "modality_liklihoods": [
    -14114.358761838177,
    -13291.19555606927,
    -939.15959881896799,
    -4636.2283628549267
  ],
  "num_iteration": 1000,
  "num_modalities": 4,
  "num_topics": 7,
  "total_liklihood": -32980.942279581344
}
