{
  "modality_liklihoods": [
    -14340.222119170709,
    -13234.828014831286,
    -940.70542878201491,
    -4631.8280700719461
  ],
  "num_iteration": 1000,
  "num_modalities": 4,
  "num_topics": 7,
  "total_liklihood": -33147.583632855953
}
