{
  "modality_liklihoods": [
    -12478.958846415206,
    -13264.606880233987,
    -946.34151371486587,
    -4629.5414467576475
  ],
  "num_iteration": 1000,
  "num_modalities": 4,
  "num_topics": 7,
  "total_liklihood": -31319.448687121705
}
