{
  "modality_liklihoods": [
    -13585.654275427945,
    -13248.734959190027,
    -945.58056526749169,
    -4650.5203911008766
  ],
  "num_iteration": 1000,
  "num_modalities": 4,
  "num_topics": 7,
  "total_liklihood": -32430.490190986337
}
