{
  "modality_liklihoods": [
    -13643.726835861064,
    -13260.979367441343,
    -940.63933406002366,
    -4647.7836743014668
  ],
  "num_iteration": 1000,
  "num_modalities": 4,
  "num_topics": 7,
  "total_liklihood": -32493.129211663894
}
