{
  "modality_liklihoods": [
    -14072.560893521859,
    -13280.3800562491,
    -939.14126387892293,
    -4609.7858635874727
  ],
  "num_iteration": 1000,
  "num_modalities": 4,
  "num_topics": 7,
  "total_liklihood": -32901.868077237348
}
