{
  "modality_liklihoods": [
    -13611.679260508483,
    -13262.593822912328,
    -943.41520838679833,
    -4626.7128476835514
  ],
  "num_iteration": 1000,
  "num_modalities": 4,
  "num_topics": 7,
  "total_liklihood": -32444.401139491165
}
