{
  "modality_liklihoods": [
    -13579.718299041382,
    -13252.244245974078,
    -939.78627532923713,
    -4655.2218812496694
  ],
  "num_iteration": 1000,
  "num_modalities": 4,
  "num_topics": 7,
  "total_liklihood": -32426.970701594364
}
