{
  "modality_liklihoods": [
    -13967.877332457188,
    -13286.776681195499,
    -938.09249238112648,
    -4694.2366467678976
  ],
  "num_iteration": 1000,
  "num_modalities": 4,
  "num_topics": 7,
  "total_liklihood": -32886.983152801709
}
