{
  "modality_liklihoods": [
    -13717.53835377707,
    -13309.139572692337,
    -949.42051987460127,
    -4642.67559576234
  ],
  "num_iteration": 1000,
  "num_modalities": 4,
  "num_topics": 7,
  "total_liklihood": -32618.774042106346
}
