{
  "modality_liklihoods": [
    -13735.033103505979,
    -13247.233585908622,
    -940.25824258183286,
    -4622.1978176630619
  ],
  "num_iteration": 1000,
  "num_modalities": 4,
  "num_topics": 7,
  "total_liklihood": -32544.722749659497
}
