{
  "modality_liklihoods": [
    -13687.971682174861,
    -13283.598786194187,
    -941.23925906705415,
    -4638.1024735348774
  ],
  "num_iteration": 1000,
  "num_modalities": 4,
  "num_topics": 7,
  "total_liklihood": -32550.912200970979
}
