{
  "modality_liklihoods": [
    -13819.857873808594,
    -13241.598582824041,
    -936.81858067588553,
    -4676.450950782727
  ],
  "num_iteration": 1000,
  "num_modalities": 4,
  "num_topics": 7,
  "total_liklihood": -32674.72598809125
}
