{
  "modality_liklihoods": [
    -13967.90776843192,
    -13275.890187431691,
    -943.4146865561753,
    -4650.9938777941525
  ],
  "num_iteration": 1000,
  "num_modalities": 4,
  "num_topics": 7,
  "total_liklihood": -32838.206520213935
}
