{
  "modality_liklihoods": [
    -14421.327767375798,
    -13250.498777525914,
    -941.20678041394387,
    -4602.7991736987678
  ],
  "num_iteration": 1000,
  "num_modalities": 4,
  "num_topics": 7,
  "total_liklihood": -33215.832499014425
}
