{
  "modality_liklihoods": [
    -13782.700269843624,
    -13214.264316753526,
    -945.71535134969224,
    -4651.9514263630108
  ],
  "num_iteration": 1000,
  "num_modalities": 4,
  "num_topics": 7,
  "total_liklihood": -32594.631364309855
}
