{
  "modality_liklihoods": [
    -14348.496421167247,
    -13264.202701210115,
    -941.68912986940586,
    -4655.3196302692832
  ],
  "num_iteration": 1000,
  "num_modalities": 4,
  "num_topics": 7,
  "total_liklihood": -33209.70788251605
}
