{
  "modality_liklihoods": [
    -14672.239810660029,
    -13265.936705538898,
    -937.25119663782459,
    -4618.860334945115
  ],
  "num_iteration": 1000,
  "num_modalities": 4,
  "num_topics": 7,
  "total_liklihood": -33494.288047781869
}
