{
  "modality_liklihoods": [
    -14002.713158955552,
    -13272.797035242926,
    -946.83226860354591,
    -4651.7362305464521
  ],
  "num_iteration": 1000,
  "num_modalities": 4,
  "num_topics": 7,
  "total_liklihood": -32874.078693348478
}
