{
  "modality_liklihoods": [
    -13564.641515727348,
    -13233.854218256252,
    -941.97634679699411,
    -4707.902369585403
  ],
  "num_iteration": 1000,
  "num_modalities": 4,
  "num_topics": 7,
  "total_liklihood": -32448.374450365998
}
