{
  "modality_liklihoods": [
    -14148.678443053841,
    -13289.251425400111,
    -939.62418857896103,
    -4644.247455699975
  ],
  "num_iteration": 1000,
  "num_modalities": 4,
  "num_topics": 7,
  "total_liklihood": -33021.801512732891
}
