{
  "modality_liklihoods": [
    -12907.609470081918,
    -13245.825969069896,
    -941.68932396194657,
    -4632.2048749416581
  ],
  "num_iteration": 1000,
  "num_modalities": 4,
  "num_topics": 7,
  "total_liklihood": -31727.329638055417
}
