{
  "modality_liklihoods": [
    -14274.270346876876,
    -13257.82852522768,
    -942.62089061969436,
    -4606.1570308089131
  ],
  "num_iteration": 1000,
  "num_modalities": 4,
  "num_topics": 7,
  "total_liklihood": -33080.876793533163
}
