{
  "modality_liklihoods": [
    -14163.370467462721,
    -13261.473910749506,
    -937.82756410466936,
    -4642.1473128506868
  ],
  "num_iteration": 1000,
  "num_modalities": 4,
  "num_topics": 7,
  "total_liklihood": -33004.819255167582
}
