{
  "modality_liklihoods": [
    -13671.609178595027,
    -13292.792937326947,
    -936.87089768684052,
    -4639.4689664997932
  ],
  "num_iteration": 1000,
  "num_modalities": 4,
  "num_topics": 7,
  "total_liklihood": -32540.741980108607
}
