{
  "modality_liklihoods": [
    -14775.599722953108,
    -13227.765304838331,
    -944.56318551990921,
    -4680.1657351175527
  ],
  "num_iteration": 1000,
  "num_modalities": 4,
  "num_topics": 7,
  "total_liklihood": -33628.093948428897
}
