{
  "modality_liklihoods": [
    -14345.300959528982,
    -13261.077417593311,
    -936.81047134545724,
    -4632.3569047222072
  ],
  "num_iteration": 1000,
  "num_modalities": 4,
  "num_topics": 7,
  "total_liklihood": -33175.545753189959
}
