{
  "modality_liklihoods": [
    -13465.638369832477,
    -13208.856646822218,
    -939.12355652577162,
    -4647.5315821937893
  ],
  "num_iteration": 1000,
  "num_modalities": 4,
  "num_topics": 7,
  "total_liklihood": -32261.150155374256
}
