{
  "modality_liklihoods": [
    -13912.288530778042,
    -13273.693830181946,
    -941.20613876070161,
    -4584.5429100624724
  ],
  "num_iteration": 1000,
  "num_modalities": 4,
  "num_topics": 7,
  "total_liklihood": -32711.731409783162
}
