{
  "modality_liklihoods": [
    -13297.776151525479,
    -13265.31034453428,
    -936.67152460847103,
    -4673.776312337538
  ],
  "num_iteration": 1000,
  "num_modalities": 4,
  "num_topics": 7,
  "total_liklihood": -32173.534333005769
}
