{
  "modality_liklihoods": [
    -13531.185540829345,
    -13267.423194829735,
    -938.50765387360434,
    -4642.7275107168207
  ],
  "num_iteration": 1000,
  "num_modalities": 4,
  "num_topics": 7,
  "total_liklihood": -32379.843900249503
}
