{
  "modality_liklihoods": [
    -13963.944619412679,
    -13250.440061582913,
    -935.09011321847811,
    -4669.8046061803989
  ],
  "num_iteration": 1000,
  "num_modalities": 4,
  "num_topics": 7,
  "total_liklihood": -32819.279400394473
}
