{
  "modality_liklihoods": [
    -14095.875125465642,
    -13279.090464096687,
    -944.41918715161376,
    -4635.4598267730416
  ],
  "num_iteration": 1000,
  "num_modalities": 4,
  "num_topics": 7,
  "total_liklihood": -32954.844603486985
}
