{
  "modality_liklihoods": [
    -13516.460096555349,
    -13221.114695166398,
    -942.29892624903368,
    -4640.5999975511722
  ],
  "num_iteration": 1000,
  "num_modalities": 4,
  "num_topics": 7,
  "total_liklihood": -32320.473715521952
}
