{
  "modality_liklihoods": [
    -14027.639202966067,
    -13276.408701247658,
    -930.94753106272822,
    -4673.0034664472596
  ],
  "num_iteration": 1000,
  "num_modalities": 4,
  "num_topics": 7,
  "total_liklihood": -32907.998901723709
}
