{
  "modality_liklihoods": [
    -15091.705714381407,
    -13257.388498559154,
    -943.76579795537998,
    -4620.880018555782
  ],
  "num_iteration": 1000,
  "num_modalities": 4,
  "num_topics": 7,
  "total_liklihood": -33913.740029451721
}
