{
  "modality_liklihoods": [
    -13469.337203565939,
    -13248.516158811024,
    -943.19797360503651,
    -4644.6232573780526
  ],
  "num_iteration": 1000,
  "num_modalities": 4,
  "num_topics": 7,
  "total_liklihood": -32305.674593360054
}
