{
  "modality_liklihoods": [
    -14337.935071629458,
    -13262.731351223776,
    -943.07590348598114,
    -4627.377168463725
  ],
  "num_iteration": 1000,
  "num_modalities": 4,
  "num_topics": 7,
  "total_liklihood": -33171.119494802937
}
