{
  "modality_liklihoods": [
    -13999.980017905909,
    -13318.438587660943,
    -935.82199235587473,
    -4668.787346787587
  ],
  "num_iteration": 1000,
  "num_modalities": 4,
  "num_topics": 7,
  "total_liklihood": -32923.027944710317
}
