{
  "modality_liklihoods": [
    -14300.943491790673,
    -13229.565019418573,
    -932.24178760101756,
    -4625.5855117163164
  ],
  "num_iteration": 1000,
  "num_modalities": 4,
  "num_topics": 7,
  "total_liklihood": -33088.33581052658
}
