{
  "modality_liklihoods": [
    -13676.783252675301,
    -13194.191798666228,
    -942.71901405136271,
    -4644.4442095129207
  ],
  "num_iteration": 1000,
  "num_modalities": 4,
  "num_topics": 7,
  "total_liklihood": -32458.13827490581
}
