{
  "modality_liklihoods": [
    -15021.207526805843,
    -13224.860784285291,
    -935.72021219580893,
    -4646.5553463528267
  ],
  "num_iteration": 1000,
  "num_modalities": 4,
  "num_topics": 7,
  "total_liklihood": -33828.343869639772
}
