{
  "modality_liklihoods": [
    -14010.08473250012,
    -13231.638864564202,
    -932.38054896944232,
    -4670.1976827988656
  ],
  "num_iteration": 1000,
  "num_modalities": 4,
  "num_topics": 7,
  "total_liklihood": -32844.301828832628
}
