{
  "modality_liklihoods": [
    -14213.964613594469,
    -13255.660822160145,
    -947.5323824933879,
    -4645.3122439491699
  ],
  "num_iteration": 1000,
  "num_modalities": 4,
  "num_topics": 7,
  "total_liklihood": -33062.470062197172
}
