{
  "modality_liklihoods": [
    -13603.278040794688,
    -13260.534416261344,
    -942.42416169356648,
    -4599.4012685984871
  ],
  "num_iteration": 1000,
  "num_modalities": 4,
  "num_topics": 7,
  "total_liklihood": -32405.637887348086
}
