{
  "modality_liklihoods": [
    -14138.650740481677,
    -13211.852274670722,
    -939.3531882678451,
    -4652.2493650991164
  ],
  "num_iteration": 1000,
  "num_modalities": 4,
  "num_topics": 7,
  "total_liklihood": -32942.105568519357
}
