{
  "modality_liklihoods": [
    -14219.072506621826,
    -13252.310470878201,
    -944.99920128022995,
    -4642.0499976912652
  ],
  "num_iteration": 1000,
  "num_modalities": 4,
  "num_topics": 7,
  "total_liklihood": -33058.432176471521
}
