{
  "modality_liklihoods": [
    -13972.316427981803,
    -13249.93478516136,
    -944.14965051751267,
    -4661.6797097002145
  ],
  "num_iteration": 1000,
  "num_modalities": 4,
  "num_topics": 7,
  "total_liklihood": -32828.080573360894
}
