{
  "modality_liklihoods": [
    -14165.251100378187,
    -13250.336517831591,
    -941.9151706214011,
    -4645.3825566826572
  ],
  "num_iteration": 1000,
  "num_modalities": 4,
  "num_topics": 7,
  "total_liklihood": -33002.885345513838
}
