{
  "modality_liklihoods": [
    -13972.834175471164,
    -13268.508530037052,
    -937.21511484131736,
    -4630.8931093751216
  ],
  "num_iteration": 1000,
  "num_modalities": 4,
  "num_topics": 7,
  "total_liklihood": -32809.450929724655
}
