{
  "modality_liklihoods": [
    -14880.70246681225,
    -13223.265944685112,
    -944.94027006479985,
    -4628.6911548404678
  ],
  "num_iteration": 1000,
  "num_modalities": 4,
  "num_topics": 7,
  "total_liklihood": -33677.599836402631
}
