{
  "modality_liklihoods": [
    -14660.503518698273,
    -13210.375449855394,
    -936.21298783017244,
    -4670.3545368542864
  ],
  "num_iteration": 1000,
  "num_modalities": 4,
  "num_topics": 7,
  "total_liklihood": -33477.446493238123
}
