{
  "modality_liklihoods": [
    -13937.839247681601,
    -13272.206862672869,
    -940.53454843201951,
    -4665.9691820580383
  ],
  "num_iteration": 1000,
  "num_modalities": 4,
  "num_topics": 7,
  "total_liklihood": -32816.549840844527
}
