{
  "modality_liklihoods": [
    -14157.326318312507,
    -13264.302738553379,
    -936.63817044937844,
    -4626.7430343563201
  ],
  "num_iteration": 1000,
  "num_modalities": 4,
  "num_topics": 7,
  "total_liklihood": -32985.010261671589
}
