{
  "modality_liklihoods": [
    -13958.034746201802,
    -13280.494324194593,
    -940.48882328413674,
    -4672.3555331212856
  ],
  "num_iteration": 1000,
  "num_modalities": 4,
  "num_topics": 7,
  "total_liklihood": -32851.373426801816
}
