{
  "modality_liklihoods": [
    -14781.87352510864,
    -13206.952157036818,
    -935.61002134686476,
    -4672.2222283390302
  ],
  "num_iteration": 1000,
  "num_modalities": 4,
  "num_topics": 7,
  "total_liklihood": -33596.657931831352
}
