{
  "modality_liklihoods": [
    -14885.614020354706,
    -13221.962674441995,
    -936.86988278714625,
    -4685.0511637073359
  ],
  "num_iteration": 1000,
  "num_modalities": 4,
  "num_topics": 7,
  "total_liklihood": -33729.497741291183
}
