{
  "modality_liklihoods": [
    -13719.560182083866,
    -13263.826004618604,
    -947.26010475619262,
    -4627.4652409268892
  ],
  "num_iteration": 1000,
  "num_modalities": 4,
  "num_topics": 7,
  "total_liklihood": -32558.111532385548
}
