{
  "modality_liklihoods": [
    -14224.602575492743,
    -13232.367290812039,
    -939.0168738382622,
    -4645.794042946246
  ],
  "num_iteration": 1000,
  "num_modalities": 4,
  "num_topics": 7,
  "total_liklihood": -33041.780783089293
}
