{
  "modality_liklihoods": [
    -13621.622561018303,
    -13265.596687244968,
    -938.75957515221853,
    -4718.2118140191114
  ],
  "num_iteration": 1000,
  "num_modalities": 4,
  "num_topics": 7,
  "total_liklihood": -32544.190637434604
}
