{
  "modality_liklihoods": [
    -14728.196241103276,
    -13215.397981373686,
    -937.4255320796243,
    -4680.1688158972211
  ],
  "num_iteration": 1000,
  "num_modalities": 4,
  "num_topics": 7,
  "total_liklihood": -33561.188570453807
}
