{
  "modality_liklihoods": [
    -13574.987409435666,
    -13245.482376666816,
    -939.38745410705587,
    -4666.952341490115
  ],
  "num_iteration": 1000,
  "num_modalities": 4,
  "num_topics": 7,
  "total_liklihood": -32426.809581699654
}
