{
  "modality_liklihoods": [
    -13944.374361028362,
    -13229.540028956173,
    -944.43068236681779,
    -4676.6636271944426
  ],
  "num_iteration": 1000,
  "num_modalities": 4,
  "num_topics": 7,
  "total_liklihood": -32795.008699545797
}
