{
  "modality_liklihoods": [
    -14204.351849337205,
    -13248.849001794226,
    -945.12765048520419,
    -4679.3997018633891
  ],
  "num_iteration": 1000,
  "num_modalities": 4,
  "num_topics": 7,
  "total_liklihood": -33077.728203480023
}
