{
  "modality_liklihoods": [
    -13168.369524015887,
    -13247.054162473287,
    -940.18638742285771,
    -4649.0495904171885
  ],
  "num_iteration": 1000,
  "num_modalities": 4,
  "num_topics": 7,
  "total_liklihood": -32004.659664329218
}
