{
  "modality_liklihoods": [
    -13453.292131130544,
    -13273.073060629131,
    -937.75851636410312,
    -4591.3703592344391
  ],
  "num_iteration": 1000,
  "num_modalities": 4,
  "num_topics": 7,
  "total_liklihood": -32255.494067358213
}
