{
  "modality_liklihoods": [
    -13472.170841951587,
    -13277.881937138749,
    -942.5464984023198,
    -4604.348868008653
  ],
  "num_iteration": 1000,
  "num_modalities": 4,
  "num_topics": 7,
  "total_liklihood": -32296.948145501308
}
