{
  "modality_liklihoods": [
    -14381.766715054633,
    -13242.558470478132,
    -935.51712773614906,
    -4664.7165125340462
  ],
  "num_iteration": 1000,
  "num_modalities": 4,
  "num_topics": 7,
  "total_liklihood": -33224.55882580296
}
