{
  "modality_liklihoods": [
    -14376.348113527063,
    -13269.870273058772,
    -943.12359904038658,
    -4573.0833433762718
  ],
  "num_iteration": 1000,
  "num_modalities": 4,
  "num_topics": 7,
  "total_liklihood": -33162.425329002494
}
