{
  "modality_liklihoods": [
    -13754.519177131999,
    -13245.75038872279,
    -945.10032680294614,
    -4643.1575515134018
  ],
  "num_iteration": 1000,
  "num_modalities": 4,
  "num_topics": 7,
  "total_liklihood": -32588.527444171137
}
