{
  "modality_liklihoods": [
    -12964.79318225024,
    -13235.160629141101,
    -946.21049019704787,
    -4603.4403334090075
  ],
  "num_iteration": 1000,
  "num_modalities": 4,
  "num_topics": 7,
  "total_liklihood": -31749.604634997399
}
