{
  "modality_liklihoods": [
    -14038.053170344256,
    -13206.53143504845,
    -940.4423067537906,
    -4724.5245727542724
  ],
  "num_iteration": 1000,
  "num_modalities": 4,
  "num_topics": 7,
  "total_liklihood": -32909.551484900767
}
