{
  "modality_liklihoods": [
    -13925.212213637657,
    -13297.517447335329,
    -939.23174202322446,
    -4638.4840631858133
  ],
  "num_iteration": 1000,
  "num_modalities": 4,
  "num_topics": 7,
  "total_liklihood": -32800.44546618202
}
