{
  "modality_liklihoods": [
    -14440.89932979621,
    -13238.393659748202,
    -938.99372884480044,
    -4723.8681327978784
  ],
  "num_iteration": 1000,
  "num_modalities": 4,
  "num_topics": 7,
  "total_liklihood": -33342.154851187093
}
