{
  "modality_liklihoods": [
    -14294.12882829545,
    -13287.247832931213,
    -941.61749036149365,
    -4615.1041945581565
  ],
  "num_iteration": 1000,
  "num_modalities": 4,
  "num_topics": 7,
  "total_liklihood": -33138.098346146311
}
