{
  "modality_liklihoods": [
    -14118.09885144436,
    -13286.956428463964,
    -937.09122628822354,
    -4625.0196486886871
  ],
  "num_iteration": 1000,
  "num_modalities": 4,
  "num_topics": 7,
  "total_liklihood": -32967.166154885235
}
