{
  "modality_liklihoods": [
    -13816.699151796238,
    -13311.643360492622,
    -941.21968755751266,
    -4620.093126070733
  ],
  "num_iteration": 1000,
  "num_modalities": 4,
  "num_topics": 7,
  "total_liklihood": -32689.655325917105
}
