{
  "modality_liklihoods": [
    -13927.674943815278,
    -13267.31586839239,
    -942.05840139284669,
    -4649.1688529198427
  ],
  "num_iteration": 1000,
  "num_modalities": 4,
  "num_topics": 7,
  "total_liklihood": -32786.218066520356
}
