{
  "modality_liklihoods": [
    -12899.631535409435,
    -13260.856830728948,
    -935.57035095312153,
    -4638.0300979122921
  ],
  "num_iteration": 1000,
  "num_modalities": 4,
  "num_topics": 7,
  "total_liklihood": -31734.088815003797
}
