{
  "modality_liklihoods": [
    -14919.015193938309,
    -13242.899066796415,
    -943.39817513049547,
    -4660.3692026443705
  ],
  "num_iteration": 1000,
  "num_modalities": 4,
  "num_topics": 7,
  "total_liklihood": -33765.681638509588
}
