{
  "modality_liklihoods": [
    -14263.103186396967,
    -13218.677548107551,
    -947.0579745887544,
    -4707.3980267755169
  ],
  "num_iteration": 1000,
  "num_modalities": 4,
  "num_topics": 7,
  "total_liklihood": -33136.236735868792
}
