{
  "modality_liklihoods": [
    -13265.162338040633,
    -13268.828177332234,
    -932.04786165121891,
    -4629.3443323882511
  ],
  "num_iteration": 1000,
  "num_modalities": 4,
  "num_topics": 7,
  "total_liklihood": -32095.382709412341
}
