{
  "modality_liklihoods": [
    -13982.480316737096,
    -13257.890694689111,
    -937.17287829085149,
    -4674.8089657340124
  ],
  "num_iteration": 1000,
  "num_modalities": 4,
  "num_topics": 7,
  "total_liklihood": -32852.35285545107
}
