{
  "modality_liklihoods": [
    -14388.295256094549,
    -13213.61202852001,
    -938.84025550654496,
    -4729.2452519399949
  ],
  "num_iteration": 1000,
  "num_modalities": 4,
  "num_topics": 7,
  "total_liklihood": -33269.992792061093
}
