{
  "modality_liklihoods": [
    -13622.884983723608,
    -13278.083164030973,
    -939.79331328860576,
    -4643.6585901354838
  ],
  "num_iteration": 1000,
  "num_modalities": 4,
  "num_topics": 7,
  "total_liklihood": -32484.420051178673
}
