{
  "modality_liklihoods": [
    -13912.320089811286,
    -13265.678867874407,
    -944.70981784422088,
    -4654.4329650814361
  ],
  "num_iteration": 1000,
  "num_modalities": 4,
  "num_topics": 7,
  "total_liklihood": -32777.141740611347
}
