{
  "modality_liklihoods": [
    -14096.517690061708,
    -13273.192156005798,
    -934.41100231682947,
    -4682.1594927588221
  ],
  "num_iteration": 1000,
  "num_modalities": 4,
  "num_topics": 7,
  "total_liklihood": -32986.280341143152
}
