{
  "modality_liklihoods": [
    -13656.644354202661,
    -13264.821510701262,
    -937.51741531870664,
    -4707.8957254855704
  ],
  "num_iteration": 1000,
  "num_modalities": 4,
  "num_topics": 7,
  "total_liklihood": -32566.879005708201
}
