{
  "modality_liklihoods": [
    -13896.385632255215,
    -13215.86402046313,
    -944.10862556347047,
    -4665.7624445905431
  ],
  "num_iteration": 1000,
  "num_modalities": 4,
  "num_topics": 7,
  "total_liklihood": -32722.120722872358
}
