{
  "modality_liklihoods": [
    -13858.295491514898,
    -13271.323049779583,
    -945.57591493859286,
    -4587.5466241440872
  ],
  "num_iteration": 1000,
  "num_modalities": 4,
  "num_topics": 7,
  "total_liklihood": -32662.741080377164
}
