{
  "modality_liklihoods": [
    -13960.692563464552,
    -13283.17384896791,
    -941.02039696886629,
    -4661.6176100872144
  ],
  "num_iteration": 1000,
  "num_modalities": 4,
  "num_topics": 7,
  "total_liklihood": -32846.504419488541
}
