{
  "modality_liklihoods": [
    -13918.470770869171,
    -13220.437001617938,
    -941.53341223324878,
    -4662.7940756828975
  ],
  "num_iteration": 1000,
  "num_modalities": 4,
  "num_topics": 7,
  "total_liklihood": -32743.235260403257
}
