{
  "modality_liklihoods": [
    -13964.633970059474,
    -13240.0672554598,
    -939.20374196974547,
    -4651.8285964727975
  ],
  "num_iteration": 1000,
  "num_modalities": 4,
  "num_topics": 7,
  "total_liklihood": -32795.733563961818
}
