{
  "modality_liklihoods": [
    -13601.117248762052,
    -13268.681757156162,
    -942.86884341584391,
    -4626.8241290810402
  ],
  "num_iteration": 1000,
  "num_modalities": 4,
  "num_topics": 7,
  "total_liklihood": -32439.491978415095
}
