{
  "modality_liklihoods": [
    -14368.571230160491,
    -13229.910758209344,
    -940.2029402412702,
    -4693.7028288083666
  ],
  "num_iteration": 1000,
  "num_modalities": 4,
  "num_topics": 7,
  "total_liklihood": -33232.38775741947
}
