{
  "modality_liklihoods": [
    -13739.931960524154,
    -13327.087793958564,
    -930.94126148272289,
    -4641.3256147414613
  ],
  "num_iteration": 1000,
  "num_modalities": 4,
  "num_topics": 7,
  "total_liklihood": -32639.286630706902
}
