{
  "modality_liklihoods": [
    -15057.37449552352,
    -13232.084025410335,
    -942.65399656335057,
    -4672.5359326852576
  ],
  "num_iteration": 1000,
  "num_modalities": 4,
  "num_topics": 7,
  "total_liklihood": -33904.64845018246
}
