{
  "modality_liklihoods": [
    -14403.24111199821,
    -13263.496847208005,
    -936.90955468273114,
    -4637.736817329619
  ],
  "num_iteration": 1000,
  "num_modalities": 4,
  "num_topics": 7,
  "total_liklihood": -33241.384331218564
}
