{
  "modality_liklihoods": [
    -13838.207459867477,
    -13275.650385451461,
    -940.37225598535042,
    -4567.7221901258063
  ],
  "num_iteration": 1000,
  "num_modalities": 4,
  "num_topics": 7,
  "total_liklihood": -32621.952291430094
}
