{
  "modality_liklihoods": [
    -14202.455247571537,
    -13232.312529419381,
    -945.45123222861582,
    -4711.33486212972
  ],
  "num_iteration": 1000,
  "num_modalities": 4,
  "num_topics": 7,
  "total_liklihood": -33091.553871349257
}
