{
  "modality_liklihoods": [
    -13658.395444115329,
    -13323.984287688856,
    -931.55915505931785,
    -4632.5840713715334
  ],
  "num_iteration": 1000,
  "num_modalities": 4,
  "num_topics": 7,
  "total_liklihood": -32546.522958235033
}
