{
  "modality_liklihoods": [
    -14990.780857383081,
    -13235.591183568349,
    -940.06953203528565,
    -4651.385093395038
  ],
  "num_iteration": 1000,
  "num_modalities": 4,
  "num_topics": 7,
  "total_liklihood": -33817.826666381749
}
