{
  "modality_liklihoods": [
    -14030.679700199775,
    -13229.39522252875,
    -939.71039332341161,
    -4626.6194134821517
  ],
  "num_iteration": 1000,
  "num_modalities": 4,
  "num_topics": 7,
  "total_liklihood": -32826.404729534086
}
