{
  "modality_liklihoods": [
    -13537.857295181971,
    -13214.829094320678,
    -938.71811562563653,
    -4709.5685384397011
  ],
  "num_iteration": 1000,
  "num_modalities": 4,
  "num_topics": 7,
  "total_liklihood": -32400.973043567985
}
