{
  "modality_liklihoods": [
    -14021.511477488206,
    -13217.528262900409,
    -938.82707873548679,
    -4733.4629128277084
  ],
  "num_iteration": 1000,
  "num_modalities": 4,
  "num_topics": 7,
  "total_liklihood": -32911.32973195181
}
