{
  "modality_liklihoods": [
    -14218.840049282297,
    -13244.30342608816,
    -938.2984179571431,
    -4611.0317077161862
  ],
  "num_iteration": 1000,
  "num_modalities": 4,
  "num_topics": 7,
  "total_liklihood": -33012.473601043785
}
