{
  "modality_liklihoods": [
    -12911.423627671973,
    -13294.710767583123,
    -945.0403432240746,
    -4664.5721893240561
  ],
  "num_iteration": 1000,
  "num_modalities": 4,
  "num_topics": 7,
  "total_liklihood": -31815.746927803226
}
