{
  "modality_liklihoods": [
    -13412.653599277901,
    -13281.19752769039,
    -937.65040792823572,
    -4626.392482640912
  ],
  "num_iteration": 1000,
  "num_modalities": 4,
  "num_topics": 7,
  "total_liklihood": -32257.894017537441
}
