{
  "modality_liklihoods": [
    -14407.319140169495,
    -13229.535234081019,
    -934.77788878242939,
    -4611.7335576440937
  ],
  "num_iteration": 1000,
  "num_modalities": 4,
  "num_topics": 7,
  "total_liklihood": -33183.365820677034
}
