{
  "modality_liklihoods": [
    -14073.623855613036,
    -13284.613825038672,
    -938.86449569684112,
    -4651.2602637878254
  ],
  "num_iteration": 1000,
  "num_modalities": 4,
  "num_topics": 7,
  "total_liklihood": -32948.36244013637
}
