{
  "modality_liklihoods": [
    -13566.999034980738,
    -13238.524959937837,
    -942.91341949504795,
    -4677.7967964133313
  ],
  "num_iteration": 1000,
  "num_modalities": 4,
  "num_topics": 7,
  "total_liklihood": -32426.234210826955
}
