{
  "modality_liklihoods": [
    -13027.205625892806,
    -13229.99077894778,
    -939.08752281563818,
    -4647.6543727844928
  ],
  "num_iteration": 1000,
  "num_modalities": 4,
  "num_topics": 7,
  "total_liklihood": -31843.938300440714
}
