{
  "modality_liklihoods": [
    -14030.449843022212,
    -13230.703370520938,
    -940.90949056658496,
    -4678.556343422898
  ],
  "num_iteration": 1000,
  "num_modalities": 4,
  "num_topics": 7,
  "total_liklihood": -32880.619047532629
}
