{
  "modality_liklihoods": [
    -13709.888044548234,
    -13289.731030859079,
    -931.12162305988443,
    -4647.1772660799761
  ],
  "num_iteration": 1000,
  "num_modalities": 4,
  "num_topics": 7,
  "total_liklihood": -32577.91796454717
}
