{
  "modality_liklihoods": [
    -12714.092861056724,
    -13204.583457611929,
    -935.60355769355124,
    -4656.3214120620596
  ],
  "num_iteration": 1000,
  "num_modalities": 4,
  "num_topics": 7,
  "total_liklihood": -31510.601288424259
}
