{
  "modality_liklihoods": [
    -14128.460865167874,
    -13202.451174660118,
    -934.91543399361944,
    -4725.8125465573194
  ],
  "num_iteration": 1000,
  "num_modalities": 4,
  "num_topics": 7,
  "total_liklihood": -32991.640020378931
}
