{
  "modality_liklihoods": [
    -13906.166276854732,
    -13254.967621682941,
    -952.4981968808579,
    -4693.46745210682
  ],
  "num_iteration": 1000,
  "num_modalities": 4,
  "num_topics": 7,
  "total_liklihood": -32807.099547525351
}
