{
  "modality_liklihoods": [
    -14109.934782640745,
    -13251.50725345188,
    -938.75766051703454,
    -4631.3475549312134
  ],
  "num_iteration": 1000,
  "num_modalities": 4,
  "num_topics": 7,
  "total_liklihood": -32931.547251540876
}
