{
  "modality_liklihoods": [
    -13296.516190008379,
    -13240.349465450441,
    -936.06796918816246,
    -4651.6314484391769
  ],
  "num_iteration": 1000,
  "num_modalities": 4,
  "num_topics": 7,
  "total_liklihood": -32124.56507308616
}
