{
  "modality_liklihoods": [
    -13985.989854052697,
    -13256.054203329328,
    -941.69917246072851,
    -4614.2795464009432
  ],
  "num_iteration": 1000,
  "num_modalities": 4,
  "num_topics": 7,
  "total_liklihood": -32798.022776243699
}
