{
  "modality_liklihoods": [
    -14172.182772778899,
    -13193.6799574943,
    -934.78782654430267,
    -4683.7822680024492
  ],
  "num_iteration": 1000,
  "num_modalities": 4,
  "num_topics": 7,
  "total_liklihood": -32984.432824819953
}
