{
  "modality_liklihoods": [
    -14179.528182769183,
    -13250.765182878959,
    -937.99300082297952,
    -4646.1010291741495
  ],
  "num_iteration": 1000,
  "num_modalities": 4,
  "num_topics": 7,
  "total_liklihood": -33014.387395645266
}
