{
  "modality_liklihoods": [
    -12983.590267232255,
    -13213.402549860275,
    -940.19620386649922,
    -4661.7846221312384
  ],
  "num_iteration": 1000,
  "num_modalities": 4,
  "num_topics": 7,
  "total_liklihood": -31798.97364309027
}
