{
  "modality_liklihoods": [
    -14052.187650212078,
    -13301.754561469825,
    -937.81856830307913,
    -4641.172333550755
  ],
  "num_iteration": 1000,
  "num_modalities": 4,
  "num_topics": 7,
  "total_liklihood": -32932.933113535735
}
