{
  "modality_liklihoods": [
    -14333.901448039842,
    -13269.230040308272,
    -939.41512678235654,
    -4650.942132881697
  ],
  "num_iteration": 1000,
  "num_modalities": 4,
  "num_topics": 7,
  "total_liklihood": -33193.488748012169
}
