{
  "modality_liklihoods": [
    -13874.883417473957,
    -13246.453242737171,
    -940.52628724818192,
    -4626.2152691344409
  ],
  "num_iteration": 1000,
  "num_modalities": 4,
  "num_topics": 7,
  "total_liklihood": -32688.078216593753
}
