{
  "modality_liklihoods": [
    -14289.240811167376,
    -13263.999542081656,
    -938.27340036357759,
    -4640.6573067578647
  ],
  "num_iteration": 1000,
  "num_modalities": 4,
  "num_topics": 7,
  "total_liklihood": -33132.171060370471
}
