{
  "modality_liklihoods": [
    -13994.988132682871,
    -13255.833336415157,
    -938.15070878967686,
    -4650.9667967335135
  ],
  "num_iteration": 1000,
  "num_modalities": 4,
  "num_topics": 7,
  "total_liklihood": -32839.938974621218
}
