{
  "modality_liklihoods": [
    -13684.179651694523,
    -13250.144128471213,
    -940.49369693307062,
    -4618.851356420837
  ],
  "num_iteration": 1000,
  "num_modalities": 4,
  "num_topics": 7,
  "total_liklihood": -32493.668833519645
}
