{
  "modality_liklihoods": [
    -14015.982627319365,
    -13240.662557867376,
    -940.07233826332958,
    -4628.5261290945136
  ],
  "num_iteration": 1000,
  "num_modalities": 4,
  "num_topics": 7,
  "total_liklihood": -32825.243652544581
}
