{
  "modality_liklihoods": [
    -14212.293450865896,
    -13300.295134936649,
    -938.84461226281394,
    -4672.0366798734867
  ],
  "num_iteration": 1000,
  "num_modalities": 4,
  "num_topics": 7,
  "total_liklihood": -33123.469877938842
}
