{
  "modality_liklihoods": [
    -14473.638269511148,
    -13300.050614605501,
    -942.17759319493371,
    -4651.304281026527
  ],
  "num_iteration": 1000,
  "num_modalities": 4,
  "num_topics": 7,
  "total_liklihood": -33367.170758338114
}
