{
  "modality_liklihoods": [
    -13961.668796797754,
    -13280.837406117196,
    -952.47613374193088,
    -4635.7278683056329
  ],
  "num_iteration": 1000,
  "num_modalities": 4,
  "num_topics": 7,
  "total_liklihood": -32830.71020496251
}
