{
  "modality_liklihoods": [
    -13716.148745044638,
    -13234.710791112435,
    -942.4502664787384,
    -4626.1447508243718
  ],
  "num_iteration": 1000,
  "num_modalities": 4,
  "num_topics": 7,
  "total_liklihood": -32519.454553460186
}
