{
  "modality_liklihoods": [
    -14153.18687122827,
    -13236.064668747542,
    -936.58474159479772,
    -4618.7628059103363
  ],
  "num_iteration": 1000,
  "num_modalities": 4,
  "num_topics": 7,
  "total_liklihood": -32944.599087480943
}
