{
  "modality_liklihoods": [
    -13987.442538867514,
    -13215.523459462745,
    -946.89005519480418,
    -4667.6222874466403
  ],
  "num_iteration": 1000,
  "num_modalities": 4,
  "num_topics": 7,
  "total_liklihood": -32817.478340971706
}
