{
  "modality_liklihoods": [
    -14436.322776025263,
    -13272.828973037846,
    -935.50785366639388,
    -4609.894477458186
  ],
  "num_iteration": 1000,
  "num_modalities": 4,
  "num_topics": 7,
  "total_liklihood": -33254.554080187685
}
