{
  "modality_liklihoods": [
    -13233.28348142595,
    -13241.583078032825,
    -943.98935496776926,
    -4629.6857634875651
  ],
  "num_iteration": 1000,
  "num_modalities": 4,
  "num_topics": 7,
  "total_liklihood": -32048.541677914109
}
