{
  "modality_liklihoods": [
    -14409.850340813808,
    -13279.971876391697,
    -931.57050285242394,
    -4665.7894474226832
  ],
  "num_iteration": 1000,
  "num_modalities": 4,
  "num_topics": 7,
  "total_liklihood": -33287.182167480612
}
