{
  "modality_liklihoods": [
    -14377.080798980482,
    -13249.430903367289,
    -934.69105647804167,
    -4663.5077409573059
  ],
  "num_iteration": 1000,
  "num_modalities": 4,
  "num_topics": 7,
  "total_liklihood": -33224.710499783119
}
