{
  "modality_liklihoods": [
    -14234.291128058645,
    -13269.049940695561,
    -937.27290531433005,
    -4603.6565440204113
  ],
  "num_iteration": 1000,
  "num_modalities": 4,
  "num_topics": 7,
  "total_liklihood": -33044.270518088946
}
