{
  "modality_liklihoods": [
    -13903.619604803813,
    -13311.166564213809,
    -936.73695510200218,
    -4671.140461717715
  ],
  "num_iteration": 1000,
  "num_modalities": 4,
  "num_topics": 7,
  "total_liklihood": -32822.663585837341
}
