{
  "modality_liklihoods": [
    -13838.135334983677,
    -13284.680539106286,
    -939.27335947141341,
    -4608.0096551667202
  ],
  "num_iteration": 1000,
  "num_modalities": 4,
  "num_topics": 7,
  "total_liklihood": -32670.098888728095
}
