{
  "modality_liklihoods": [
    -13861.616051349138,
    -13271.490966401847,
    -939.88161516926459,
    -4650.5659277181148
  ],
  "num_iteration": 1000,
  "num_modalities": 4,
  "num_topics": 7,
  "total_liklihood": -32723.554560638364
}
