{
  "modality_liklihoods": [
    -13304.238329986114,
    -13254.21873266824,
    -943.68739202904146,
    -4599.3449918659153
  ],
  "num_iteration": 1000,
  "num_modalities": 4,
  "num_topics": 7,
  "total_liklihood": -32101.489446549313
}
