{
  "modality_liklihoods": [
    -14097.96691488183,
    -13288.259089390878,
    -942.86006819105296,
    -4642.8847056644699
  ],
  "num_iteration": 1000,
  "num_modalities": 4,
  "num_topics": 7,
  "total_liklihood": -32971.970778128234
}
