{
  "modality_liklihoods": [
    -13848.903517174833,
    -13237.66402447598,
    -934.4804558014954,
    -4597.5363184673915
  ],
  "num_iteration": 1000,
  "num_modalities": 4,
  "num_topics": 7,
  "total_liklihood": -32618.584315919699
}
