{
  "modality_liklihoods": [
    -14081.885870349419,
    -13273.166250888125,
    -943.69963840576463,
    -4622.5265271717426
  ],
  "num_iteration": 1000,
  "num_modalities": 4,
  "num_topics": 7,
  "total_liklihood": -32921.278286815053
}
