{
  "modality_liklihoods": [
    -13541.488128127652,
    -13243.332107262971,
    -942.38173719851045,
    -4632.1610524770276
  ],
  "num_iteration": 1000,
  "num_modalities": 4,
  "num_topics": 7,
  "total_liklihood": -32359.363025066159
}
