{
  "modality_liklihoods": [
    -14212.553056346733,
    -13270.512131218413,
    -939.45076501398057,
    -4618.7732690154771
  ],
  "num_iteration": 1000,
  "num_modalities": 4,
  "num_topics": 7,
  "total_liklihood": -33041.289221594605
}
