{
  "modality_liklihoods": [
    -14897.571632040628,
    -13216.958210691913,
    -937.91108522118213,
    -4667.6074544137382
  ],
  "num_iteration": 1000,
  "num_modalities": 4,
  "num_topics": 7,
  "total_liklihood": -33720.048382367459
}
