{
  "modality_liklihoods": [
    -14063.529039875402,
    -13267.906954838036,
    -943.93317089385857,
    -4644.3137350828747
  ],
  "num_iteration": 1000,
  "num_modalities": 4,
  "num_topics": 7,
  "total_liklihood": -32919.682900690168
}
