{
  "modality_liklihoods": [
    -13834.060467047115,
    -13190.20512139502,
    -944.33816274591811,
    -4702.8075697387912
  ],
  "num_iteration": 1000,
  "num_modalities": 4,
  "num_topics": 7,
  "total_liklihood": -32671.41132092684
}
