{
  "modality_liklihoods": [
    -13237.707503979893,
    -13284.85178760881,
    -946.10158697954898,
    -4660.4545947258321
  ],
  "num_iteration": 1000,
  "num_modalities": 4,
  "num_topics": 7,
  "total_liklihood": -32129.115473294085
}
