{
  "modality_liklihoods": [
    -13502.054105577037,
    -13319.870167661202,
    -935.5322290815318,
    -4660.2023438504584
  ],
  "num_iteration": 1000,
  "num_modalities": 4,
  "num_topics": 7,
  "total_liklihood": -32417.65884617023
}
