{
  "modality_liklihoods": [
    -13066.554544970413,
    -13270.979286473688,
    -938.59908047154863,
    -4635.8439240516473
  ],
  "num_iteration": 1000,
  "num_modalities": 4,
  "num_topics": 7,
  "total_liklihood": -31911.976835967296
}
