{
  "modality_liklihoods": [
    -13305.49374634891,
    -13269.846494184954,
    -945.43522990560109,
    -4630.6928999779402
  ],
  "num_iteration": 1000,
  "num_modalities": 4,
  "num_topics": 7,
  "total_liklihood": -32151.468370417406
}
