{
  "modality_liklihoods": [
    -14421.601591115763,
    -13306.936525106965,
    -935.9721897761217,
    -4665.9289965060379
  ],
  "num_iteration": 1000,
  "num_modalities": 4,
  "num_topics": 7,
  "total_liklihood": -33330.439302504892
}
