{
  "modality_liklihoods": [
    -13403.334152670061,
    -13280.363473381221,
    -940.00613804876048,
    -4622.9497376681684
  ],
  "num_iteration": 1000,
  "num_modalities": 4,
  "num_topics": 7,
  "total_liklihood": -32246.653501768211
}
