{
  "modality_liklihoods": [
    -13977.899089218989,
    -13270.90512914104,
    -945.5331666724428,
    -4672.6019590316764
  ],
  "num_iteration": 1000,
  "num_modalities": 4,
  "num_topics": 7,
  "total_liklihood": -32866.939344064143
}
