{
  "modality_liklihoods": [
    -13849.832018684201,
    -13294.079406013443,
    -935.41299265085786,
    -4624.1961400280215
  ],
  "num_iteration": 1000,
  "num_modalities": 4,
  "num_topics": 7,
  "total_liklihood": -32703.520557376527
}
