{
  "modality_liklihoods": [
    -14382.499917514227,
    -13237.26258310302,
    -946.45811310770523,
    -4659.4062827631724
  ],
  "num_iteration": 1000,
  "num_modalities": 4,
  "num_topics": 7,
  "total_liklihood": -33225.626896488124
}
