{
  "modality_liklihoods": [
    -13805.545506952518,
    -13236.375978766446,
    -941.83588680337016,
    -4746.2780844933395
  ],
  "num_iteration": 1000,
  "num_modalities": 4,
  "num_topics": 7,
  "total_liklihood": -32730.035457015674
}
