{
  "modality_liklihoods": [
    -13629.163268607026,
    -13243.289874334916,
    -940.98966402512906,
    -4731.6998815135312
  ],
  "num_iteration": 1000,
  "num_modalities": 4,
  "num_topics": 7,
  "total_liklihood": -32545.142688480602
}
