{
  "modality_liklihoods": [
    -14347.610476407284,
    -13229.089353896577,
    -933.1007610167369,
    -4647.0245486865779
  ],
  "num_iteration": 1000,
  "num_modalities": 4,
  "num_topics": 7,
  "total_liklihood": -33156.825140007175
}
