{
  "modality_liklihoods": [
    -14526.431146819536,
    -13182.450517990643,
    -932.18618812216778,
    -4653.8321354306308
  ],
  "num_iteration": 1000,
  "num_modalities": 4,
  "num_topics": 7,
  "total_liklihood": -33294.899988362973
}
