{
  "modality_liklihoods": [
    -13988.886450610695,
    -13239.986278946355,
    -937.57817924346682,
    -4637.2251801294287
  ],
  "num_iteration": 1000,
  "num_modalities": 4,
  "num_topics": 7,
  "total_liklihood": -32803.676088929948
}
