{
  "modality_liklihoods": [
    -13818.621524284463,
    -13278.355827670977,
    -943.64536643708971,
    -4570.7315449273074
  ],
  "num_iteration": 1000,
  "num_modalities": 4,
  "num_topics": 7,
  "total_liklihood": -32611.354263319838
}
