{
  "modality_liklihoods": [
    -13301.674589027052,
    -13252.251747255228,
    -941.86320888654575,
    -4636.5240671482388
  ],
  "num_iteration": 1000,
  "num_modalities": 4,
  "num_topics": 7,
  "total_liklihood": -32132.313612317066
}
