{
  "modality_liklihoods": [
    -14048.606211210112,
    -13307.255950275388,
    -940.84099164995007,
    -4728.3847244528006
  ],
  "num_iteration": 1000,
  "num_modalities": 4,
  "num_topics": 7,
  "total_liklihood": -33025.087877588252
}
