{
  "modality_liklihoods": [
    -13998.275098372149,
    -13230.11489864063,
    -944.15685264486331,
    -4632.737927522795
  ],
  "num_iteration": 1000,
  "num_modalities": 4,
  "num_topics": 7,
  "total_liklihood": -32805.284777180437
}
