{
  "modality_liklihoods": [
    -13824.814800877355,
    -13292.975370206032,
    -935.20377445572092,
    -4652.0299551166818
  ],
  "num_iteration": 1000,
  "num_modalities": 4,
  "num_topics": 7,
  "total_liklihood": -32705.023900655789
}
