{
  "modality_liklihoods": [
    -14396.288935716168,
    -13283.963664380721,
    -937.13604457456177,
    -4599.0327809587425
  ],
  "num_iteration": 1000,
  "num_modalities": 4,
  "num_topics": 7,
  "total_liklihood": -33216.421425630193
}
