{
  "modality_liklihoods": [
    -13780.469813639984,
    -13296.387123753173,
    -942.4821115994954,
    -4688.6863198170131
  ],
  "num_iteration": 1000,
  "num_modalities": 4,
  "num_topics": 7,
  "total_liklihood": -32708.025368809667
}
