{
  "modality_liklihoods": [
    -13486.532269736872,
    -13299.971430053327,
    -941.46244716965282,
    -4618.4954038208589
  ],
  "num_iteration": 1000,
  "num_modalities": 4,
  "num_topics": 7,
  "total_liklihood": -32346.46155078071
}
