{
  "modality_liklihoods": [
    -14003.282470461239,
    -13236.796962448474,
    -943.25480687581182,
    -4652.6447305299598
  ],
  "num_iteration": 1000,
  "num_modalities": 4,
  "num_topics": 7,
  "total_liklihood": -32835.978970315482
}
