{
  "modality_liklihoods": [
    -14045.649687641304,
    -13239.140176240422,
    -935.77647542578052,
    -4660.5374531488087
  ],
  "num_iteration": 1000,
  "num_modalities": 4,
  "num_topics": 7,
  "total_liklihood": -32881.103792456313
}
