{
  "modality_liklihoods": [
    -14157.04405954898,
    -13198.841345708754,
    -941.03142458888533,
    -4705.0732843012865
  ],
  "num_iteration": 1000,
  "num_modalities": 4,
  "num_topics": 7,
  "total_liklihood": -33001.990114147906
}
