{
  "modality_liklihoods": [
    -13934.449833283968,
    -13271.337575958771,
    -934.77086475412921,
    -4594.7579328049214
  ],
  "num_iteration": 1000,
  "num_modalities": 4,
  "num_topics": 7,
  "total_liklihood": -32735.316206801788
}
