{
  "modality_liklihoods": [
    -13429.764614853268,
    -13297.998562678471,
    -944.75406682857363,
    -4597.5857083600813
  ],
  "num_iteration": 1000,
  "num_modalities": 4,
  "num_topics": 7,
  "total_liklihood": -32270.102952720394
}
