{
  "modality_liklihoods": [
    -13723.68802570401,
    -13223.413976074275,
    -941.03477758532779,
    -4653.5847648408935
  ],
  "num_iteration": 1000,
  "num_modalities": 4,
  "num_topics": 7,
  "total_liklihood": -32541.721544204505
}
