{
  "modality_liklihoods": [
    -14274.756561348226,
    -13259.525640140431,
    -939.30644150172475,
    -4697.0571689745311
  ],
  "num_iteration": 1000,
  "num_modalities": 4,
  "num_topics": 7,
  "total_liklihood": -33170.645811964911
}
