{
  "modality_liklihoods": [
    -13854.692455774164,
    -13295.319483349682,
    -935.79720022964716,
    -4642.4733660691318
  ],
  "num_iteration": 1000,
  "num_modalities": 4,
  "num_topics": 7,
  "total_liklihood": -32728.282505422627
}
