{
  "modality_liklihoods": [
    -14050.044294924273,
    -13229.504183748715,
    -934.79281674269555,
    -4687.7199476997257
  ],
  "num_iteration": 1000,
  "num_modalities": 4,
  "num_topics": 7,
  "total_liklihood": -32902.061243115408
}
