{
  "modality_liklihoods": [
    -13578.177999762465,
    -13222.812957180771,
    -944.80296299412896,
    -4662.008546622008
  ],
  "num_iteration": 1000,
  "num_modalities": 4,
  "num_topics": 7,
  "total_liklihood": -32407.802466559373
}
