{
  "modality_liklihoods": [
    -12648.281167473495,
    -13225.024588944645,
    -957.08493022075447,
    -4695.9747066778009
  ],
  "num_iteration": 1000,
  "num_modalities": 4,
  "num_topics": 7,
  "total_liklihood": -31526.365393316693
}
