{
  "modality_liklihoods": [
    -14293.456181204372,
    -13240.379056315545,
    -938.3625511158881,
    -4637.2242495761202
  ],
  "num_iteration": 1000,
  "num_modalities": 4,
  "num_topics": 7,
  "total_liklihood": -33109.422038211924
}
