{
  "modality_liklihoods": [
    -14407.706177915949,
    -13267.431625688094,
    -945.78092344722234,
    -4630.6107480120481
  ],
  "num_iteration": 1000,
  "num_modalities": 4,
  "num_topics": 7,
  "total_liklihood": -33251.529475063311
}
