{
  "modality_liklihoods": [
    -13963.755604969014,
    -13269.551560389969,
    -940.63197138372436,
    -4650.4005206546371
  ],
  "num_iteration": 1000,
  "num_modalities": 4,
  "num_topics": 7,
  "total_liklihood": -32824.339657397344
}
