{
  "modality_liklihoods": [
    -13671.902506268414,
    -13239.968895843587,
    -941.68725457286348,
    -4642.4147624757416
  ],
  "num_iteration": 1000,
  "num_modalities": 4,
  "num_topics": 7,
  "total_liklihood": -32495.973419160608
}
