{
  "modality_liklihoods": [
    -14067.530404696581,
    -13215.975219688904,
    -946.04653135724971,
    -4726.3970784901285
  ],
  "num_iteration": 1000,
  "num_modalities": 4,
  "num_topics": 7,
  "total_liklihood": -32955.949234232859
}
