{
  "modality_liklihoods": [
    -13998.540362871596,
    -13255.025688247624,
    -938.70663451058556,
    -4667.5753306669149
  ],
  "num_iteration": 1000,
  "num_modalities": 4,
  "num_topics": 7,
  "total_liklihood": -32859.848016296717
}
