{
  "modality_liklihoods": [
    -13397.523900769793,
    -13249.970581376068,
    -945.04178124293094,
    -4606.7549783007953
  ],
  "num_iteration": 1000,
  "num_modalities": 4,
  "num_topics": 7,
  "total_liklihood": -32199.291241689589
}
