{
  "modality_liklihoods": [
    -14389.597507337137,
    -13239.821574563161,
    -950.57199625151748,
    -4718.9765932967857
  ],
  "num_iteration": 1000,
  "num_modalities": 4,
  "num_topics": 7,
  "total_liklihood": -33298.967671448598
}
