{
  "modality_liklihoods": [
    -14076.321195825421,
    -13267.774138597224,
    -940.43147169092424,
    -4675.7245351679048
  ],
  "num_iteration": 1000,
  "num_modalities": 4,
  "num_topics": 7,
  "total_liklihood": -32960.251341281473
}
