{
  "modality_liklihoods": [
    -13173.654598653357,
    -13239.234348340437,
    -945.31465587568425,
    -4635.4713543700209
  ],
  "num_iteration": 1000,
  "num_modalities": 4,
  "num_topics": 7,
  "total_liklihood": -31993.674957239498
}
