{
  "modality_liklihoods": [
    -13962.876382034996,
    -13235.893442954104,
    -941.15452973017204,
    -4639.1759781890169
  ],
  "num_iteration": 1000,
  "num_modalities": 4,
  "num_topics": 7,
  "total_liklihood": -32779.100332908289
}
