{
  "modality_liklihoods": [
    -14054.744337873048,
    -13286.356908420707,
    -939.16317555455532,
    -4659.6240303938039
  ],
  "num_iteration": 1000,
  "num_modalities": 4,
  "num_topics": 7,
  "total_liklihood": -32939.888452242114
}
