{
  "modality_liklihoods": [
    -13534.086957022875,
    -13244.77319297838,
    -940.30775882648231,
    -4702.4950491247382
  ],
  "num_iteration": 1000,
  "num_modalities": 4,
  "num_topics": 7,
  "total_liklihood": -32421.662957952474
}
