{
  "modality_liklihoods": [
    -14052.404722473048,
    -13278.292708057435,
    -937.24554828127452,
    -4679.732482299728
  ],
  "num_iteration": 1000,
  "num_modalities": 4,
  "num_topics": 7,
  "total_liklihood": -32947.675461111481
}
