{
  "modality_liklihoods": [
    -13597.070903559468,
    -13255.353438300119,
    -946.90358147790982,
    -4664.5156176776409
  ],
  "num_iteration": 1000,
  "num_modalities": 4,
  "num_topics": 7,
  "total_liklihood": -32463.843541015136
}
