{
  "modality_liklihoods": [
    -14069.8707036341,
    -13262.198610483523,
    -939.72320048926042,
    -4617.8109634913553
  ],
  "num_iteration": 1000,
  "num_modalities": 4,
  "num_topics": 7,
  "total_liklihood": -32889.603478098237
}
