{
  "modality_liklihoods": [
    -13314.850769916977,
    -13241.269792333196,
    -934.08201686664154,
    -4634.6669895279883
  ],
  "num_iteration": 1000,
  "num_modalities": 4,
  "num_topics": 7,
  "total_liklihood": -32124.869568644805
}
