{
  "modality_liklihoods": [
    -14020.102769911371,
    -13309.119023457642,
    -940.85518561379945,
    -4682.7180969868705
  ],
  "num_iteration": 1000,
  "num_modalities": 4,
  "num_topics": 7,
  "total_liklihood": -32952.795075969683
}
