{
  "modality_liklihoods": [
    -13891.921789553075,
    -13270.722935654907,
    -935.46764282703964,
    -4660.0762461607483
  ],
  "num_iteration": 1000,
  "num_modalities": 4,
  "num_topics": 7,
  "total_liklihood": -32758.188614195769
}
