{
  "modality_liklihoods": [
    -14113.515801931311,
    -13278.389227587586,
    -939.87840355381638,
    -4669.7153018402205
  ],
  "num_iteration": 1000,
  "num_modalities": 4,
  "num_topics": 7,
  "total_liklihood": -33001.498734912937
}
