{
  "modality_liklihoods": [
    -12718.58153667244,
    -13288.904185058225,
    -943.23001504884314,
    -4612.8843962259079
  ],
  "num_iteration": 1000,
  "num_modalities": 4,
  "num_topics": 7,
  "total_liklihood": -31563.600133005417
}
