{
  "modality_liklihoods": [
    -13556.5997939802,
    -13262.806766919824,
    -940.09503032509076,
    -4648.8995836554304
  ],
  "num_iteration": 1000,
  "num_modalities": 4,
  "num_topics": 7,
  "total_liklihood": -32408.401174880546
}
