{
  "modality_liklihoods": [
    -13926.253874681246,
    -13249.072243111756,
    -943.99826544743701,
    -4598.186310959064
  ],
  "num_iteration": 1000,
  "num_modalities": 4,
  "num_topics": 7,
  "total_liklihood": -32717.510694199504
}
