{
  "modality_liklihoods": [
    -13997.490108295893,
    -13292.295052408019,
    -943.2924133849707,
    -4676.6724235626634
  ],
  "num_iteration": 1000,
  "num_modalities": 4,
  "num_topics": 7,
  "total_liklihood": -32909.749997651546
}
