{
  "modality_liklihoods": [
    -14360.233297849803,
    -13286.780431692932,
    -938.10186760673776,
    -4637.8573352781996
  ],
  "num_iteration": 1000,
  "num_modalities": 4,
  "num_topics": 7,
  "total_liklihood": -33222.97293242767
}
