{
  "modality_liklihoods": [
    -13797.796247325878,
    -13284.363501799689,
    -934.78410229575763,
    -4643.1197431206501
  ],
  "num_iteration": 1000,
  "num_modalities": 4,
  "num_topics": 7,
  "total_liklihood": -32660.063594541974
}
