{
  "modality_liklihoods": [
    -13582.247715977917,
    -13260.76863047806,
    -938.01896384813847,
    -4571.6320005846273
  ],
  "num_iteration": 1000,
  "num_modalities": 4,
  "num_topics": 7,
  "total_liklihood": -32352.667310888744
}
