{
  "modality_liklihoods": [
    -14389.199763677756,
    -13219.708377638421,
    -936.35780694987977,
    -4634.8240386786738
  ],
  "num_iteration": 1000,
  "num_modalities": 4,
  "num_topics": 7,
  "total_liklihood": -33180.089986944731
}
