{
  "modality_liklihoods": [
    -13792.509963941387,
    -13227.432792512982,
    -945.73180724691827,
    -4635.3196020378446
  ],
  "num_iteration": 1000,
  "num_modalities": 4,
  "num_topics": 7,
  "total_liklihood": -32600.994165739132
}
