{
  "modality_liklihoods": [
    -13831.778904167875,
    -13263.286674908553,
    -946.68471232124637,
    -4722.3242642860041
  ],
  "num_iteration": 1000,
  "num_modalities": 4,
  "num_topics": 7,
  "total_liklihood": -32764.074555683677
}
