{
  "modality_liklihoods": [
    -13458.865841592611,
    -13238.534501960445,
    -942.67405638508671,
    -4628.7125494996935
  ],
  "num_iteration": 1000,
  "num_modalities": 4,
  "num_topics": 7,
  "total_liklihood": -32268.786949437836
}
