{
  "modality_liklihoods": [
    -14163.345473145504,
    -13227.707511548628,
    -940.5155736312048,
    -4720.9526043469041
  ],
  "num_iteration": 1000,
  "num_modalities": 4,
  "num_topics": 7,
  "total_liklihood": -33052.521162672238
}
