{
  "modality_liklihoods": [
    -14493.953447850165,
    -13252.357299913043,
    -943.59480660959889,
    -4630.234397952524
  ],
  "num_iteration": 1000,
  "num_modalities": 4,
  "num_topics": 7,
  "total_liklihood": -33320.139952325328
}
