{
  "modality_liklihoods": [
    -14457.176622643745,
    -13248.719393996391,
    -928.35733980638179,
    -4643.5883348210109
  ],
  "num_iteration": 1000,
  "num_modalities": 4,
  "num_topics": 7,
  "total_liklihood": -33277.841691267531
}
