{
  "modality_liklihoods": [
    -13931.040452644012,
    -13198.771425976518,
    -937.71085016414008,
    -4642.6376508087124
  ],
  "num_iteration": 1000,
  "num_modalities": 4,
  "num_topics": 7,
  "total_liklihood": -32710.160379593384
}
