{
  "modality_liklihoods": [
    -14324.987517931218,
    -13204.639692998904,
    -939.31082888911237,
    -4635.8151352669529
  ],
  "num_iteration": 1000,
  "num_modalities": 4,
  "num_topics": 7,
  "total_liklihood": -33104.753175086189
}
