{
  "modality_liklihoods": [
    -14255.648734477292,
    -13283.474573207055,
    -937.70968096651563,
    -4598.643904402069
  ],
  "num_iteration": 1000,
  "num_modalities": 4,
  "num_topics": 7,
  "total_liklihood": -33075.476893052932
}
