{
  "modality_liklihoods": [
    -13982.91803814076,
    -13260.089763631622,
    -935.67515479214217,
    -4635.7222902794711
  ],
  "num_iteration": 1000,
  "num_modalities": 4,
  "num_topics": 7,
  "total_liklihood": -32814.405246843991
}
