{
  "modality_liklihoods": [
    -12522.340127418014,
    -13271.841314033049,
    -940.37692835449877,
    -4638.062166431534
  ],
  "num_iteration": 1000,
  "num_modalities": 4,
  "num_topics": 7,
  "total_liklihood": -31372.620536237093
}
