{
  "modality_liklihoods": [
    -13955.740157027391,
    -13286.306123276101,
    -943.49448005191152,
    -4628.8304176536858
  ],
  "num_iteration": 1000,
  "num_modalities": 4,
  "num_topics": 7,
  "total_liklihood": -32814.371178009089
}
