{
  "modality_liklihoods": [
    -13725.123257089799,
    -13298.389052634679,
    -937.31674058353406,
    -4617.1661106237525
  ],
  "num_iteration": 1000,
  "num_modalities": 4,
  "num_topics": 7,
  "total_liklihood": -32577.995160931765
}
