{
  "modality_liklihoods": [
    -13984.128770287443,
    -13246.705242147556,
    -935.00110150740727,
    -4632.7674718527769
  ],
  "num_iteration": 1000,
  "num_modalities": 4,
  "num_topics": 7,
  "total_liklihood": -32798.602585795183
}
