{
  "modality_liklihoods": [
    -13633.589242877821,
    -13290.698797284176,
    -940.85944666205728,
    -4590.239217556712
  ],
  "num_iteration": 1000,
  "num_modalities": 4,
  "num_topics": 7,
  "total_liklihood": -32455.386704380766
}
