{
  "modality_liklihoods": [
    -13540.548606491337,
    -13239.051206610644,
    -939.28945574833426,
    -4643.4599587058228
  ],
  "num_iteration": 1000,
  "num_modalities": 4,
  "num_topics": 7,
  "total_liklihood": -32362.349227556137
}
