{
  "modality_liklihoods": [
    -13171.798565602654,
    -13228.320721100499,
    -940.2053855049852,
    -4670.5615849304613
  ],
  "num_iteration": 1000,
  "num_modalities": 4,
  "num_topics": 7,
  "total_liklihood": -32010.886257138598
}
