{
  "modality_liklihoods": [
    -13524.393900158704,
    -13268.920923532994,
    -931.87484999001333,
    -4646.8586281825355
  ],
  "num_iteration": 1000,
  "num_modalities": 4,
  "num_topics": 7,
  "total_liklihood": -32372.048301864248
}
