{
  "modality_liklihoods": [
    -13271.226987982081,
    -13291.892612179039,
    -941.07499628527569,
    -4633.1517836447629
  ],
  "num_iteration": 1000,
  "num_modalities": 4,
  "num_topics": 7,
  "total_liklihood": -32137.34638009116
}
