{
  "modality_liklihoods": [
    -13946.961643329165,
    -13267.894366319148,
    -938.68794489133779,
    -4636.1581716411001
  ],
  "num_iteration": 1000,
  "num_modalities": 4,
  "num_topics": 7,
  "total_liklihood": -32789.702126180753
}
