{
  "modality_liklihoods": [
    -13891.551215898122,
    -13273.151863401397,
    -946.80764412803774,
    -4667.0642720444212
  ],
  "num_iteration": 1000,
  "num_modalities": 4,
  "num_topics": 7,
  "total_liklihood": -32778.574995471979
}
