{
  "modality_liklihoods": [
    -14410.416694494003,
    -13226.427851712782,
    -937.41685612806123,
    -4753.8641451023832
  ],
  "num_iteration": 1000,
  "num_modalities": 4,
  "num_topics": 7,
  "total_liklihood": -33328.12554743723
}
