{
  "modality_liklihoods": [
    -13911.891678138018,
    -13224.238897146957,
    -938.06313404162404,
    -4661.6851735613973
  ],
  "num_iteration": 1000,
  "num_modalities": 4,
  "num_topics": 7,
  "total_liklihood": -32735.878882887995
}
