{
  "modality_liklihoods": [
    -13995.018649661768,
    -13229.896469938994,
    -940.56050201508299,
    -4705.9465689243607
  ],
  "num_iteration": 1000,
  "num_modalities": 4,
  "num_topics": 7,
  "total_liklihood": -32871.422190540208
}
