{
  "modality_liklihoods": [
    -13476.370635289326,
    -13309.731963875953,
    -937.55660861155195,
    -4595.8572208837295
  ],
  "num_iteration": 1000,
  "num_modalities": 4,
  "num_topics": 7,
  "total_liklihood": -32319.516428660558
}
