{
  "modality_liklihoods": [
    -14194.096829053613,
    -13288.787134734219,
    -934.0753716168573,
    -4676.1694078790242
  ],
  "num_iteration": 1000,
  "num_modalities": 4,
  "num_topics": 7,
  "total_liklihood": -33093.128743283713
}
