{
  "modality_liklihoods": [
    -13500.226101509445,
    -13265.40116252137,
    -936.42453342524232,
    -4613.1555859302898
  ],
  "num_iteration": 1000,
  "num_modalities": 4,
  "num_topics": 7,
  "total_liklihood": -32315.207383386347
}
