{
  "modality_liklihoods": [
    -14179.150459245597,
    -13241.239757595693,
    -948.71881627075845,
    -4654.7545541528589
  ],
  "num_iteration": 1000,
  "num_modalities": 4,
  "num_topics": 7,
  "total_liklihood": -33023.863587264903
}
