{
  "modality_liklihoods": [
    -14304.867818867537,
    -13263.555986303174,
    -935.73748663905781,
    -4604.7236744831962
  ],
  "num_iteration": 1000,
  "num_modalities": 4,
  "num_topics": 7,
  "total_liklihood": -33108.884966292964
}
