{
  "modality_liklihoods": [
    -14174.082950144839,
    -13248.557888447041,
    -937.02234046502315,
    -4663.1601801585384
  ],
  "num_iteration": 1000,
  "num_modalities": 4,
  "num_topics": 7,
  "total_liklihood": -33022.823359215443
}
