{
  "modality_liklihoods": [
    -14182.921176415313,
    -13268.830729563058,
    -938.47490203674238,
    -4640.8654156655102
  ],
  "num_iteration": 1000,
  "num_modalities": 4,
  "num_topics": 7,
  "total_liklihood": -33031.092223680622
}
