{
  "modality_liklihoods": [
    -15055.522095027234,
    -13219.185294056668,
    -939.90481059647266,
    -4605.1656048642753
  ],
  "num_iteration": 1000,
  "num_modalities": 4,
  "num_topics": 7,
  "total_liklihood": -33819.777804544647
}
