{
  "modality_liklihoods": [
    -13946.299411933283,
    -13249.343047265918,
    -938.29782022204279,
    -4569.9777344191389
  ],
  "num_iteration": 1000,
  "num_modalities": 4,
  "num_topics": 7,
  "total_liklihood": -32703.918013840386
}
