{
  "modality_liklihoods": [
    -14500.973268390379,
    -13237.944463644078,
    -941.53881471311422,
    -4718.1238796177831
  ],
  "num_iteration": 1000,
  "num_modalities": 4,
  "num_topics": 7,
  "total_liklihood": -33398.580426365355
}
