{
  "modality_liklihoods": [
    -13517.500989771037,
    -13249.583092667825,
    -944.11600374711747,
    -4630.1738094461462
  ],
  "num_iteration": 1000,
  "num_modalities": 4,
  "num_topics": 7,
  "total_liklihood": -32341.373895632125
}
