{
  "modality_liklihoods": [
    -13966.946895630608,
    -13281.584056739528,
    -940.28881062329026,
    -4639.0913784109607
  ],
  "num_iteration": 1000,
  "num_modalities": 4,
  "num_topics": 7,
  "total_liklihood": -32827.911141404387
}
