{
  "modality_liklihoods": [
    -13567.921056473737,
    -13281.505266825643,
    -943.41546367353919,
    -4584.2268271922449
  ],
  "num_iteration": 1000,
  "num_modalities": 4,
  "num_topics": 7,
  "total_liklihood": -32377.068614165164
}
