{
  "modality_liklihoods": [
    -14105.71886457797,
    -13309.687910825915,
    -939.18779773659492,
    -4616.0776850873826
  ],
  "num_iteration": 1000,
  "num_modalities": 4,
  "num_topics": 7,
  "total_liklihood": -32970.67225822786
}
