{
  "modality_liklihoods": [
    -14403.217024283676,
    -13244.576951643325,
    -942.28628503429161,
    -4723.1559777259599
  ],
  "num_iteration": 1000,
  "num_modalities": 4,
  "num_topics": 7,
  "total_liklihood": -33313.236238687248
}
