{
  "modality_liklihoods": [
    -13409.631701080387,
    -13270.176488080629,
    -943.50113211078121,
    -4595.8105895159706
  ],
  "num_iteration": 1000,
  "num_modalities": 4,
  "num_topics": 7,
  "total_liklihood": -32219.119910787769
}
