{
  "modality_liklihoods": [
    -14108.031208946677,
    -13230.736259575095,
    -943.7793467290976,
    -4713.488881366151
  ],
  "num_iteration": 1000,
  "num_modalities": 4,
  "num_topics": 7,
  "total_liklihood": -32996.035696617022
}
