{
  "modality_liklihoods": [
    -13875.52870656119,
    -13226.71043586648,
    -939.75898977903807,
    -4656.3136536891598
  ],
  "num_iteration": 1000,
  "num_modalities": 4,
  "num_topics": 7,
  "total_liklihood": -32698.311785895872
}
