{
  "modality_liklihoods": [
    -14527.694019222965,
    -13271.248553848634,
    -938.71157993779809,
    -4710.2383419122898
  ],
  "num_iteration": 1000,
  "num_modalities": 4,
  "num_topics": 7,
  "total_liklihood": -33447.892494921689
}
