{
  "modality_liklihoods": [
    -12652.45911780508,
    -13291.419771178205,
    -940.93056788172794,
    -4626.4516395153141
  ],
  "num_iteration": 1000,
  "num_modalities": 4,
  "num_topics": 7,
  "total_liklihood": -31511.261096380331
}
