{
  "modality_liklihoods": [
    -13990.813200479666,
    -13302.812811804735,
    -934.12020212115146,
    -4670.75202243694
  ],
  "num_iteration": 1000,
  "num_modalities": 4,
  "num_topics": 7,
  "total_liklihood": -32898.498236842497
}
