{
  "modality_liklihoods": [
    -13686.965631424713,
    -13241.003233105335,
    -946.34625479245813,
    -4603.8424447050738
  ],
  "num_iteration": 1000,
  "num_modalities": 4,
  "num_topics": 7,
  "total_liklihood": -32478.157564027581
}
