{
  "modality_liklihoods": [
    -13295.305490240158,
    -13272.707383539306,
    -942.52449024230179,
    -4645.7454680883884
  ],
  "num_iteration": 1000,
  "num_modalities": 4,
  "num_topics": 7,
  "total_liklihood": -32156.282832110155
}
