{
  "modality_liklihoods": [
    -13723.098137407063,
    -13276.473467319887,
    -934.90889641831529,
    -4675.8511570097517
  ],
  "num_iteration": 1000,
  "num_modalities": 4,
  "num_topics": 7,
  "total_liklihood": -32610.331658155017
}
