{
  "modality_liklihoods": [
    -14231.508055380065,
    -13237.117428662099,
    -941.38943380351634,
    -4744.7193541678653
  ],
  "num_iteration": 1000,
  "num_modalities": 4,
  "num_topics": 7,
  "total_liklihood": -33154.734272013549
}
