{
  "modality_liklihoods": [
    -14106.989313695252,
    -13291.58940954273,
    -945.51500366221615,
    -4658.72356249718
  ],
  "num_iteration": 1000,
  "num_modalities": 4,
  "num_topics": 7,
  "total_liklihood": -33002.817289397375
}
