{
  "modality_liklihoods": [
    -13951.912000191838,
    -13257.78982130837,
    -937.5626633867239,
    -4690.2669655560712
  ],
  "num_iteration": 1000,
  "num_modalities": 4,
  "num_topics": 7,
  "total_liklihood": -32837.531450443006
}
