{
  "modality_liklihoods": [
    -13660.638031678684,
    -13248.509681520571,
    -938.37098288280549,
    -4652.2835101642077
  ],
  "num_iteration": 1000,
  "num_modalities": 4,
  "num_topics": 7,
  "total_liklihood": -32499.80220624627
}
