{
  "modality_liklihoods": [
    -14445.190708985017,
    -13288.459510037237,
    -934.80806774017094,
    -4630.5238796742406
  ],
  "num_iteration": 1000,
  "num_modalities": 4,
  "num_topics": 7,
  "total_liklihood": -33298.982166436661
}
