{
  "modality_liklihoods": [
    -14017.624547817186,
    -13251.083167233603,
    -937.31915751188546,
    -4682.5146708799402
  ],
  "num_iteration": 1000,
  "num_modalities": 4,
  "num_topics": 7,
  "total_liklihood": -32888.541543442618
}
