{
  "modality_liklihoods": [
    -13896.507012444639,
    -13265.482220518139,
    -946.47254027368956,
    -4659.4232426475346
  ],
  "num_iteration": 1000,
  "num_modalities": 4,
  "num_topics": 7,
  "total_liklihood": -32767.885015884003
}
