{
  "modality_liklihoods": [
    -14134.465676163565,
    -13241.740989441629,
    -940.65305307896949,
    -4729.1362723461634
  ],
  "num_iteration": 1000,
  "num_modalities": 4,
  "num_topics": 7,
  "total_liklihood": -33045.995991030322
}
