{
  "modality_liklihoods": [
    -14167.265899921984,
    -13227.438029790217,
    -941.84395872914217,
    -4633.5215860907811
  ],
  "num_iteration": 1000,
  "num_modalities": 4,
  "num_topics": 7,
  "total_liklihood": -32970.069474532123
}
