{
  "modality_liklihoods": [
    -13576.832422737412,
    -13276.885141237253,
    -941.65446632362409,
    -4693.7099919442344
  ],
  "num_iteration": 1000,
  "num_modalities": 4,
  "num_topics": 7,
  "total_liklihood": -32489.082022242521
}
