{
  "modality_liklihoods": [
    -14106.429533976718,
    -13276.944088073195,
    -936.1833034427068,
    -4647.3815980334848
  ],
  "num_iteration": 1000,
  "num_modalities": 4,
  "num_topics": 7,
  "total_liklihood": -32966.938523526107
}
