{
  "modality_liklihoods": [
    -13769.099190976302,
    -13270.055087414927,
    -939.83910271434547,
    -4638.9546829258943
  ],
  "num_iteration": 1000,
  "num_modalities": 4,
  "num_topics": 7,
  "total_liklihood": -32617.948064031469
}
