{
  "modality_liklihoods": [
    -14469.302829298716,
    -13211.145477671094,
    -936.86811673974876,
    -4677.7142250222141
  ],
  "num_iteration": 1000,
  "num_modalities": 4,
  "num_topics": 7,
  "total_liklihood": -33295.030648731772
}
