{
  "modality_liklihoods": [
    -15023.378591141442,
    -13233.836049512192,
    -947.22661653119087,
    -4667.7758636341496
  ],
  "num_iteration": 1000,
  "num_modalities": 4,
  "num_topics": 7,
  "total_liklihood": -33872.217120818976
}
