{
  "modality_liklihoods": [
    -13344.040425205561,
    -13271.561708700046,
    -942.4079673905178,
    -4615.5201381282795
  ],
  "num_iteration": 1000,
  "num_modalities": 4,
  "num_topics": 7,
  "total_liklihood": -32173.530239424406
}
