{
  "modality_liklihoods": [
    -13047.02840019585,
    -13288.853942629721,
    -938.48629573948301,
    -4625.528714800419
  ],
  "num_iteration": 1000,
  "num_modalities": 4,
  "num_topics": 7,
  "total_liklihood": -31899.897353365472
}
