{
  "modality_liklihoods": [
    -14613.367713423328,
    -13271.779456307568,
    -937.72206672703885,
    -4674.9292323870941
  ],
  "num_iteration": 1000,
  "num_modalities": 4,
  "num_topics": 7,
  "total_liklihood": -33497.798468845023
}
