{
  "modality_liklihoods": [
    -13959.496034778955,
    -13237.401219707592,
    -941.06991436965984,
    -4706.4478064609784
  ],
  "num_iteration": 1000,
  "num_modalities": 4,
  "num_topics": 7,
  "total_liklihood": -32844.414975317181
}
