{
  "modality_liklihoods": [
    -13963.292517625237,
    -13278.590012330202,
    -946.92282910781921,
    -4633.7484115168518
  ],
  "num_iteration": 1000,
  "num_modalities": 4,
  "num_topics": 7,
  "total_liklihood": -32822.553770580111
}
