{
  "modality_liklihoods": [
    -14069.428804536057,
    -13251.086823503258,
    -933.29276694499208,
    -4627.7190478020648
  ],
  "num_iteration": 1000,
  "num_modalities": 4,
  "num_topics": 7,
  "total_liklihood": -32881.52744278637
}
