{
  "modality_liklihoods": [
    -14314.803424100061,
    -13230.835524371761,
    -938.43628514896466,
    -4679.120580600118
  ],
  "num_iteration": 1000,
  "num_modalities": 4,
  "num_topics": 7,
  "total_liklihood": -33163.195814220904
}
