{
  "modality_liklihoods": [
    -14333.681938999751,
    -13313.234347888791,
    -936.88788652120616,
    -4565.1622301645639
  ],
  "num_iteration": 1000,
  "num_modalities": 4,
  "num_topics": 7,
  "total_liklihood": -33148.966403574312
}
