{
  "modality_liklihoods": [
    -13733.191167343044,
    -13232.412030851419,
    -940.00792400349076,
    -4624.299755626449
  ],
  "num_iteration": 1000,
  "num_modalities": 4,
  "num_topics": 7,
  "total_liklihood": -32529.910877824401
}
