{
  "modality_liklihoods": [
    -13915.632033376853,
    -13255.495611508995,
    -939.89267218617397,
    -4639.0113702081626
  ],
  "num_iteration": 1000,
  "num_modalities": 4,
  "num_topics": 7,
  "total_liklihood": -32750.031687280185
}
