{
  "modality_liklihoods": [
    -14489.542658070317,
    -13215.020617072314,
    -940.21055696775943,
    -4721.3976877317136
  ],
  "num_iteration": 1000,
  "num_modalities": 4,
  "num_topics": 7,
  "total_liklihood": -33366.171519842101
}
