{
  "modality_liklihoods": [
    -12742.788697028602,
    -13332.410648150706,
    -939.40048350584937,
    -4650.1030236269908
  ],
  "num_iteration": 1000,
  "num_modalities": 4,
  "num_topics": 7,
  "total_liklihood": -31664.702852312148
}
