{
  "modality_liklihoods": [
    -13421.935198619276,
    -13244.164753701059,
    -954.18941909193325,
    -4621.7490036820354
  ],
  "num_iteration": 1000,
  "num_modalities": 4,
  "num_topics": 7,
  "total_liklihood": -32242.038375094304
}
