{
  "modality_liklihoods": [
    -13737.294291408425,
    -13257.466908867771,
    -946.150468887785,
    -4586.5529102294013
  ],
  "num_iteration": 1000,
  "num_modalities": 4,
  "num_topics": 7,
  "total_liklihood": -32527.464579393385
}
