{
  "modality_liklihoods": [
    -13740.19034011732,
    -13270.585531319684,
    -939.93156186313058,
    -4646.7656044997048
  ],
  "num_iteration": 1000,
  "num_modalities": 4,
  "num_topics": 7,
  "total_liklihood": -32597.473037799842
}
