{
  "modality_liklihoods": [
    -13975.615034972374,
    -13260.649497072305,
    -943.46883298005241,
    -4656.7851121795211
  ],
  "num_iteration": 1000,
  "num_modalities": 4,
  "num_topics": 7,
  "total_liklihood": -32836.518477204256
}
