{
  "modality_liklihoods": [
    -12922.861438821774,
    -13234.529709100119,
    -939.32161225980133,
    -4649.5392724554322
  ],
  "num_iteration": 1000,
  "num_modalities": 4,
  "num_topics": 7,
  "total_liklihood": -31746.25203263713
}
