{
  "modality_liklihoods": [
    -13903.066587020114,
    -13265.718222270478,
    -949.74048992766586,
    -4780.1210901494487
  ],
  "num_iteration": 1000,
  "num_modalities": 4,
  "num_topics": 7,
  "total_liklihood": -32898.646389367706
}
