{
  "modality_liklihoods": [
    -13247.961815396447,
    -13280.889939153438,
    -942.59976256689038,
    -4688.5933725427985
  ],
  "num_iteration": 1000,
  "num_modalities": 4,
  "num_topics": 7,
  "total_liklihood": -32160.04488965957
}
