{
  "modality_liklihoods": [
    -13316.372303574351,
    -13304.933038609212,
    -939.77911510162789,
    -4693.9395116507321
  ],
  "num_iteration": 1000,
  "num_modalities": 4,
  "num_topics": 7,
  "total_liklihood": -32255.023968935926
}
