{
  "modality_liklihoods": [
    -14042.978704973995,
    -13233.206972965192,
    -944.8499949095916,
    -4716.561697101899
  ],
  "num_iteration": 1000,
  "num_modalities": 4,
  "num_topics": 7,
  "total_liklihood": -32937.597369950679
}
