{
  "modality_liklihoods": [
    -14115.569837498297,
    -13296.050708507708,
    -939.11651291638532,
    -4650.0318427405255
  ],
  "num_iteration": 1000,
  "num_modalities": 4,
  "num_topics": 7,
  "total_liklihood": -33000.768901662916
}
