{
  "modality_liklihoods": [
    -13838.004553417622,
    -13313.138664019561,
    -941.44648595731041,
    -4620.1584119489698
  ],
  "num_iteration": 1000,
  "num_modalities": 4,
  "num_topics": 7,
  "total_liklihood": -32712.748115343464
}
