{
  "modality_liklihoods": [
    -14096.319890189281,
    -13304.940658621255,
    -934.92637388607579,
    -4673.3028078053394
  ],
  "num_iteration": 1000,
  "num_modalities": 4,
  "num_topics": 7,
  "total_liklihood": -33009.489730501955
}
