{
  "modality_liklihoods": [
    -13772.291441008081,
    -13215.888233772166,
    -944.56869207148566,
    -4665.1766241048281
  ],
  "num_iteration": 1000,
  "num_modalities": 4,
  "num_topics": 7,
  "total_liklihood": -32597.924990956562
}
