{
  "modality_liklihoods": [
    -13504.902335170716,
    -13259.66817317443,
    -948.11473727941416,
    -4639.2255140012212
  ],
  "num_iteration": 1000,
  "num_modalities": 4,
  "num_topics": 7,
  "total_liklihood": -32351.910759625782
}
