{
  "modality_liklihoods": [
    -13322.779622784041,
    -13230.908950038573,
    -947.90440575203763,
    -4626.7089044617887
  ],
  "num_iteration": 1000,
  "num_modalities": 4,
  "num_topics": 7,
  "total_liklihood": -32128.301883036438
}
