{
  "modality_liklihoods": [
    -13570.537204183918,
    -13257.231545363224,
    -950.09737907590056,
    -4658.3495658273951
  ],
  "num_iteration": 1000,
  "num_modalities": 4,
  "num_topics": 7,
  "total_liklihood": -32436.215694450439
}
