{
  "modality_liklihoods": [
    -13636.953748308051,
    -13282.730120470205,
    -937.86857803506166,
    -4611.3883002707371
  ],
  "num_iteration": 1000,
  "num_modalities": 4,
  "num_topics": 7,
  "total_liklihood": -32468.940747084056
}
