{
  "modality_liklihoods": [
    -14561.250782369822,
    -13212.388154505896,
    -944.12781492687463,
    -4709.790872385398
  ],
  "num_iteration": 1000,
  "num_modalities": 4,
  "num_topics": 7,
  "total_liklihood": -33427.55762418799
}
