{
  "modality_liklihoods": [
    -13331.106563274197,
    -13304.490343583911,
    -939.34849741551079,
    -4598.4065813096058
  ],
  "num_iteration": 1000,
  "num_modalities": 4,
  "num_topics": 7,
  "total_liklihood": -32173.351985583227
}
