{
  "modality_liklihoods": [
    -14499.974929079364,
    -13262.309622213144,
    -939.63676242230838,
    -4675.2936400857789
  ],
  "num_iteration": 1000,
  "num_modalities": 4,
  "num_topics": 7,
  "total_liklihood": -33377.214953800598
}
