{
  "modality_liklihoods": [
    -12829.192237276569,
    -13229.48906738876,
    -940.3951686051123,
    -4637.0340808644669
  ],
  "num_iteration": 1000,
  "num_modalities": 4,
  "num_topics": 7,
  "total_liklihood": -31636.11055413491
}
