{
  "modality_liklihoods": [
    -13969.997669860273,
    -13258.559722730515,
    -942.07914078718045,
    -4641.9554649842603
  ],
  "num_iteration": 1000,
  "num_modalities": 4,
  "num_topics": 7,
  "total_liklihood": -32812.59199836223
}
