{
  "modality_liklihoods": [
    -13973.093112130095,
    -13275.494250659427,
    -934.84112261176904,
    -4681.6655068468617
  ],
  "num_iteration": 1000,
  "num_modalities": 4,
  "num_topics": 7,
  "total_liklihood": -32865.093992248148
}
