{
  "modality_liklihoods": [
    -12789.168169623581,
    -13243.852314631009,
    -934.58404662714599,
    -4638.5826776717449
  ],
  "num_iteration": 1000,
  "num_modalities": 4,
  "num_topics": 7,
  "total_liklihood": -31606.187208553481
}
