{
  "modality_liklihoods": [
    -13773.731021661601,
    -13280.493701438247,
    -937.72428256822582,
    -4701.7152607747057
  ],
  "num_iteration": 1000,
  "num_modalities": 4,
  "num_topics": 7,
  "total_liklihood": -32693.664266442778
}
