{
  "modality_liklihoods": [
    -13542.897271352744,
    -13238.524810913243,
    -943.97973488345667,
    -4674.5863996134449
  ],
  "num_iteration": 1000,
  "num_modalities": 4,
  "num_topics": 7,
  "total_liklihood": -32399.988216762889
}
