{
  "modality_liklihoods": [
    -13995.419629256205,
    -13233.095193972733,
    -941.70120001214684,
    -4669.6378297101401
  ],
  "num_iteration": 1000,
  "num_modalities": 4,
  "num_topics": 7,
  "total_liklihood": -32839.853852951223
}
