{
  "modality_liklihoods": [
    -13647.444567120792,
    -13276.255486652011,
    -936.62565002625831,
    -4609.6586681141462
  ],
  "num_iteration": 1000,
  "num_modalities": 4,
  "num_topics": 7,
  "total_liklihood": -32469.984371913204
}
