{
  "modality_liklihoods": [
    -14338.807878818438,
    -13243.618138697833,
    -944.25649406246691,
    -4650.1579975087579
  ],
  "num_iteration": 1000,
  "num_modalities": 4,
  "num_topics": 7,
  "total_liklihood": -33176.840509087495
}
