{
  "modality_liklihoods": [
    -13763.08856316767,
    -13258.258070343143,
    -935.70813826273798,
    -4593.0959469917934
  ],
  "num_iteration": 1000,
  "num_modalities": 4,
  "num_topics": 7,
  "total_liklihood": -32550.150718765344
}
