{
  "modality_liklihoods": [
    -14127.542947325115,
    -13251.793554745655,
    -948.23354588815971,
    -4652.7209418073344
  ],
  "num_iteration": 1000,
  "num_modalities": 4,
  "num_topics": 7,
  "total_liklihood": -32980.290989766268
}
