{
  "modality_liklihoods": [
    -13824.461219940249,
    -13250.686252836749,
    -941.30685559343135,
    -4630.1421631860176
  ],
  "num_iteration": 1000,
  "num_modalities": 4,
  "num_topics": 7,
  "total_liklihood": -32646.596491556444
}
