{
  "modality_liklihoods": [
    -14503.76807442984,
    -13197.082050420369,
    -943.51655174128121,
    -4710.1079809446992
  ],
  "num_iteration": 1000,
  "num_modalities": 4,
  "num_topics": 7,
  "total_liklihood": -33354.474657536186
}
