{
  "modality_liklihoods": [
    -13014.198902252911,
    -13234.679038432892,
    -943.11447152124538,
    -4623.0181704665365
  ],
  "num_iteration": 1000,
  "num_modalities": 4,
  "num_topics": 7,
  "total_liklihood": -31815.010582673585
}
