{
  "modality_liklihoods": [
    -13806.366145803722,
    -13329.613416374508,
    -938.59464136940812,
    -4630.9024456715388
  ],
  "num_iteration": 1000,
  "num_modalities": 4,
  "num_topics": 7,
  "total_liklihood": -32705.476649219177
}
