{
  "modality_liklihoods": [
    -14052.166970409551,
    -13262.891404158892,
    -941.29913578273033,
    -4615.2072584605894
  ],
  "num_iteration": 1000,
  "num_modalities": 4,
  "num_topics": 7,
  "total_liklihood": -32871.564768811761
}
