{
  "modality_liklihoods": [
    -13988.03091414033,
    -13235.320295531441,
    -940.27682543324875,
    -4649.1867550483812
  ],
  "num_iteration": 1000,
  "num_modalities": 4,
  "num_topics": 7,
  "total_liklihood": -32812.814790153403
}
