{
  "modality_liklihoods": [
    -13446.669267854182,
    -13307.245641876345,
    -941.81998471874067,
    -4653.7031579859013
  ],
  "num_iteration": 1000,
  "num_modalities": 4,
  "num_topics": 7,
  "total_liklihood": -32349.438052435173
}
