{
  "modality_liklihoods": [
    -14292.849846987161,
    -13242.138960043108,
    -932.88700443414837,
    -4637.1356732624708
  ],
  "num_iteration": 1000,
  "num_modalities": 4,
  "num_topics": 7,
  "total_liklihood": -33105.011484726892
}
