{
  "modality_liklihoods": [
    -14707.080559808517,
    -13257.209462227594,
    -938.09582666264373,
    -4674.0251083297135
  ],
  "num_iteration": 1000,
  "num_modalities": 4,
  "num_topics": 7,
  "total_liklihood": -33576.410957028471
}
