{
  "modality_liklihoods": [
    -14671.47088561807,
    -13205.094693008939,
    -937.1385683548782,
    -4686.5283094919041
  ],
  "num_iteration": 1000,
  "num_modalities": 4,
  "num_topics": 7,
  "total_liklihood": -33500.232456473794
}
