{
  "modality_liklihoods": [
    -12380.530172749563,
    -13223.423364414004,
    -941.30904265324693,
    -4658.2801111697936
  ],
  "num_iteration": 1000,
  "num_modalities": 4,
  "num_topics": 7,
  "total_liklihood": -31203.542690986607
}
