{
  "modality_liklihoods": [
    -14013.92059491184,
    -13285.278923902802,
    -934.0611152439169,
    -4666.0542919204172
  ],
  "num_iteration": 1000,
  "num_modalities": 4,
  "num_topics": 7,
  "total_liklihood": -32899.314925978979
}
