{
  "modality_liklihoods": [
    -14037.219843988931,
    -13206.158518623426,
    -937.10420057599049,
    -4696.8271791082625
  ],
  "num_iteration": 1000,
  "num_modalities": 4,
  "num_topics": 7,
  "total_liklihood": -32877.309742296609
}
