{
  "modality_liklihoods": [
    -14574.492603525201,
    -13283.333183666515,
    -939.91133355235979,
    -4632.2054350493227
  ],
  "num_iteration": 1000,
  "num_modalities": 4,
  "num_topics": 7,
  "total_liklihood": -33429.942555793394
}
