{
  "modality_liklihoods": [
    -13505.557739602975,
    -13294.702708463281,
    -936.35967366457169,
    -4612.8175987833056
  ],
  "num_iteration": 1000,
  "num_modalities": 4,
  "num_topics": 7,
  "total_liklihood": -32349.437720514132
}
