{
  "modality_liklihoods": [
    -12845.290055653306,
    -13231.955869699505,
    -938.38436495607016,
    -4662.7151446049384
  ],
  "num_iteration": 1000,
  "num_modalities": 4,
  "num_topics": 7,
  "total_liklihood": -31678.345434913819
}
