{
  "modality_liklihoods": [
    -14962.687180233999,
    -13244.160667996473,
    -940.43249288250365,
    -4629.3892306695225
  ],
  "num_iteration": 1000,
  "num_modalities": 4,
  "num_topics": 7,
  "total_liklihood": -33776.669571782499
}
