{
  "modality_liklihoods": [
    -14334.104330236763,
    -13265.6255161594,
    -937.5219145718653,
    -4653.6424784089186
  ],
  "num_iteration": 1000,
  "num_modalities": 4,
  "num_topics": 7,
  "total_liklihood": -33190.894239376947
}
