{
  "modality_liklihoods": [
    -13740.018036719655,
    -13279.52667457182,
    -936.46854640294339,
    -4656.8903740828446
  ],
  "num_iteration": 1000,
  "num_modalities": 4,
  "num_topics": 7,
  "total_liklihood": -32612.903631777262
}
