{
  "modality_liklihoods": [
    -13335.978756583494,
    -13242.980265904993,
    -945.85834653935001,
    -4626.9457897229868
  ],
  "num_iteration": 1000,
  "num_modalities": 4,
  "num_topics": 7,
  "total_liklihood": -32151.763158750826
}
