{
  "modality_liklihoods": [
    -13996.877659104852,
    -13278.801098992337,
    -940.71938442102783,
    -4653.1546222535089
  ],
  "num_iteration": 1000,
  "num_modalities": 4,
  "num_topics": 7,
  "total_liklihood": -32869.552764771724
}
