{
  "modality_liklihoods": [
    -15127.758587684231,
    -13220.509780598799,
    -940.62272451138222,
    -4606.3932191370413
  ],
  "num_iteration": 1000,
  "num_modalities": 4,
  "num_topics": 7,
  "total_liklihood": -33895.284311931457
}
