{
  "modality_liklihoods": [
    -14061.548178223167,
    -13289.714563812044,
    -943.52635404697332,
    -4639.9508648197861
  ],
  "num_iteration": 1000,
  "num_modalities": 4,
  "num_topics": 7,
  "total_liklihood": -32934.73996090197
}
