{
  "modality_liklihoods": [
    -14065.908663196782,
    -13273.522898736759,
    -940.95219004604485,
    -4650.3320238369852
  ],
  "num_iteration": 1000,
  "num_modalities": 4,
  "num_topics": 7,
  "total_liklihood": -32930.71577581657
}
