{
  "modality_liklihoods": [
    -13435.811484317737,
    -13282.360415121819,
    -943.72511022401943,
    -4683.0154017398163
  ],
  "num_iteration": 1000,
  "num_modalities": 4,
  "num_topics": 7,
  "total_liklihood": -32344.912411403391
}
