{
  "modality_liklihoods": [
    -13678.894091763841,
    -13299.495967636602,
    -940.14451935485795,
    -4622.8113270942176
  ],
  "num_iteration": 1000,
  "num_modalities": 4,
  "num_topics": 7,
  "total_liklihood": -32541.345905849521
}
