{
  "modality_liklihoods": [
    -14545.033226182728,
    -13253.291852671971,
    -944.52918537544042,
    -4657.168017524833
  ],
  "num_iteration": 1000,
  "num_modalities": 4,
  "num_topics": 7,
  "total_liklihood": -33400.022281754973
}
