{
  "modality_liklihoods": [
    -13781.728977878882,
    -13300.027200389106,
    -937.54161349184312,
    -4612.0493427739966
  ],
  "num_iteration": 1000,
  "num_modalities": 4,
  "num_topics": 7,
  "total_liklihood": -32631.347134533826
}
