{
  "modality_liklihoods": [
    -12963.642267452604,
    -13217.425387274277,
    -945.07796200246605,
    -4632.0551807501151
  ],
  "num_iteration": 1000,
  "num_modalities": 4,
  "num_topics": 7,
  "total_liklihood": -31758.200797479461
}
