{
  "modality_liklihoods": [
    -13045.689820180049,
    -13258.528385226095,
    -943.45173995787945,
    -4622.2582543081162
  ],
  "num_iteration": 1000,
  "num_modalities": 4,
  "num_topics": 7,
  "total_liklihood": -31869.928199672137
}
