{
  "modality_liklihoods": [
    -13814.515844263018,
    -13280.897007101643,
    -939.55790809314271,
    -4677.3120314751795
  ],
  "num_iteration": 1000,
  "num_modalities": 4,
  "num_topics": 7,
  "total_liklihood": -32712.282790932983
}
