{
  "modality_liklihoods": [
    -14426.547264808316,
    -13299.560790342381,
    -935.48053280294573,
    -4623.8468196425965
  ],
  "num_iteration": 1000,
  "num_modalities": 4,
  "num_topics": 7,
  "total_liklihood": -33285.43540759624
}
