{
  "modality_liklihoods": [
    -13801.248273735078,
    -13256.708411418667,
    -936.98137820635577,
    -4593.2773055026964
  ],
  "num_iteration": 1000,
  "num_modalities": 4,
  "num_topics": 7,
  "total_liklihood": -32588.215368862799
}
