{
  "modality_liklihoods": [
    -13967.397859192115,
    -13222.820942682118,
    -936.88822703258052,
    -4640.0097573870589
  ],
  "num_iteration": 1000,
  "num_modalities": 4,
  "num_topics": 7,
  "total_liklihood": -32767.116786293871
}
