{
  "modality_liklihoods": [
    -14502.581604378964,
    -13332.084888623616,
    -944.93419016905887,
    -4663.1374104083798
  ],
  "num_iteration": 1000,
  "num_modalities": 4,
  "num_topics": 7,
  "total_liklihood": -33442.738093580017
}
