{
  "modality_liklihoods": [
    -13821.584362628553,
    -13224.809480231277,
    -941.70497291798119,
    -4659.5775249794688
  ],
  "num_iteration": 1000,
  "num_modalities": 4,
  "num_topics": 7,
  "total_liklihood": -32647.67634075728
}
