{
  "modality_liklihoods": [
    -13896.879127079115,
    -13282.996409384719,
    -942.20453095209484,
    -4621.3651636215009
  ],
  "num_iteration": 1000,
  "num_modalities": 4,
  "num_topics": 7,
  "total_liklihood": -32743.445231037429
}
