{
  "modality_liklihoods": [
    -13975.471664771696,
    -13226.217608676488,
    -938.3259865575352,
    -4723.0098658233383
  ],
  "num_iteration": 1000,
  "num_modalities": 4,
  "num_topics": 7,
  "total_liklihood": -32863.025125829059
}
