{
  "modality_liklihoods": [
    -13310.041159820188,
    -13258.469275483694,
    -942.9556776637595,
    -4607.3304335837929
  ],
  "num_iteration": 1000,
  "num_modalities": 4,
  "num_topics": 7,
  "total_liklihood": -32118.796546551435
}
