{
  "modality_liklihoods": [
    -13518.64619131142,
    -13207.394850051269,
    -940.44029405855542,
    -4654.3735277826754
  ],
  "num_iteration": 1000,
  "num_modalities": 4,
  "num_topics": 7,
  "total_liklihood": -32320.85486320392
}
