{
  "modality_liklihoods": [
    -14095.3258452844,
    -13266.187610780116,
    -937.9758081898317,
    -4658.9060849374564
  ],
  "num_iteration": 1000,
  "num_modalities": 4,
  "num_topics": 7,
  "total_liklihood": -32958.395349191807
}
