{
  "modality_liklihoods": [
    -12478.180043605249,
    -13255.526265861345,
    -946.34876952251204,
    -4610.4032390716766
  ],
  "num_iteration": 1000,
  "num_modalities": 4,
  "num_topics": 7,
  "total_liklihood": -31290.458318060781
}
