{
  "modality_liklihoods": [
    -14681.624352180072,
    -13200.073817645212,
    -943.99541987581097,
    -4661.7879366335756
  ],
  "num_iteration": 1000,
  "num_modalities": 4,
  "num_topics": 7,
  "total_liklihood": -33487.481526334668
}
