{
  "modality_liklihoods": [
    -14208.47364959376,
    -13252.774436982105,
    -940.14226404235296,
    -4635.9516177926289
  ],
  "num_iteration": 1000,
  "num_modalities": 4,
  "num_topics": 7,
  "total_liklihood": -33037.341968410845
}
