{
  "modality_liklihoods": [
    -13880.542188953501,
    -13310.142236871283,
    -937.82261892442671,
    -4635.3340368185673
  ],
  "num_iteration": 1000,
  "num_modalities": 4,
  "num_topics": 7,
  "total_liklihood": -32763.841081567778
}
