{
  "modality_liklihoods": [
    -14387.582590368705,
    -13199.871760378253,
    -938.96869795761791,
    -4692.0020924901255
  ],
  "num_iteration": 1000,
  "num_modalities": 4,
  "num_topics": 7,
  "total_liklihood": -33218.425141194704
}
