{
  "modality_liklihoods": [
    -13280.85451475282,
    -13281.11540643584,
    -932.13761750037463,
    -4656.1463015264553
  ],
  "num_iteration": 1000,
  "num_modalities": 4,
  "num_topics": 7,
  "total_liklihood": -32150.253840215493
}
