{
  "modality_liklihoods": [
    -13633.624945290896,
    -13281.599170422425,
    -942.99366172495706,
    -4683.5579975580149
  ],
  "num_iteration": 1000,
  "num_modalities": 4,
  "num_topics": 7,
  "total_liklihood": -32541.775774996295
}
