{
  "modality_liklihoods": [
    -13543.562852699966,
    -13293.117313906974,
    -939.31234042482379,
    -4629.8606685628138
  ],
  "num_iteration": 1000,
  "num_modalities": 4,
  "num_topics": 7,
  "total_liklihood": -32405.853175594581
}
