{
  "modality_liklihoods": [
    -13654.872941902631,
    -13266.29214999382,
    -937.77919571269319,
    -4624.0808560359101
  ],
  "num_iteration": 1000,
  "num_modalities": 4,
  "num_topics": 7,
  "total_liklihood": -32483.025143645056
}
