{
  "modality_liklihoods": [
    -13954.855914774269,
    -13240.464090756052,
    -942.97715762631526,
    -4680.5315287888016
  ],
  "num_iteration": 1000,
  "num_modalities": 4,
  "num_topics": 7,
  "total_liklihood": -32818.82869194544
}
