{
  "modality_liklihoods": [
    -14008.197829090159,
    -13276.844576003759,
    -946.04538438224017,
    -4689.0559144317713
  ],
  "num_iteration": 1000,
  "num_modalities": 4,
  "num_topics": 7,
  "total_liklihood": -32920.143703907932
}
