{
  "modality_liklihoods": [
    -14165.87016405597,
    -13271.360395885422,
    -932.69024037655777,
    -4644.5649259525171
  ],
  "num_iteration": 1000,
  "num_modalities": 4,
  "num_topics": 7,
  "total_liklihood": -33014.485726270468
}
