{
  "modality_liklihoods": [
    -13989.719692705241,
    -13256.542892636522,
    -943.31009487849519,
    -4637.2331800604752
  ],
  "num_iteration": 1000,
  "num_modalities": 4,
  "num_topics": 7,
  "total_liklihood": -32826.805860280736
}
