{
  "modality_liklihoods": [
    -13610.775237100561,
    -13280.906029757964,
    -948.73685499858891,
    -4589.868166928949
  ],
  "num_iteration": 1000,
  "num_modalities": 4,
  "num_topics": 7,
  "total_liklihood": -32430.286288786061
}
