{
  "modality_liklihoods": [
    -13786.940017784153,
    -13320.632488806987,
    -936.68052711993596,
    -4641.2784673027809
  ],
  "num_iteration": 1000,
  "num_modalities": 4,
  "num_topics": 7,
  "total_liklihood": -32685.531501013858
}
