{
  "modality_liklihoods": [
    -13658.766922622419,
    -13203.311385748206,
    -934.44866329893534,
    -4663.6362248234127
  ],
  "num_iteration": 1000,
  "num_modalities": 4,
  "num_topics": 7,
  "total_liklihood": -32460.163196492977
}
