{
  "modality_liklihoods": [
    -14239.669913577662,
    -13218.607116827356,
    -939.64064220046521,
    -4608.4857569116439
  ],
  "num_iteration": 1000,
  "num_modalities": 4,
  "num_topics": 7,
  "total_liklihood": -33006.40342951713
}
