{
  "modality_liklihoods": [
    -13601.446678944472,
    -13245.955337087722,
    -945.0159233539174,
    -4630.9857132601819
  ],
  "num_iteration": 1000,
  "num_modalities": 4,
  "num_topics": 7,
  "total_liklihood": -32423.403652646295
}
