{
  "modality_liklihoods": [
    -14002.636571203449,
    -13289.261433750227,
    -943.47357986632153,
    -4600.6119281809142
  ],
  "num_iteration": 1000,
  "num_modalities": 4,
  "num_topics": 7,
  "total_liklihood": -32835.983513000909
}
