{
  "modality_liklihoods": [
    -13676.324660819066,
    -13239.997248202593,
    -935.93746536360084,
    -4678.1301837520232
  ],
  "num_iteration": 1000,
  "num_modalities": 4,
  "num_topics": 7,
  "total_liklihood": -32530.389558137282
}
