{
  "modality_liklihoods": [
    -13637.310759741982,
    -13219.816433957394,
    -940.57558127916855,
    -4652.0606451598069
  ],
  "num_iteration": 1000,
  "num_modalities": 4,
  "num_topics": 7,
  "total_liklihood": -32449.763420138352
}
