{
  "modality_liklihoods": [
    -14234.59357502356,
    -13253.193040085396,
    -934.11554664451012,
    -4600.7979088070442
  ],
  "num_iteration": 1000,
  "num_modalities": 4,
  "num_topics": 7,
  "total_liklihood": -33022.70007056051
}
