{
  "modality_liklihoods": [
    -13977.957496688778,
    -13295.069392106478,
    -944.36217741654229,
    -4642.8657139218221
  ],
  "num_iteration": 1000,
  "num_modalities": 4,
  "num_topics": 7,
  "total_liklihood": -32860.254780133619
}
