{
  "modality_liklihoods": [
    -14355.721977698118,
    -13278.394510752258,
    -942.77226622487535,
    -4594.5118133472834
  ],
  "num_iteration": 1000,
  "num_modalities": 4,
  "num_topics": 7,
  "total_liklihood": -33171.400568022531
}
