{
  "modality_liklihoods": [
    -13991.461148816987,
    -13234.807810620221,
    -942.28702275850912,
    -4671.1761338861006
  ],
  "num_iteration": 1000,
  "num_modalities": 4,
  "num_topics": 7,
  "total_liklihood": -32839.732116081817
}
