{
  "modality_liklihoods": [
    -13733.859863654628,
    -13263.43574550913,
    -941.82591879934785,
    -4621.978371055282
  ],
  "num_iteration": 1000,
  "num_modalities": 4,
  "num_topics": 7,
  "total_liklihood": -32561.099899018387
}
