{
  "modality_liklihoods": [
    -14205.821283491254,
    -13298.1566914176,
    -936.08361571217358,
    -4651.5670139987051
  ],
  "num_iteration": 1000,
  "num_modalities": 4,
  "num_topics": 7,
  "total_liklihood": -33091.628604619735
}
