{
  "modality_liklihoods": [
    -13776.940408719738,
    -13281.40319558886,
    -940.04453041613692,
    -4677.6820147714125
  ],
  "num_iteration": 1000,
  "num_modalities": 4,
  "num_topics": 7,
  "total_liklihood": -32676.070149496147
}
