{
  "modality_liklihoods": [
    -14955.662187979031,
    -13218.906094810029,
    -941.90986938530693,
    -4626.396943572694
  ],
  "num_iteration": 1000,
  "num_modalities": 4,
  "num_topics": 7,
  "total_liklihood": -33742.875095747062
}
