{
  "modality_liklihoods": [
    -13338.564042215112,
    -13262.821360572898,
    -940.9166661501348,
    -4629.2113519830827
  ],
  "num_iteration": 1000,
  "num_modalities": 4,
  "num_topics": 7,
  "total_liklihood": -32171.513420921223
}
