{
  "modality_liklihoods": [
    -14345.567443643689,
    -13219.63976947813,
    -945.84053597155253,
    -4739.7504307335821
  ],
  "num_iteration": 1000,
  "num_modalities": 4,
  "num_topics": 7,
  "total_liklihood": -33250.798179826954
}
