{
  "modality_liklihoods": [
    -14611.729821315204,
    -13282.192006228915,
    -934.4523055092983,
    -4690.2771131723266
  ],
  "num_iteration": 1000,
  "num_modalities": 4,
  "num_topics": 7,
  "total_liklihood": -33518.651246225745
}
