{
  "modality_liklihoods": [
    -13429.96814786305,
    -13262.939491950967,
    -936.97232743513462,
    -4654.3274608164647
  ],
  "num_iteration": 1000,
  "num_modalities": 4,
  "num_topics": 7,
  "total_liklihood": -32284.207428065616
}
