{
  "modality_liklihoods": [
    -14121.654771036321,
    -13272.822171639447,
    -936.46282270622885,
    -4644.8201669041273
  ],
  "num_iteration": 1000,
  "num_modalities": 4,
  "num_topics": 7,
  "total_liklihood": -32975.759932286128
}
