{
  "modality_liklihoods": [
    -13553.574631541169,
    -13254.368362432248,
    -941.51416853108356,
    -4615.3455207050965
  ],
  "num_iteration": 1000,
  "num_modalities": 4,
  "num_topics": 7,
  "total_liklihood": -32364.8026832096
}
