{
  "modality_liklihoods": [
    -13932.173302119543,
    -13262.657920188469,
    -941.59063161579707,
    -4629.8765937200133
  ],
  "num_iteration": 1000,
  "num_modalities": 4,
  "num_topics": 7,
  "total_liklihood": -32766.298447643821
}
