{
  "modality_liklihoods": [
    -13507.535938812192,
    -13327.392923956122,
    -943.33528094922701,
    -4605.9694615513654
  ],
  "num_iteration": 1000,
  "num_modalities": 4,
  "num_topics": 7,
  "total_liklihood": -32384.233605268906
}
