{
  "modality_liklihoods": [
    -13818.830974165485,
    -13254.399193020616,
    -951.80486379379875,
    -4565.5630453061331
  ],
  "num_iteration": 1000,
  "num_modalities": 4,
  "num_topics": 7,
  "total_liklihood": -32590.598076286027
}
