{
  "modality_liklihoods": [
    -14674.649251455174,
    -13252.43920698046,
    -934.07843099621675,
    -4634.141000958497
  ],
  "num_iteration": 1000,
  "num_modalities": 4,
  "num_topics": 7,
  "total_liklihood": -33495.307890390344
}
