{
  "modality_liklihoods": [
    -13483.554535671235,
    -13290.888190986621,
    -940.78460111487743,
    -4627.8345838612213
  ],
  "num_iteration": 1000,
  "num_modalities": 4,
  "num_topics": 7,
  "total_liklihood": -32343.061911633955
}
