{
  "modality_liklihoods": [
    -13992.945863850215,
    -13261.56074744788,
    -944.53459868280311,
    -4654.1729311958388
  ],
  "num_iteration": 1000,
  "num_modalities": 4,
  "num_topics": 7,
  "total_liklihood": -32853.214141176737
}
