{
  "modality_liklihoods": [
    -14113.359923828199,
    -13254.924560474883,
    -938.205662500681,
    -4642.1982803326682
  ],
  "num_iteration": 1000,
  "num_modalities": 4,
  "num_topics": 7,
  "total_liklihood": -32948.688427136432
}
