{
  "modality_liklihoods": [
    -12981.177721628488,
    -13258.959859384489,
    -942.1899311663542,
    -4630.1499032180363
  ],
  "num_iteration": 1000,
  "num_modalities": 4,
  "num_topics": 7,
  "total_liklihood": -31812.477415397367
}
