{
  "modality_liklihoods": [
    -12958.029693482133,
    -13272.943033938831,
    -944.53044073726062,
    -4686.0347190004895
  ],
  "num_iteration": 1000,
  "num_modalities": 4,
  "num_topics": 7,
  "total_liklihood": -31861.537887158716
}
