{
  "modality_liklihoods": [
    -14041.085062386175,
    -13273.705230609359,
    -935.29594911078505,
    -4642.2586813638691
  ],
  "num_iteration": 1000,
  "num_modalities": 4,
  "num_topics": 7,
  "total_liklihood": -32892.344923470191
}
