{
  "modality_liklihoods": [
    -14413.301196629234,
    -13243.771628070615,
    -940.58220132378506,
    -4644.8410349681617
  ],
  "num_iteration": 1000,
  "num_modalities": 4,
  "num_topics": 7,
  "total_liklihood": -33242.496060991791
}
