{
  "modality_liklihoods": [
    -13082.140924420035,
    -13279.74144231951,
    -940.58858631621035,
    -4622.7334661619298
  ],
  "num_iteration": 1000,
  "num_modalities": 4,
  "num_topics": 7,
  "total_liklihood": -31925.204419217684
}
