{
  "modality_liklihoods": [
    -13912.516795686146,
    -13298.299806613235,
    -937.39188652777977,
    -4630.5646111683263
  ],
  "num_iteration": 1000,
  "num_modalities": 4,
  "num_topics": 7,
  "total_liklihood": -32778.773099995487
}
