{
  "modality_liklihoods": [
    -14125.299461962923,
    -13244.704887726988,
    -939.58524381093901,
    -4658.0670115688927
  ],
  "num_iteration": 1000,
  "num_modalities": 4,
  "num_topics": 7,
  "total_liklihood": -32967.656605069744
}
