{
  "modality_liklihoods": [
    -13902.074070077602,
    -13209.186998397719,
    -940.01035401450508,
    -4670.1751698342259
  ],
  "num_iteration": 1000,
  "num_modalities": 4,
  "num_topics": 7,
  "total_liklihood": -32721.446592324057
}
