{
  "modality_liklihoods": [
    -14502.105897274243,
    -13259.560476843515,
    -935.52329072145733,
    -4593.8734347170166
  ],
  "num_iteration": 1000,
  "num_modalities": 4,
  "num_topics": 7,
  "total_liklihood": -33291.063099556231
}
