{
  "modality_liklihoods": [
    -13948.638007932752,
    -13279.571468160631,
    -941.37441885912119,
    -4618.0536509691419
  ],
  "num_iteration": 1000,
  "num_modalities": 4,
  "num_topics": 7,
  "total_liklihood": -32787.637545921651
}
