{
  "modality_liklihoods": [
    -13884.298471221495,
    -13266.850573674417,
    -934.83630015494987,
    -4645.2925471349181
  ],
  "num_iteration": 1000,
  "num_modalities": 4,
  "num_topics": 7,
  "total_liklihood": -32731.277892185783
}
