{
  "modality_liklihoods": [
    -13664.538579959553,
    -13242.671613218643,
    -944.707214475726,
    -4635.1181770052381
  ],
  "num_iteration": 1000,
  "num_modalities": 4,
  "num_topics": 7,
  "total_liklihood": -32487.035584659159
}
