{
  "modality_liklihoods": [
    -14043.602271363372,
    -13245.340139639246,
    -940.74345202661198,
    -4674.6327264598031
  ],
  "num_iteration": 1000,
  "num_modalities": 4,
  "num_topics": 7,
  "total_liklihood": -32904.318589489027
}
