{
  "modality_liklihoods": [
    -14092.346931153268,
    -13189.663959494188,
    -939.29802740209004,
    -4696.1256334188311
  ],
  "num_iteration": 1000,
  "num_modalities": 4,
  "num_topics": 7,
  "total_liklihood": -32917.434551468374
}
