{
  "modality_liklihoods": [
    -12914.215646761813,
    -13282.322112520795,
    -941.98746414603681,
    -4603.7709362764417
  ],
  "num_iteration": 1000,
  "num_modalities": 4,
  "num_topics": 7,
  "total_liklihood": -31742.296159705089
}
