{
  "modality_liklihoods": [
    -13338.812250213641,
    -13285.641830078908,
    -938.56186763881954,
    -4654.3014500954496
  ],
  "num_iteration": 1000,
  "num_modalities": 4,
  "num_topics": 7,
  "total_liklihood": -32217.317398026815
}
