{
  "modality_liklihoods": [
    -13529.689124672104,
    -13315.202892494663,
    -935.72516090818533,
    -4680.5140709898205
  ],
  "num_iteration": 1000,
  "num_modalities": 4,
  "num_topics": 7,
  "total_liklihood": -32461.131249064776
}
