{
  "modality_liklihoods": [
    -13998.699992986998,
    -13281.885580844781,
    -939.27857749062059,
    -4645.2049645810539
  ],
  "num_iteration": 1000,
  "num_modalities": 4,
  "num_topics": 7,
  "total_liklihood": -32865.069115903454
}
