{
  "modality_liklihoods": [
    -14007.467179334895,
    -13292.002788755257,
    -944.88516267237617,
    -4671.1693752391375
  ],
  "num_iteration": 1000,
  "num_modalities": 4,
  "num_topics": 7,
  "total_liklihood": -32915.524506001668
}
