{
  "modality_liklihoods": [
    -14385.624139403973,
    -13290.723287142027,
    -935.17357682127101,
    -4626.1876744816445
  ],
  "num_iteration": 1000,
  "num_modalities": 4,
  "num_topics": 7,
  "total_liklihood": -33237.708677848917
}
