{
  "modality_liklihoods": [
    -13457.04285103967,
    -13242.177414620804,
    -948.40144519622913,
    -4617.3871362153941
  ],
  "num_iteration": 1000,
  "num_modalities": 4,
  "num_topics": 7,
  "total_liklihood": -32265.008847072098
}
