{
  "modality_liklihoods": [
    -13990.763334367932,
    -13264.177830379553,
    -934.4818745107392,
    -4648.8352405957366
  ],
  "num_iteration": 1000,
  "num_modalities": 4,
  "num_topics": 7,
  "total_liklihood": -32838.258279853959
}
