{
  "modality_liklihoods": [
    -14692.769572327832,
    -13231.455872284816,
    -936.21469781070925,
    -4684.7716435433322
  ],
  "num_iteration": 1000,
  "num_modalities": 4,
  "num_topics": 7,
  "total_liklihood": -33545.211785966691
}
