{
  "modality_liklihoods": [
    -14757.857144570575,
    -13202.789095348158,
    -941.69553066563117,
    -4669.0859166056543
  ],
  "num_iteration": 1000,
  "num_modalities": 4,
  "num_topics": 7,
  "total_liklihood": -33571.427687190022
}
