{
  "modality_liklihoods": [
    -14639.939748020186,
    -13214.095525731243,
    -938.33932854908664,
    -4682.4942852705526
  ],
  "num_iteration": 1000,
  "num_modalities": 4,
  "num_topics": 7,
  "total_liklihood": -33474.868887571065
}
