{
  "modality_liklihoods": [
    -13720.693422670773,
    -13252.16121386329,
    -940.57815956136699,
    -4629.5609906367199
  ],
  "num_iteration": 1000,
  "num_modalities": 4,
  "num_topics": 7,
  "total_liklihood": -32542.99378673215
}
