{
  "modality_liklihoods": [
    -14133.420300205766,
    -13228.048406719194,
    -949.45837116288851,
    -4705.5510382865868
  ],
  "num_iteration": 1000,
  "num_modalities": 4,
  "num_topics": 7,
  "total_liklihood": -33016.478116374434
}
