{
  "modality_liklihoods": [
    -13971.762947520787,
    -13246.468336465961,
    -940.59723210261154,
    -4634.5475056415762
  ],
  "num_iteration": 1000,
  "num_modalities": 4,
  "num_topics": 7,
  "total_liklihood": -32793.376021730939
}
