{
  "modality_liklihoods": [
    -13800.210626281169,
    -13299.396198499659,
    -939.36758411366827,
    -4672.9506310898742
  ],
  "num_iteration": 1000,
  "num_modalities": 4,
  "num_topics": 7,
  "total_liklihood": -32711.925039984373
}
