{
  "modality_liklihoods": [
    -14314.835185433833,
    -13244.414898569195,
    -935.96787120810336,
    -4607.2060436968113
  ],
  "num_iteration": 1000,
  "num_modalities": 4,
  "num_topics": 7,
  "total_liklihood": -33102.423998907943
}
