{
  "modality_liklihoods": [
    -14199.884170386371,
    -13215.355246142495,
    -939.86431019479301,
    -4691.6035732141636
  ],
  "num_iteration": 1000,
  "num_modalities": 4,
  "num_topics": 7,
  "total_liklihood": -33046.707299937822
}
