{
  "modality_liklihoods": [
    -13820.08357449446,
    -13257.382313927485,
    -938.05890240076292,
    -4658.1662354229902
  ],
  "num_iteration": 1000,
  "num_modalities": 4,
  "num_topics": 7,
  "total_liklihood": -32673.691026245702
}
