{
  "modality_liklihoods": [
    -13804.546810516482,
    -13284.261948089907,
    -944.33560757858231,
    -4658.1806209738243
  ],
  "num_iteration": 1000,
  "num_modalities": 4,
  "num_topics": 7,
  "total_liklihood": -32691.324987158794
}
