{
  "modality_liklihoods": [
    -14059.272319495207,
    -13295.570731451284,
    -938.64186249583645,
    -4642.1409082356149
  ],
  "num_iteration": 1000,
  "num_modalities": 4,
  "num_topics": 7,
  "total_liklihood": -32935.625821677939
}
