{
  "modality_liklihoods": [
    -15154.215588379466,
    -13224.072310275307,
    -942.02243542659562,
    -4625.4360143582471
  ],
  "num_iteration": 1000,
  "num_modalities": 4,
  "num_topics": 7,
  "total_liklihood": -33945.746348439614
}
