{
  "modality_liklihoods": [
    -14414.558086212221,
    -13267.426514169973,
    -942.3348095480402,
    -4653.6111622794615
  ],
  "num_iteration": 1000,
  "num_modalities": 4,
  "num_topics": 7,
  "total_liklihood": -33277.930572209698
}
