{
  "modality_liklihoods": [
    -14944.7772550142,
    -13217.201000828925,
    -937.57111056318877,
    -4630.9496317633502
  ],
  "num_iteration": 1000,
  "num_modalities": 4,
  "num_topics": 7,
  "total_liklihood": -33730.498998169664
}
