{
  "modality_liklihoods": [
    -12867.762363808424,
    -13266.913710045812,
    -942.2260866338122,
    -4638.5296624176453
  ],
  "num_iteration": 1000,
  "num_modalities": 4,
  "num_topics": 7,
  "total_liklihood": -31715.431822905692
}
