{
  "modality_liklihoods": [
    -14047.358994461429,
    -13271.978024175174,
    -933.78506983946795,
    -4632.9579180539913
  ],
  "num_iteration": 1000,
  "num_modalities": 4,
  "num_topics": 7,
  "total_liklihood": -32886.080006530057
}
