{
  "modality_liklihoods": [
    -14333.549773299357,
    -13202.658880397203,
    -940.63542542986772,
    -4736.6915434359953
  ],
  "num_iteration": 1000,
  "num_modalities": 4,
  "num_topics": 7,
  "total_liklihood": -33213.53562256242
}
