{
  "modality_liklihoods": [
    -13910.412369191195,
    -13222.041817042254,
    -937.38718256547816,
    -4681.7988350374935
  ],
  "num_iteration": 1000,
  "num_modalities": 4,
  "num_topics": 7,
  "total_liklihood": -32751.640203836425
}
