{
  "modality_liklihoods": [
    -14009.491605172358,
    -13280.95671245688,
    -937.9731706665101,
    -4656.2546364827631
  ],
  "num_iteration": 1000,
  "num_modalities": 4,
  "num_topics": 7,
  "total_liklihood": -32884.676124778511
}
