{
  "modality_liklihoods": [
    -14555.002282074935,
    -13200.393681149577,
    -942.67666705865167,
    -4704.8974356622157
  ],
  "num_iteration": 1000,
  "num_modalities": 4,
  "num_topics": 7,
  "total_liklihood": -33402.970065945374
}
