{
  "modality_liklihoods": [
    -13948.268643936928,
    -13262.053436285172,
    -934.16896208438448,
    -4642.9047068235141
  ],
  "num_iteration": 1000,
  "num_modalities": 4,
  "num_topics": 7,
  "total_liklihood": -32787.395749130003
}
