{
  "modality_liklihoods": [
    -14050.125095745216,
    -13243.283475934661,
    -938.57970591763421,
    -4658.4196101030702
  ],
  "num_iteration": 1000,
  "num_modalities": 4,
  "num_topics": 7,
  "total_liklihood": -32890.407887700581
}
