{
  "modality_liklihoods": [
    -14829.791519141556,
    -13239.324747033255,
    -939.61157699338355,
    -4671.1194447373309
  ],
  "num_iteration": 1000,
  "num_modalities": 4,
  "num_topics": 7,
  "total_liklihood": -33679.847287905519
}
