{
  "modality_liklihoods": [
    -14017.317443906255,
    -13234.836299870509,
    -939.29555631712105,
    -4650.6572665976046
  ],
  "num_iteration": 1000,
  "num_modalities": 4,
  "num_topics": 7,
  "total_liklihood": -32842.106566691487
}
