{
  "modality_liklihoods": [
    -13782.669278639163,
    -13221.824808245512,
    -939.10830486778821,
    -4632.2315620670615
  ],
  "num_iteration": 1000,
  "num_modalities": 4,
  "num_topics": 7,
  "total_liklihood": -32575.833953819521
}
