{
  "modality_liklihoods": [
    -14378.896159725155,
    -13279.204912912302,
    -935.93766342382412,
    -4599.4655991369364
  ],
  "num_iteration": 1000,
  "num_modalities": 4,
  "num_topics": 7,
  "total_liklihood": -33193.504335198217
}
