{
  "modality_liklihoods": [
    -14290.06928950263,
    -13340.775639352532,
    -945.67172550704731,
    -4586.2634501480588
  ],
  "num_iteration": 1000,
  "num_modalities": 4,
  "num_topics": 7,
  "total_liklihood": -33162.780104510268
}
