{
  "modality_liklihoods": [
    -13066.305947219707,
    -13267.97734605583,
    -948.08407483059671,
    -4592.3836458327232
  ],
  "num_iteration": 1000,
  "num_modalities": 4,
  "num_topics": 7,
  "total_liklihood": -31874.751013938858
}
