{
  "modality_liklihoods": [
    -13992.336745757522,
    -13242.466427317657,
    -946.90841291318532,
    -4629.5823172038508
  ],
  "num_iteration": 1000,
  "num_modalities": 4,
  "num_topics": 7,
  "total_liklihood": -32811.293903192214
}
