{
  "modality_liklihoods": [
    -12658.846195686749,
    -13294.031816630973,
    -933.40901219788827,
    -4613.0976445472224
  ],
  "num_iteration": 1000,
  "num_modalities": 4,
  "num_topics": 7,
  "total_liklihood": -31499.384669062831
}
