{
  "modality_liklihoods": [
    -14555.05598939403,
    -13211.003738356783,
    -940.79072341027859,
    -4702.2026916597524
  ],
  "num_iteration": 1000,
  "num_modalities": 4,
  "num_topics": 7,
  "total_liklihood": -33409.053142820841
}
