{
  "modality_liklihoods": [
    -13876.951769266117,
    -13286.56343780936,
    -943.92742429098018,
    -4630.7665554606356
  ],
  "num_iteration": 1000,
  "num_modalities": 4,
  "num_topics": 7,
  "total_liklihood": -32738.209186827095
}
