{
  "modality_liklihoods": [
    -13941.589920590854,
    -13271.149909357366,
    -934.22426491467263,
    -4644.8929921053386
  ],
  "num_iteration": 1000,
  "num_modalities": 4,
  "num_topics": 7,
  "total_liklihood": -32791.85708696823
}
