{
  "modality_liklihoods": [
    -13313.557444222846,
    -13219.022536581773,
    -935.62515617439931,
    -4658.4888299706827
  ],
  "num_iteration": 1000,
  "num_modalities": 4,
  "num_topics": 7,
  "total_liklihood": -32126.693966949704
}
