{
  "modality_liklihoods": [
    -14688.999574016598,
    -13223.477405507587,
    -945.18237266736958,
    -4657.7012409844756
  ],
  "num_iteration": 1000,
  "num_modalities": 4,
  "num_topics": 7,
  "total_liklihood": -33515.360593176025
}
