{
  "modality_liklihoods": [
    -14729.253245298958,
    -13231.154553497552,
    -943.33105549778315,
    -4649.4677332791262
  ],
  "num_iteration": 1000,
  "num_modalities": 4,
  "num_topics": 7,
  "total_liklihood": -33553.206587573419
}
