{
  "modality_liklihoods": [
    -14073.922637387001,
    -13250.332702379157,
    -936.66351960922668,
    -4667.2222997686713
  ],
  "num_iteration": 1000,
  "num_modalities": 4,
  "num_topics": 7,
  "total_liklihood": -32928.141159144056
}
