{
  "modality_liklihoods": [
    -14306.769965657362,
    -13215.130673894409,
    -937.6627978099483,
    -4733.8387123207249
  ],
  "num_iteration": 1000,
  "num_modalities": 4,
  "num_topics": 7,
  "total_liklihood": -33193.402149682443
}
