{
  "modality_liklihoods": [
    -14137.878478324988,
    -13284.480682789497,
    -939.87729209789018,
    -4654.9846663960716
  ],
  "num_iteration": 1000,
  "num_modalities": 4,
  "num_topics": 7,
  "total_liklihood": -33017.221119608454
}
