{
  "modality_liklihoods": [
    -13666.990323637687,
    -13232.463613503691,
    -942.87074667763568,
    -4667.9167206460515
  ],
  "num_iteration": 1000,
  "num_modalities": 4,
  "num_topics": 7,
  "total_liklihood": -32510.241404465065
}
