{
  "modality_liklihoods": [
    -13686.793899294853,
    -13226.968828122359,
    -944.31344278259269,
    -4652.9984696179654
  ],
  "num_iteration": 1000,
  "num_modalities": 4,
  "num_topics": 7,
  "total_liklihood": -32511.074639817773
}
