{
  "modality_liklihoods": [
    -14414.856970585952,
    -13225.373922604957,
    -939.22193575328015,
    -4695.138143907473
  ],
  "num_iteration": 1000,
  "num_modalities": 4,
  "num_topics": 7,
  "total_liklihood": -33274.590972851664
}
