{
  "modality_liklihoods": [
    -14774.361811590843,
    -13230.829580654459,
    -939.40544823092387,
    -4695.5156353476832
  ],
  "num_iteration": 1000,
  "num_modalities": 4,
  "num_topics": 7,
  "total_liklihood": -33640.112475823909
}
