{
  "modality_liklihoods": [
    -13496.270642611513,
    -13266.363111384091,
    -942.6977164076734,
    -4633.3390684228561
  ],
  "num_iteration": 1000,
  "num_modalities": 4,
  "num_topics": 7,
  "total_liklihood": -32338.670538826133
}
