{
  "modality_liklihoods": [
    -14682.856964514856,
    -13228.588478791806,
    -937.64359726393855,
    -4670.2154460701058
  ],
  "num_iteration": 1000,
  "num_modalities": 4,
  "num_topics": 7,
  "total_liklihood": -33519.304486640707
}
