{
  "modality_liklihoods": [
    -13473.662328634027,
    -13290.628156615003,
    -934.40912444858986,
    -4617.7353526312208
  ],
  "num_iteration": 1000,
  "num_modalities": 4,
  "num_topics": 7,
  "total_liklihood": -32316.434962328844
}
