{
  "modality_liklihoods": [
    -13769.711278577654,
    -13269.658517929402,
    -938.30455237796832,
    -4631.8891895080869
  ],
  "num_iteration": 1000,
  "num_modalities": 4,
  "num_topics": 7,
  "total_liklihood": -32609.563538393108
}
