{
  "modality_liklihoods": [
    -14389.307279451557,
    -13289.861054408875,
    -932.63671513148972,
    -4641.1142627311465
  ],
  "num_iteration": 1000,
  "num_modalities": 4,
  "num_topics": 7,
  "total_liklihood": -33252.919311723068
}
