{
  "modality_liklihoods": [
    -14344.173038834924,
    -13255.08133626977,
    -943.18437950724467,
    -4605.3650647111117
  ],
  "num_iteration": 1000,
  "num_modalities": 4,
  "num_topics": 7,
  "total_liklihood": -33147.803819323053
}
