{
  "modality_liklihoods": [
    -13969.879613370875,
    -13278.266241834832,
    -936.7551403127228,
    -4627.6572678564917
  ],
  "num_iteration": 1000,
  "num_modalities": 4,
  "num_topics": 7,
  "total_liklihood": -32812.558263374922
}
