{
  "modality_liklihoods": [
    -14297.96260376789,
    -13247.983975115798,
    -937.43167626045363,
    -4652.6295289044065
  ],
  "num_iteration": 1000,
  "num_modalities": 4,
  "num_topics": 7,
  "total_liklihood": -33136.007784048546
}
