{
  "modality_liklihoods": [
    -12576.444567949287,
    -13243.961693623309,
    -940.50400149815459,
    -4676.5139820114682
  ],
  "num_iteration": 1000,
  "num_modalities": 4,
  "num_topics": 7,
  "total_liklihood": -31437.424245082217
}
