{
  "modality_liklihoods": [
    -13424.797455260143,
    -13240.865980941251,
    -937.15382721898141,
    -4660.6438181710619
  ],
  "num_iteration": 1000,
  "num_modalities": 4,
  "num_topics": 7,
  "total_liklihood": -32263.461081591438
}
