{
  "modality_liklihoods": [
    -13952.909653318853,
    -13265.368819025958,
    -937.2906524053227,
    -4630.3291143775286
  ],
  "num_iteration": 1000,
  "num_modalities": 4,
  "num_topics": 7,
  "total_liklihood": -32785.898239127666
}
