{
  "modality_liklihoods": [
    -14054.913257653909,
    -13291.986915560514,
    -934.48223067780248,
    -4643.1100683376499
  ],
  "num_iteration": 1000,
  "num_modalities": 4,
  "num_topics": 7,
  "total_liklihood": -32924.492472229875
}
