{
  "modality_liklihoods": [
    -14004.607825256733,
    -13235.487026221881,
    -935.78853322558018,
    -4624.5485523216348
  ],
  "num_iteration": 1000,
  "num_modalities": 4,
  "num_topics": 7,
  "total_liklihood": -32800.431937025831
}
