{
  "modality_liklihoods": [
    -14155.001546277343,
    -13305.399347383534,
    -942.37584796269323,
    -4674.6821902510055
  ],
  "num_iteration": 1000,
  "num_modalities": 4,
  "num_topics": 7,
  "total_liklihood": -33077.458931874571
}
