{
  "modality_liklihoods": [
    -12850.674010378634,
    -13271.814013511992,
    -943.40923907410547,
    -4619.7965112953698
  ],
  "num_iteration": 1000,
  "num_modalities": 4,
  "num_topics": 7,
  "total_liklihood": -31685.6937742601
}
