{
  "modality_liklihoods": [
    -14065.729912811224,
    -13223.625817302531,
    -943.91706982302219,
    -4654.6543737754455
  ],
  "num_iteration": 1000,
  "num_modalities": 4,
  "num_topics": 7,
  "total_liklihood": -32887.927173712225
}
