{
  "modality_liklihoods": [
    -13905.594386527593,
    -13223.327476741777,
    -938.03127361082045,
    -4634.3249386424523
  ],
  "num_iteration": 1000,
  "num_modalities": 4,
  "num_topics": 7,
  "total_liklihood": -32701.278075522641
}
