{
  "modality_liklihoods": [
    -13449.189668370806,
    -13244.660491588664,
    -939.54582966863745,
    -4643.0314105253647
  ],
  "num_iteration": 1000,
  "num_modalities": 4,
  "num_topics": 7,
  "total_liklihood": -32276.427400153469
}
