{
  "modality_liklihoods": [
    -14207.303655920929,
    -13251.716925846693,
    -944.24603573853972,
    -4622.5586503623736
  ],
  "num_iteration": 1000,
  "num_modalities": 4,
  "num_topics": 7,
  "total_liklihood": -33025.825267868531
}
