{
  "modality_liklihoods": [
    -14234.579936020338,
    -13223.40977828924,
    -940.46255787454345,
    -4620.8968013913855
  ],
  "num_iteration": 1000,
  "num_modalities": 4,
  "num_topics": 7,
  "total_liklihood": -33019.349073575511
}
