{
  "modality_liklihoods": [
    -13967.98827791672,
    -13272.23985833094,
    -943.98881372349138,
    -4643.5227302448675
  ],
  "num_iteration": 1000,
  "num_modalities": 4,
  "num_topics": 7,
  "total_liklihood": -32827.739680216022
}
