{
  "modality_liklihoods": [
    -13416.203090071462,
    -13274.943544213513,
    -940.03393841955653,
    -4621.9960571356205
  ],
  "num_iteration": 1000,
  "num_modalities": 4,
  "num_topics": 7,
  "total_liklihood": -32253.176629840153
}
