{
  "modality_liklihoods": [
    -13517.513403446545,
    -13224.513965132213,
    -946.53452007897465,
    -4643.3380450900631
  ],
  "num_iteration": 1000,
  "num_modalities": 4,
  "num_topics": 7,
  "total_liklihood": -32331.899933747794
}
