{
  "modality_liklihoods": [
    -14230.550065293008,
    -13245.971547375602,
    -940.65491942337405,
    -4685.7577232878566
  ],
  "num_iteration": 1000,
  "num_modalities": 4,
  "num_topics": 7,
  "total_liklihood": -33102.934255379841
}
