{
  "modality_liklihoods": [
    -13942.533306701551,
    -13238.638549082969,
    -944.56175298251526,
    -4675.7298331807779
  ],
  "num_iteration": 1000,
  "num_modalities": 4,
  "num_topics": 7,
  "total_liklihood": -32801.46344194781
}
