{
  "modality_liklihoods": [
    -14170.593083874843,
    -13264.812178910977,
    -936.36885751032048,
    -4652.0230475690842
  ],
  "num_iteration": 1000,
  "num_modalities": 4,
  "num_topics": 7,
  "total_liklihood": -33023.797167865225
}
