{
  "modality_liklihoods": [
    -14622.257109653863,
    -13216.343393329102,
    -940.139349410877,
    -4634.1484083499136
  ],
  "num_iteration": 1000,
  "num_modalities": 4,
  "num_topics": 7,
  "total_liklihood": -33412.888260743755
}
