{
  "modality_liklihoods": [
    -14387.891830218701,
    -13250.484527019622,
    -935.85419045445985,
    -4721.6830638942292
  ],
  "num_iteration": 1000,
  "num_modalities": 4,
  "num_topics": 7,
  "total_liklihood": -33295.913611587013
}
