{
  "modality_liklihoods": [
    -13662.172524838141,
    -13267.134299859175,
    -939.0603226910174,
    -4673.7099293744504
  ],
  "num_iteration": 1000,
  "num_modalities": 4,
  "num_topics": 7,
  "total_liklihood": -32542.077076762784
}
