{
  "modality_liklihoods": [
    -14287.9778631844,
    -13253.587954243023,
    -943.01620507569146,
    -4663.5913901935828
  ],
  "num_iteration": 1000,
  "num_modalities": 4,
  "num_topics": 7,
  "total_liklihood": -33148.173412696699
}
