{
  "modality_liklihoods": [
    -13528.610953940428,
    -13211.933483080778,
    -942.48255279504224,
    -4670.6901132457288
  ],
  "num_iteration": 1000,
  "num_modalities": 4,
  "num_topics": 7,
  "total_liklihood": -32353.717103061976
}
