{
  "modality_liklihoods": [
    -14145.94575324867,
    -13248.97008025797,
    -929.54422482483631,
    -4638.6650648757068
  ],
  "num_iteration": 1000,
  "num_modalities": 4,
  "num_topics": 7,
  "total_liklihood": -32963.125123207181
}
