{
  "modality_liklihoods": [
    -13314.304074049416,
    -13301.09531048198,
    -947.01872348726306,
    -4587.0290014517004
  ],
  "num_iteration": 1000,
  "num_modalities": 4,
  "num_topics": 7,
  "total_liklihood": -32149.447109470362
}
