{
  "modality_liklihoods": [
    -13888.76667946998,
    -13223.619589549542,
    -940.81768522647519,
    -4629.9501736920065
  ],
  "num_iteration": 1000,
  "num_modalities": 4,
  "num_topics": 7,
  "total_liklihood": -32683.154127938007
}
