{
  "modality_liklihoods": [
    -14403.138444875845,
    -13230.460154295855,
    -935.80277413563147,
    -4669.3527746395494
  ],
  "num_iteration": 1000,
  "num_modalities": 4,
  "num_topics": 7,
  "total_liklihood": -33238.754147946885
}
