{
  "modality_liklihoods": [
    -13947.090253149725,
    -13242.938673497529,
    -940.42940188088687,
    -4644.5378716620808
  ],
  "num_iteration": 1000,
  "num_modalities": 4,
  "num_topics": 7,
  "total_liklihood": -32774.996200190224
}
