{
  "modality_liklihoods": [
    -14758.687621538349,
    -13240.737493613286,
    -941.46755158966312,
    -4702.295285897434
  ],
  "num_iteration": 1000,
  "num_modalities": 4,
  "num_topics": 7,
  "total_liklihood": -33643.187952638735
}
