{
  "modality_liklihoods": [
    -13902.377148015164,
    -13278.384895371102,
    -941.85158005417964,
    -4630.8010706362475
  ],
  "num_iteration": 1000,
  "num_modalities": 4,
  "num_topics": 7,
  "total_liklihood": -32753.414694076695
}
