{
  "modality_liklihoods": [
    -14398.843141395415,
    -13268.386364984037,
    -930.77355497933434,
    -4622.481409468478
  ],
  "num_iteration": 1000,
  "num_modalities": 4,
  "num_topics": 7,
  "total_liklihood": -33220.484470827265
}
