{
  "modality_liklihoods": [
    -13959.371396119901,
    -13288.120431215366,
    -935.87783883489885,
    -4669.976690787159
  ],
  "num_iteration": 1000,
  "num_modalities": 4,
  "num_topics": 7,
  "total_liklihood": -32853.346356957321
}
