{
  "modality_liklihoods": [
    -13461.157201458938,
    -13274.667427185088,
    -936.02292521395384,
    -4616.4972015200419
  ],
  "num_iteration": 1000,
  "num_modalities": 4,
  "num_topics": 7,
  "total_liklihood": -32288.344755378021
}
