{
  "modality_liklihoods": [
    -13920.913396948685,
    -13303.168495500146,
    -941.60857932274018,
    -4635.2858316274314
  ],
  "num_iteration": 1000,
  "num_modalities": 4,
  "num_topics": 7,
  "total_liklihood": -32800.976303399002
}
