{
  "modality_liklihoods": [
    -13762.323867210056,
    -13321.316054142384,
    -939.54694233097655,
    -4640.0219930627582
  ],
  "num_iteration": 1000,
  "num_modalities": 4,
  "num_topics": 7,
  "total_liklihood": -32663.208856746176
}
