{
  "modality_liklihoods": [
    -13311.825358466987,
    -13293.933954234952,
    -934.52154562290764,
    -4643.2892004443456
  ],
  "num_iteration": 1000,
  "num_modalities": 4,
  "num_topics": 7,
  "total_liklihood": -32183.570058769194
}
