{
  "modality_liklihoods": [
    -13878.150302988752,
    -13266.293972343525,
    -944.41279491577939,
    -4675.5538318219305
  ],
  "num_iteration": 1000,
  "num_modalities": 4,
  "num_topics": 7,
  "total_liklihood": -32764.410902069987
}
