{
  "modality_liklihoods": [
    -14111.432391599277,
    -13232.831973109351,
    -938.52155753928082,
    -4682.8194721251257
  ],
  "num_iteration": 1000,
  "num_modalities": 4,
  "num_topics": 7,
  "total_liklihood": -32965.605394373037
}
