{
  "modality_liklihoods": [
    -12990.862504402103,
    -13262.937245243451,
    -934.9025703280862,
    -4650.4122221463313
  ],
  "num_iteration": 1000,
  "num_modalities": 4,
  "num_topics": 7,
  "total_liklihood": -31839.114542119969
}
