{
  "modality_liklihoods": [
    -12536.216632991705,
    -13281.032822294783,
    -943.87802617490217,
    -4675.2646857092423
  ],
  "num_iteration": 1000,
  "num_modalities": 4,
  "num_topics": 7,
  "total_liklihood": -31436.392167170634
}
