{
  "modality_liklihoods": [
    -13829.520661161292,
    -13259.698551009313,
    -938.52305680371137,
    -4654.7143680670406
  ],
  "num_iteration": 1000,
  "num_modalities": 4,
  "num_topics": 7,
  "total_liklihood": -32682.456637041356
}
