{
  "modality_liklihoods": [
    -13965.419636808776,
    -13286.327892252992,
    -940.20469356206877,
    -4661.0287438283485
  ],
  "num_iteration": 1000,
  "num_modalities": 4,
  "num_topics": 7,
  "total_liklihood": -32852.980966452182
}
