{
  "modality_liklihoods": [
    -13593.899507445873,
    -13253.23454060258,
    -935.40936882589801,
    -4610.4502233889862
  ],
  "num_iteration": 1000,
  "num_modalities": 4,
  "num_topics": 7,
  "total_liklihood": -32392.993640263336
}
