{
  "modality_liklihoods": [
    -14194.808929492663,
    -13261.110589645123,
    -945.68527838949251,
    -4682.6281887285859
  ],
  "num_iteration": 1000,
  "num_modalities": 4,
  "num_topics": 7,
  "total_liklihood": -33084.232986255869
}
