{
  "modality_liklihoods": [
    -12661.772003483131,
    -13283.659097057876,
    -944.16658010204685,
    -4675.5205940298893
  ],
  "num_iteration": 1000,
  "num_modalities": 4,
  "num_topics": 7,
  "total_liklihood": -31565.118274672939
}
