{
  "modality_liklihoods": [
    -13668.884804157624,
    -13334.317645464953,
    -938.92692186901843,
    -4634.7181587204914
  ],
  "num_iteration": 1000,
  "num_modalities": 4,
  "num_topics": 7,
  "total_liklihood": -32576.847530212086
}
