{
  "modality_liklihoods": [
    -13900.350789266575,
    -13224.035780836835,
    -941.93808316442119,
    -4697.8877027996614
  ],
  "num_iteration": 1000,
  "num_modalities": 4,
  "num_topics": 7,
  "total_liklihood": -32764.212356067492
}
