{
  "modality_liklihoods": [
    -13921.583281346035,
    -13233.668533955521,
    -939.9862716749825,
    -4633.0937610641031
  ],
  "num_iteration": 1000,
  "num_modalities": 4,
  "num_topics": 7,
  "total_liklihood": -32728.331848040638
}
