{
  "modality_liklihoods": [
    -14381.286650150163,
    -13257.40422519711,
    -940.40998677953644,
    -4624.2423887677187
  ],
  "num_iteration": 1000,
  "num_modalities": 4,
  "num_topics": 7,
  "total_liklihood": -33203.343250894533
}
