{
  "modality_liklihoods": [
    -13890.275629438371,
    -13281.482250191746,
    -937.83420588805768,
    -4641.9255017377
  ],
  "num_iteration": 1000,
  "num_modalities": 4,
  "num_topics": 7,
  "total_liklihood": -32751.517587255876
}
