{
  "modality_liklihoods": [
    -14221.489548491329,
    -13267.118442254274,
    -939.77948197224532,
    -4765.3412546334948
  ],
  "num_iteration": 1000,
  "num_modalities": 4,
  "num_topics": 7,
  "total_liklihood": -33193.728727351336
}
