{
  "modality_liklihoods": [
    -14052.754569853283,
    -13271.308169457579,
    -937.27823122921859,
    -4601.0069484330234
  ],
  "num_iteration": 1000,
  "num_modalities": 4,
  "num_topics": 7,
  "total_liklihood": -32862.347918973101
}
