{
  "modality_liklihoods": [
    -13855.9030239773,
    -13282.623759527718,
    -942.17983850655924,
    -4603.669259262334
  ],
  "num_iteration": 1000,
  "num_modalities": 4,
  "num_topics": 7,
  "total_liklihood": -32684.375881273911
}
