{
  "modality_liklihoods": [
    -14156.419603977562,
    -13224.128699606217,
    -939.73757557465797,
    -4742.3859308051169
  ],
  "num_iteration": 1000,
  "num_modalities": 4,
  "num_topics": 7,
  "total_liklihood": -33062.671809963555
}
