{
  "modality_liklihoods": [
    -13131.345563362911,
    -13267.635094582445,
    -941.78539722080609,
    -4645.4734702416281
  ],
  "num_iteration": 1000,
  "num_modalities": 4,
  "num_topics": 7,
  "total_liklihood": -31986.239525407793
}
