{
  "modality_liklihoods": [
    -13592.78869361975,
    -13213.615646094426,
    -938.69929270351747,
    -4692.0767394392042
  ],
  "num_iteration": 1000,
  "num_modalities": 4,
  "num_topics": 7,
  "total_liklihood": -32437.180371856899
}
