{
  "modality_liklihoods": [
    -14841.981140880605,
    -13230.072519333176,
    -939.04597915902127,
    -4659.2796926522742
  ],
  "num_iteration": 1000,
  "num_modalities": 4,
  "num_topics": 7,
  "total_liklihood": -33670.379332025077
}
