{
  "modality_liklihoods": [
    -13493.673501430299,
    -13224.759373650961,
    -939.11113164951155,
    -4649.3641082648464
  ],
  "num_iteration": 1000,
  "num_modalities": 4,
  "num_topics": 7,
  "total_liklihood": -32306.908114995618
}
