{
  "modality_liklihoods": [
    -14328.637090782135,
    -13268.069703093226,
    -942.588711955451,
    -4691.5179527446498
  ],
  "num_iteration": 1000,
  "num_modalities": 4,
  "num_topics": 7,
  "total_liklihood": -33230.81345857546
}
