{
  "modality_liklihoods": [
    -14139.736339108329,
    -13288.401122202151,
    -935.16017995869402,
    -4630.8869040139089
  ],
  "num_iteration": 1000,
  "num_modalities": 4,
  "num_topics": 7,
  "total_liklihood": -32994.184545283082
}
