{
  "modality_liklihoods": [
    -13360.382484948565,
    -13238.473360177928,
    -943.60993933034592,
    -4654.4076611757355
  ],
  "num_iteration": 1000,
  "num_modalities": 4,
  "num_topics": 7,
  "total_liklihood": -32196.873445632569
}
