{
  "modality_liklihoods": [
    -14283.498438361186,
    -13284.127867095856,
    -936.26468230658645,
    -4629.9585856745089
  ],
  "num_iteration": 1000,
  "num_modalities": 4,
  "num_topics": 7,
  "total_liklihood": -33133.849573438143
}
