{
  "modality_liklihoods": [
    -13260.213988617363,
    -13270.021977466478,
    -940.88483422572256,
    -4621.7722432882447
  ],
  "num_iteration": 1000,
  "num_modalities": 4,
  "num_topics": 7,
  "total_liklihood": -32092.893043597807
}
