{
  "modality_liklihoods": [
    -13326.075988946641,
    -13272.552297790233,
    -941.16778563127627,
    -4649.3739436826754
  ],
  "num_iteration": 1000,
  "num_modalities": 4,
  "num_topics": 7,
  "total_liklihood": -32189.170016050823
}
