{
  "modality_liklihoods": [
    -13334.790291635181,
    -13218.726055441928,
    -938.68316421701616,
    -4582.1309239477177
  ],
  "num_iteration": 1000,
  "num_modalities": 4,
  "num_topics": 7,
  "total_liklihood": -32074.330435241842
}
