{
  "modality_liklihoods": [
    -14088.183930229954,
    -13257.191529345959,
    -935.47282244962423,
    -4647.0299962041636
  ],
  "num_iteration": 1000,
  "num_modalities": 4,
  "num_topics": 7,
  "total_liklihood": -32927.878278229698
}
