{
  "modality_liklihoods": [
    -13732.97489661615,
    -13294.004388744495,
    -940.07226504594132,
    -4634.3166010447339
  ],
  "num_iteration": 1000,
  "num_modalities": 4,
  "num_topics": 7,
  "total_liklihood": -32601.368151451323
}
