{
  "modality_liklihoods": [
    -13427.884072702063,
    -13225.791432533842,
    -942.62600022989773,
    -4683.284551152874
  ],
  "num_iteration": 1000,
  "num_modalities": 4,
  "num_topics": 7,
  "total_liklihood": -32279.586056618682
}
