{
  "modality_liklihoods": [
    -14528.331989916025,
    -13282.331263111491,
    -943.66559380223885,
    -4609.2426923386765
  ],
  "num_iteration": 1000,
  "num_modalities": 4,
  "num_topics": 7,
  "total_liklihood": -33363.571539168428
}
