{
  "modality_liklihoods": [
    -14438.591014047963,
    -13239.529938744628,
    -934.95776149764038,
    -4752.0761821631804
  ],
  "num_iteration": 1000,
  "num_modalities": 4,
  "num_topics": 7,
  "total_liklihood": -33365.154896453409
}
