{
  "modality_liklihoods": [
    -13191.409457093163,
    -13228.810077769245,
    -938.08754801784016,
    -4684.8800166320852
  ],
  "num_iteration": 1000,
  "num_modalities": 4,
  "num_topics": 7,
  "total_liklihood": -32043.187099512332
}
