{
  "modality_liklihoods": [
    -14079.595258854553,
    -13276.416540864577,
    -932.80978688613163,
    -4628.3005856636228
  ],
  "num_iteration": 1000,
  "num_modalities": 4,
  "num_topics": 7,
  "total_liklihood": -32917.122172268886
}
