{
  "modality_liklihoods": [
    -13868.801337418263,
    -13263.709051618538,
    -939.93400228064877,
    -4615.3831144559945
  ],
  "num_iteration": 1000,
  "num_modalities": 4,
  "num_topics": 7,
  "total_liklihood": -32687.827505773446
}
