{
  "modality_liklihoods": [
    -14392.230354379371,
    -13237.28933071394,
    -944.44137247208209,
    -4625.9149042714234
  ],
  "num_iteration": 1000,
  "num_modalities": 4,
  "num_topics": 7,
  "total_liklihood": -33199.87596183682
}
