{
  "modality_liklihoods": [
    -15157.590221920571,
    -13259.773065276428,
    -940.00517052144244,
    -4662.8898289391473
  ],
  "num_iteration": 1000,
  "num_modalities": 4,
  "num_topics": 7,
  "total_liklihood": -34020.258286657583
}
