{
  "modality_liklihoods": [
    -14562.727232949959,
    -13252.268276366003,
    -935.28113845344194,
    -4582.0586521177447
  ],
  "num_iteration": 1000,
  "num_modalities": 4,
  "num_topics": 7,
  "total_liklihood": -33332.335299887149
}
