{
  "modality_liklihoods": [
    -14181.200021731251,
    -13224.317926176542,
    -938.70753503868161,
    -4722.6786687623526
  ],
  "num_iteration": 1000,
  "num_modalities": 4,
  "num_topics": 7,
  "total_liklihood": -33066.904151708826
}
