{
  "modality_liklihoods": [
    -13982.740955276729,
    -13273.045350454096,
    -944.48879923976017,
    -4623.1272891142362
  ],
  "num_iteration": 1000,
  "num_modalities": 4,
  "num_topics": 7,
  "total_liklihood": -32823.402394084827
}
