{
  "modality_liklihoods": [
    -14899.98479036061,
    -13213.333895340058,
    -940.16274662244632,
    -4660.8765964942022
  ],
  "num_iteration": 1000,
  "num_modalities": 4,
  "num_topics": 7,
  "total_liklihood": -33714.358028817311
}
