{
  "modality_liklihoods": [
    -13978.603068889366,
    -13208.86374963619,
    -945.83584311132836,
    -4682.3138997406813
  ],
  "num_iteration": 1000,
  "num_modalities": 4,
  "num_topics": 7,
  "total_liklihood": -32815.616561377567
}
