{
  "modality_liklihoods": [
    -13712.586234398685,
    -13240.676084721303,
    -941.60750158802125,
    -4670.947036796023
  ],
  "num_iteration": 1000,
  "num_modalities": 4,
  "num_topics": 7,
  "total_liklihood": -32565.816857504033
}
