{
  "modality_liklihoods": [
    -14023.283271853259,
    -13263.532151125477,
    -947.93173792492075,
    -4674.9979504812154
  ],
  "num_iteration": 1000,
  "num_modalities": 4,
  "num_topics": 7,
  "total_liklihood": -32909.745111384873
}
