{
  "modality_liklihoods": [
    -13866.196578251254,
    -13260.934742277088,
    -941.76760934616777,
    -4635.2491184152095
  ],
  "num_iteration": 1000,
  "num_modalities": 4,
  "num_topics": 7,
  "total_liklihood": -32704.14804828972
}
