{
  "modality_liklihoods": [
    -13322.058925847548,
    -13284.658707829512,
    -945.31317822139761,
    -4633.6172170187665
  ],
  "num_iteration": 1000,
  "num_modalities": 4,
  "num_topics": 7,
  "total_liklihood": -32185.648028917225
}
