{
  "modality_liklihoods": [
    -13792.023259424141,
    -13287.689593750674,
    -947.71396719822121,
    -4608.4567027842559
  ],
  "num_iteration": 1000,
  "num_modalities": 4,
  "num_topics": 7,
  "total_liklihood": -32635.883523157296
}
