{
  "modality_liklihoods": [
    -14495.60353060263,
    -13266.083782869775,
    -937.66247210138374,
    -4660.4239584003126
  ],
  "num_iteration": 1000,
  "num_modalities": 4,
  "num_topics": 7,
  "total_liklihood": -33359.773743974103
}
