{
  "modality_liklihoods": [
    -13433.167018810323,
    -13278.075168673573,
    -948.2054362260169,
    -4639.5359020428559
  ],
  "num_iteration": 1000,
  "num_modalities": 4,
  "num_topics": 7,
  "total_liklihood": -32298.98352575277
}
