{
  "modality_liklihoods": [
    -12957.552837682966,
    -13250.872831328736,
    -942.32315056991854,
    -4603.175312482449
  ],
  "num_iteration": 1000,
  "num_modalities": 4,
  "num_topics": 7,
  "total_liklihood": -31753.924132064072
}
