{
  "modality_liklihoods": [
    -14522.82735246393,
    -13218.538661284561,
    -934.30135431276949,
    -4658.9817018242838
  ],
  "num_iteration": 1000,
  "num_modalities": 4,
  "num_topics": 7,
  "total_liklihood": -33334.649069885549
}
