{
  "modality_liklihoods": [
    -14418.220260468732,
    -13268.439517878853,
    -942.20298810938743,
    -4611.9773401104403
  ],
  "num_iteration": 1000,
  "num_modalities": 4,
  "num_topics": 7,
  "total_liklihood": -33240.840106567412
}
