{
  "modality_liklihoods": [
    -13298.401578288904,
    -13219.029464736446,
    -934.28538837009194,
    -4638.7629668544078
  ],
  "num_iteration": 1000,
  "num_modalities": 4,
  "num_topics": 7,
  "total_liklihood": -32090.479398249849
}
