{
  "modality_liklihoods": [
    -13806.016320653987,
    -13296.675699382382,
    -939.04259507617951,
    -4657.6462415467904
  ],
  "num_iteration": 1000,
  "num_modalities": 4,
  "num_topics": 7,
  "total_liklihood": -32699.380856659336
}
