{
  "modality_liklihoods": [
    -14533.32525778815,
    -13211.285307317354,
    -940.53244469679544,
    -4692.3763656283563
  ],
  "num_iteration": 1000,
  "num_modalities": 4,
  "num_topics": 7,
  "total_liklihood": -33377.51937543066
}
