{
  "modality_liklihoods": [
    -14222.558138955768,
    -13283.327538037798,
    -935.32634885359141,
    -4660.8710413934186
  ],
  "num_iteration": 1000,
  "num_modalities": 4,
  "num_topics": 7,
  "total_liklihood": -33102.083067240579
}
