{
  "modality_liklihoods": [
    -13904.782035830305,
    -13293.093247079974,
    -940.83983403810134,
    -4647.2143077799165
  ],
  "num_iteration": 1000,
  "num_modalities": 4,
  "num_topics": 7,
  "total_liklihood": -32785.929424728303
}
