{
  "modality_liklihoods": [
    -13724.8216653615,
    -13278.072298190775,
    -943.80929309309192,
    -4645.4244129669196
  ],
  "num_iteration": 1000,
  "num_modalities": 4,
  "num_topics": 7,
  "total_liklihood": -32592.127669612288
}
