{
  "modality_liklihoods": [
    -14009.512558697013,
    -13207.783808300119,
    -940.87185120176468,
    -4632.413763745958
  ],
  "num_iteration": 1000,
  "num_modalities": 4,
  "num_topics": 7,
  "total_liklihood": -32790.581981944859
}
