{
  "modality_liklihoods": [
    -13877.076042811139,
    -13290.823549008497,
    -945.44651753350024,
    -4635.8785694444077
  ],
  "num_iteration": 1000,
  "num_modalities": 4,
  "num_topics": 7,
  "total_liklihood": -32749.224678797545
}
