{
  "modality_liklihoods": [
    -14052.905686323369,
    -13284.263742464354,
    -939.76601178850194,
    -4643.3791417942775
  ],
  "num_iteration": 1000,
  "num_modalities": 4,
  "num_topics": 7,
  "total_liklihood": -32920.314582370505
}
