{
  "modality_liklihoods": [
    -13718.610548137913,
    -13311.152401880099,
    -928.71831837270724,
    -4618.6209700359841
  ],
  "num_iteration": 1000,
  "num_modalities": 4,
  "num_topics": 7,
  "total_liklihood": -32577.102238426702
}
