{
  "modality_liklihoods": [
    -14361.860168865769,
    -13294.699836494179,
    -944.20832321382716,
    -4640.9637681604518
  ],
  "num_iteration": 1000,
  "num_modalities": 4,
  "num_topics": 7,
  "total_liklihood": -33241.732096734231
}
