{
  "modality_liklihoods": [
    -13834.291435332541,
    -13255.248156817474,
    -934.48587647823092,
    -4655.3046755181495
  ],
  "num_iteration": 1000,
  "num_modalities": 4,
  "num_topics": 7,
  "total_liklihood": -32679.330144146395
}
