{
  "modality_liklihoods": [
    -13941.638925789104,
    -13214.112688332552,
    -944.27797533699732,
    -4623.4610153031281
  ],
  "num_iteration": 1000,
  "num_modalities": 4,
  "num_topics": 7,
  "total_liklihood": -32723.490604761781
}
