{
  "modality_liklihoods": [
    -14205.071288308271,
    -13299.370213645847,
    -935.66610617332969,
    -4639.7114397390105
  ],
  "num_iteration": 1000,
  "num_modalities": 4,
  "num_topics": 7,
  "total_liklihood": -33079.819047866462
}
