{
  "modality_liklihoods": [
    -14512.632785366022,
    -13291.925917696168,
    -937.77344683056583,
    -4668.2148714744462
  ],
  "num_iteration": 1000,
  "num_modalities": 4,
  "num_topics": 7,
  "total_liklihood": -33410.547021367202
}
