{
  "modality_liklihoods": [
    -14711.565962381039,
    -13223.610622492533,
    -940.62023323710264,
    -4650.7321167546024
  ],
  "num_iteration": 1000,
  "num_modalities": 4,
  "num_topics": 7,
  "total_liklihood": -33526.52893486528
}
