{
  "modality_liklihoods": [
    -14532.447932088184,
    -13258.651089456691,
    -936.86840627797869,
    -4580.6303529093211
  ],
  "num_iteration": 1000,
  "num_modalities": 4,
  "num_topics": 7,
  "total_liklihood": -33308.597780732176
}
