{
  "modality_liklihoods": [
    -13628.302549883889,
    -13284.859139617378,
    -936.25001308277922,
    -4639.9872569104009
  ],
  "num_iteration": 1000,
  "num_modalities": 4,
  "num_topics": 7,
  "total_liklihood": -32489.398959494447
}
