{
  "modality_liklihoods": [
    -14221.942265133868,
    -13286.69863128105,
    -932.87786414043444,
    -4649.5335954393922
  ],
  "num_iteration": 1000,
  "num_modalities": 4,
  "num_topics": 7,
  "total_liklihood": -33091.052355994747
}
