{
  "modality_liklihoods": [
    -14269.071368820785,
    -13245.701664288043,
    -948.31422864426008,
    -4680.3634752402722
  ],
  "num_iteration": 1000,
  "num_modalities": 4,
  "num_topics": 7,
  "total_liklihood": -33143.450736993356
}
