{
  "modality_liklihoods": [
    -13888.337955106033,
    -13281.855272399382,
    -939.09478153682392,
    -4679.2923867174395
  ],
  "num_iteration": 1000,
  "num_modalities": 4,
  "num_topics": 7,
  "total_liklihood": -32788.58039575968
}
