{
  "modality_liklihoods": [
    -14136.738784085625,
    -13257.287557619073,
    -929.87129502002244,
    -4626.8922416951864
  ],
  "num_iteration": 1000,
  "num_modalities": 4,
  "num_topics": 7,
  "total_liklihood": -32950.789878419906
}
