{
  "modality_liklihoods": [
    -14201.603902786113,
    -13246.102374552482,
    -942.07239183915942,
    -4609.2738401077695
  ],
  "num_iteration": 1000,
  "num_modalities": 4,
  "num_topics": 7,
  "total_liklihood": -32999.052509285524
}
