{
  "modality_liklihoods": [
    -13892.651590189156,
    -13261.290872855679,
    -939.73751405937992,
    -4622.0970000953566
  ],
  "num_iteration": 1000,
  "num_modalities": 4,
  "num_topics": 7,
  "total_liklihood": -32715.77697719957
}
