{
  "modality_liklihoods": [
    -13465.894523822026,
    -13239.145269192655,
    -941.86104499085718,
    -4693.4157121997778
  ],
  "num_iteration": 1000,
  "num_modalities": 4,
  "num_topics": 7,
  "total_liklihood": -32340.316550205313
}
