{
  "modality_liklihoods": [
    -14038.28975990682,
    -13281.386073554344,
    -948.48958155523985,
    -4670.7324830393172
  ],
  "num_iteration": 1000,
  "num_modalities": 4,
  "num_topics": 7,
  "total_liklihood": -32938.897898055722
}
