{
  "modality_liklihoods": [
    -13764.692883001955,
    -13271.174107633209,
    -942.66867075835114,
    -4705.7351673943467
  ],
  "num_iteration": 1000,
  "num_modalities": 4,
  "num_topics": 7,
  "total_liklihood": -32684.270828787863
}
