{
  "modality_liklihoods": [
    -13991.839208666672,
    -13223.250452144426,
    -940.73056250010723,
    -4642.4820981434841
  ],
  "num_iteration": 1000,
  "num_modalities": 4,
  "num_topics": 7,
  "total_liklihood": -32798.302321454692
}
