{
  "modality_liklihoods": [
    -14083.434412558583,
    -13203.844114835054,
    -936.14858842421302,
    -4692.5850875286023
  ],
  "num_iteration": 1000,
  "num_modalities": 4,
  "num_topics": 7,
  "total_liklihood": -32916.012203346458
}
