{
  "modality_liklihoods": [
    -14501.929161597909,
    -13194.198294667549,
    -941.09869455138369,
    -4655.1470271333637
  ],
  "num_iteration": 1000,
  "num_modalities": 4,
  "num_topics": 7,
  "total_liklihood": -33292.373177950205
}
