{
  "modality_liklihoods": [
    -14101.692497393487,
    -13220.532979563297,
    -945.631221781367,
    -4716.7940490122719
  ],
  "num_iteration": 1000,
  "num_modalities": 4,
  "num_topics": 7,
  "total_liklihood": -32984.650747750427
}
