{
  "modality_liklihoods": [
    -15082.309587955791,
    -13229.210581655318,
    -946.5906097557247,
    -4662.5758695159229
  ],
  "num_iteration": 1000,
  "num_modalities": 4,
  "num_topics": 7,
  "total_liklihood": -33920.686648882758
}
