{
  "modality_liklihoods": [
    -14076.107073482237,
    -13289.551835771457,
    -944.96383589924437,
    -4624.5905212106036
  ],
  "num_iteration": 1000,
  "num_modalities": 4,
  "num_topics": 7,
  "total_liklihood": -32935.213266363542
}
