{
  "modality_liklihoods": [
    -13434.821957628486,
    -13241.333843007964,
    -935.96110221676508,
    -4635.5482527317026
  ],
  "num_iteration": 1000,
  "num_modalities": 4,
  "num_topics": 7,
  "total_liklihood": -32247.66515558492
}
