{
  "modality_liklihoods": [
    -13660.990330654964,
    -13203.847406049623,
    -941.98246603738482,
    -4691.2627828682644
  ],
  "num_iteration": 1000,
  "num_modalities": 4,
  "num_topics": 7,
  "total_liklihood": -32498.082985610235
}
