{
  "modality_liklihoods": [
    -14011.11747042754,
    -13282.464981523523,
    -942.65975616887056,
    -4615.4972061809858
  ],
  "num_iteration": 1000,
  "num_modalities": 4,
  "num_topics": 7,
  "total_liklihood": -32851.739414300922
}
