{
  "modality_liklihoods": [
    -14480.244897752826,
    -13313.099574276106,
    -937.76015194953811,
    -4647.5226667525931
  ],
  "num_iteration": 1000,
  "num_modalities": 4,
  "num_topics": 7,
  "total_liklihood": -33378.627290731063
}
