{
  "modality_liklihoods": [
    -14350.149457464575,
    -13236.066887267732,
    -942.8753704825757,
    -4620.2748896012454
  ],
  "num_iteration": 1000,
  "num_modalities": 4,
  "num_topics": 7,
  "total_liklihood": -33149.366604816125
}
