{
  "modality_liklihoods": [
    -14353.952471177259,
    -13273.876363332451,
    -938.70094431205996,
    -4649.549654977267
  ],
  "num_iteration": 1000,
  "num_modalities": 4,
  "num_topics": 7,
  "total_liklihood": -33216.079433799037
}
