{
  "modality_liklihoods": [
    -13286.259906007861,
    -13264.696207813911,
    -937.26254811706133,
    -4607.4672212578471
  ],
  "num_iteration": 1000,
  "num_modalities": 4,
  "num_topics": 7,
  "total_liklihood": -32095.685883196682
}
