{
  "modality_liklihoods": [
    -14107.626863719415,
    -13256.681703893257,
    -941.04941228394762,
    -4632.4491080074822
  ],
  "num_iteration": 1000,
  "num_modalities": 4,
  "num_topics": 7,
  "total_liklihood": -32937.807087904104
}
