{
  "modality_liklihoods": [
    -14009.745694724805,
    -13209.51612037964,
    -945.95368553073411,
    -4690.8164545836789
  ],
  "num_iteration": 1000,
  "num_modalities": 4,
  "num_topics": 7,
  "total_liklihood": -32856.031955218859
}
