{
  "modality_liklihoods": [
    -13525.650559433399,
    -13243.120220087558,
    -938.80799653613883,
    -4578.8111003647764
  ],
  "num_iteration": 1000,
  "num_modalities": 4,
  "num_topics": 7,
  "total_liklihood": -32286.389876421872
}
