{
  "modality_liklihoods": [
    -13943.432756408623,
    -13262.232276877794,
    -934.17512140762881,
    -4634.7411538522674
  ],
  "num_iteration": 1000,
  "num_modalities": 4,
  "num_topics": 7,
  "total_liklihood": -32774.581308546309
}
