{
  "modality_liklihoods": [
    -14184.306418956832,
    -13247.393976137022,
    -941.27277644679623,
    -4644.868901169245
  ],
  "num_iteration": 1000,
  "num_modalities": 4,
  "num_topics": 7,
  "total_liklihood": -33017.842072709893
}
