{
  "modality_liklihoods": [
    -14865.871712540869,
    -13220.836927374829,
    -935.35293867903408,
    -4638.5018922924573
  ],
  "num_iteration": 1000,
  "num_modalities": 4,
  "num_topics": 7,
  "total_liklihood": -33660.563470887188
}
