{
  "modality_liklihoods": [
    -14881.265141035303,
    -13207.854598210524,
    -930.6943472040507,
    -4646.5344154549084
  ],
  "num_iteration": 1000,
  "num_modalities": 4,
  "num_topics": 7,
  "total_liklihood": -33666.348501904788
}
