{
  "modality_liklihoods": [
    -12999.962919342488,
    -13334.904517359833,
    -940.09186355295014,
    -4698.4654556409405
  ],
  "num_iteration": 1000,
  "num_modalities": 4,
  "num_topics": 7,
  "total_liklihood": -31973.424755896209
}
