{
  "modality_liklihoods": [
    -14403.92667991413,
    -13283.966161217168,
    -932.27878234516481,
    -4686.975543622947
  ],
  "num_iteration": 1000,
  "num_modalities": 4,
  "num_topics": 7,
  "total_liklihood": -33307.147167099407
}
