{
  "modality_liklihoods": [
    -12902.371829173902,
    -13281.983172962638,
    -938.31052278777395,
    -4670.6399510096562
  ],
  "num_iteration": 1000,
  "num_modalities": 4,
  "num_topics": 7,
  "total_liklihood": -31793.305475933972
}
