{
  "modality_liklihoods": [
    -13419.414457863706,
    -13298.466279959312,
    -941.7179854298987,
    -4647.0036657178698
  ],
  "num_iteration": 1000,
  "num_modalities": 4,
  "num_topics": 7,
  "total_liklihood": -32306.602388970787
}
