{
  "modality_liklihoods": [
    -12936.943609507325,
    -13260.959714125098,
    -942.03651444654315,
    -4587.2441772881321
  ],
  "num_iteration": 1000,
  "num_modalities": 4,
  "num_topics": 7,
  "total_liklihood": -31727.1840153671
}
