{
  "modality_liklihoods": [
    -13799.710251668959,
    -13255.222227526236,
    -940.76329726495999,
    -4647.0357633899594
  ],
  "num_iteration": 1000,
  "num_modalities": 4,
  "num_topics": 7,
  "total_liklihood": -32642.731539850112
}
