{
  "modality_liklihoods": [
    -13735.307801376328,
    -13263.325225504939,
    -943.40794734667816,
    -4621.1669573556419
  ],
  "num_iteration": 1000,
  "num_modalities": 4,
  "num_topics": 7,
  "total_liklihood": -32563.207931583587
}
