{
  "modality_liklihoods": [
    -14000.320186716737,
    -13276.224871305103,
    -940.77663443951405,
    -4716.3279000488956
  ],
  "num_iteration": 1000,
  "num_modalities": 4,
  "num_topics": 7,
  "total_liklihood": -32933.64959251025
}
