{
  "modality_liklihoods": [
    -13502.779645805229,
    -13275.833166459615,
    -934.94898369587202,
    -4593.1773650569667
  ],
  "num_iteration": 1000,
  "num_modalities": 4,
  "num_topics": 7,
  "total_liklihood": -32306.739161017682
}
