{
  "modality_liklihoods": [
    -13739.99936626345,
    -13214.492839687233,
    -937.50661590892696,
    -4690.5750462168435
  ],
  "num_iteration": 1000,
  "num_modalities": 4,
  "num_topics": 7,
  "total_liklihood": -32582.573868076452
}
