{
  "modality_liklihoods": [
    -13420.505107552292,
    -13273.5471799439,
    -936.38530982704367,
    -4654.3060468403037
  ],
  "num_iteration": 1000,
  "num_modalities": 4,
  "num_topics": 7,
  "total_liklihood": -32284.743644163536
}
