{
  "modality_liklihoods": [
    -12568.836862614919,
    -13290.656073769214,
    -934.70137109384314,
    -4646.5447390992158
  ],
  "num_iteration": 1000,
  "num_modalities": 4,
  "num_topics": 7,
  "total_liklihood": -31440.739046577193
}
