{
  "modality_liklihoods": [
    -14258.997104087784,
    -13242.727377245419,
    -934.05572183844981,
    -4615.9216473593933
  ],
  "num_iteration": 1000,
  "num_modalities": 4,
  "num_topics": 7,
  "total_liklihood": -33051.701850531048
}
