{
  "modality_liklihoods": [
    -13911.605214114568,
    -13295.854338294947,
    -938.97945834355846,
    -4633.8026146453258
  ],
  "num_iteration": 1000,
  "num_modalities": 4,
  "num_topics": 7,
  "total_liklihood": -32780.241625398397
}
