{
  "modality_liklihoods": [
    -13800.920118481856,
    -13281.212949608416,
    -941.66795255063812,
    -4623.8546921020097
  ],
  "num_iteration": 1000,
  "num_modalities": 4,
  "num_topics": 7,
  "total_liklihood": -32647.655712742919
}
