{
  "modality_liklihoods": [
    -13381.625743897856,
    -13257.308868692231,
    -934.756578013438,
    -4698.3988096591329
  ],
  "num_iteration": 1000,
  "num_modalities": 4,
  "num_topics": 7,
  "total_liklihood": -32272.090000262659
}
