{
  "modality_liklihoods": [
    -13730.925054726778,
    -13289.843232515805,
    -939.23653929439354,
    -4619.450805786244
  ],
  "num_iteration": 1000,
  "num_modalities": 4,
  "num_topics": 7,
  "total_liklihood": -32579.455632323221
}
