{
  "modality_liklihoods": [
    -13047.12430228743,
    -13249.385469661849,
    -937.22022631493451,
    -4635.9013548703306
  ],
  "num_iteration": 1000,
  "num_modalities": 4,
  "num_topics": 7,
  "total_liklihood": -31869.63135313454
}
