{
  "modality_liklihoods": [
    -13895.235522257553,
    -13279.129030567159,
    -942.12258509828484,
    -4607.3784411563674
  ],
  "num_iteration": 1000,
  "num_modalities": 4,
  "num_topics": 7,
  "total_liklihood": -32723.865579079367
}
