{
  "modality_liklihoods": [
    -14047.208016127441,
    -13243.273750580898,
    -944.73966368249091,
    -4616.6975185252404
  ],
  "num_iteration": 1000,
  "num_modalities": 4,
  "num_topics": 7,
  "total_liklihood": -32851.918948916071
}
