{
  "modality_liklihoods": [
    -13917.450678277895,
    -13256.820374190213,
    -936.6954716902178,
    -4665.9487661720141
  ],
  "num_iteration": 1000,
  "num_modalities": 4,
  "num_topics": 7,
  "total_liklihood": -32776.91529033034
}
