{
  "modality_liklihoods": [
    -14132.872577011827,
    -13246.696570886765,
    -942.49314049911527,
    -4651.0181127037858
  ],
  "num_iteration": 1000,
  "num_modalities": 4,
  "num_topics": 7,
  "total_liklihood": -32973.080401101492
}
