{
  "modality_liklihoods": [
    -13367.520408308628,
    -13282.13298840983,
    -946.07162324863441,
    -4675.8052777896301
  ],
  "num_iteration": 1000,
  "num_modalities": 4,
  "num_topics": 7,
  "total_liklihood": -32271.530297756723
}
