{
  "modality_liklihoods": [
    -12891.45445353843,
    -13247.191645046492,
    -942.34541648859499,
    -4665.7339931474498
  ],
  "num_iteration": 1000,
  "num_modalities": 4,
  "num_topics": 7,
  "total_liklihood": -31746.725508220967
}
