{
  "modality_liklihoods": [
    -14438.406502049464,
    -13274.042900453134,
    -934.94459585861898,
    -4634.7807449413012
  ],
  "num_iteration": 1000,
  "num_modalities": 4,
  "num_topics": 7,
  "total_liklihood": -33282.174743302516
}
