{
  "modality_liklihoods": [
    -13335.257905348395,
    -13252.351869922702,
    -943.45686717168996,
    -4588.895580890885
  ],
  "num_iteration": 1000,
  "num_modalities": 4,
  "num_topics": 7,
  "total_liklihood": -32119.962223333678
}
