{
  "modality_liklihoods": [
    -13859.488330530161,
    -13227.422298126701,
    -943.05088977133437,
    -4629.2133556281597
  ],
  "num_iteration": 1000,
  "num_modalities": 4,
  "num_topics": 7,
  "total_liklihood": -32659.174874056356
}
