{
  "modality_liklihoods": [
    -14325.686865310834,
    -13259.389968238049,
    -936.63274928415046,
    -4610.9107430661361
  ],
  "num_iteration": 1000,
  "num_modalities": 4,
  "num_topics": 7,
  "total_liklihood": -33132.620325899174
}
