{
  "modality_liklihoods": [
    -14876.668324917749,
    -13212.855008711547,
    -940.3820090744581,
    -4645.1855888371065
  ],
  "num_iteration": 1000,
  "num_modalities": 4,
  "num_topics": 7,
  "total_liklihood": -33675.090931540864
}
