{
  "modality_liklihoods": [
    -14479.760817146656,
    -13259.875252470816,
    -943.0766989824366,
    -4638.5389884196238
  ],
  "num_iteration": 1000,
  "num_modalities": 4,
  "num_topics": 7,
  "total_liklihood": -33321.251757019534
}
