{
  "modality_liklihoods": [
    -13622.124114352224,
    -13219.904126738014,
    -938.59030689427095,
    -4657.8784798106735
  ],
  "num_iteration": 1000,
  "num_modalities": 4,
  "num_topics": 7,
  "total_liklihood": -32438.49702779518
}
