{
  "modality_liklihoods": [
    -13897.827453448412,
    -13257.516671428219,
    -941.10781335745708,
    -4632.2834862988775
  ],
  "num_iteration": 1000,
  "num_modalities": 4,
  "num_topics": 7,
  "total_liklihood": -32728.735424532966
}
