{
  "modality_liklihoods": [
    -13347.786541561638,
    -13241.340221284994,
    -944.47619700584187,
    -4613.3289179799513
  ],
  "num_iteration": 1000,
  "num_modalities": 4,
  "num_topics": 7,
  "total_liklihood": -32146.931877832423
}
