{
  "modality_liklihoods": [
    -13955.156101212884,
    -13271.617812251405,
    -938.88184834642936,
    -4666.4891931409229
  ],
  "num_iteration": 1000,
  "num_modalities": 4,
  "num_topics": 7,
  "total_liklihood": -32832.144954951647
}
