{
  "modality_liklihoods": [
    -13482.686427493021,
    -13267.701712713992,
    -948.7852417262111,
    -4620.4246422726592
  ],
  "num_iteration": 1000,
  "num_modalities": 4,
  "num_topics": 7,
  "total_liklihood": -32319.598024205879
}
