{
  "modality_liklihoods": [
    -13760.435775413986,
    -13269.635313885799,
    -945.14430204555651,
    -4603.7624927835814
  ],
  "num_iteration": 1000,
  "num_modalities": 4,
  "num_topics": 7,
  "total_liklihood": -32578.977884128923
}
