{
  "modality_liklihoods": [
    -13881.387970714914,
    -13276.229416088685,
    -944.71408245034706,
    -4628.2738309153765
  ],
  "num_iteration": 1000,
  "num_modalities": 4,
  "num_topics": 7,
  "total_liklihood": -32730.605300169322
}
