{
  "modality_liklihoods": [
    -13347.11556972552,
    -13253.061519430843,
    -935.8560922092729,
    -4649.6721106837213
  ],
  "num_iteration": 1000,
  "num_modalities": 4,
  "num_topics": 7,
  "total_liklihood": -32185.705292049359
}
