{
  "modality_liklihoods": [
    -13867.392173158101,
    -13293.887198060193,
    -938.45228466228991,
    -4632.0670592441384
  ],
  "num_iteration": 1000,
  "num_modalities": 4,
  "num_topics": 7,
  "total_liklihood": -32731.798715124722
}
