{
  "modality_liklihoods": [
    -13869.027004109103,
    -13237.750307645385,
    -940.62308989747305,
    -4734.9772052319777
  ],
  "num_iteration": 1000,
  "num_modalities": 4,
  "num_topics": 7,
  "total_liklihood": -32782.377606883936
}
