{
  "modality_liklihoods": [
    -14996.483794419548,
    -13221.510205834136,
    -938.25666568531858,
    -4678.1084944881641
  ],
  "num_iteration": 1000,
  "num_modalities": 4,
  "num_topics": 7,
  "total_liklihood": -33834.359160427164
}
