{
  "modality_liklihoods": [
    -13705.894139668459,
    -13304.490748637081,
    -932.89737820365679,
    -4634.2841394795187
  ],
  "num_iteration": 1000,
  "num_modalities": 4,
  "num_topics": 7,
  "total_liklihood": -32577.566405988713
}
