{
  "modality_liklihoods": [
    -14352.546034387682,
    -13225.989358584286,
    -946.46007208719141,
    -4736.5975426428522
  ],
  "num_iteration": 1000,
  "num_modalities": 4,
  "num_topics": 7,
  "total_liklihood": -33261.593007702017
}
