{
  "modality_liklihoods": [
    -14311.990020959051,
    -13251.757819645443,
    -934.73947200528778,
    -4714.8120119682226
  ],
  "num_iteration": 1000,
  "num_modalities": 4,
  "num_topics": 7,
  "total_liklihood": -33213.299324578002
}
