{
  "modality_liklihoods": [
    -13979.92230240746,
    -13312.82039335447,
    -941.31476336171454,
    -4646.0217364249866
  ],
  "num_iteration": 1000,
  "num_modalities": 4,
  "num_topics": 7,
  "total_liklihood": -32880.079195548635
}
