{
  "modality_liklihoods": [
    -14544.93083943453,
    -13296.906129093129,
    -933.88978933491614,
    -4632.4068215950747
  ],
  "num_iteration": 1000,
  "num_modalities": 4,
  "num_topics": 7,
  "total_liklihood": -33408.133579457652
}
