{
  "modality_liklihoods": [
    -14071.348042617998,
    -13243.763467455525,
    -942.6836067535686,
    -4696.6354850827247
  ],
  "num_iteration": 1000,
  "num_modalities": 4,
  "num_topics": 7,
  "total_liklihood": -32954.430601909815
}
