{
  "modality_liklihoods": [
    -13451.863088992863,
    -13257.153508563528,
    -941.26701399031845,
    -4631.9735656331586
  ],
  "num_iteration": 1000,
  "num_modalities": 4,
  "num_topics": 7,
  "total_liklihood": -32282.257177179865
}
