{
  "modality_liklihoods": [
    -13861.097706064747,
    -13281.746477424804,
    -939.81055231824666,
    -4652.4577072818511
  ],
  "num_iteration": 1000,
  "num_modalities": 4,
  "num_topics": 7,
  "total_liklihood": -32735.112443089645
}
