{
  "modality_liklihoods": [
    -14497.572515608752,
    -13206.563568085483,
    -939.76352417424641,
    -4743.0878745540313
  ],
  "num_iteration": 1000,
  "num_modalities": 4,
  "num_topics": 7,
  "total_liklihood": -33386.987482422512
}
