{
  "modality_liklihoods": [
    -14464.924877952639,
    -13269.157443881919,
    -940.24696636377462,
    -4638.4703033807582
  ],
  "num_iteration": 1000,
  "num_modalities": 4,
  "num_topics": 7,
  "total_liklihood": -33312.799591579089
}
