{
  "modality_liklihoods": [
    -13906.580927636762,
    -13314.644124173954,
    -943.24642274809014,
    -4616.4190982851242
  ],
  "num_iteration": 1000,
  "num_modalities": 4,
  "num_topics": 7,
  "total_liklihood": -32780.890572843928
}
