{
  "modality_liklihoods": [
    -13331.084265917749,
    -13304.753025338607,
    -942.56465263074233,
    -4639.4534518960854
  ],
  "num_iteration": 1000,
  "num_modalities": 4,
  "num_topics": 7,
  "total_liklihood": -32217.855395783186
}
