{
  "modality_liklihoods": [
    -14036.442565714739,
    -13274.026089431214,
    -936.2791807511154,
    -4661.1928425995111
  ],
  "num_iteration": 1000,
  "num_modalities": 4,
  "num_topics": 7,
  "total_liklihood": -32907.940678496583
}
