{
  "modality_liklihoods": [
    -14060.015505414562,
    -13289.667581810314,
    -943.87682859911263,
    -4643.3590711273555
  ],
  "num_iteration": 1000,
  "num_modalities": 4,
  "num_topics": 7,
  "total_liklihood": -32936.918986951343
}
