{
  "modality_liklihoods": [
    -13660.275166051853,
    -13243.091787575164,
    -939.78897979146359,
    -4631.5559952731819
  ],
  "num_iteration": 1000,
  "num_modalities": 4,
  "num_topics": 7,
  "total_liklihood": -32474.711928691664
}
