{
  "modality_liklihoods": [
    -13594.476040698417,
    -13222.869854352513,
    -939.92559024356251,
    -4684.6240947266342
  ],
  "num_iteration": 1000,
  "num_modalities": 4,
  "num_topics": 7,
  "total_liklihood": -32441.895580021126
}
