{
  "modality_liklihoods": [
    -13970.718263533603,
    -13228.345413051267,
    -940.7540857803408,
    -4641.8123423673787
  ],
  "num_iteration": 1000,
  "num_modalities": 4,
  "num_topics": 7,
  "total_liklihood": -32781.630104732583
}
