{
  "modality_liklihoods": [
    -14584.698081367987,
    -13281.009723968342,
    -943.90600419164889,
    -4611.1392217737339
  ],
  "num_iteration": 1000,
  "num_modalities": 4,
  "num_topics": 7,
  "total_liklihood": -33420.753031301712
}
