{
  "modality_liklihoods": [
    -14244.533279905367,
    -13224.918958027587,
    -935.09144716863693,
    -4687.888130747534
  ],
  "num_iteration": 1000,
  "num_modalities": 4,
  "num_topics": 7,
  "total_liklihood": -33092.431815849122
}
