{
  "modality_liklihoods": [
    -13529.635302466373,
    -13305.009931932536,
    -941.17366707295162,
    -4589.7393450110476
  ],
  "num_iteration": 1000,
  "num_modalities": 4,
  "num_topics": 7,
  "total_liklihood": -32365.558246482906
}
