{
  "modality_liklihoods": [
    -13713.344444331682,
    -13203.678973333817,
    -943.79155208460315,
    -4681.6392763376934
  ],
  "num_iteration": 1000,
  "num_modalities": 4,
  "num_topics": 7,
  "total_liklihood": -32542.454246087796
}
