{
  "modality_liklihoods": [
    -14235.172517378622,
    -13293.649551598379,
    -942.30502690734386,
    -4651.3523521039833
  ],
  "num_iteration": 1000,
  "num_modalities": 4,
  "num_topics": 7,
  "total_liklihood": -33122.479447988328
}
