{
  "modality_liklihoods": [
    -13454.441354417166,
    -13230.367673078488,
    -948.9215609347815,
    -4666.3239003443332
  ],
  "num_iteration": 1000,
  "num_modalities": 4,
  "num_topics": 7,
  "total_liklihood": -32300.054488774771
}
