{
  "modality_liklihoods": [
    -13793.282594173446,
    -13282.656766420054,
    -938.66497516742118,
    -4617.8214760945466
  ],
  "num_iteration": 1000,
  "num_modalities": 4,
  "num_topics": 7,
  "total_liklihood": -32632.425811855464
}
