{
  "modality_liklihoods": [
    -14013.783835097203,
    -13221.677611509373,
    -943.50670874592231,
    -4657.1769842704043
  ],
  "num_iteration": 1000,
  "num_modalities": 4,
  "num_topics": 7,
  "total_liklihood": -32836.145139622902
}
