{
  "modality_liklihoods": [
    -13499.213196621713,
    -13254.167651795524,
    -944.64504019573053,
    -4633.4313312845243
  ],
  "num_iteration": 1000,
  "num_modalities": 4,
  "num_topics": 7,
  "total_liklihood": -32331.457219897493
}
