{
  "modality_liklihoods": [
    -13621.868936738152,
    -13292.46936722554,
    -941.23906252948655,
    -4599.9528263233869
  ],
  "num_iteration": 1000,
  "num_modalities": 4,
  "num_topics": 7,
  "total_liklihood": -32455.530192816565
}
