{
  "modality_liklihoods": [
    -13835.579961758547,
    -13267.350796962262,
    -944.18109193306032,
    -4658.0179255793373
  ],
  "num_iteration": 1000,
  "num_modalities": 4,
  "num_topics": 7,
  "total_liklihood": -32705.129776233207
}
