{
  "modality_liklihoods": [
    -13364.027545015037,
    -13251.653083208827,
    -941.08408737285095,
    -4643.0499974542672
  ],
  "num_iteration": 1000,
  "num_modalities": 4,
  "num_topics": 7,
  "total_liklihood": -32199.814713050982
}
