{
  "modality_liklihoods": [
    -13717.749194700706,
    -13246.637212352185,
    -933.25857686996324,
    -4637.8204709034462
  ],
  "num_iteration": 1000,
  "num_modalities": 4,
  "num_topics": 7,
  "total_liklihood": -32535.465454826302
}
