{
  "modality_liklihoods": [
    -13324.657195045409,
    -13253.815735525994,
    -940.18181472181061,
    -4693.8665169028955
  ],
  "num_iteration": 1000,
  "num_modalities": 4,
  "num_topics": 7,
  "total_liklihood": -32212.521262196111
}
