{
  "modality_liklihoods": [
    -14031.164822933972,
    -13304.092845643807,
    -939.75571543152512,
    -4642.5129657023108
  ],
  "num_iteration": 1000,
  "num_modalities": 4,
  "num_topics": 7,
  "total_liklihood": -32917.526349711618
}
