{
  "modality_liklihoods": [
    -15038.977861080682,
    -13219.361071554866,
    -947.88880226799677,
    -4689.8699835683528
  ],
  "num_iteration": 1000,
  "num_modalities": 4,
  "num_topics": 7,
  "total_liklihood": -33896.097718471894
}
