{
  "modality_liklihoods": [
    -13940.62684057057,
    -13292.205202700898,
    -934.28968219454919,
    -4625.1936534506012
  ],
  "num_iteration": 1000,
  "num_modalities": 4,
  "num_topics": 7,
  "total_liklihood": -32792.315378916617
}
