{
  "modality_liklihoods": [
    -14319.700902351096,
    -13269.315485557883,
    -940.84551923035667,
    -4612.408771756227
  ],
  "num_iteration": 1000,
  "num_modalities": 4,
  "num_topics": 7,
  "total_liklihood": -33142.270678895562
}
