{
  "modality_liklihoods": [
    -14260.248960511211,
    -13274.051335362572,
    -940.03398565539226,
    -4639.1636519120366
  ],
  "num_iteration": 1000,
  "num_modalities": 4,
  "num_topics": 7,
  "total_liklihood": -33113.497933441213
}
