{
  "modality_liklihoods": [
    -13533.111083877055,
    -13259.277770850013,
    -944.9068951387228,
    -4670.0855650082485
  ],
  "num_iteration": 1000,
  "num_modalities": 4,
  "num_topics": 7,
  "total_liklihood": -32407.381314874041
}
