{
  "modality_liklihoods": [
    -13171.253068834827,
    -13286.30133081846,
    -936.11690921178365,
    -4622.5528451687851
  ],
  "num_iteration": 1000,
  "num_modalities": 4,
  "num_topics": 7,
  "total_liklihood": -32016.224154033858
}
