{
  "modality_liklihoods": [
    -12782.698414052973,
    -13235.631232786855,
    -936.94778980636454,
    -4690.9387218479797
  ],
  "num_iteration": 1000,
  "num_modalities": 4,
  "num_topics": 7,
  "total_liklihood": -31646.216158494168
}
