{
  "modality_liklihoods": [
    -14374.180101438606,
    -13262.192575605723,
    -942.72965883462848,
    -4618.7254408934496
  ],
  "num_iteration": 1000,
  "num_modalities": 4,
  "num_topics": 7,
  "total_liklihood": -33197.827776772407
}
