{
  "modality_liklihoods": [
    -14097.575941337587,
    -13255.719026505958,
    -939.80807310741977,
    -4597.7408941483955
  ],
  "num_iteration": 1000,
  "num_modalities": 4,
  "num_topics": 7,
  "total_liklihood": -32890.843935099358
}
