{
  "modality_liklihoods": [
    -13666.376454065323,
    -13269.277012525059,
    -937.68206248968113,
    -4628.5599688661523
  ],
  "num_iteration": 1000,
  "num_modalities": 4,
  "num_topics": 7,
  "total_liklihood": -32501.895497946218
}
