{
  "modality_liklihoods": [
    -13809.146162450617,
    -13298.392536314319,
    -938.53518897943081,
    -4638.084065276752
  ],
  "num_iteration": 1000,
  "num_modalities": 4,
  "num_topics": 7,
  "total_liklihood": -32684.157953021117
}
