{
  "modality_liklihoods": [
    -12972.317552170696,
    -13239.784262854851,
    -938.16378074399609,
    -4676.238803437097
  ],
  "num_iteration": 1000,
  "num_modalities": 4,
  "num_topics": 7,
  "total_liklihood": -31826.504399206638
}
