{
  "modality_liklihoods": [
    -14077.853779210654,
    -13212.231694427168,
    -941.19351798906439,
    -4710.6341521761169
  ],
  "num_iteration": 1000,
  "num_modalities": 4,
  "num_topics": 7,
  "total_liklihood": -32941.913143803002
}
