{
  "modality_liklihoods": [
    -13865.347132403098,
    -13276.181595234933,
    -941.87426474604695,
    -4613.0808606272049
  ],
  "num_iteration": 1000,
  "num_modalities": 4,
  "num_topics": 7,
  "total_liklihood": -32696.483853011283
}
