{
  "modality_liklihoods": [
    -14090.010083849962,
    -13275.566612046814,
    -939.56416957682745,
    -4685.1062364445588
  ],
  "num_iteration": 1000,
  "num_modalities": 4,
  "num_topics": 7,
  "total_liklihood": -32990.247101918161
}
