{
  "modality_liklihoods": [
    -13146.376631465866,
    -13247.345838606489,
    -934.58732662063437,
    -4627.3277538833645
  ],
  "num_iteration": 1000,
  "num_modalities": 4,
  "num_topics": 7,
  "total_liklihood": -31955.63755057635
}
