{
  "modality_liklihoods": [
    -14483.533530796931,
    -13317.554485882752,
    -944.04180571256188,
    -4637.5986848978509
  ],
  "num_iteration": 1000,
  "num_modalities": 4,
  "num_topics": 7,
  "total_liklihood": -33382.7285072901
}
