{
  "modality_liklihoods": [
    -13889.848292144872,
    -13251.872714676016,
    -944.98641184662551,
    -4620.0986899811114
  ],
  "num_iteration": 1000,
  "num_modalities": 4,
  "num_topics": 7,
  "total_liklihood": -32706.806108648623
}
