{
  "modality_liklihoods": [
    -14101.317709653527,
    -13263.078657694676,
    -939.01468657764406,
    -4637.7142734625868
  ],
  "num_iteration": 1000,
  "num_modalities": 4,
  "num_topics": 7,
  "total_liklihood": -32941.125327388436
}
