{
  "modality_liklihoods": [
    -14098.650350903034,
    -13251.445967195305,
    -935.27172621563602,
    -4641.4453269180513
  ],
  "num_iteration": 1000,
  "num_modalities": 4,
  "num_topics": 7,
  "total_liklihood": -32926.813371232027
}
