{
  "modality_liklihoods": [
    -14396.669497941173,
    -13281.132901894149,
    -941.94439553980044,
    -4669.3769210507398
  ],
  "num_iteration": 1000,
  "num_modalities": 4,
  "num_topics": 7,
  "total_liklihood": -33289.123716425864
}
