{
  "modality_liklihoods": [
    -13913.429345163317,
    -13306.42687090551,
    -940.00135530287241,
    -4579.2517192832593
  ],
  "num_iteration": 1000,
  "num_modalities": 4,
  "num_topics": 7,
  "total_liklihood": -32739.10929065496
}
