{
  "modality_liklihoods": [
    -13540.327919019663,
    -13269.704155669991,
    -949.26785023953437,
    -4616.9491980502653
  ],
  "num_iteration": 1000,
  "num_modalities": 4,
  "num_topics": 7,
  "total_liklihood": -32376.249122979454
}
