{
  "modality_liklihoods": [
    -13912.859982736265,
    -13277.623759344535,
    -939.91999548394097,
    -4628.1258274195907
  ],
  "num_iteration": 1000,
  "num_modalities": 4,
  "num_topics": 7,
  "total_liklihood": -32758.529564984332
}
