{
  "modality_liklihoods": [
    -13367.838334652564,
    -13203.734467501677,
    -941.68549059757834,
    -4624.3435813221322
  ],
  "num_iteration": 1000,
  "num_modalities": 4,
  "num_topics": 7,
  "total_liklihood": -32137.601874073953
}
