{
  "modality_liklihoods": [
    -14526.608907236629,
    -13266.419848325706,
    -937.80768753436348,
    -4637.9758999904607
  ],
  "num_iteration": 1000,
  "num_modalities": 4,
  "num_topics": 7,
  "total_liklihood": -33368.812343087164
}
