{
  "modality_liklihoods": [
    -13837.084540226151,
    -13211.960922627968,
    -938.93607303222848,
    -4654.0762822016741
  ],
  "num_iteration": 1000,
  "num_modalities": 4,
  "num_topics": 7,
  "total_liklihood": -32642.057818088022
}
