{
  "modality_liklihoods": [
    -13543.950467472905,
    -13234.462522253118,
    -942.65273010082376,
    -4645.4852303883417
  ],
  "num_iteration": 1000,
  "num_modalities": 4,
  "num_topics": 7,
  "total_liklihood": -32366.550950215187
}
