{
  "modality_liklihoods": [
    -13455.119476296935,
    -13239.207324985769,
    -952.23449946106382,
    -4630.0730938083516
  ],
  "num_iteration": 1000,
  "num_modalities": 4,
  "num_topics": 7,
  "total_liklihood": -32276.634394552118
}
