{
  "modality_liklihoods": [
    -14105.042061327185,
    -13252.132018966755,
    -943.34167693887991,
    -4634.9150212982586
  ],
  "num_iteration": 1000,
  "num_modalities": 4,
  "num_topics": 7,
  "total_liklihood": -32935.430778531074
}
