{
  "modality_liklihoods": [
    -13901.115899787272,
    -13311.83351327411,
    -936.95853022923586,
    -4653.9653523195175
  ],
  "num_iteration": 1000,
  "num_modalities": 4,
  "num_topics": 7,
  "total_liklihood": -32803.873295610138
}
