{
  "modality_liklihoods": [
    -14232.211612360641,
    -13230.929301301525,
    -939.99023200209615,
    -4747.9789252642986
  ],
  "num_iteration": 1000,
  "num_modalities": 4,
  "num_topics": 7,
  "total_liklihood": -33151.11007092856
}
