{
  "modality_liklihoods": [
    -14535.178340407987,
    -13298.262730555842,
    -940.60158471224952,
    -4670.3316181641039
  ],
  "num_iteration": 1000,
  "num_modalities": 4,
  "num_topics": 7,
  "total_liklihood": -33444.374273840185
}
