{
  "modality_liklihoods": [
    -14482.62582936436,
    -13260.33786270997,
    -935.87694362010609,
    -4607.2440229500071
  ],
  "num_iteration": 1000,
  "num_modalities": 4,
  "num_topics": 7,
  "total_liklihood": -33286.084658644446
}
