{
  "modality_liklihoods": [
    -12771.335318049263,
    -13287.486081044823,
    -933.86175321623182,
    -4631.7436888362245
  ],
  "num_iteration": 1000,
  "num_modalities": 4,
  "num_topics": 7,
  "total_liklihood": -31624.426841146542
}
