{
  "modality_liklihoods": [
    -14150.447384635507,
    -13264.114802993146,
    -941.15252934637556,
    -4629.4753546377351
  ],
  "num_iteration": 1000,
  "num_modalities": 4,
  "num_topics": 7,
  "total_liklihood": -32985.190071612764
}
