{
  "modality_liklihoods": [
    -13447.422417446518,
    -13287.177789054194,
    -934.15940451195786,
    -4600.760486154888
  ],
  "num_iteration": 1000,
  "num_modalities": 4,
  "num_topics": 7,
  "total_liklihood": -32269.520097167559
}
