{
  "modality_liklihoods": [
    -13665.835541779679,
    -13265.325476539647,
    -942.16203647687109,
    -4674.5058573311426
  ],
  "num_iteration": 1000,
  "num_modalities": 4,
  "num_topics": 7,
  "total_liklihood": -32547.828912127341
}
