{
  "modality_liklihoods": [
    -14458.590390024317,
    -13243.921793399652,
    -938.18600460218113,
    -4623.5427162535379
  ],
  "num_iteration": 1000,
  "num_modalities": 4,
  "num_topics": 7,
  "total_liklihood": -33264.240904279693
}
