{
  "modality_liklihoods": [
    -14330.918827721893,
    -13236.841582267147,
    -937.43809502149111,
    -4625.9034383072067
  ],
  "num_iteration": 1000,
  "num_modalities": 4,
  "num_topics": 7,
  "total_liklihood": -33131.101943317735
}
