{
  "modality_liklihoods": [
    -13967.915557426095,
    -13254.581682242881,
    -935.50490252152338,
    -4641.3594221872017
  ],
  "num_iteration": 1000,
  "num_modalities": 4,
  "num_topics": 7,
  "total_liklihood": -32799.361564377701
}
