{
  "modality_liklihoods": [
    -13931.999755474611,
    -13197.78277283733,
    -934.9403524713664,
    -4707.0573264176983
  ],
  "num_iteration": 1000,
  "num_modalities": 4,
  "num_topics": 7,
  "total_liklihood": -32771.780207201009
}
