{
  "modality_liklihoods": [
    -14192.027779229817,
    -13218.847128744534,
    -948.52496174425369,
    -4743.7769197043426
  ],
  "num_iteration": 1000,
  "num_modalities": 4,
  "num_topics": 7,
  "total_liklihood": -33103.176789422949
}
