{
  "modality_liklihoods": [
    -13657.616880584446,
    -13210.121899582136,
    -946.72967700875552,
    -4634.3523567914517
  ],
  "num_iteration": 1000,
  "num_modalities": 4,
  "num_topics": 7,
  "total_liklihood": -32448.820813966791
}
