{
  "modality_liklihoods": [
    -13998.820762626965,
    -13271.185692949322,
    -941.62837244516277,
    -4641.7399571812975
  ],
  "num_iteration": 1000,
  "num_modalities": 4,
  "num_topics": 7,
  "total_liklihood": -32853.374785202752
}
