{
  "modality_liklihoods": [
    -13480.737076522344,
    -13221.546734765823,
    -939.24341722995575,
    -4586.7833455806867
  ],
  "num_iteration": 1000,
  "num_modalities": 4,
  "num_topics": 7,
  "total_liklihood": -32228.310574098807
}
