{
  "modality_liklihoods": [
    -13724.879520075034,
    -13290.917329289727,
    -940.15646600167975,
    -4635.9826313148669
  ],
  "num_iteration": 1000,
  "num_modalities": 4,
  "num_topics": 7,
  "total_liklihood": -32591.935946681308
}
