{
  "modality_liklihoods": [
    -14051.155548372508,
    -13238.172853337175,
    -941.40693434531318,
    -4704.3268408092217
  ],
  "num_iteration": 1000,
  "num_modalities": 4,
  "num_topics": 7,
  "total_liklihood": -32935.062176864216
}
