{
  "modality_liklihoods": [
    -13878.036757286649,
    -13272.999373840576,
    -935.11695228645647,
    -4645.3330715090215
  ],
  "num_iteration": 1000,
  "num_modalities": 4,
  "num_topics": 7,
  "total_liklihood": -32731.486154922699
}
