{
  "modality_liklihoods": [
    -13825.193550800714,
    -13290.575872667088,
    -931.39362989347217,
    -4632.8793148877185
  ],
  "num_iteration": 1000,
  "num_modalities": 4,
  "num_topics": 7,
  "total_liklihood": -32680.042368248993
}
