{
  "modality_liklihoods": [
    -13733.418743201189,
    -13289.003007216052,
    -945.42342649498369,
    -4655.4719453316538
  ],
  "num_iteration": 1000,
  "num_modalities": 4,
  "num_topics": 7,
  "total_liklihood": -32623.31712224388
}
