{
  "modality_liklihoods": [
    -12918.502577308374,
    -13239.584084423261,
    -938.77033534138604,
    -4629.290209485046
  ],
  "num_iteration": 1000,
  "num_modalities": 4,
  "num_topics": 7,
  "total_liklihood": -31726.147206558067
}
