{
  "modality_liklihoods": [
    -13771.019760395344,
    -13246.381249886475,
    -944.07571697300705,
    -4639.0344201389917
  ],
  "num_iteration": 1000,
  "num_modalities": 4,
  "num_topics": 7,
  "total_liklihood": -32600.51114739382
}
