{
  "modality_liklihoods": [
    -13308.216749471843,
    -13244.63785235594,
    -939.44448848207719,
    -4629.4012077277748
  ],
  "num_iteration": 1000,
  "num_modalities": 4,
  "num_topics": 7,
  "total_liklihood": -32121.700298037635
}
