{
  "modality_liklihoods": [
    -14625.430326310989,
    -13266.236208800585,
    -938.69128381335292,
    -4666.0286208067255
  ],
  "num_iteration": 1000,
  "num_modalities": 4,
  "num_topics": 7,
  "total_liklihood": -33496.38643973165
}
