{
  "modality_liklihoods": [
    -13868.758124612477,
    -13246.011467779994,
    -932.77000755442407,
    -4633.9063766390991
  ],
  "num_iteration": 1000,
  "num_modalities": 4,
  "num_topics": 7,
  "total_liklihood": -32681.445976585994
}
