{
  "modality_liklihoods": [
    -14003.859621336604,
    -13239.27614797047,
    -939.69189094214403,
    -4633.8690150565999
  ],
  "num_iteration": 1000,
  "num_modalities": 4,
  "num_topics": 7,
  "total_liklihood": -32816.696675305822
}
