{
  "modality_liklihoods": [
    -13804.844086279947,
    -13274.361982614935,
    -938.55937673069286,
    -4631.8881545999166
  ],
  "num_iteration": 1000,
  "num_modalities": 4,
  "num_topics": 7,
  "total_liklihood": -32649.653600225494
}
