{
  "modality_liklihoods": [
    -13754.560932541968,
    -13281.608613895687,
    -940.80737189704007,
    -4627.7851434100776
  ],
  "num_iteration": 1000,
  "num_modalities": 4,
  "num_topics": 7,
  "total_liklihood": -32604.762061744772
}
