{
  "modality_liklihoods": [
    -14275.332062509218,
    -13253.75389724428,
    -936.30095611645811,
    -4647.4361990079033
  ],
  "num_iteration": 1000,
  "num_modalities": 4,
  "num_topics": 7,
  "total_liklihood": -33112.823114877858
}
