{
  "modality_liklihoods": [
    -13242.894439070122,
    -13251.681235153463,
    -939.41939961490016,
    -4606.1062839439419
  ],
  "num_iteration": 1000,
  "num_modalities": 4,
  "num_topics": 7,
  "total_liklihood": -32040.101357782427
}
