{
  "modality_liklihoods": [
    -13375.138461369213,
    -13294.406846835103,
    -943.50198870352119,
    -4640.7491304975701
  ],
  "num_iteration": 1000,
  "num_modalities": 4,
  "num_topics": 7,
  "total_liklihood": -32253.796427405407
}
