{
  "modality_liklihoods": [
    -13643.384789431004,
    -13307.413114118093,
    -949.99431297550291,
    -4642.7219751749353
  ],
  "num_iteration": 1000,
  "num_modalities": 4,
  "num_topics": 7,
  "total_liklihood": -32543.514191699534
}
