{
  "modality_liklihoods": [
    -13743.605667834136,
    -13223.794324561546,
    -939.3268681242206,
    -4676.8807609102769
  ],
  "num_iteration": 1000,
  "num_modalities": 4,
  "num_topics": 7,
  "total_liklihood": -32583.607621430176
}
