{
  "modality_liklihoods": [
    -13329.447186508076,
    -13264.086214372692,
    -941.86321448945739,
    -4637.0750401762443
  ],
  "num_iteration": 1000,
  "num_modalities": 4,
  "num_topics": 7,
  "total_liklihood": -32172.471655546473
}
