{
  "modality_liklihoods": [
    -13633.910855626504,
    -13262.891229216761,
    -942.79089840425343,
    -4688.2273265846097
  ],
  "num_iteration": 1000,
  "num_modalities": 4,
  "num_topics": 7,
  "total_liklihood": -32527.820309832128
}
