{
  "modality_liklihoods": [
    -14006.233736540296,
    -13272.666678088715,
    -933.80503826284382,
    -4578.5268830857667
  ],
  "num_iteration": 1000,
  "num_modalities": 4,
  "num_topics": 7,
  "total_liklihood": -32791.23233597762
}
