{
  "modality_liklihoods": [
    -14536.77278675233,
    -13223.763511172185,
    -937.58075861271016,
    -4714.9540026758195
  ],
  "num_iteration": 1000,
  "num_modalities": 4,
  "num_topics": 7,
  "total_liklihood": -33413.071059213042
}
