{
  "modality_liklihoods": [
    -13856.034585017527,
    -13231.153906719364,
    -942.43538479724054,
    -4646.4322029297327
  ],
  "num_iteration": 1000,
  "num_modalities": 4,
  "num_topics": 7,
  "total_liklihood": -32676.056079463866
}
