{
  "modality_liklihoods": [
    -14430.325438344389,
    -13272.103506261807,
    -940.5386281139414,
    -4649.6315709287119
  ],
  "num_iteration": 1000,
  "num_modalities": 4,
  "num_topics": 7,
  "total_liklihood": -33292.599143648848
}
