{
  "modality_liklihoods": [
    -13960.13216106202,
    -13229.2610985588,
    -946.96583164060428,
    -4613.6154781267114
  ],
  "num_iteration": 1000,
  "num_modalities": 4,
  "num_topics": 7,
  "total_liklihood": -32749.974569388134
}
