{
  "modality_liklihoods": [
    -13771.970728247808,
    -13228.033764352311,
    -943.92790143199602,
    -4649.9311973110216
  ],
  "num_iteration": 1000,
  "num_modalities": 4,
  "num_topics": 7,
  "total_liklihood": -32593.863591343135
}
