{
  "modality_liklihoods": [
    -13936.491223387524,
    -13266.852071424399,
    -935.44935802253053,
    -4663.6669200815468
  ],
  "num_iteration": 1000,
  "num_modalities": 4,
  "num_topics": 7,
  "total_liklihood": -32802.459572915999
}
