{
  "modality_liklihoods": [
    -14264.895439384838,
    -13264.90939502891,
    -941.64949752355369,
    -4658.4263299908716
  ],
  "num_iteration": 1000,
  "num_modalities": 4,
  "num_topics": 7,
  "total_liklihood": -33129.880661928175
}
