{
  "modality_liklihoods": [
    -13614.507270509561,
    -13281.279002963285,
    -939.86650762435283,
    -4575.6587907808307
  ],
  "num_iteration": 1000,
  "num_modalities": 4,
  "num_topics": 7,
  "total_liklihood": -32411.311571878032
}
