{
  "modality_liklihoods": [
    -13958.213402911435,
    -13314.430024986108,
    -934.84989187462429,
    -4595.9010164869296
  ],
  "num_iteration": 1000,
  "num_modalities": 4,
  "num_topics": 7,
  "total_liklihood": -32803.394336259094
}
