{
  "modality_liklihoods": [
    -14553.709548524464,
    -13227.442312222438,
    -941.02672109136267,
    -4672.876016171751
  ],
  "num_iteration": 1000,
  "num_modalities": 4,
  "num_topics": 7,
  "total_liklihood": -33395.054598010014
}
