{
  "modality_liklihoods": [
    -13818.622975554805,
    -13213.416051512124,
    -946.28007633546224,
    -4625.0928510370659
  ],
  "num_iteration": 1000,
  "num_modalities": 4,
  "num_topics": 7,
  "total_liklihood": -32603.411954439456
}
