{
  "modality_liklihoods": [
    -14034.211090826786,
    -13272.244818031666,
    -941.38614114317068,
    -4633.2667031554038
  ],
  "num_iteration": 1000,
  "num_modalities": 4,
  "num_topics": 7,
  "total_liklihood": -32881.108753157023
}
