{
  "modality_liklihoods": [
    -14072.571748598859,
    -13308.513828867546,
    -944.97084455953689,
    -4649.0149077795359
  ],
  "num_iteration": 1000,
  "num_modalities": 4,
  "num_topics": 7,
  "total_liklihood": -32975.071329805476
}
