{
  "modality_liklihoods": [
    -13518.311409414709,
    -13231.287563945181,
    -937.00600387955308,
    -4688.4461113283842
  ],
  "num_iteration": 1000,
  "num_modalities": 4,
  "num_topics": 7,
  "total_liklihood": -32375.051088567827
}
