{
  "modality_liklihoods": [
    -13927.652509496023,
    -13264.583227506668,
    -943.88080053275303,
    -4665.3431940464816
  ],
  "num_iteration": 1000,
  "num_modalities": 4,
  "num_topics": 7,
  "total_liklihood": -32801.459731581926
}
