{
  "modality_liklihoods": [
    -13391.627016122966,
    -13252.315248285962,
    -947.34310895017711,
    -4631.9527755070367
  ],
  "num_iteration": 1000,
  "num_modalities": 4,
  "num_topics": 7,
  "total_liklihood": -32223.238148866141
}
