{
  "modality_liklihoods": [
    -14528.334240102173,
    -13295.205050409699,
    -936.14384632139104,
    -4637.8056525464808
  ],
  "num_iteration": 1000,
  "num_modalities": 4,
  "num_topics": 7,
  "total_liklihood": -33397.488789379742
}
