{
  "modality_liklihoods": [
    -13376.483905476482,
    -13314.523330225009,
    -936.488973486134,
    -4653.1848360552085
  ],
  "num_iteration": 1000,
  "num_modalities": 4,
  "num_topics": 7,
  "total_liklihood": -32280.681045242833
}
