{
  "modality_liklihoods": [
    -13893.057883011583,
    -13274.308404092928,
    -933.94379603402808,
    -4637.841711882018
  ],
  "num_iteration": 1000,
  "num_modalities": 4,
  "num_topics": 7,
  "total_liklihood": -32739.151795020556
}
