{
  "modality_liklihoods": [
    -14013.521670258584,
    -13249.518910104904,
    -944.77358662213032,
    -4661.4469553798726
  ],
  "num_iteration": 1000,
  "num_modalities": 4,
  "num_topics": 7,
  "total_liklihood": -32869.261122365489
}
