{
  "modality_liklihoods": [
    -13941.434342441764,
    -13237.340863855765,
    -941.77608903967894,
    -4681.0641814281207
  ],
  "num_iteration": 1000,
  "num_modalities": 4,
  "num_topics": 7,
  "total_liklihood": -32801.615476765328
}
