{
  "modality_liklihoods": [
    -14022.751199432378,
    -13275.095933739469,
    -939.59534939767047,
    -4654.1309877682161
  ],
  "num_iteration": 1000,
  "num_modalities": 4,
  "num_topics": 7,
  "total_liklihood": -32891.573470337731
}
