{
  "modality_liklihoods": [
    -14126.520680964546,
    -13260.820806696665,
    -942.93668134328323,
    -4645.9134061694185
  ],
  "num_iteration": 1000,
  "num_modalities": 4,
  "num_topics": 7,
  "total_liklihood": -32976.191575173914
}
