{
  "modality_liklihoods": [
    -14248.171926030307,
    -13292.057048701989,
    -943.63820608589708,
    -4653.4485201186371
  ],
  "num_iteration": 1000,
  "num_modalities": 4,
  "num_topics": 7,
  "total_liklihood": -33137.31570093683
}
