{
  "modality_liklihoods": [
    -14177.294884122264,
    -13253.685074515697,
    -942.75282932792697,
    -4625.9954659524792
  ],
  "num_iteration": 1000,
  "num_modalities": 4,
  "num_topics": 7,
  "total_liklihood": -32999.728253918365
}
