{
  "modality_liklihoods": [
    -13892.20221006539,
    -13254.586556577198,
    -941.09147880055684,
    -4640.9994521267336
  ],
  "num_iteration": 1000,
  "num_modalities": 4,
  "num_topics": 7,
  "total_liklihood": -32728.879697569879
}
