{
  "modality_liklihoods": [
    -14121.60509234133,
    -13270.978151976498,
    -939.38694696763639,
    -4683.7567971086628
  ],
  "num_iteration": 1000,
  "num_modalities": 4,
  "num_topics": 7,
  "total_liklihood": -33015.726988394126
}
