{
  "modality_liklihoods": [
    -13915.429378716348,
    -13211.987118887697,
    -945.17561403711022,
    -4645.1143624807492
  ],
  "num_iteration": 1000,
  "num_modalities": 4,
  "num_topics": 7,
  "total_liklihood": -32717.706474121904
}
