{
  "modality_liklihoods": [
    -13851.019734667303,
    -13201.353816170102,
    -942.47486286765411,
    -4650.8254393826264
  ],
  "num_iteration": 1000,
  "num_modalities": 4,
  "num_topics": 7,
  "total_liklihood": -32645.673853087683
}
