{
  "modality_liklihoods": [
    -13830.052257808344,
    -13294.745751229102,
    -932.03528999135085,
    -4648.9048265804295
  ],
  "num_iteration": 1000,
  "num_modalities": 4,
  "num_topics": 7,
  "total_liklihood": -32705.73812560923
}
