{
  "modality_liklihoods": [
    -13829.212222911481,
    -13284.515495803193,
    -939.76710674727917,
    -4620.0520162447147
  ],
  "num_iteration": 1000,
  "num_modalities": 4,
  "num_topics": 7,
  "total_liklihood": -32673.54684170667
}
