{
  "modality_liklihoods": [
    -13522.490871638001,
    -13244.770232773888,
    -935.43877283481743,
    -4599.1548178368821
  ],
  "num_iteration": 1000,
  "num_modalities": 4,
  "num_topics": 7,
  "total_liklihood": -32301.854695083588
}
