{
  "modality_liklihoods": [
    -14500.682397477449,
    -13284.903439660518,
    -937.53484517730681,
    -4612.9185642021421
  ],
  "num_iteration": 1000,
  "num_modalities": 4,
  "num_topics": 7,
  "total_liklihood": -33336.039246517415
}
