{
  "modality_liklihoods": [
    -13612.775883229369,
    -13218.750779091733,
    -941.44330495250961,
    -4709.4477870295013
  ],
  "num_iteration": 1000,
  "num_modalities": 4,
  "num_topics": 7,
  "total_liklihood": -32482.417754303115
}
