{
  "modality_liklihoods": [
    -14516.117256395566,
    -13259.592088203313,
    -932.69819926480045,
    -4631.8388082912261
  ],
  "num_iteration": 1000,
  "num_modalities": 4,
  "num_topics": 7,
  "total_liklihood": -33340.246352154907
}
