{
  "modality_liklihoods": [
    -14075.812070171436,
    -13274.167788305043,
    -938.71514504197285,
    -4669.6245072362144
  ],
  "num_iteration": 1000,
  "num_modalities": 4,
  "num_topics": 7,
  "total_liklihood": -32958.319510754663
}
