{
  "modality_liklihoods": [
    -14245.847299723422,
    -13266.823302623376,
    -934.41562630581802,
    -4645.598891309297
  ],
  "num_iteration": 1000,
  "num_modalities": 4,
  "num_topics": 7,
  "total_liklihood": -33092.685119961912
}
