{
  "modality_liklihoods": [
    -14763.183429785468,
    -13221.574267879849,
    -938.088561616775,
    -4690.3887651605082
  ],
  "num_iteration": 1000,
  "num_modalities": 4,
  "num_topics": 7,
  "total_liklihood": -33613.235024442598
}
