{
  "modality_liklihoods": [
    -14046.050177987794,
    -13243.509367213075,
    -942.9917997471822,
    -4658.5213166324929
  ],
  "num_iteration": 1000,
  "num_modalities": 4,
  "num_topics": 7,
  "total_liklihood": -32891.072661580547
}
