{
  "modality_liklihoods": [
    -14612.099893876577,
    -13246.478138729663,
    -937.30931348722152,
    -4621.2042459373861
  ],
  "num_iteration": 1000,
  "num_modalities": 4,
  "num_topics": 7,
  "total_liklihood": -33417.091592030847
}
