{
  "modality_liklihoods": [
    -14064.687609304106,
    -13227.955051106179,
    -931.70097893156162,
    -4682.1911752769865
  ],
  "num_iteration": 1000,
  "num_modalities": 4,
  "num_topics": 7,
  "total_liklihood": -32906.534814618833
}
