{
  "modality_liklihoods": [
    -12656.884780256963,
    -13230.654104793364,
    -937.9259916083505,
    -4714.0674430544113
  ],
  "num_iteration": 1000,
  "num_modalities": 4,
  "num_topics": 7,
  "total_liklihood": -31539.532319713093
}
