{
  "modality_liklihoods": [
    -13369.836425019186,
    -13246.399905770841,
    -952.99159769827429,
    -4621.1348583725776
  ],
  "num_iteration": 1000,
  "num_modalities": 4,
  "num_topics": 7,
  "total_liklihood": -32190.362786860878
}
