{
  "modality_liklihoods": [
    -13917.625825289218,
    -13227.636206444877,
    -939.13355396211477,
    -4661.0738010711466
  ],
  "num_iteration": 1000,
  "num_modalities": 4,
  "num_topics": 7,
  "total_liklihood": -32745.469386767356
}
