{
  "modality_liklihoods": [
    -14481.383519917612,
    -13262.604642515425,
    -933.402828557975,
    -4600.5935127914054
  ],
  "num_iteration": 1000,
  "num_modalities": 4,
  "num_topics": 7,
  "total_liklihood": -33277.984503782413
}
