{
  "modality_liklihoods": [
    -13843.999907313982,
    -13276.834676654335,
    -933.02678821016968,
    -4627.703659123099
  ],
  "num_iteration": 1000,
  "num_modalities": 4,
  "num_topics": 7,
  "total_liklihood": -32681.565031301587
}
