{
  "modality_liklihoods": [
    -13856.46682736263,
    -13201.295529373561,
    -938.62802413982843,
    -4697.9675025422976
  ],
  "num_iteration": 1000,
  "num_modalities": 4,
  "num_topics": 7,
  "total_liklihood": -32694.357883418317
}
