{
  "modality_liklihoods": [
    -14038.411562195222,
    -13256.264432483029,
    -941.42453576168305,
    -4652.4049060636198
  ],
  "num_iteration": 1000,
  "num_modalities": 4,
  "num_topics": 7,
  "total_liklihood": -32888.505436503554
}
