{
  "modality_liklihoods": [
    -14056.366446013797,
    -13250.420839378514,
    -933.21232846336761,
    -4662.2538320524454
  ],
  "num_iteration": 1000,
  "num_modalities": 4,
  "num_topics": 7,
  "total_liklihood": -32902.253445908122
}
