{
  "modality_liklihoods": [
    -14537.763823297353,
    -13251.253626540632,
    -940.52763146762379,
    -4628.025085426636
  ],
  "num_iteration": 1000,
  "num_modalities": 4,
  "num_topics": 7,
  "total_liklihood": -33357.570166732243
}
