{
  "modality_liklihoods": [
    -13863.591135757262,
    -13238.077153245458,
    -948.12184332829747,
    -4671.6510798346435
  ],
  "num_iteration": 1000,
  "num_modalities": 4,
  "num_topics": 7,
  "total_liklihood": -32721.441212165664
}
