{
  "modality_liklihoods": [
    -14084.044248924964,
    -13255.075247094963,
    -935.19714236865946,
    -4657.6392223221637
  ],
  "num_iteration": 1000,
  "num_modalities": 4,
  "num_topics": 7,
  "total_liklihood": -32931.955860710754
}
