{
  "modality_liklihoods": [
    -14363.513994959516,
    -13233.888918970546,
    -940.79193898079723,
    -4625.0004812015795
  ],
  "num_iteration": 1000,
  "num_modalities": 4,
  "num_topics": 7,
  "total_liklihood": -33163.195334112439
}
