{
  "modality_liklihoods": [
    -15012.626570157041,
    -13256.688778592679,
    -946.30490163357933,
    -4639.0919471733541
  ],
  "num_iteration": 1000,
  "num_modalities": 4,
  "num_topics": 7,
  "total_liklihood": -33854.712197556655
}
