{
  "modality_liklihoods": [
    -14145.097069307898,
    -13252.213752499441,
    -940.01254547769463,
    -4637.5873090961186
  ],
  "num_iteration": 1000,
  "num_modalities": 4,
  "num_topics": 7,
  "total_liklihood": -32974.910676381151
}
