{
  "modality_liklihoods": [
    -13395.52632230259,
    -13244.949718443464,
    -947.23887913007047,
    -4618.1740237582335
  ],
  "num_iteration": 1000,
  "num_modalities": 4,
  "num_topics": 7,
  "total_liklihood": -32205.88894363436
}
