{
  "modality_liklihoods": [
    -13062.8257348768,
    -13306.189085621245,
    -939.30068788850758,
    -4625.2358609935682
  ],
  "num_iteration": 1000,
  "num_modalities": 4,
  "num_topics": 7,
  "total_liklihood": -31933.551369380119
}
