{
  "modality_liklihoods": [
    -14536.620361866993,
    -13277.987590819008,
    -940.83553409088518,
    -4657.2272785003597
  ],
  "num_iteration": 1000,
  "num_modalities": 4,
  "num_topics": 7,
  "total_liklihood": -33412.670765277246
}
