{
  "modality_liklihoods": [
    -13800.074365697559,
    -13249.8994544329,
    -941.9843501279862,
    -4652.3818492269738
  ],
  "num_iteration": 1000,
  "num_modalities": 4,
  "num_topics": 7,
  "total_liklihood": -32644.340019485418
}
