{
  "modality_liklihoods": [
    -14105.534648957235,
    -13297.283498655086,
    -933.45899806726845,
    -4706.6441121567377
  ],
  "num_iteration": 1000,
  "num_modalities": 4,
  "num_topics": 7,
  "total_liklihood": -33042.921257836329
}
