{
  "modality_liklihoods": [
    -13663.144846470826,
    -13276.457204757793,
    -943.64947143385746,
    -4634.5624323802513
  ],
  "num_iteration": 1000,
  "num_modalities": 4,
  "num_topics": 7,
  "total_liklihood": -32517.81395504273
}
