{
  "modality_liklihoods": [
    -13385.228482601915,
    -13226.337823067413,
    -939.75235293388971,
    -4633.7492183804743
  ],
  "num_iteration": 1000,
  "num_modalities": 4,
  "num_topics": 7,
  "total_liklihood": -32185.067876983696
}
