{
  "modality_liklihoods": [
    -14018.856377184189,
    -13288.874301448575,
    -935.59421875170369,
    -4671.4102724353907
  ],
  "num_iteration": 1000,
  "num_modalities": 4,
  "num_topics": 7,
  "total_liklihood": -32914.735169819862
}
