{
  "modality_liklihoods": [
    -13891.001934387516,
    -13238.098767725758,
    -939.90634550903667,
    -4640.4259111311439
  ],
  "num_iteration": 1000,
  "num_modalities": 4,
  "num_topics": 7,
  "total_liklihood": -32709.432958753456
}
