{
  "modality_liklihoods": [
    -13853.817084238062,
    -13275.237030508024,
    -932.89554931555199,
    -4674.7049031830884
  ],
  "num_iteration": 1000,
  "num_modalities": 4,
  "num_topics": 7,
  "total_liklihood": -32736.654567244725
}
