{
  "modality_liklihoods": [
    -13883.861652180543,
    -13271.790509109302,
    -937.27797179269203,
    -4655.6858840954146
  ],
  "num_iteration": 1000,
  "num_modalities": 4,
  "num_topics": 7,
  "total_liklihood": -32748.616017177952
}
