{
  "modality_liklihoods": [
    -13864.698408968979,
    -13270.589084427656,
    -938.86915021450045,
    -4657.598417700443
  ],
  "num_iteration": 1000,
  "num_modalities": 4,
  "num_topics": 7,
  "total_liklihood": -32731.755061311582
}
