{
  "modality_liklihoods": [
    -13966.378494084192,
    -13295.622437757567,
    -936.78208439212608,
    -4635.0420882584303
  ],
  "num_iteration": 1000,
  "num_modalities": 4,
  "num_topics": 7,
  "total_liklihood": -32833.825104492316
}
