{
  "modality_liklihoods": [
    -13382.818935529245,
    -13253.787253216929,
    -933.33073113418095,
    -4619.915208145082
  ],
  "num_iteration": 1000,
  "num_modalities": 4,
  "num_topics": 7,
  "total_liklihood": -32189.852128025439
}
