{
  "modality_liklihoods": [
    -13467.506273982095,
    -13230.055660350896,
    -942.17776726045122,
    -4640.1385297427705
  ],
  "num_iteration": 1000,
  "num_modalities": 4,
  "num_topics": 7,
  "total_liklihood": -32279.87823133621
}
