{
  "modality_liklihoods": [
    -13915.6066317684,
    -13254.101111723625,
    -940.55589356270787,
    -4598.8204763273725
  ],
  "num_iteration": 1000,
  "num_modalities": 4,
  "num_topics": 7,
  "total_liklihood": -32709.084113382105
}
