{
  "modality_liklihoods": [
    -13288.517476130761,
    -13264.634349072578,
    -935.75141613441917,
    -4622.1702920926373
  ],
  "num_iteration": 1000,
  "num_modalities": 4,
  "num_topics": 7,
  "total_liklihood": -32111.073533430394
}
