{
  "modality_liklihoods": [
    -13984.680302539022,
    -13259.393919563481,
    -937.13666593474352,
    -4629.8483244883637
  ],
  "num_iteration": 1000,
  "num_modalities": 4,
  "num_topics": 7,
  "total_liklihood": -32811.059212525608
}
