{
  "modality_liklihoods": [
    -12971.641019564133,
    -13271.317764624921,
    -942.13534633401764,
    -4620.7913341901267
  ],
  "num_iteration": 1000,
  "num_modalities": 4,
  "num_topics": 7,
  "total_liklihood": -31805.885464713196
}
