{
  "modality_liklihoods": [
    -14168.815034566371,
    -13297.356978445483,
    -938.46060063671098,
    -4668.4424526917173
  ],
  "num_iteration": 1000,
  "num_modalities": 4,
  "num_topics": 7,
  "total_liklihood": -33073.075066340287
}
