{
  "modality_liklihoods": [
    -13890.853452577543,
    -13185.076035898095,
    -937.43406554854073,
    -4612.9613911238503
  ],
  "num_iteration": 1000,
  "num_modalities": 4,
  "num_topics": 7,
  "total_liklihood": -32626.32494514803
}
