{
  "modality_liklihoods": [
    -12953.70145307884,
    -13249.233161012238,
    -948.20795050936101,
    -4648.6111084361064
  ],
  "num_iteration": 1000,
  "num_modalities": 4,
  "num_topics": 7,
  "total_liklihood": -31799.753673036546
}
