{
  "modality_liklihoods": [
    -13628.598534436982,
    -13274.823277522162,
    -939.78464441166227,
    -4585.1828009238698
  ],
  "num_iteration": 1000,
  "num_modalities": 4,
  "num_topics": 7,
  "total_liklihood": -32428.389257294679
}
