{
  "modality_liklihoods": [
    -14015.495679961416,
    -13249.212280771124,
    -942.06557651968046,
    -4598.2888099322872
  ],
  "num_iteration": 1000,
  "num_modalities": 4,
  "num_topics": 7,
  "total_liklihood": -32805.062347184503
}
