{
  "modality_liklihoods": [
    -14065.678697115238,
    -13286.525281273331,
    -940.12356699409793,
    -4656.4245990805284
  ],
  "num_iteration": 1000,
  "num_modalities": 4,
  "num_topics": 7,
  "total_liklihood": -32948.7521444632
}
