{
  "modality_liklihoods": [
    -12965.004034832316,
    -13258.118813901385,
    -946.86368795929718,
    -4628.0085568428567
  ],
  "num_iteration": 1000,
  "num_modalities": 4,
  "num_topics": 7,
  "total_liklihood": -31797.99509353585
}
