{
  "modality_liklihoods": [
    -14233.947670216665,
    -13252.353152787102,
    -934.99153413055046,
    -4736.3921764158995
  ],
  "num_iteration": 1000,
  "num_modalities": 4,
  "num_topics": 7,
  "total_liklihood": -33157.684533550215
}
