{
  "modality_liklihoods": [
    -13979.793787426666,
    -13224.087627739926,
    -935.60345520740475,
    -4618.9582457042143
  ],
  "num_iteration": 1000,
  "num_modalities": 4,
  "num_topics": 7,
  "total_liklihood": -32758.443116078211
}
