{
  "modality_liklihoods": [
    -14570.485961548768,
    -13210.358638835794,
    -941.31650725615532,
    -4715.6965812767739
  ],
  "num_iteration": 1000,
  "num_modalities": 4,
  "num_topics": 7,
  "total_liklihood": -33437.857688917487
}
