{
  "modality_liklihoods": [
    -14858.647424967321,
    -13194.197770446406,
    -936.97798654405403,
    -4670.5416925089776
  ],
  "num_iteration": 1000,
  "num_modalities": 4,
  "num_topics": 7,
  "total_liklihood": -33660.364874466759
}
