{
  "modality_liklihoods": [
    -13823.257743734894,
    -13277.566023922785,
    -937.63854259266645,
    -4660.6656002230266
  ],
  "num_iteration": 1000,
  "num_modalities": 4,
  "num_topics": 7,
  "total_liklihood": -32699.127910473373
}
