{
  "modality_liklihoods": [
    -13921.118480007903,
    -13268.806625803772,
    -939.68394253528663,
    -4656.8242853326092
  ],
  "num_iteration": 1000,
  "num_modalities": 4,
  "num_topics": 7,
  "total_liklihood": -32786.433333679575
}
