{
  "modality_liklihoods": [
    -13995.04563516947,
    -13292.411560151755,
    -937.32384920125571,
    -4674.4172336885013
  ],
  "num_iteration": 1000,
  "num_modalities": 4,
  "num_topics": 7,
  "total_liklihood": -32899.198278210984
}
