{
  "modality_liklihoods": [
    -14059.803410175224,
    -13217.823625188219,
    -934.21843843910744,
    -4681.8347444268893
  ],
  "num_iteration": 1000,
  "num_modalities": 4,
  "num_topics": 7,
  "total_liklihood": -32893.680218229441
}
