{
  "modality_liklihoods": [
    -14052.565556039692,
    -13245.895446002214,
    -942.80767742643866,
    -4634.0010659407417
  ],
  "num_iteration": 1000,
  "num_modalities": 4,
  "num_topics": 7,
  "total_liklihood": -32875.269745409081
}
