{
  "modality_liklihoods": [
    -13930.05899933917,
    -13281.759109500637,
    -938.26554067468203,
    -4630.3737400662012
  ],
  "num_iteration": 1000,
  "num_modalities": 4,
  "num_topics": 7,
  "total_liklihood": -32780.45738958069
}
