{
  "modality_liklihoods": [
    -13852.097040152817,
    -13276.813540194004,
    -937.39594340932877,
    -4677.2824268023915
  ],
  "num_iteration": 1000,
  "num_modalities": 4,
  "num_topics": 7,
  "total_liklihood": -32743.58895055854
}
