{
  "modality_liklihoods": [
    -14351.434716364196,
    -13265.954391678057,
    -939.71969552842336,
    -4583.6228523465325
  ],
  "num_iteration": 1000,
  "num_modalities": 4,
  "num_topics": 7,
  "total_liklihood": -33140.73165591721
}
