{
  "modality_liklihoods": [
    -13328.547814594898,
    -13250.926682342984,
    -942.14808276562962,
    -4624.5948370358356
  ],
  "num_iteration": 1000,
  "num_modalities": 4,
  "num_topics": 7,
  "total_liklihood": -32146.217416739346
}
