{
  "modality_liklihoods": [
    -13998.970962547632,
    -13306.206824500536,
    -941.57427035442652,
    -4625.2970629828806
  ],
  "num_iteration": 1000,
  "num_modalities": 4,
  "num_topics": 7,
  "total_liklihood": -32872.049120385476
}
