{
  "modality_liklihoods": [
    -13601.921848460124,
    -13280.368920981264,
    -937.22858970289269,
    -4603.5922265418867
  ],
  "num_iteration": 1000,
  "num_modalities": 4,
  "num_topics": 7,
  "total_liklihood": -32423.111585686165
}
