{
  "modality_liklihoods": [
    -14034.868442616602,
    -13239.699327885563,
    -941.14189550552373,
    -4653.0299767030801
  ],
  "num_iteration": 1000,
  "num_modalities": 4,
  "num_topics": 7,
  "total_liklihood": -32868.739642710767
}
