{
  "modality_liklihoods": [
    -14093.627439595912,
    -13272.855162628897,
    -943.23935960240988,
    -4657.1134761606036
  ],
  "num_iteration": 1000,
  "num_modalities": 4,
  "num_topics": 7,
  "total_liklihood": -32966.835437987822
}
