{
  "modality_liklihoods": [
    -14145.096046337045,
    -13182.768803751593,
    -936.45817360063324,
    -4694.0539360654993
  ],
  "num_iteration": 1000,
  "num_modalities": 4,
  "num_topics": 7,
  "total_liklihood": -32958.376959754773
}
