{
  "modality_liklihoods": [
    -14279.20502515539,
    -13242.022269684507,
    -940.42337147937792,
    -4723.4843087009103
  ],
  "num_iteration": 1000,
  "num_modalities": 4,
  "num_topics": 7,
  "total_liklihood": -33185.134975020184
}
