{
  "modality_liklihoods": [
    -14512.768485397401,
    -13202.058000513471,
    -940.6202966884299,
    -4615.2770132235719
  ],
  "num_iteration": 1000,
  "num_modalities": 4,
  "num_topics": 7,
  "total_liklihood": -33270.723795822872
}
