{
  "modality_liklihoods": [
    -14320.212248170323,
    -13215.802690319206,
    -933.31824549750854,
    -4608.2292858576875
  ],
  "num_iteration": 1000,
  "num_modalities": 4,
  "num_topics": 7,
  "total_liklihood": -33077.562469844721
}
