{
  "modality_liklihoods": [
    -14278.739925319927,
    -13277.257457295185,
    -942.12966459096936,
    -4613.4617645224707
  ],
  "num_iteration": 1000,
  "num_modalities": 4,
  "num_topics": 7,
  "total_liklihood": -33111.58881172855
}
