{
  "modality_liklihoods": [
    -13933.117380271728,
    -13248.207531668455,
    -949.07359851528679,
    -4662.9609647413772
  ],
  "num_iteration": 1000,
  "num_modalities": 4,
  "num_topics": 7,
  "total_liklihood": -32793.359475196841
}
