{
  "modality_liklihoods": [
    -13468.513550649628,
    -13250.610682464034,
    -938.49544651857718,
    -4638.5981976628746
  ],
  "num_iteration": 1000,
  "num_modalities": 4,
  "num_topics": 7,
  "total_liklihood": -32296.217877295112
}
