{
  "modality_liklihoods": [
    -13795.572205835162,
    -13263.682806650409,
    -945.69867757828717,
    -4677.8478451671344
  ],
  "num_iteration": 1000,
  "num_modalities": 4,
  "num_topics": 7,
  "total_liklihood": -32682.801535230989
}
