{
  "modality_liklihoods": [
    -13405.434108766369,
    -13234.667136092072,
    -948.93820601338916,
    -4667.0547772896152
  ],
  "num_iteration": 1000,
  "num_modalities": 4,
  "num_topics": 7,
  "total_liklihood": -32256.094228161448
}
