{
  "modality_liklihoods": [
    -12416.403783546217,
    -13218.209703977314,
    -935.06235044690993,
    -4656.9760823594897
  ],
  "num_iteration": 1000,
  "num_modalities": 4,
  "num_topics": 7,
  "total_liklihood": -31226.651920329932
}
