{
  "modality_liklihoods": [
    -14576.911629534296,
    -13301.790107326971,
    -936.98716985997692,
    -4599.248801070923
  ],
  "num_iteration": 1000,
  "num_modalities": 4,
  "num_topics": 7,
  "total_liklihood": -33414.937707792167
}
