{
  "modality_liklihoods": [
    -14115.126946499833,
    -13259.813777460364,
    -939.80844202573189,
    -4613.1440631903642
  ],
  "num_iteration": 1000,
  "num_modalities": 4,
  "num_topics": 7,
  "total_liklihood": -32927.89322917629
}
