{
  "modality_liklihoods": [
    -13797.040497303924,
    -13271.80908903799,
    -941.57755398081736,
    -4658.4057331391623
  ],
  "num_iteration": 1000,
  "num_modalities": 4,
  "num_topics": 7,
  "total_liklihood": -32668.832873461895
}
