{
  "modality_liklihoods": [
    -13512.388822252149,
    -13231.988024406615,
    -939.31507367775464,
    -4672.5041532046271
  ],
  "num_iteration": 1000,
  "num_modalities": 4,
  "num_topics": 7,
  "total_liklihood": -32356.196073541145
}
