{
  "modality_liklihoods": [
    -14012.356448311715,
    -13215.985456218415,
    -943.54968092628337,
    -4726.4908090375911
  ],
  "num_iteration": 1000,
  "num_modalities": 4,
  "num_topics": 7,
  "total_liklihood": -32898.382394494009
}
