{
  "modality_liklihoods": [
    -13314.064671101452,
    -13250.555318989807,
    -940.10909965403982,
    -4623.6453157818933
  ],
  "num_iteration": 1000,
  "num_modalities": 4,
  "num_topics": 7,
  "total_liklihood": -32128.374405527196
}
