{
  "modality_liklihoods": [
    -14060.150144529031,
    -13284.378587083242,
    -941.13142591637995,
    -4686.2243589545915
  ],
  "num_iteration": 1000,
  "num_modalities": 4,
  "num_topics": 7,
  "total_liklihood": -32971.884516483246
}
