{
  "modality_liklihoods": [
    -13379.663635270281,
    -13245.093195578313,
    -942.8730944602903,
    -4617.3795094791021
  ],
  "num_iteration": 1000,
  "num_modalities": 4,
  "num_topics": 7,
  "total_liklihood": -32185.009434787986
}
