{
  "modality_liklihoods": [
    -13544.818796352714,
    -13256.864049886179,
    -939.67962784546751,
    -4607.6411373316005
  ],
  "num_iteration": 1000,
  "num_modalities": 4,
  "num_topics": 7,
  "total_liklihood": -32349.003611415963
}
