{
  "modality_liklihoods": [
    -13772.380822469664,
    -13284.193599997543,
    -945.67409186458451,
    -4587.9720927581657
  ],
  "num_iteration": 1000,
  "num_modalities": 4,
  "num_topics": 7,
  "total_liklihood": -32590.220607089959
}
