{
  "modality_liklihoods": [
    -12734.11151560574,
    -13245.653859699371,
    -941.80438195064994,
    -4628.1660196277508
  ],
  "num_iteration": 1000,
  "num_modalities": 4,
  "num_topics": 7,
  "total_liklihood": -31549.735776883514
}
