{
  "modality_liklihoods": [
    -14475.910617202528,
    -13290.393532659627,
    -935.77556857629793,
    -4633.3906676144115
  ],
  "num_iteration": 1000,
  "num_modalities": 4,
  "num_topics": 7,
  "total_liklihood": -33335.470386052861
}
