{
  "modality_liklihoods": [
    -13998.162368853977,
    -13273.692116851527,
    -938.24747421598659,
    -4666.1340778538597
  ],
  "num_iteration": 1000,
  "num_modalities": 4,
  "num_topics": 7,
  "total_liklihood": -32876.23603777535
}
