{
  "modality_liklihoods": [
    -13551.120867334244,
    -13258.58477806542,
    -947.03847595109164,
    -4649.3518292481649
  ],
  "num_iteration": 1000,
  "num_modalities": 4,
  "num_topics": 7,
  "total_liklihood": -32406.095950598919
}
