{
  "modality_liklihoods": [
    -13223.857026613698,
    -13261.984248331881,
    -938.33902135348933,
    -4577.7180027222439
  ],
  "num_iteration": 1000,
  "num_modalities": 4,
  "num_topics": 7,
  "total_liklihood": -32001.898299021312
}
