{
  "modality_liklihoods": [
    -13886.240114352606,
    -13284.156719693905,
    -936.25640362821127,
    -4648.4622099287999
  ],
  "num_iteration": 1000,
  "num_modalities": 4,
  "num_topics": 7,
  "total_liklihood": -32755.115447603523
}
