{
  "modality_liklihoods": [
    -13512.718035990032,
    -13291.689889269281,
    -938.08121428110871,
    -4718.0261563439562
  ],
  "num_iteration": 1000,
  "num_modalities": 4,
  "num_topics": 7,
  "total_liklihood": -32460.515295884379
}
