{
  "modality_liklihoods": [
    -14860.890751334062,
    -13221.629583800894,
    -938.57303226823672,
    -4690.3762606845939
  ],
  "num_iteration": 1000,
  "num_modalities": 4,
  "num_topics": 7,
  "total_liklihood": -33711.469628087783
}
