{
  "modality_liklihoods": [
    -13395.808379787073,
    -13233.18738332067,
    -945.44431401682004,
    -4667.8151118826281
  ],
  "num_iteration": 1000,
  "num_modalities": 4,
  "num_topics": 7,
  "total_liklihood": -32242.255189007188
}
