{
  "modality_liklihoods": [
    -13419.90081211152,
    -13274.324604668469,
    -944.3094928492726,
    -4645.4355584098921
  ],
  "num_iteration": 1000,
  "num_modalities": 4,
  "num_topics": 7,
  "total_liklihood": -32283.970468039155
}
