{
  "modality_liklihoods": [
    -14281.013827565876,
    -13227.21193804655,
    -938.17481056097711,
    -4635.9821782884064
  ],
  "num_iteration": 1000,
  "num_modalities": 4,
  "num_topics": 7,
  "total_liklihood": -33082.382754461811
}
