{
  "modality_liklihoods": [
    -12735.016977389205,
    -13269.001909924436,
    -949.50252573921773,
    -4608.3616506099133
  ],
  "num_iteration": 1000,
  "num_modalities": 4,
  "num_topics": 7,
  "total_liklihood": -31561.883063662775
}
