{
  "modality_liklihoods": [
    -14322.796323163173,
    -13286.232516738797,
    -935.49654446125544,
    -4639.9234559526858
  ],
  "num_iteration": 1000,
  "num_modalities": 4,
  "num_topics": 7,
  "total_liklihood": -33184.448840315912
}
