{
  "modality_liklihoods": [
    -13278.642757022815,
    -13239.227724417451,
    -945.38434670529739,
    -4595.4968048870214
  ],
  "num_iteration": 1000,
  "num_modalities": 4,
  "num_topics": 7,
  "total_liklihood": -32058.751633032585
}
