{
  "modality_liklihoods": [
    -14110.500237872357,
    -13222.126790578084,
    -936.62472299034357,
    -4649.0194375223709
  ],
  "num_iteration": 1000,
  "num_modalities": 4,
  "num_topics": 7,
  "total_liklihood": -32918.271188963154
}
