{
  "modality_liklihoods": [
    -15049.072414772916,
    -13246.284717642915,
    -938.53063199533199,
    -4631.3730436043834
  ],
  "num_iteration": 1000,
  "num_modalities": 4,
  "num_topics": 7,
  "total_liklihood": -33865.260808015548
}
