{
  "modality_liklihoods": [
    -14632.264649585624,
    -13278.22071208542,
    -941.30856119934583,
    -4674.0352317408615
  ],
  "num_iteration": 1000,
  "num_modalities": 4,
  "num_topics": 7,
  "total_liklihood": -33525.829154611252
}
