{
  "modality_liklihoods": [
    -12288.833192102469,
    -13252.819550808481,
    -943.52107230145032,
    -4625.7205394370776
  ],
  "num_iteration": 1000,
  "num_modalities": 4,
  "num_topics": 7,
  "total_liklihood": -31110.894354649477
}
