{
  "modality_liklihoods": [
    -13878.189848025579,
    -13286.532423376044,
    -937.89336805390496,
    -4607.8451904675503
  ],
  "num_iteration": 1000,
  "num_modalities": 4,
  "num_topics": 7,
  "total_liklihood": -32710.460829923079
}
