{
  "modality_liklihoods": [
    -14064.846508491111,
    -13286.030360734992,
    -940.82694700600962,
    -4649.0509029703753
  ],
  "num_iteration": 1000,
  "num_modalities": 4,
  "num_topics": 7,
  "total_liklihood": -32940.754719202494
}
