{
  "modality_liklihoods": [
    -14490.716805052838,
    -13189.989757314965,
    -938.20113948605638,
    -4742.0529616863896
  ],
  "num_iteration": 1000,
  "num_modalities": 4,
  "num_topics": 7,
  "total_liklihood": -33360.960663540245
}
