{
  "modality_liklihoods": [
    -14451.378227027059,
    -13254.280659565278,
    -940.86807197215501,
    -4612.9270091005155
  ],
  "num_iteration": 1000,
  "num_modalities": 4,
  "num_topics": 7,
  "total_liklihood": -33259.453967665009
}
