{
  "modality_liklihoods": [
    -13832.276098497989,
    -13207.462311081194,
    -944.92946100935342,
    -4622.4450562339907
  ],
  "num_iteration": 1000,
  "num_modalities": 4,
  "num_topics": 7,
  "total_liklihood": -32607.112926822527
}
