{
  "modality_liklihoods": [
    -14021.947195111816,
    -13246.963633833075,
    -938.52751113976728,
    -4631.1167632025017
  ],
  "num_iteration": 1000,
  "num_modalities": 4,
  "num_topics": 7,
  "total_liklihood": -32838.555103287159
}
