{
  "modality_liklihoods": [
    -12610.149984395777,
    -13306.686852894234,
    -941.82427771196228,
    -4631.5306149295575
  ],
  "num_iteration": 1000,
  "num_modalities": 4,
  "num_topics": 7,
  "total_liklihood": -31490.191729931532
}
