{
  "modality_liklihoods": [
    -13600.047874110191,
    -13303.981416060184,
    -941.20069410501014,
    -4628.411626465956
  ],
  "num_iteration": 1000,
  "num_modalities": 4,
  "num_topics": 7,
  "total_liklihood": -32473.641610741339
}
