{
  "modality_liklihoods": [
    -13764.583874811215,
    -13281.124781358412,
    -942.09049966507303,
    -4620.4114799826366
  ],
  "num_iteration": 1000,
  "num_modalities": 4,
  "num_topics": 7,
  "total_liklihood": -32608.210635817333
}
