{
  "modality_liklihoods": [
    -13468.401810187219,
    -13285.497733171354,
    -935.72380629609336,
    -4656.9321216960307
  ],
  "num_iteration": 1000,
  "num_modalities": 4,
  "num_topics": 7,
  "total_liklihood": -32346.555471350697
}
