{
  "modality_liklihoods": [
    -14510.771103305382,
    -13267.181594275356,
    -939.67418041108363,
    -4622.2750993117816
  ],
  "num_iteration": 1000,
  "num_modalities": 4,
  "num_topics": 7,
  "total_liklihood": -33339.901977303605
}
