{
  "modality_liklihoods": [
    -12920.39037645829,
    -13291.676359760617,
    -947.25975258699634,
    -4642.974807672621
  ],
  "num_iteration": 1000,
  "num_modalities": 4,
  "num_topics": 7,
  "total_liklihood": -31802.301296478523
}
