{
  "modality_liklihoods": [
    -14601.422402569917,
    -13287.77387645566,
    -946.74274318171081,
    -4673.8524192279883
  ],
  "num_iteration": 1000,
  "num_modalities": 4,
  "num_topics": 7,
  "total_liklihood": -33509.791441435278
}
