{
  "modality_liklihoods": [
    -12792.886442977153,
    -13292.495705138674,
    -940.42719029100772,
    -4650.7989665427785
  ],
  "num_iteration": 1000,
  "num_modalities": 4,
  "num_topics": 7,
  "total_liklihood": -31676.608304949612
}
