{
  "modality_liklihoods": [
    -14466.502569792079,
    -13233.023770957905,
    -942.37748285214752,
    -4656.8294915063652
  ],
  "num_iteration": 1000,
  "num_modalities": 4,
  "num_topics": 7,
  "total_liklihood": -33298.733315108497
}
