{
  "modality_liklihoods": [
    -13619.975269570858,
    -13279.430412691339,
    -943.93737624854782,
    -4632.1571993990356
  ],
  "num_iteration": 1000,
  "num_modalities": 4,
  "num_topics": 7,
  "total_liklihood": -32475.500257909782
}
