{
  "modality_liklihoods": [
    -14278.393012028841,
    -13246.012828368084,
    -932.01536862883495,
    -4619.0062226592045
  ],
  "num_iteration": 1000,
  "num_modalities": 4,
  "num_topics": 7,
  "total_liklihood": -33075.427431684962
}
