{
  "modality_liklihoods": [
    -13707.565569093438,
    -13254.863975171447,
    -940.73278777084613,
    -4597.910740566851
  ],
  "num_iteration": 1000,
  "num_modalities": 4,
  "num_topics": 7,
  "total_liklihood": -32501.073072602583
}
