{
  "modality_liklihoods": [
    -13972.548379421729,
    -13251.774190420798,
    -939.20097690480054,
    -4667.0566209396902
  ],
  "num_iteration": 1000,
  "num_modalities": 4,
  "num_topics": 7,
  "total_liklihood": -32830.580167687018
}
