{
  "modality_liklihoods": [
    -13914.137384160738,
    -13293.756205191359,
    -949.10534707773741,
    -4620.0565919141955
  ],
  "num_iteration": 1000,
  "num_modalities": 4,
  "num_topics": 7,
  "total_liklihood": -32777.055528344034
}
