{
  "modality_liklihoods": [
    -13559.510488866688,
    -13249.194724862302,
    -942.00318557077094,
    -4668.9951669443071
  ],
  "num_iteration": 1000,
  "num_modalities": 4,
  "num_topics": 7,
  "total_liklihood": -32419.703566244068
}
