{
  "modality_liklihoods": [
    -13736.267862079158,
    -13291.358479567747,
    -932.43091062080987,
    -4628.5638107860123
  ],
  "num_iteration": 1000,
  "num_modalities": 4,
  "num_topics": 7,
  "total_liklihood": -32588.621063053724
}
