{
  "modality_liklihoods": [
    -14061.649611970604,
    -13261.318038860569,
    -939.05502674870297,
    -4616.3774269332371
  ],
  "num_iteration": 1000,
  "num_modalities": 4,
  "num_topics": 7,
  "total_liklihood": -32878.400104513115
}
