{
  "modality_liklihoods": [
    -14534.533346830774,
    -13307.47608676557,
    -932.0072538209198,
    -4663.842286768323
  ],
  "num_iteration": 1000,
  "num_modalities": 4,
  "num_topics": 7,
  "total_liklihood": -33437.85897418559
}
