{
  "modality_liklihoods": [
    -14042.168478113619,
    -13262.034501950558,
    -939.8517971259048,
    -4642.9991559657892
  ],
  "num_iteration": 1000,
  "num_modalities": 4,
  "num_topics": 7,
  "total_liklihood": -32887.053933155868
}
