{
  "modality_liklihoods": [
    -13359.743925170444,
    -13268.005133654264,
    -942.56000432242718,
    -4663.1069291569393
  ],
  "num_iteration": 1000,
  "num_modalities": 4,
  "num_topics": 7,
  "total_liklihood": -32233.415992304075
}
