{
  "modality_liklihoods": [
    -13967.872445498864,
    -13310.130203773693,
    -934.81873367473383,
    -4639.7702077682243
  ],
  "num_iteration": 1000,
  "num_modalities": 4,
  "num_topics": 7,
  "total_liklihood": -32852.591590715514
}
