{
  "modality_liklihoods": [
    -13756.984784601949,
    -13270.396007622718,
    -938.99128614212043,
    -4616.4323205946976
  ],
  "num_iteration": 1000,
  "num_modalities": 4,
  "num_topics": 7,
  "total_liklihood": -32582.804398961485
}
