{
  "modality_liklihoods": [
    -13664.631780755702,
    -13202.041605974329,
    -938.76449281254338,
    -4676.9836603310305
  ],
  "num_iteration": 1000,
  "num_modalities": 4,
  "num_topics": 7,
  "total_liklihood": -32482.421539873605
}
