{
  "modality_liklihoods": [
    -14114.512775565338,
    -13276.720017597874,
    -938.3454888104568,
    -4620.9572922316174
  ],
  "num_iteration": 1000,
  "num_modalities": 4,
  "num_topics": 7,
  "total_liklihood": -32950.535574205285
}
