{
  "modality_liklihoods": [
    -14365.735225874592,
    -13243.319450263607,
    -936.73285461803857,
    -4616.987610823885
  ],
  "num_iteration": 1000,
  "num_modalities": 4,
  "num_topics": 7,
  "total_liklihood": -33162.775141580125
}
