{
  "modality_liklihoods": [
    -12743.992223474224,
    -13253.896452299257,
    -931.9894218198009,
    -4625.0424299546139
  ],
  "num_iteration": 1000,
  "num_modalities": 4,
  "num_topics": 7,
  "total_liklihood": -31554.920527547896
}
