{
  "modality_liklihoods": [
    -14040.405864404391,
    -13253.684177731406,
    -943.78955658998791,
    -4667.1831115395053
  ],
  "num_iteration": 1000,
  "num_modalities": 4,
  "num_topics": 7,
  "total_liklihood": -32905.062710265287
}
