{
  "modality_liklihoods": [
    -14449.240118363781,
    -13282.233463881312,
    -939.0776813077955,
    -4605.5601316282091
  ],
  "num_iteration": 1000,
  "num_modalities": 4,
  "num_topics": 7,
  "total_liklihood": -33276.111395181098
}
