{
  "modality_liklihoods": [
    -14092.72133562417,
    -13245.623930411382,
    -945.14997038271451,
    -4726.0443996933436
  ],
  "num_iteration": 1000,
  "num_modalities": 4,
  "num_topics": 7,
  "total_liklihood": -33009.539636111615
}
