{
  "modality_liklihoods": [
    -14374.590098594099,
    -13254.641449566385,
    -942.93220295603646,
    -4653.3488617897265
  ],
  "num_iteration": 1000,
  "num_modalities": 4,
  "num_topics": 7,
  "total_liklihood": -33225.512612906241
}
