{
  "modality_liklihoods": [
    -12090.884428298983,
    -13290.461525050016,
    -941.32053026055837,
    -4632.6045122985961
  ],
  "num_iteration": 1000,
  "num_modalities": 4,
  "num_topics": 7,
  "total_liklihood": -30955.270995908155
}
