{
  "modality_liklihoods": [
    -13582.296023691604,
    -13266.102612738419,
    -941.69609739372527,
    -4622.7317722975476
  ],
  "num_iteration": 1000,
  "num_modalities": 4,
  "num_topics": 7,
  "total_liklihood": -32412.826506121295
}
