{
  "modality_liklihoods": [
    -13749.628125969239,
    -13245.972460611818,
    -933.47856781032942,
    -4636.7332223965304
  ],
  "num_iteration": 1000,
  "num_modalities": 4,
  "num_topics": 7,
  "total_liklihood": -32565.812376787919
}
