{
  "modality_liklihoods": [
    -14595.045576257417,
    -13255.964134568811,
    -941.23606556624293,
    -4597.8601331933905
  ],
  "num_iteration": 1000,
  "num_modalities": 4,
  "num_topics": 7,
  "total_liklihood": -33390.105909585858
}
