{
  "modality_liklihoods": [
    -14015.935911341763,
    -13266.985248617759,
    -944.55031204976717,
    -4643.4641836667925
  ],
  "num_iteration": 1000,
  "num_modalities": 4,
  "num_topics": 7,
  "total_liklihood": -32870.935655676083
}
