{
  "modality_liklihoods": [
    -14499.903181492524,
    -13295.022511952639,
    -938.00054103908235,
    -4695.4439020596183
  ],
  "num_iteration": 1000,
  "num_modalities": 4,
  "num_topics": 7,
  "total_liklihood": -33428.370136543861
}
