{
  "modality_liklihoods": [
    -14023.658922184386,
    -13252.983263101158,
    -940.48817804666635,
    -4644.6659897838445
  ],
  "num_iteration": 1000,
  "num_modalities": 4,
  "num_topics": 7,
  "total_liklihood": -32861.796353116057
}
