{
  "modality_liklihoods": [
    -14036.266012897881,
    -13255.794212672572,
    -937.58957178255446,
    -4631.0874467117474
  ],
  "num_iteration": 1000,
  "num_modalities": 4,
  "num_topics": 7,
  "total_liklihood": -32860.737244064752
}
