{
  "modality_liklihoods": [
    -14051.804874788742,
    -13253.614868237388,
    -939.57292510274749,
    -4625.4194421933462
  ],
  "num_iteration": 1000,
  "num_modalities": 4,
  "num_topics": 7,
  "total_liklihood": -32870.412110322228
}
