{
  "modality_liklihoods": [
    -14090.178048562506,
    -13233.537100470958,
    -942.15297076805541,
    -4747.1981911130806
  ],
  "num_iteration": 1000,
  "num_modalities": 4,
  "num_topics": 7,
  "total_liklihood": -33013.066310914604
}
