{
  "modality_liklihoods": [
    -13374.624036397383,
    -13275.024041066497,
    -941.44911916889737,
    -4613.2512747289702
  ],
  "num_iteration": 1000,
  "num_modalities": 4,
  "num_topics": 7,
  "total_liklihood": -32204.348471361747
}
