{
  "modality_liklihoods": [
    -13643.138340368892,
    -13301.53379540407,
    -935.83655753296307,
    -4604.4186883861503
  ],
  "num_iteration": 1000,
  "num_modalities": 4,
  "num_topics": 7,
  "total_liklihood": -32484.927381692076
}
