{
  "modality_liklihoods": [
    -13148.175077753267,
    -13258.813298949473,
    -945.89947650510373,
    -4625.9714533531132
  ],
  "num_iteration": 1000,
  "num_modalities": 4,
  "num_topics": 7,
  "total_liklihood": -31978.85930656096
}
