{
  "modality_liklihoods": [
    -13503.771896062042,
    -13294.78810210805,
    -945.63345910551186,
    -4645.6384571228455
  ],
  "num_iteration": 1000,
  "num_modalities": 4,
  "num_topics": 7,
  "total_liklihood": -32389.831914398452
}
