{
  "modality_liklihoods": [
    -14434.606665096177,
    -13266.644128329781,
    -934.80827967558719,
    -4642.6880262932473
  ],
  "num_iteration": 1000,
  "num_modalities": 4,
  "num_topics": 7,
  "total_liklihood": -33278.747099394794
}
