{
  "modality_liklihoods": [
    -14171.947945277798,
    -13239.362625161069,
    -944.10177240412429,
    -4615.6827493455103
  ],
  "num_iteration": 1000,
  "num_modalities": 4,
  "num_topics": 7,
  "total_liklihood": -32971.095092188501
}
