{
  "modality_liklihoods": [
    -13995.165056102083,
    -13303.118799509284,
    -939.82226607785401,
    -4641.1176722915216
  ],
  "num_iteration": 1000,
  "num_modalities": 4,
  "num_topics": 7,
  "total_liklihood": -32879.223793980746
}
