{
  "modality_liklihoods": [
    -13318.696574317557,
    -13274.614685249926,
    -942.28046722539864,
    -4623.0345682547904
  ],
  "num_iteration": 1000,
  "num_modalities": 4,
  "num_topics": 7,
  "total_liklihood": -32158.626295047674
}
