{
  "modality_liklihoods": [
    -14048.403504981801,
    -13312.869540409865,
    -942.88922164493079,
    -4654.8097119953427
  ],
  "num_iteration": 1000,
  "num_modalities": 4,
  "num_topics": 7,
  "total_liklihood": -32958.971979031943
}
