{
  "modality_liklihoods": [
    -13495.9928248664,
    -13262.591408396742,
    -940.90817776548499,
    -4652.1122225846266
  ],
  "num_iteration": 1000,
  "num_modalities": 4,
  "num_topics": 7,
  "total_liklihood": -32351.604633613257
}
