{
  "modality_liklihoods": [
    -13733.946591629825,
    -13225.338624521464,
    -944.49174676586108,
    -4616.2922706662102
  ],
  "num_iteration": 1000,
  "num_modalities": 4,
  "num_topics": 7,
  "total_liklihood": -32520.069233583359
}
