{
  "modality_liklihoods": [
    -13983.139224818806,
    -13247.437971871941,
    -937.52929131423105,
    -4671.1756372614973
  ],
  "num_iteration": 1000,
  "num_modalities": 4,
  "num_topics": 7,
  "total_liklihood": -32839.282125266473
}
