{
  "modality_liklihoods": [
    -13528.635743223222,
    -13274.155593264251,
    -934.15121008257802,
    -4608.460962876844
  ],
  "num_iteration": 1000,
  "num_modalities": 4,
  "num_topics": 7,
  "total_liklihood": -32345.403509446896
}
