{
  "modality_liklihoods": [
    -13300.454588304889,
    -13275.94103802949,
    -941.54537513974049,
    -4705.5860808024636
  ],
  "num_iteration": 1000,
  "num_modalities": 4,
  "num_topics": 7,
  "total_liklihood": -32223.527082276581
}
