{
  "modality_liklihoods": [
    -12477.982579681373,
    -13250.978399902389,
    -939.08861200677541,
    -4712.6757852954179
  ],
  "num_iteration": 1000,
  "num_modalities": 4,
  "num_topics": 7,
  "total_liklihood": -31380.725376885955
}
