{
  "modality_liklihoods": [
    -13842.297316666409,
    -13305.389011419771,
    -939.77722473480242,
    -4610.8332212234973
  ],
  "num_iteration": 1000,
  "num_modalities": 4,
  "num_topics": 7,
  "total_liklihood": -32698.29677404448
}
