{
  "modality_liklihoods": [
    -13803.121952869085,
    -13252.765570015245,
    -944.89542748446229,
    -4636.7243568236718
  ],
  "num_iteration": 1000,
  "num_modalities": 4,
  "num_topics": 7,
  "total_liklihood": -32637.507307192463
}
