{
  "modality_liklihoods": [
    -14072.204281279617,
    -13251.574796604327,
    -937.60195058708075,
    -4630.8682925663315
  ],
  "num_iteration": 1000,
  "num_modalities": 4,
  "num_topics": 7,
  "total_liklihood": -32892.249321037358
}
