{
  "modality_liklihoods": [
    -14097.978897870938,
    -13281.501213770853,
    -930.62675098312798,
    -4588.4492519370069
  ],
  "num_iteration": 1000,
  "num_modalities": 4,
  "num_topics": 7,
  "total_liklihood": -32898.556114561929
}
