{
  "modality_liklihoods": [
    -13959.359281161671,
    -13296.63152150072,
    -938.66716072495171,
    -4634.9009047489735
  ],
  "num_iteration": 1000,
  "num_modalities": 4,
  "num_topics": 7,
  "total_liklihood": -32829.558868136315
}
