{
  "modality_liklihoods": [
    -14281.812835683098,
    -13257.782602025391,
    -940.26233507195582,
    -4625.9464906839394
  ],
  "num_iteration": 1000,
  "num_modalities": 4,
  "num_topics": 7,
  "total_liklihood": -33105.804263464386
}
