{
  "modality_liklihoods": [
    -13515.950791815512,
    -13176.579557800351,
    -940.37671424739665,
    -4676.0986455341163
  ],
  "num_iteration": 1000,
  "num_modalities": 4,
  "num_topics": 7,
  "total_liklihood": -32309.005709397374
}
