{
  "modality_liklihoods": [
    -14062.831795457643,
    -13252.833864928063,
    -937.9848173742256,
    -4629.7044907618665
  ],
  "num_iteration": 1000,
  "num_modalities": 4,
  "num_topics": 7,
  "total_liklihood": -32883.354968521795
}
