{
  "modality_liklihoods": [
    -13440.305317153947,
    -13227.858378601786,
    -946.69361513506544,
    -4687.1027925804337
  ],
  "num_iteration": 1000,
  "num_modalities": 4,
  "num_topics": 7,
  "total_liklihood": -32301.960103471232
}
