{
  "modality_liklihoods": [
    -14132.625200704269,
    -13252.582388199451,
    -939.26637025413288,
    -4633.959361592897
  ],
  "num_iteration": 1000,
  "num_modalities": 4,
  "num_topics": 7,
  "total_liklihood": -32958.433320750752
}
