{
  "modality_liklihoods": [
    -13855.068176982777,
    -13270.997461901014,
    -933.29103879685681,
    -4647.5967651581432
  ],
  "num_iteration": 1000,
  "num_modalities": 4,
  "num_topics": 7,
  "total_liklihood": -32706.953442838792
}
