{
  "modality_liklihoods": [
    -14689.574034237698,
    -13275.642248298715,
    -939.17288686477923,
    -4677.8020469290523
  ],
  "num_iteration": 1000,
  "num_modalities": 4,
  "num_topics": 7,
  "total_liklihood": -33582.191216330248
}
