{
  "modality_liklihoods": [
    -12321.821484234397,
    -13257.56883004482,
    -947.605579496225,
    -4606.6393136146116
  ],
  "num_iteration": 1000,
  "num_modalities": 4,
  "num_topics": 7,
  "total_liklihood": -31133.635207390056
}
