{
  "modality_liklihoods": [
    -14482.165933458975,
    -13301.770478035554,
    -936.39434125666708,
    -4620.9988978717392
  ],
  "num_iteration": 1000,
  "num_modalities": 4,
  "num_topics": 7,
  "total_liklihood": -33341.329650622931
}
