{
  "modality_liklihoods": [
    -14441.326696556869,
    -13255.701925318866,
    -936.13013940544818,
    -4631.907559648731
  ],
  "num_iteration": 1000,
  "num_modalities": 4,
  "num_topics": 7,
  "total_liklihood": -33265.066320929916
}
