{
  "modality_liklihoods": [
    -13845.338378973347,
    -13309.952589344184,
    -940.50246037349302,
    -4625.7833233457613
  ],
  "num_iteration": 1000,
  "num_modalities": 4,
  "num_topics": 7,
  "total_liklihood": -32721.576752036784
}
