{
  "modality_liklihoods": [
    -13659.320032063937,
    -13228.284829834583,
    -938.96261629434844,
    -4667.2647327049781
  ],
  "num_iteration": 1000,
  "num_modalities": 4,
  "num_topics": 7,
  "total_liklihood": -32493.83221089785
}
