{
  "modality_liklihoods": [
    -14058.781212615999,
    -13279.044793628009,
    -934.39878863833121,
    -4611.1967993278222
  ],
  "num_iteration": 1000,
  "num_modalities": 4,
  "num_topics": 7,
  "total_liklihood": -32883.421594210165
}
