{
  "modality_liklihoods": [
    -14426.990543275262,
    -13202.440569035571,
    -939.48004598368595,
    -4763.139618597962
  ],
  "num_iteration": 1000,
  "num_modalities": 4,
  "num_topics": 7,
  "total_liklihood": -33332.05077689248
}
