{
  "modality_liklihoods": [
    -13610.573815185076,
    -13231.189063630414,
    -949.0025465004635,
    -4635.731502226201
  ],
  "num_iteration": 1000,
  "num_modalities": 4,
  "num_topics": 7,
  "total_liklihood": -32426.496927542154
}
