{
  "modality_liklihoods": [
    -14604.308562801041,
    -13282.801939913648,
    -937.0223155294027,
    -4626.7627001099354
  ],
  "num_iteration": 1000,
  "num_modalities": 4,
  "num_topics": 7,
  "total_liklihood": -33450.895518354031
}
