{
  "modality_liklihoods": [
    -14489.625817152093,
    -13239.652480635497,
    -940.97060970324742,
    -4639.5140379572804
  ],
  "num_iteration": 1000,
  "num_modalities": 4,
  "num_topics": 7,
  "total_liklihood": -33309.762945448121
}
