{
  "modality_liklihoods": [
    -13511.251915032224,
    -13321.544143293839,
    -944.78096754740864,
    -4663.2487102131327
  ],
  "num_iteration": 1000,
  "num_modalities": 4,
  "num_topics": 7,
  "total_liklihood": -32440.825736086605
}
