{
  "modality_liklihoods": [
    -13696.104483177431,
    -13233.545431470286,
    -945.49882773449121,
    -4631.1547801910438
  ],
  "num_iteration": 1000,
  "num_modalities": 4,
  "num_topics": 7,
  "total_liklihood": -32506.303522573253
}
