{
  "modality_liklihoods": [
    -14162.133955585061,
    -13277.376271826181,
    -939.93606041023281,
    -4637.2276910953578
  ],
  "num_iteration": 1000,
  "num_modalities": 4,
  "num_topics": 7,
  "total_liklihood": -33016.673978916835
}
