{
  "modality_liklihoods": [
    -13817.95282014739,
    -13208.229037884643,
    -942.35672307063112,
    -4677.8783816293726
  ],
  "num_iteration": 1000,
  "num_modalities": 4,
  "num_topics": 7,
  "total_liklihood": -32646.416962732037
}
