{
  "modality_liklihoods": [
    -13973.182122524857,
    -13288.628819392252,
    -938.42383724434717,
    -4629.0207222998888
  ],
  "num_iteration": 1000,
  "num_modalities": 4,
  "num_topics": 7,
  "total_liklihood": -32829.255501461346
}
