{
  "modality_liklihoods": [
    -14823.872384253613,
    -13189.839232891156,
    -939.90028251555066,
    -4664.3344308857904
  ],
  "num_iteration": 1000,
  "num_modalities": 4,
  "num_topics": 7,
  "total_liklihood": -33617.94633054611
}
