{
  "modality_liklihoods": [
    -13548.290064231589,
    -13200.330412303221,
    -943.37133799130424,
    -4633.2412417345013
  ],
  "num_iteration": 1000,
  "num_modalities": 4,
  "num_topics": 7,
  "total_liklihood": -32325.233056260611
}
