{
  "modality_liklihoods": [
    -13402.295916970665,
    -13261.221155093328,
    -933.07061653835865,
    -4637.2719213159689
  ],
  "num_iteration": 1000,
  "num_modalities": 4,
  "num_topics": 7,
  "total_liklihood": -32233.859609918323
}
