{
  "modality_liklihoods": [
    -13670.809348112269,
    -13220.654162854291,
    -945.08347052288809,
    -4641.1454999921443
  ],
  "num_iteration": 1000,
  "num_modalities": 4,
  "num_topics": 7,
  "total_liklihood": -32477.692481481594
}
