{
  "modality_liklihoods": [
    -14042.145732660205,
    -13283.662462630422,
    -944.35731870310769,
    -4659.3056598923749
  ],
  "num_iteration": 1000,
  "num_modalities": 4,
  "num_topics": 7,
  "total_liklihood": -32929.471173886108
}
