{
  "modality_liklihoods": [
    -13542.531660658524,
    -13263.319171301109,
    -933.9762889562204,
    -4676.818924535346
  ],
  "num_iteration": 1000,
  "num_modalities": 4,
  "num_topics": 7,
  "total_liklihood": -32416.646045451198
}
