{
  "modality_liklihoods": [
    -14115.589534788258,
    -13221.154147570876,
    -939.72073935498645,
    -4731.1305959361425
  ],
  "num_iteration": 1000,
  "num_modalities": 4,
  "num_topics": 7,
  "total_liklihood": -33007.595017650267
}
