{
  "modality_liklihoods": [
    -13829.012077877962,
    -13304.86394550725,
    -938.90616167909309,
    -4624.3560359499788
  ],
  "num_iteration": 1000,
  "num_modalities": 4,
  "num_topics": 7,
  "total_liklihood": -32697.138221014284
}
