{
  "modality_liklihoods": [
    -14188.828225266596,
    -13268.794436720134,
    -934.61634302697792,
    -4667.4624290088159
  ],
  "num_iteration": 1000,
  "num_modalities": 4,
  "num_topics": 7,
  "total_liklihood": -33059.701434022521
}
