{
  "modality_liklihoods": [
    -14360.259096948979,
    -13254.847204757394,
    -946.4680574073958,
    -4564.0334970498507
  ],
  "num_iteration": 1000,
  "num_modalities": 4,
  "num_topics": 7,
  "total_liklihood": -33125.607856163617
}
