{
  "modality_liklihoods": [
    -13211.158256920135,
    -13268.406415351394,
    -937.28439619295045,
    -4644.1354221412748
  ],
  "num_iteration": 1000,
  "num_modalities": 4,
  "num_topics": 7,
  "total_liklihood": -32060.984490605755
}
