{
  "modality_liklihoods": [
    -14440.391213116425,
    -13238.815365572089,
    -944.45478529341517,
    -4690.6375510298403
  ],
  "num_iteration": 1000,
  "num_modalities": 4,
  "num_topics": 7,
  "total_liklihood": -33314.298915011772
}
