{
  "modality_liklihoods": [
    -14267.079574207912,
    -13238.427075987762,
    -943.52559985391406,
    -4662.6562746324271
  ],
  "num_iteration": 1000,
  "num_modalities": 4,
  "num_topics": 7,
  "total_liklihood": -33111.688524682017
}
