{
  "modality_liklihoods": [
    -14349.92262010272,
    -13233.495062343771,
    -939.54217069852848,
    -4659.6174543883644
  ],
  "num_iteration": 1000,
  "num_modalities": 4,
  "num_topics": 7,
  "total_liklihood": -33182.577307533385
}
