{
  "modality_liklihoods": [
    -14057.391684594957,
    -13264.773573968239,
    -944.200917456453,
    -4643.6063688271079
  ],
  "num_iteration": 1000,
  "num_modalities": 4,
  "num_topics": 7,
  "total_liklihood": -32909.972544846758
}
