{
  "modality_liklihoods": [
    -13512.367072826253,
    -13272.26480015469,
    -945.85276360791204,
    -4647.2916203928417
  ],
  "num_iteration": 1000,
  "num_modalities": 4,
  "num_topics": 7,
  "total_liklihood": -32377.776256981699
}
