{
  "modality_liklihoods": [
    -13460.149654527406,
    -13250.292864124993,
    -939.81965559686444,
    -4602.2939880377335
  ],
  "num_iteration": 1000,
  "num_modalities": 4,
  "num_topics": 7,
  "total_liklihood": -32252.556162286997
}
