{
  "modality_liklihoods": [
    -13822.528781477584,
    -13294.684743680946,
    -937.9058714742763,
    -4652.8265871450249
  ],
  "num_iteration": 1000,
  "num_modalities": 4,
  "num_topics": 7,
  "total_liklihood": -32707.945983777827
}
