{
  "modality_liklihoods": [
    -14000.768423314674,
    -13192.327703565539,
    -933.99486068207273,
    -4645.3635791274673
  ],
  "num_iteration": 1000,
  "num_modalities": 4,
  "num_topics": 7,
  "total_liklihood": -32772.454566689754
}
