{
  "modality_liklihoods": [
    -14328.261458925659,
    -13242.895953436644,
    -942.59271501702358,
    -4634.749938379754
  ],
  "num_iteration": 1000,
  "num_modalities": 4,
  "num_topics": 7,
  "total_liklihood": -33148.500065759079
}
