{
  "modality_liklihoods": [
    -12995.87339350685,
    -13246.137970646625,
    -944.52007740946613,
    -4607.3051254508409
  ],
  "num_iteration": 1000,
  "num_modalities": 4,
  "num_topics": 7,
  "total_liklihood": -31793.836567013786
}
