{
  "modality_liklihoods": [
    -14130.340725382483,
    -13272.246077301641,
    -944.81759438047231,
    -4636.5122669700722
  ],
  "num_iteration": 1000,
  "num_modalities": 4,
  "num_topics": 7,
  "total_liklihood": -32983.916664034667
}
