{
  "modality_liklihoods": [
    -13781.42682178521,
    -13305.301589850285,
    -940.01608798550512,
    -4625.3143954736433
  ],
  "num_iteration": 1000,
  "num_modalities": 4,
  "num_topics": 7,
  "total_liklihood": -32652.058895094644
}
