{
  "modality_liklihoods": [
    -14338.189902367378,
    -13308.887252414561,
    -934.48706574737514,
    -4617.0922197986574
  ],
  "num_iteration": 1000,
  "num_modalities": 4,
  "num_topics": 7,
  "total_liklihood": -33198.65644032797
}
