{
  "modality_liklihoods": [
    -14168.329732001561,
    -13234.727073484622,
    -941.55862285654882,
    -4734.245549689269
  ],
  "num_iteration": 1000,
  "num_modalities": 4,
  "num_topics": 7,
  "total_liklihood": -33078.860978031997
}
