{
  "modality_liklihoods": [
    -14008.234836623546,
    -13269.573475041916,
    -940.92818385275052,
    -4625.792333797086
  ],
  "num_iteration": 1000,
  "num_modalities": 4,
  "num_topics": 7,
  "total_liklihood": -32844.528829315299
}
