{
  "modality_liklihoods": [
    -13793.142520531141,
    -13307.81127564537,
    -943.03848393011026,
    -4644.02684890412
  ],
  "num_iteration": 1000,
  "num_modalities": 4,
  "num_topics": 7,
  "total_liklihood": -32688.01912901074
}
