{
  "modality_liklihoods": [
    -13687.599234509848,
    -13290.398169583636,
    -937.92615843325041,
    -4607.2786120571136
  ],
  "num_iteration": 1000,
  "num_modalities": 4,
  "num_topics": 7,
  "total_liklihood": -32523.202174583846
}
