{
  "modality_liklihoods": [
    -11891.488645690406,
    -13280.12691749216,
    -940.66177809877763,
    -4663.1219056448572
  ],
  "num_iteration": 1000,
  "num_modalities": 4,
  "num_topics": 7,
  "total_liklihood": -30775.399246926201
}
