{
  "modality_liklihoods": [
    -13629.586392700627,
    -13238.528537421602,
    -942.6585886175169,
    -4687.9031118135763
  ],
  "num_iteration": 1000,
  "num_modalities": 4,
  "num_topics": 7,
  "total_liklihood": -32498.67663055332
}
