{
  "modality_liklihoods": [
    -13716.152622310447,
    -13261.41440076129,
    -942.95373155891184,
    -4629.1628599555679
  ],
  "num_iteration": 1000,
  "num_modalities": 4,
  "num_topics": 7,
  "total_liklihood": -32549.683614586218
}
