{
  "modality_liklihoods": [
    -13831.785077333237,
    -13297.315600938897,
    -939.11948541815661,
    -4612.3151642870562
  ],
  "num_iteration": 1000,
  "num_modalities": 4,
  "num_topics": 7,
  "total_liklihood": -32680.535327977348
}
