{
  "modality_liklihoods": [
    -13097.802960497034,
    -13285.454189650862,
    -946.42868954257654,
    -4612.1703810921381
  ],
  "num_iteration": 1000,
  "num_modalities": 4,
  "num_topics": 7,
  "total_liklihood": -31941.856220782611
}
