{
  "modality_liklihoods": [
    -14424.955158420833,
    -13265.564974815088,
    -936.75750175505732,
    -4640.5552501037391
  ],
  "num_iteration": 1000,
  "num_modalities": 4,
  "num_topics": 7,
  "total_liklihood": -33267.832885094722
}
