{
  "modality_liklihoods": [
    -14690.052991456372,
    -13300.304748271421,
    -945.40813588107801,
    -4644.3686969325954
  ],
  "num_iteration": 1000,
  "num_modalities": 4,
  "num_topics": 7,
  "total_liklihood": -33580.134572541465
}
