{
  "modality_liklihoods": [
    -13489.076191258109,
    -13284.602266951853,
    -933.52244765734281,
    -4607.3367294898662
  ],
  "num_iteration": 1000,
  "num_modalities": 4,
  "num_topics": 7,
  "total_liklihood": -32314.537635357174
}
