{
  "modality_liklihoods": [
    -14254.567889469979,
    -13227.782145425343,
    -940.84431176466262,
    -4628.6840978861392
  ],
  "num_iteration": 1000,
  "num_modalities": 4,
  "num_topics": 7,
  "total_liklihood": -33051.878444546128
}
