{
  "modality_liklihoods": [
    -13332.251661403347,
    -13263.535173623497,
    -940.65436849473861,
    -4627.6944981681427
  ],
  "num_iteration": 1000,
  "num_modalities": 4,
  "num_topics": 7,
  "total_liklihood": -32164.135701689724
}
