{
  "modality_liklihoods": [
    -14262.472891717951,
    -13225.413464804586,
    -941.35580118584949,
    -4619.1286643779249
  ],
  "num_iteration": 1000,
  "num_modalities": 4,
  "num_topics": 7,
  "total_liklihood": -33048.370822086312
}
