{
  "modality_liklihoods": [
    -13689.528360662081,
    -13231.899917855775,
    -938.09027030122888,
    -4637.4631338543595
  ],
  "num_iteration": 1000,
  "num_modalities": 4,
  "num_topics": 7,
  "total_liklihood": -32496.981682673446
}
