{
  "modality_liklihoods": [
    -14019.526002914798,
    -13255.733712131732,
    -941.12546725285722,
    -4667.8665043958918
  ],
  "num_iteration": 1000,
  "num_modalities": 4,
  "num_topics": 7,
  "total_liklihood": -32884.251686695279
}
