{
  "modality_liklihoods": [
    -13508.659662687456,
    -13231.249784906749,
    -950.2268297948666,
    -4660.5847590575249
  ],
  "num_iteration": 1000,
  "num_modalities": 4,
  "num_topics": 7,
  "total_liklihood": -32350.721036446594
}
