{
  "modality_liklihoods": [
    -13457.8339654464,
    -13209.13637941681,
    -942.98162223713643,
    -4647.5086886051104
  ],
  "num_iteration": 1000,
  "num_modalities": 4,
  "num_topics": 7,
  "total_liklihood": -32257.460655705458
}
