{
  "modality_liklihoods": [
    -13837.861085173508,
    -13259.312390137275,
    -938.12666104274331,
    -4608.0775264915774
  ],
  "num_iteration": 1000,
  "num_modalities": 4,
  "num_topics": 7,
  "total_liklihood": -32643.377662845101
}
