{
  "modality_liklihoods": [
    -14886.497077941598,
    -13237.949942300073,
    -940.52998753799966,
    -4650.9558989312291
  ],
  "num_iteration": 1000,
  "num_modalities": 4,
  "num_topics": 7,
  "total_liklihood": -33715.932906710899
}
