{
  "modality_liklihoods": [
    -14433.895394807183,
    -13272.883992413901,
    -944.83447617499087,
    -4634.3428680154684
  ],
  "num_iteration": 1000,
  "num_modalities": 4,
  "num_topics": 7,
  "total_liklihood": -33285.956731411541
}
