{
  "modality_liklihoods": [
    -14281.13215657836,
    -13252.953568264131,
    -937.86560134798583,
    -4634.4362074577048
  ],
  "num_iteration": 1000,
  "num_modalities": 4,
  "num_topics": 7,
  "total_liklihood": -33106.38753364818
}
