{
  "modality_liklihoods": [
    -13561.3523051191,
    -13222.26252374288,
    -945.77718330443884,
    -4666.7869986021296
  ],
  "num_iteration": 1000,
  "num_modalities": 4,
  "num_topics": 7,
  "total_liklihood": -32396.179010768548
}
