{
  "modality_liklihoods": [
    -14517.428034442009,
    -13235.326799999993,
    -937.05231549215705,
    -4603.9479053205787
  ],
  "num_iteration": 1000,
  "num_modalities": 4,
  "num_topics": 7,
  "total_liklihood": -33293.75505525474
}
