{
  "modality_liklihoods": [
    -13368.468311344217,
    -13298.515905934435,
    -938.73340557898996,
    -4623.2395324789049
  ],
  "num_iteration": 1000,
  "num_modalities": 4,
  "num_topics": 7,
  "total_liklihood": -32228.957155336546
}
