{
  "modality_liklihoods": [
    -13995.701311787321,
    -13258.84313616048,
    -929.18895019950503,
    -4656.8223583350991
  ],
  "num_iteration": 1000,
  "num_modalities": 4,
  "num_topics": 7,
  "total_liklihood": -32840.555756482412
}
