{
  "modality_liklihoods": [
    -13915.425742634947,
    -13256.774232591633,
    -940.49006116714691,
    -4661.6454343555524
  ],
  "num_iteration": 1000,
  "num_modalities": 4,
  "num_topics": 7,
  "total_liklihood": -32774.335470749284
}
