{
  "modality_liklihoods": [
    -15064.803176686542,
    -13211.398266315506,
    -941.00960964616763,
    -4663.6224387630609
  ],
  "num_iteration": 1000,
  "num_modalities": 4,
  "num_topics": 7,
  "total_liklihood": -33880.833491411278
}
