{
  "modality_liklihoods": [
    -14140.619206339288,
    -13270.396622696497,
    -936.75657659903857,
    -4642.6433130024607
  ],
  "num_iteration": 1000,
  "num_modalities": 4,
  "num_topics": 7,
  "total_liklihood": -32990.41571863729
}
