{
  "modality_liklihoods": [
    -13068.317682521129,
    -13251.549750255648,
    -945.4389203602675,
    -4581.7619106385537
  ],
  "num_iteration": 1000,
  "num_modalities": 4,
  "num_topics": 7,
  "total_liklihood": -31847.068263775596
}
