{
  "modality_liklihoods": [
    -13955.93982697823,
    -13219.34165947872,
    -937.42724313041879,
    -4643.5952285247186
  ],
  "num_iteration": 1000,
  "num_modalities": 4,
  "num_topics": 7,
  "total_liklihood": -32756.30395811209
}
