{
  "modality_liklihoods": [
    -13504.242757474212,
    -13217.551059646828,
    -939.92715903529802,
    -4697.6569001363541
  ],
  "num_iteration": 1000,
  "num_modalities": 4,
  "num_topics": 7,
  "total_liklihood": -32359.377876292692
}
