{
  "modality_liklihoods": [
    -13940.761707491967,
    -13293.094979807263,
    -945.40775135935382,
    -4627.5107455232901
  ],
  "num_iteration": 1000,
  "num_modalities": 4,
  "num_topics": 7,
  "total_liklihood": -32806.775184181875
}
