{
  "modality_liklihoods": [
    -14307.011266419597,
    -13282.132531084722,
    -935.82603171998676,
    -4660.8247583423308
  ],
  "num_iteration": 1000,
  "num_modalities": 4,
  "num_topics": 7,
  "total_liklihood": -33185.794587566634
}
