{
  "modality_liklihoods": [
    -13894.343297797755,
    -13281.360005452319,
    -941.19514712448483,
    -4648.2718108524168
  ],
  "num_iteration": 1000,
  "num_modalities": 4,
  "num_topics": 7,
  "total_liklihood": -32765.17026122698
}
