{
  "modality_liklihoods": [
    -13281.714401956047,
    -13263.717024913638,
    -941.50948537651743,
    -4644.409906974809
  ],
  "num_iteration": 1000,
  "num_modalities": 4,
  "num_topics": 7,
  "total_liklihood": -32131.35081922101
}
