{
  "modality_liklihoods": [
    -13879.887475598125,
    -13283.802415084107,
    -943.40238719634215,
    -4613.5783685638089
  ],
  "num_iteration": 1000,
  "num_modalities": 4,
  "num_topics": 7,
  "total_liklihood": -32720.670646442384
}
