{
  "modality_liklihoods": [
    -13916.909556126255,
    -13269.183437946291,
    -946.00229203461686,
    -4656.85991464776
  ],
  "num_iteration": 1000,
  "num_modalities": 4,
  "num_topics": 7,
  "total_liklihood": -32788.955200754921
}
