{
  "modality_liklihoods": [
    -14260.656991091601,
    -13270.549266455606,
    -940.22885681433729,
    -4724.5702451228526
  ],
  "num_iteration": 1000,
  "num_modalities": 4,
  "num_topics": 7,
  "total_liklihood": -33196.005359484399
}
