{
  "modality_liklihoods": [
    -14084.561622025507,
    -13285.568987460729,
    -940.89877795200186,
    -4646.9092213883105
  ],
  "num_iteration": 1000,
  "num_modalities": 4,
  "num_topics": 7,
  "total_liklihood": -32957.938608826553
}
