{
  "modality_liklihoods": [
    -13714.719552650278,
    -13228.98641486518,
    -937.99066466581746,
    -4655.7727830417034
  ],
  "num_iteration": 1000,
  "num_modalities": 4,
  "num_topics": 7,
  "total_liklihood": -32537.469415222979
}
