{
  "modality_liklihoods": [
    -14117.572193168511,
    -13236.129849575078,
    -939.44416461755191,
    -4689.5944114119166
  ],
  "num_iteration": 1000,
  "num_modalities": 4,
  "num_topics": 7,
  "total_liklihood": -32982.740618773059
}
