{
  "modality_liklihoods": [
    -13674.374490426777,
    -13266.378394875559,
    -943.61436028193725,
    -4562.6415450980503
  ],
  "num_iteration": 1000,
  "num_modalities": 4,
  "num_topics": 7,
  "total_liklihood": -32447.008790682321
}
