{
  "modality_liklihoods": [
    -13999.806208426591,
    -13311.614193937106,
    -942.61640391206208,
    -4641.0884939012349
  ],
  "num_iteration": 1000,
  "num_modalities": 4,
  "num_topics": 7,
  "total_liklihood": -32895.125300176995
}
