{
  "modality_liklihoods": [
    -13801.475300635815,
    -13292.870286137386,
    -944.91063229353426,
    -4657.0369590017744
  ],
  "num_iteration": 1000,
  "num_modalities": 4,
  "num_topics": 7,
  "total_liklihood": -32696.29317806851
}
