{
  "modality_liklihoods": [
    -13826.060879249011,
    -13276.056923336871,
    -934.88308900366599,
    -4673.5830181832007
  ],
  "num_iteration": 1000,
  "num_modalities": 4,
  "num_topics": 7,
  "total_liklihood": -32710.583909772751
}
