{
  "modality_liklihoods": [
    -14090.392193272883,
    -13286.49030819813,
    -935.7941757055703,
    -4665.7169895472325
  ],
  "num_iteration": 1000,
  "num_modalities": 4,
  "num_topics": 7,
  "total_liklihood": -32978.393666723816
}
