{
  "modality_liklihoods": [
    -14688.978190479806,
    -13232.578736319239,
    -938.10970014158079,
    -4652.2321298117422
  ],
  "num_iteration": 1000,
  "num_modalities": 4,
  "num_topics": 7,
  "total_liklihood": -33511.898756752365
}
