{
  "modality_liklihoods": [
    -13978.751628552658,
    -13207.874722444118,
    -939.29535195774884,
    -4661.9966826698537
  ],
  "num_iteration": 1000,
  "num_modalities": 4,
  "num_topics": 7,
  "total_liklihood": -32787.918385624376
}
