{
  "modality_liklihoods": [
    -13912.478504674547,
    -13285.200543803528,
    -943.47246735031388,
    -4631.2891928025692
  ],
  "num_iteration": 1000,
  "num_modalities": 4,
  "num_topics": 7,
  "total_liklihood": -32772.440708630958
}
