{
  "modality_liklihoods": [
    -13585.799603248166,
    -13274.624127334184,
    -927.44575838980938,
    -4584.4108076869215
  ],
  "num_iteration": 1000,
  "num_modalities": 4,
  "num_topics": 7,
  "total_liklihood": -32372.280296659083
}
