{
  "modality_liklihoods": [
    -14046.90812881413,
    -13304.39300855172,
    -936.57727793048525,
    -4641.3057331448836
  ],
  "num_iteration": 1000,
  "num_modalities": 4,
  "num_topics": 7,
  "total_liklihood": -32929.184148441222
}
