{
  "modality_liklihoods": [
    -13812.132152222459,
    -13271.739477889827,
    -942.61930007606566,
    -4645.309513769259
  ],
  "num_iteration": 1000,
  "num_modalities": 4,
  "num_topics": 7,
  "total_liklihood": -32671.800443957607
}
