{
  "modality_liklihoods": [
    -13431.554525298978,
    -13312.808387040517,
    -934.38062824546989,
    -4648.4620071307017
  ],
  "num_iteration": 1000,
  "num_modalities": 4,
  "num_topics": 7,
  "total_liklihood": -32327.205547715668
}
