{
  "modality_liklihoods": [
    -13775.584627540227,
    -13306.667740242281,
    -939.36119771042956,
    -4633.9832341312485
  ],
  "num_iteration": 1000,
  "num_modalities": 4,
  "num_topics": 7,
  "total_liklihood": -32655.596799624189
}
