{
  "modality_liklihoods": [
    -14514.915055206366,
    -13295.638313086158,
    -939.29373329381963,
    -4632.4688505390732
  ],
  "num_iteration": 1000,
  "num_modalities": 4,
  "num_topics": 7,
  "total_liklihood": -33382.315952125413
}
