{
  "modality_liklihoods": [
    -14034.954694928194,
    -13244.064080948612,
    -937.07837910956425,
    -4631.4200041893419
  ],
  "num_iteration": 1000,
  "num_modalities": 4,
  "num_topics": 7,
  "total_liklihood": -32847.51715917571
}
