{
  "modality_liklihoods": [
    -13993.573820354388,
    -13252.919146720666,
    -943.34239322143117,
    -4718.7803936276741
  ],
  "num_iteration": 1000,
  "num_modalities": 4,
  "num_topics": 7,
  "total_liklihood": -32908.615753924161
}
