{
  "modality_liklihoods": [
    -13718.077887634576,
    -13289.497958898177,
    -937.51371568034358,
    -4592.2783754433785
  ],
  "num_iteration": 1000,
  "num_modalities": 4,
  "num_topics": 7,
  "total_liklihood": -32537.367937656476
}
