{
  "modality_liklihoods": [
    -13439.638223089943,
    -13302.030992923759,
    -934.07782199606982,
    -4648.814796229477
  ],
  "num_iteration": 1000,
  "num_modalities": 4,
  "num_topics": 7,
  "total_liklihood": -32324.561834239248
}
