{
  "modality_liklihoods": [
    -14053.888895847125,
    -13246.58880877199,
    -943.47909355765023,
    -4647.0808533080781
  ],
  "num_iteration": 1000,
  "num_modalities": 4,
  "num_topics": 7,
  "total_liklihood": -32891.037651484847
}
