{
  "modality_liklihoods": [
    -14150.819365994848,
    -13295.455197378182,
    -934.98421499707524,
    -4653.798988412379
  ],
  "num_iteration": 1000,
  "num_modalities": 4,
  "num_topics": 7,
  "total_liklihood": -33035.057766782484
}
