{
  "modality_liklihoods": [
    -13312.356327417996,
    -13257.11713951238,
    -941.0454623806171,
    -4615.082661495383
  ],
  "num_iteration": 1000,
  "num_modalities": 4,
  "num_topics": 7,
  "total_liklihood": -32125.601590806378
}
