{
  "modality_liklihoods": [
    -14347.936006567725,
    -13252.84007925983,
    -936.43260219909018,
    -4598.1791520412607
  ],
  "num_iteration": 1000,
  "num_modalities": 4,
  "num_topics": 7,
  "total_liklihood": -33135.387840067902
}
