{
  "modality_liklihoods": [
    -14174.282708513239,
    -13223.545179057581,
    -935.28550480140984,
    -4649.1031082095706
  ],
  "num_iteration": 1000,
  "num_modalities": 4,
  "num_topics": 7,
  "total_liklihood": -32982.216500581802
}
