{
  "modality_liklihoods": [
    -13504.090877052509,
    -13279.987384220869,
    -937.89580142198974,
    -4615.2395017141234
  ],
  "num_iteration": 1000,
  "num_modalities": 4,
  "num_topics": 7,
  "total_liklihood": -32337.213564409492
}
