{
  "modality_liklihoods": [
    -13912.580515336258,
    -13296.820482857682,
    -937.73718766291495,
    -4598.9901589828751
  ],
  "num_iteration": 1000,
  "num_modalities": 4,
  "num_topics": 7,
  "total_liklihood": -32746.12834483973
}
