{
  "modality_liklihoods": [
    -13886.765264170779,
    -13216.655501072912,
    -937.01742175506399,
    -4649.5391135323607
  ],
  "num_iteration": 1000,
  "num_modalities": 4,
  "num_topics": 7,
  "total_liklihood": -32689.977300531114
}
