{
  "modality_liklihoods": [
    -14071.735632943859,
    -13274.442056266487,
    -941.731228680963,
    -4658.0478975642691
  ],
  "num_iteration": 1000,
  "num_modalities": 4,
  "num_topics": 7,
  "total_liklihood": -32945.956815455575
}
