{
  "modality_liklihoods": [
    -13673.366271730702,
    -13271.940307576531,
    -938.14631309486265,
    -4704.5596808674709
  ],
  "num_iteration": 1000,
  "num_modalities": 4,
  "num_topics": 7,
  "total_liklihood": -32588.012573269563
}
