{
  "modality_liklihoods": [
    -13961.91173478272,
    -13291.57763828094,
    -936.09318664825491,
    -4641.8823525237176
  ],
  "num_iteration": 1000,
  "num_modalities": 4,
  "num_topics": 7,
  "total_liklihood": -32831.464912235635
}
