{
  "modality_liklihoods": [
    -14699.624042806405,
    -13214.811169537004,
    -942.07078630374133,
    -4676.9413298087302
  ],
  "num_iteration": 1000,
  "num_modalities": 4,
  "num_topics": 7,
  "total_liklihood": -33533.447328455877
}
