{
  "modality_liklihoods": [
    -14741.731476179293,
    -13253.37279347941,
    -946.2485699143059,
    -4671.0854076153655
  ],
  "num_iteration": 1000,
  "num_modalities": 4,
  "num_topics": 7,
  "total_liklihood": -33612.438247188373
}
