{
  "modality_liklihoods": [
    -13777.098603061626,
    -13291.175875304965,
    -940.77845521635982,
    -4637.8117913748611
  ],
  "num_iteration": 1000,
  "num_modalities": 4,
  "num_topics": 7,
  "total_liklihood": -32646.864724957813
}
