{
  "modality_liklihoods": [
    -13280.105986152448,
    -13302.132226364089,
    -936.44776627569354,
    -4626.6540551190383
  ],
  "num_iteration": 1000,
  "num_modalities": 4,
  "num_topics": 7,
  "total_liklihood": -32145.34003391127
}
