{
  "modality_liklihoods": [
    -13986.521506878951,
    -13252.31257780902,
    -940.1013236783615,
    -4680.2762136034708
  ],
  "num_iteration": 1000,
  "num_modalities": 4,
  "num_topics": 7,
  "total_liklihood": -32859.211621969807
}
