{
  "modality_liklihoods": [
    -15002.127567547313,
    -13234.732362078943,
    -941.21265997840578,
    -4664.2797774907258
  ],
  "num_iteration": 1000,
  "num_modalities": 4,
  "num_topics": 7,
  "total_liklihood": -33842.352367095387
}
