{
  "modality_liklihoods": [
    -13996.623415492426,
    -13268.692100950893,
    -937.08283934953818,
    -4639.8787796930064
  ],
  "num_iteration": 1000,
  "num_modalities": 4,
  "num_topics": 7,
  "total_liklihood": -32842.277135485863
}
