{
  "modality_liklihoods": [
    -13774.714767822024,
    -13218.447004867932,
    -941.15764140349404,
    -4705.0855809765053
  ],
  "num_iteration": 1000,
  "num_modalities": 4,
  "num_topics": 7,
  "total_liklihood": -32639.404995069955
}
