{
  "modality_liklihoods": [
    -13501.155652218293,
    -13235.191833150348,
    -942.89051996777891,
    -4634.9623106302433
  ],
  "num_iteration": 1000,
  "num_modalities": 4,
  "num_topics": 7,
  "total_liklihood": -32314.200315966664
}
