{
  "modality_liklihoods": [
    -13825.323401909542,
    -13281.144319116187,
    -943.21331023831806,
    -4613.3149748380774
  ],
  "num_iteration": 1000,
  "num_modalities": 4,
  "num_topics": 7,
  "total_liklihood": -32662.996006102127
}
