{
  "modality_liklihoods": [
    -13416.46834097333,
    -13284.356454750388,
    -943.90402153319917,
    -4608.9787143956955
  ],
  "num_iteration": 1000,
  "num_modalities": 4,
  "num_topics": 7,
  "total_liklihood": -32253.707531652613
}
