{
  "modality_liklihoods": [
    -14007.4175329096,
    -13301.977874692197,
    -935.28575990547495,
    -4646.8724984067876
  ],
  "num_iteration": 1000,
  "num_modalities": 4,
  "num_topics": 7,
  "total_liklihood": -32891.553665914056
}
