{
  "modality_liklihoods": [
    -14310.385828243127,
    -13275.441208865866,
    -934.73998170739344,
    -4656.5967914913863
  ],
  "num_iteration": 1000,
  "num_modalities": 4,
  "num_topics": 7,
  "total_liklihood": -33177.163810307771
}
