{
  "modality_liklihoods": [
    -13376.22841763545,
    -13233.255241021039,
    -943.18317170509624,
    -4664.2819764346523
  ],
  "num_iteration": 1000,
  "num_modalities": 4,
  "num_topics": 7,
  "total_liklihood": -32216.948806796237
}
