{
  "modality_liklihoods": [
    -13160.426157126518,
    -13254.806140684519,
    -934.19498900392171,
    -4642.8508027505432
  ],
  "num_iteration": 1000,
  "num_modalities": 4,
  "num_topics": 7,
  "total_liklihood": -31992.278089565501
}
