{
  "modality_liklihoods": [
    -14313.722963965934,
    -13266.012864037271,
    -935.70034076559079,
    -4646.474606526408
  ],
  "num_iteration": 1000,
  "num_modalities": 4,
  "num_topics": 7,
  "total_liklihood": -33161.910775295204
}
