{
  "modality_liklihoods": [
    -13674.838202918027,
    -13258.258284848718,
    -945.29600074759264,
    -4672.4507738586099
  ],
  "num_iteration": 1000,
  "num_modalities": 4,
  "num_topics": 7,
  "total_liklihood": -32550.843262372946
}
