{
  "modality_liklihoods": [
    -14649.455112612663,
    -13238.486702714301,
    -939.17570271695206,
    -4665.6943494933284
  ],
  "num_iteration": 1000,
  "num_modalities": 4,
  "num_topics": 7,
  "total_liklihood": -33492.811867537246
}
