{
  "modality_liklihoods": [
    -14441.10423113033,
    -13234.899584022487,
    -941.06447434383779,
    -4673.3532288296947
  ],
  "num_iteration": 1000,
  "num_modalities": 4,
  "num_topics": 7,
  "total_liklihood": -33290.421518326351
}
