{
  "modality_liklihoods": [
    -14716.374240437588,
    -13211.382271075525,
    -939.13029812007812,
    -4683.9763805191687
  ],
  "num_iteration": 1000,
  "num_modalities": 4,
  "num_topics": 7,
  "total_liklihood": -33550.863190152362
}
