{
  "modality_liklihoods": [
    -13876.292715150916,
    -13223.703763670816,
    -936.83216025484001,
    -4672.2011279234093
  ],
  "num_iteration": 1000,
  "num_modalities": 4,
  "num_topics": 7,
  "total_liklihood": -32709.029766999982
}
