{
  "modality_liklihoods": [
    -13722.929189974766,
    -13225.696246830517,
    -951.09809081439869,
    -4679.8176610169785
  ],
  "num_iteration": 1000,
  "num_modalities": 4,
  "num_topics": 7,
  "total_liklihood": -32579.54118863666
}
