{
  "modality_liklihoods": [
    -13641.098032214062,
    -13308.65618543894,
    -941.38641994436648,
    -4607.4178065909628
  ],
  "num_iteration": 1000,
  "num_modalities": 4,
  "num_topics": 7,
  "total_liklihood": -32498.558444188333
}
