{
  "modality_liklihoods": [
    -13558.198931818361,
    -13266.570746899855,
    -945.34134524125955,
    -4658.0131936829794
  ],
  "num_iteration": 1000,
  "num_modalities": 4,
  "num_topics": 7,
  "total_liklihood": -32428.124217642453
}
