{
  "modality_liklihoods": [
    -14604.008327278765,
    -13295.386113257477,
    -940.97645441190093,
    -4623.6805087109988
  ],
  "num_iteration": 1000,
  "num_modalities": 4,
  "num_topics": 7,
  "total_liklihood": -33464.051403659141
}
