{
  "modality_liklihoods": [
    -14024.742360961036,
    -13253.189684610208,
    -939.60133230757594,
    -4683.4913467803335
  ],
  "num_iteration": 1000,
  "num_modalities": 4,
  "num_topics": 7,
  "total_liklihood": -32901.024724659153
}
