{
  "modality_liklihoods": [
    -14386.462631377504,
    -13251.956107485472,
    -936.08884470467092,
    -4627.6627667077955
  ],
  "num_iteration": 1000,
  "num_modalities": 4,
  "num_topics": 7,
  "total_liklihood": -33202.170350275439
}
