{
  "modality_liklihoods": [
    -13869.298351414971,
    -13273.235426711908,
    -935.85776988813302,
    -4642.6030471384638
  ],
  "num_iteration": 1000,
  "num_modalities": 4,
  "num_topics": 7,
  "total_liklihood": -32720.994595153476
}
