{
  "modality_liklihoods": [
    -14076.228173383666,
    -13296.106635456405,
    -940.49591759576799,
    -4646.7832645276048
  ],
  "num_iteration": 1000,
  "num_modalities": 4,
  "num_topics": 7,
  "total_liklihood": -32959.613990963444
}
