{
  "modality_liklihoods": [
    -13426.823741779372,
    -13264.984398591572,
    -940.51118013671305,
    -4652.2416054893074
  ],
  "num_iteration": 1000,
  "num_modalities": 4,
  "num_topics": 7,
  "total_liklihood": -32284.560925996964
}
