{
  "modality_liklihoods": [
    -13424.040663630523,
    -13264.501987956444,
    -945.65519437783701,
    -4628.7312042780668
  ],
  "num_iteration": 1000,
  "num_modalities": 4,
  "num_topics": 7,
  "total_liklihood": -32262.92905024287
}
