{
  "modality_liklihoods": [
    -14195.033430688367,
    -13288.932886607588,
    -937.27339122716558,
    -4645.858168701373
  ],
  "num_iteration": 1000,
  "num_modalities": 4,
  "num_topics": 7,
  "total_liklihood": -33067.097877224493
}
