{
  "modality_liklihoods": [
    -14367.322743226041,
    -13259.857545276398,
    -934.62518811369137,
    -4585.3701203174905
  ],
  "num_iteration": 1000,
  "num_modalities": 4,
  "num_topics": 7,
  "total_liklihood": -33147.175596933623
}
