{
  "modality_liklihoods": [
    -14282.508101009722,
    -13267.273719659521,
    -935.37132203616568,
    -4758.5992879588593
  ],
  "num_iteration": 1000,
  "num_modalities": 4,
  "num_topics": 7,
  "total_liklihood": -33243.752430664266
}
