{
  "modality_liklihoods": [
    -13246.403697205807,
    -13235.705856318176,
    -945.90136243408199,
    -4582.1157454465101
  ],
  "num_iteration": 1000,
  "num_modalities": 4,
  "num_topics": 7,
  "total_liklihood": -32010.126661404574
}
