{
  "modality_liklihoods": [
    -13613.05836185615,
    -13283.961465333943,
    -938.17716173721612,
    -4646.5412179527066
  ],
  "num_iteration": 1000,
  "num_modalities": 4,
  "num_topics": 7,
  "total_liklihood": -32481.738206880022
}
