{
  "modality_liklihoods": [
    -13889.313594942103,
    -13265.413533905908,
    -934.75129147464509,
    -4639.3317095660532
  ],
  "num_iteration": 1000,
  "num_modalities": 4,
  "num_topics": 7,
  "total_liklihood": -32728.810129888709
}
