{
  "modality_liklihoods": [
    -14054.338364618625,
    -13253.195789124,
    -941.70396049921942,
    -4760.7038590183365
  ],
  "num_iteration": 1000,
  "num_modalities": 4,
  "num_topics": 7,
  "total_liklihood": -33009.941973260182
}
