{
  "modality_liklihoods": [
    -13588.712672124608,
    -13242.974654974219,
    -936.40025644049729,
    -4705.7077349204092
  ],
  "num_iteration": 1000,
  "num_modalities": 4,
  "num_topics": 7,
  "total_liklihood": -32473.795318459735
}
