{
  "modality_liklihoods": [
    -13361.434380683766,
    -13219.654370199196,
    -944.10466524582989,
    -4664.3769989968641
  ],
  "num_iteration": 1000,
  "num_modalities": 4,
  "num_topics": 7,
  "total_liklihood": -32189.570415125658
}
