{
  "modality_liklihoods": [
    -13796.952744660923,
    -13298.468616958109,
    -946.18603567921309,
    -4648.0709156596658
  ],
  "num_iteration": 1000,
  "num_modalities": 4,
  "num_topics": 7,
  "total_liklihood": -32689.678312957913
}
