{
  "modality_liklihoods": [
    -13646.55290950862,
    -13309.451061702539,
    -937.81194025097864,
    -4649.3251971960863
  ],
  "num_iteration": 1000,
  "num_modalities": 4,
  "num_topics": 7,
  "total_liklihood": -32543.141108658227
}
