{
  "modality_liklihoods": [
    -13434.852195404404,
    -13242.757342616746,
    -947.53222494124611,
    -4612.7222561515136
  ],
  "num_iteration": 1000,
  "num_modalities": 4,
  "num_topics": 7,
  "total_liklihood": -32237.864019113906
}
