{
  "modality_liklihoods": [
    -13852.716656980221,
    -13286.388430394045,
    -940.27241759780202,
    -4604.8004744979717
  ],
  "num_iteration": 1000,
  "num_modalities": 4,
  "num_topics": 7,
  "total_liklihood": -32684.177979470041
}
