{
  "modality_liklihoods": [
    -13821.558406223121,
    -13274.54502157012,
    -932.53389994121699,
    -4619.0009117806658
  ],
  "num_iteration": 1000,
  "num_modalities": 4,
  "num_topics": 7,
  "total_liklihood": -32647.638239515123
}
