{
  "modality_liklihoods": [
    -13757.466742017576,
    -13204.714527394255,
    -951.77805974273235,
    -4659.9959566933667
  ],
  "num_iteration": 1000,
  "num_modalities": 4,
  "num_topics": 7,
  "total_liklihood": -32573.955285847929
}
