{
  "modality_liklihoods": [
    -13327.05539646461,
    -13276.132440559046,
    -939.77085102837304,
    -4640.1597668482682
  ],
  "num_iteration": 1000,
  "num_modalities": 4,
  "num_topics": 7,
  "total_liklihood": -32183.118454900297
}
