{
  "modality_liklihoods": [
    -13733.595504447527,
    -13305.145655694205,
    -941.25260556164733,
    -4658.532615225331
  ],
  "num_iteration": 1000,
  "num_modalities": 4,
  "num_topics": 7,
  "total_liklihood": -32638.526380928713
}
