{
  "modality_liklihoods": [
    -13633.901376920079,
    -13217.428569833248,
    -943.77940313793556,
    -4710.8304848456146
  ],
  "num_iteration": 1000,
  "num_modalities": 4,
  "num_topics": 7,
  "total_liklihood": -32505.939834736877
}
