{
  "modality_liklihoods": [
    -13929.776669151039,
    -13240.609439559506,
    -956.90640985890172,
    -4651.128990033988
  ],
  "num_iteration": 1000,
  "num_modalities": 4,
  "num_topics": 7,
  "total_liklihood": -32778.421508603438
}
