{
  "modality_liklihoods": [
    -13872.945281271081,
    -13239.816308828737,
    -943.20659192937751,
    -4657.0511105281485
  ],
  "num_iteration": 1000,
  "num_modalities": 4,
  "num_topics": 7,
  "total_liklihood": -32713.019292557343
}
