{
  "modality_liklihoods": [
    -13829.339092502731,
    -13210.250638708965,
    -937.27337958567136,
    -4673.1357006876751
  ],
  "num_iteration": 1000,
  "num_modalities": 4,
  "num_topics": 7,
  "total_liklihood": -32649.998811485042
}
