{
  "modality_liklihoods": [
    -13962.107396908423,
    -13226.652777075045,
    -942.8987380888741,
    -4677.9296356573677
  ],
  "num_iteration": 1000,
  "num_modalities": 4,
  "num_topics": 7,
  "total_liklihood": -32809.588547729712
}
