{
  "modality_liklihoods": [
    -13498.477910063031,
    -13217.004974543715,
    -935.97769482639728,
    -4628.8515880389396
  ],
  "num_iteration": 1000,
  "num_modalities": 4,
  "num_topics": 7,
  "total_liklihood": -32280.312167472082
}
