{
  "modality_liklihoods": [
    -13805.000308156472,
    -13247.049359489172,
    -938.2276211593944,
    -4614.0434020692655
  ],
  "num_iteration": 1000,
  "num_modalities": 4,
  "num_topics": 7,
  "total_liklihood": -32604.320690874305
}
