{
  "modality_liklihoods": [
    -13510.014906231585,
    -13297.483038015922,
    -944.27363177429459,
    -4612.3116905666957
  ],
  "num_iteration": 1000,
  "num_modalities": 4,
  "num_topics": 7,
  "total_liklihood": -32364.083266588495
}
