{
  "modality_liklihoods": [
    -13400.327445665967,
    -13254.668883476748,
    -934.17498574779518,
    -4628.9701433304208
  ],
  "num_iteration": 1000,
  "num_modalities": 4,
  "num_topics": 7,
  "total_liklihood": -32218.141458220933
}
