{
  "modality_liklihoods": [
    -14072.3243134533,
    -13242.931628260327,
    -937.14896221050299,
    -4663.9439467366983
  ],
  "num_iteration": 1000,
  "num_modalities": 4,
  "num_topics": 7,
  "total_liklihood": -32916.348850660834
}
