{
  "modality_liklihoods": [
    -13521.976172200506,
    -13264.969339111021,
    -937.23490915689922,
    -4641.5740396497777
  ],
  "num_iteration": 1000,
  "num_modalities": 4,
  "num_topics": 7,
  "total_liklihood": -32365.754460118202
}
