{
  "modality_liklihoods": [
    -13327.233905229179,
    -13263.109359234246,
    -936.55718833524668,
    -4648.030091388966
  ],
  "num_iteration": 1000,
  "num_modalities": 4,
  "num_topics": 7,
  "total_liklihood": -32174.930544187635
}
