{
  "modality_liklihoods": [
    -14004.413506916355,
    -13295.835347674996,
    -935.79288974938402,
    -4617.3459592888867
  ],
  "num_iteration": 1000,
  "num_modalities": 4,
  "num_topics": 7,
  "total_liklihood": -32853.387703629618
}
