{
  "modality_liklihoods": [
    -14017.670462677537,
    -13232.918415007896,
    -942.8246873626731,
    -4663.9270678419352
  ],
  "num_iteration": 1000,
  "num_modalities": 4,
  "num_topics": 7,
  "total_liklihood": -32857.340632890046
}
