{
  "modality_liklihoods": [
    -13036.704784148786,
    -13242.761053138172,
    -934.71879386325281,
    -4635.6513085580655
  ],
  "num_iteration": 1000,
  "num_modalities": 4,
  "num_topics": 7,
  "total_liklihood": -31849.835939708279
}
