{
  "modality_liklihoods": [
    -14723.250305452553,
    -13219.92483443912,
    -939.91156664948494,
    -4670.0826429992112
  ],
  "num_iteration": 1000,
  "num_modalities": 4,
  "num_topics": 7,
  "total_liklihood": -33553.169349540367
}
