{
  "modality_liklihoods": [
    -14467.749180930197,
    -13217.047965074238,
    -944.70259954283506,
    -4730.421729481769
  ],
  "num_iteration": 1000,
  "num_modalities": 4,
  "num_topics": 7,
  "total_liklihood": -33359.921475029041
}
