{
  "modality_liklihoods": [
    -13920.598892923312,
    -13268.780261786726,
    -930.2153543526025,
    -4673.1082631638446
  ],
  "num_iteration": 1000,
  "num_modalities": 4,
  "num_topics": 7,
  "total_liklihood": -32792.702772226483
}
