{
  "modality_liklihoods": [
    -13731.216470823758,
    -13223.199032048906,
    -940.07246000669852,
    -4705.8586797894041
  ],
  "num_iteration": 1000,
  "num_modalities": 4,
  "num_topics": 7,
  "total_liklihood": -32600.346642668766
}
