{
  "modality_liklihoods": [
    -13239.568647163149,
    -13253.972881272861,
    -941.63182738782075,
    -4583.007132102769
  ],
  "num_iteration": 1000,
  "num_modalities": 4,
  "num_topics": 7,
  "total_liklihood": -32018.180487926598
}
