{
  "modality_liklihoods": [
    -12720.514054120293,
    -13261.499801003094,
    -940.42547422938515,
    -4648.9465759992399
  ],
  "num_iteration": 1000,
  "num_modalities": 4,
  "num_topics": 7,
  "total_liklihood": -31571.385905352014
}
