{
  "modality_liklihoods": [
    -13787.923433864398,
    -13261.204046054465,
    -940.96880982308755,
    -4635.4968714570668
  ],
  "num_iteration": 1000,
  "num_modalities": 4,
  "num_topics": 7,
  "total_liklihood": -32625.593161199016
}
