{
  "modality_liklihoods": [
    -13732.481505177815,
    -13282.661962464219,
    -944.79280311140917,
    -4647.162422231323
  ],
  "num_iteration": 1000,
  "num_modalities": 4,
  "num_topics": 7,
  "total_liklihood": -32607.098692984764
}
