{
  "modality_liklihoods": [
    -13536.300943926894,
    -13275.141731768123,
    -940.44279572789378,
    -4613.6300117514093
  ],
  "num_iteration": 1000,
  "num_modalities": 4,
  "num_topics": 7,
  "total_liklihood": -32365.51548317432
}
