{
  "modality_liklihoods": [
    -14510.766429119481,
    -13237.799979466783,
    -936.4860636827774,
    -4653.8307571716241
  ],
  "num_iteration": 1000,
  "num_modalities": 4,
  "num_topics": 7,
  "total_liklihood": -33338.883229440667
}
