{
  "modality_liklihoods": [
    -13912.304427237645,
    -13258.296144687007,
    -941.06129110742586,
    -4661.340179664985
  ],
  "num_iteration": 1000,
  "num_modalities": 4,
  "num_topics": 7,
  "total_liklihood": -32773.002042697066
}
