{
  "modality_liklihoods": [
    -13739.800281531798,
    -13286.45158555837,
    -947.98208550485049,
    -4645.3040371702946
  ],
  "num_iteration": 1000,
  "num_modalities": 4,
  "num_topics": 7,
  "total_liklihood": -32619.537989765315
}
