{
  "modality_liklihoods": [
    -13899.015230320763,
    -13238.567915827867,
    -937.0922134801981,
    -4643.6157164303868
  ],
  "num_iteration": 1000,
  "num_modalities": 4,
  "num_topics": 7,
  "total_liklihood": -32718.291076059217
}
