{
  "modality_liklihoods": [
    -13925.356125704768,
    -13209.642271427098,
    -942.20238139234118,
    -4655.0957267981476
  ],
  "num_iteration": 1000,
  "num_modalities": 4,
  "num_topics": 7,
  "total_liklihood": -32732.296505322352
}
