{
  "modality_liklihoods": [
    -14018.697080252903,
    -13343.421722923407,
    -943.92422892424077,
    -4674.0923984479623
  ],
  "num_iteration": 1000,
  "num_modalities": 4,
  "num_topics": 7,
  "total_liklihood": -32980.135430548507
}
