{
  "modality_liklihoods": [
    -13953.320507479568,
    -13276.17141162661,
    -941.9597657504878,
    -4684.172286699546
  ],
  "num_iteration": 1000,
  "num_modalities": 4,
  "num_topics": 7,
  "total_liklihood": -32855.623971556211
}
