{
  "modality_liklihoods": [
    -13466.673693267185,
    -13258.817210511696,
    -944.24589987286186,
    -4616.77809689687
  ],
  "num_iteration": 1000,
  "num_modalities": 4,
  "num_topics": 7,
  "total_liklihood": -32286.514900548613
}
