{
  "modality_liklihoods": [
    -13901.7656596863,
    -13278.413161896806,
    -946.2084402496223,
    -4667.1233190625326
  ],
  "num_iteration": 1000,
  "num_modalities": 4,
  "num_topics": 7,
  "total_liklihood": -32793.510580895258
}
