{
  "modality_liklihoods": [
    -14487.132866623908,
    -13273.481022868502,
    -939.48859986670118,
    -4615.3120151610856
  ],
  "num_iteration": 1000,
  "num_modalities": 4,
  "num_topics": 7,
  "total_liklihood": -33315.414504520195
}
