{
  "modality_liklihoods": [
    -14096.317431058487,
    -13244.516596077759,
    -946.83867287915109,
    -4632.1476437466254
  ],
  "num_iteration": 1000,
  "num_modalities": 4,
  "num_topics": 7,
  "total_liklihood": -32919.820343762025
}
