{
  "modality_liklihoods": [
    -13961.475984271838,
    -13292.687734490746,
    -945.21749136384085,
    -4656.412399132907
  ],
  "num_iteration": 1000,
  "num_modalities": 4,
  "num_topics": 7,
  "total_liklihood": -32855.79360925933
}
