{
  "modality_liklihoods": [
    -13859.613324345728,
    -13212.132360285872,
    -946.45456518951369,
    -4635.7655251007836
  ],
  "num_iteration": 1000,
  "num_modalities": 4,
  "num_topics": 7,
  "total_liklihood": -32653.965774921897
}
