{
  "modality_liklihoods": [
    -13882.945503303565,
    -13279.669898539674,
    -941.98037881555422,
    -4606.0861238921871
  ],
  "num_iteration": 1000,
  "num_modalities": 4,
  "num_topics": 7,
  "total_liklihood": -32710.68190455098
}
