{
  "modality_liklihoods": [
    -13214.382638259773,
    -13266.65571911322,
    -947.14913251450594,
    -4618.9184458354284
  ],
  "num_iteration": 1000,
  "num_modalities": 4,
  "num_topics": 7,
  "total_liklihood": -32047.105935722928
}
