{
  "modality_liklihoods": [
    -13500.231910674236,
    -13276.160355620297,
    -945.51660830307662,
    -4595.8203064671443
  ],
  "num_iteration": 1000,
  "num_modalities": 4,
  "num_topics": 7,
  "total_liklihood": -32317.729181064755
}
