{
  "modality_liklihoods": [
    -14068.626428911482,
    -13230.640520054458,
    -938.79573817501853,
    -4682.2524690332566
  ],
  "num_iteration": 1000,
  "num_modalities": 4,
  "num_topics": 7,
  "total_liklihood": -32920.315156174212
}
