{
  "modality_liklihoods": [
    -13588.331325007128,
    -13256.400639761001,
    -942.65513099017608,
    -4647.6516669994335
  ],
  "num_iteration": 1000,
  "num_modalities": 4,
  "num_topics": 7,
  "total_liklihood": -32435.03876275774
}
