{
  "modality_liklihoods": [
    -13911.508614932618,
    -13232.161034515468,
    -937.13506542451057,
    -4668.6451241469513
  ],
  "num_iteration": 1000,
  "num_modalities": 4,
  "num_topics": 7,
  "total_liklihood": -32749.449839019548
}
