{
  "modality_liklihoods": [
    -13983.925580200963,
    -13257.085680166698,
    -936.53980339032944,
    -4614.2472596328525
  ],
  "num_iteration": 1000,
  "num_modalities": 4,
  "num_topics": 7,
  "total_liklihood": -32791.798323390845
}
