{
  "modality_liklihoods": [
    -14128.032992760121,
    -13262.225437990401,
    -939.8293576483677,
    -4641.9097056773153
  ],
  "num_iteration": 1000,
  "num_modalities": 4,
  "num_topics": 7,
  "total_liklihood": -32971.997494076204
}
