{
  "modality_liklihoods": [
    -13493.205807102669,
    -13281.08135293445,
    -946.89980791080359,
    -4644.1645309224759
  ],
  "num_iteration": 1000,
  "num_modalities": 4,
  "num_topics": 7,
  "total_liklihood": -32365.351498870401
}
