{
  "modality_liklihoods": [
    -11659.486806320001,
    -13324.645727438514,
    -952.47700406647641,
    -4650.2095008936349
  ],
  "num_iteration": 1000,
  "num_modalities": 4,
  "num_topics": 7,
  "total_liklihood": -30586.819038718626
}
