{
  "modality_liklihoods": [
    -13104.319395611154,
    -13292.689010822076,
    -937.2650206278646,
    -4642.3659858300425
  ],
  "num_iteration": 1000,
  "num_modalities": 4,
  "num_topics": 7,
  "total_liklihood": -31976.639412891134
}
