{
  "modality_liklihoods": [
    -14499.36751956759,
    -13242.300484017293,
    -945.49599386452689,
    -4649.6742151282997
  ],
  "num_iteration": 1000,
  "num_modalities": 4,
  "num_topics": 7,
  "total_liklihood": -33336.838212577713
}
