{
  "modality_liklihoods": [
    -14008.817776672753,
    -13280.530423554095,
    -945.63168594425338,
    -4636.3802003051696
  ],
  "num_iteration": 1000,
  "num_modalities": 4,
  "num_topics": 7,
  "total_liklihood": -32871.36008647627
}
