{
  "modality_liklihoods": [
    -13829.047126178331,
    -13308.425890537039,
    -950.43834406954272,
    -4641.4795333968186
  ],
  "num_iteration": 1000,
  "num_modalities": 4,
  "num_topics": 7,
  "total_liklihood": -32729.390894181728
}
