{
  "modality_liklihoods": [
    -13889.191703789473,
    -13274.139397241828,
    -939.948105646057,
    -4655.5158387235342
  ],
  "num_iteration": 1000,
  "num_modalities": 4,
  "num_topics": 7,
  "total_liklihood": -32758.795045400893
}
