{
  "modality_liklihoods": [
    -13935.213856977161,
    -13292.823601714166,
    -942.43777276941387,
    -4669.0552906060148
  ],
  "num_iteration": 1000,
  "num_modalities": 4,
  "num_topics": 7,
  "total_liklihood": -32839.530522066758
}
