{
  "modality_liklihoods": [
    -13434.543884774912,
    -13262.223682407232,
    -945.18349266096959,
    -4650.3891515212808
  ],
  "num_iteration": 1000,
  "num_modalities": 4,
  "num_topics": 7,
  "total_liklihood": -32292.340211364393
}
