{
  "modality_liklihoods": [
    -13818.387196115913,
    -13236.74169090875,
    -938.79909763805119,
    -4642.2601793233616
  ],
  "num_iteration": 1000,
  "num_modalities": 4,
  "num_topics": 7,
  "total_liklihood": -32636.188163986077
}
