{
  "modality_liklihoods": [
    -13993.178965968653,
    -13233.052279415142,
    -940.50294615827238,
    -4626.9121399133555
  ],
  "num_iteration": 1000,
  "num_modalities": 4,
  "num_topics": 7,
  "total_liklihood": -32793.64633145542
}
