{
  "modality_liklihoods": [
    -12200.823598344186,
    -13231.507978156476,
    -948.68566077668345,
    -4623.0885102158145
  ],
  "num_iteration": 1000,
  "num_modalities": 4,
  "num_topics": 7,
  "total_liklihood": -31004.105747493159
}
