{
  "modality_liklihoods": [
    -13616.188606275031,
    -13299.896479137571,
    -938.7958710199182,
    -4624.0944161226425
  ],
  "num_iteration": 1000,
  "num_modalities": 4,
  "num_topics": 7,
  "total_liklihood": -32478.975372555164
}
