{
  "modality_liklihoods": [
    -13551.224709806544,
    -13268.129030592871,
    -940.82334790411494,
    -4604.8767422525516
  ],
  "num_iteration": 1000,
  "num_modalities": 4,
  "num_topics": 7,
  "total_liklihood": -32365.05383055608
}
