{
  "modality_liklihoods": [
    -13982.567058289776,
    -13286.469926071715,
    -943.4720698669488,
    -4646.7594100972965
  ],
  "num_iteration": 1000,
  "num_modalities": 4,
  "num_topics": 7,
  "total_liklihood": -32859.268464325738
}
