{
  "modality_liklihoods": [
    -13919.978764419258,
    -13280.070627893358,
    -936.6970107392134,
    -4630.1221825337398
  ],
  "num_iteration": 1000,
  "num_modalities": 4,
  "num_topics": 7,
  "total_liklihood": -32766.868585585566
}
