{
  "modality_liklihoods": [
    -13744.510478449583,
    -13268.11743783856,
    -936.20058691817599,
    -4609.9039832076023
  ],
  "num_iteration": 1000,
  "num_modalities": 4,
  "num_topics": 7,
  "total_liklihood": -32558.732486413923
}
