{
  "modality_liklihoods": [
    -14494.134468526876,
    -13201.148204428451,
    -941.05677088528159,
    -4707.0407843988096
  ],
  "num_iteration": 1000,
  "num_modalities": 4,
  "num_topics": 7,
  "total_liklihood": -33343.380228239417
}
