{
  "modality_liklihoods": [
    -13844.614002454211,
    -13217.378407924954,
    -938.32417168828965,
    -4637.3649615352033
  ],
  "num_iteration": 1000,
  "num_modalities": 4,
  "num_topics": 7,
  "total_liklihood": -32637.681543602659
}
