{
  "modality_liklihoods": [
    -13973.169042784812,
    -13272.417970233781,
    -937.3683449614507,
    -4628.939580547767
  ],
  "num_iteration": 1000,
  "num_modalities": 4,
  "num_topics": 7,
  "total_liklihood": -32811.89493852781
}
