{
  "modality_liklihoods": [
    -12701.826758424531,
    -13288.90758883243,
    -947.3032641911974,
    -4634.0676816906407
  ],
  "num_iteration": 1000,
  "num_modalities": 4,
  "num_topics": 7,
  "total_liklihood": -31572.1052931388
}
