{
  "modality_liklihoods": [
    -14201.027703932274,
    -13282.338757148536,
    -949.85121151303258,
    -4660.6352971298393
  ],
  "num_iteration": 1000,
  "num_modalities": 4,
  "num_topics": 7,
  "total_liklihood": -33093.852969723681
}
