{
  "modality_liklihoods": [
    -13866.909042881729,
    -13261.056083062822,
    -941.75742472057459,
    -4653.4400728230794
  ],
  "num_iteration": 1000,
  "num_modalities": 4,
  "num_topics": 7,
  "total_liklihood": -32723.162623488206
}
