{
  "modality_liklihoods": [
    -14383.606092166805,
    -13250.722619138882,
    -944.32105546367711,
    -4579.8162112938226
  ],
  "num_iteration": 1000,
  "num_modalities": 4,
  "num_topics": 7,
  "total_liklihood": -33158.465978063185
}
