{
  "modality_liklihoods": [
    -13991.313190906754,
    -13281.092263704839,
    -941.75727517758344,
    -4686.1209409425273
  ],
  "num_iteration": 1000,
  "num_modalities": 4,
  "num_topics": 7,
  "total_liklihood": -32900.283670731704
}
