{
  "modality_liklihoods": [
    -14090.089157455192,
    -13299.022287826347,
    -941.41338181115236,
    -4640.3182349081289
  ],
  "num_iteration": 1000,
  "num_modalities": 4,
  "num_topics": 7,
  "total_liklihood": -32970.843062000815
}
