{
  "modality_liklihoods": [
    -14193.386076616696,
    -13249.868779207498,
    -939.94054256957486,
    -4635.074333602116
  ],
  "num_iteration": 1000,
  "num_modalities": 4,
  "num_topics": 7,
  "total_liklihood": -33018.269731995882
}
