{
  "modality_liklihoods": [
    -14245.799844063102,
    -13232.363920487907,
    -939.66580153449024,
    -4616.1245198585475
  ],
  "num_iteration": 1000,
  "num_modalities": 4,
  "num_topics": 7,
  "total_liklihood": -33033.954085944046
}
