{
  "modality_liklihoods": [
    -13754.869917200318,
    -13266.828414852989,
    -941.02067916029932,
    -4652.1060516949901
  ],
  "num_iteration": 1000,
  "num_modalities": 4,
  "num_topics": 7,
  "total_liklihood": -32614.825062908596
}
