{
  "modality_liklihoods": [
    -13662.855307841715,
    -13270.370995853084,
    -939.13774697171584,
    -4687.8671802636181
  ],
  "num_iteration": 1000,
  "num_modalities": 4,
  "num_topics": 7,
  "total_liklihood": -32560.231230930134
}
