{
  "modality_liklihoods": [
    -13616.680162957295,
    -13295.580644250713,
    -939.5650839477255,
    -4641.7685858582854
  ],
  "num_iteration": 1000,
  "num_modalities": 4,
  "num_topics": 7,
  "total_liklihood": -32493.594477014016
}
