{
  "modality_liklihoods": [
    -14770.637135702205,
    -13224.770901917473,
    -939.65579437035171,
    -4670.510776721515
  ],
  "num_iteration": 1000,
  "num_modalities": 4,
  "num_topics": 7,
  "total_liklihood": -33605.574608711548
}
