{
  "modality_liklihoods": [
    -13612.490278288211,
    -13253.464688639633,
    -947.57133879424327,
    -4655.8164360537612
  ],
  "num_iteration": 1000,
  "num_modalities": 4,
  "num_topics": 7,
  "total_liklihood": -32469.34274177585
}
