{
  "modality_liklihoods": [
    -13906.082853986378,
    -13241.525448300348,
    -950.41395986305656,
    -4634.2098657498218
  ],
  "num_iteration": 1000,
  "num_modalities": 4,
  "num_topics": 7,
  "total_liklihood": -32732.232127899602
}
