{
  "modality_liklihoods": [
    -14586.408695782251,
    -13205.891735073626,
    -937.82501285221588,
    -4648.6126257822234
  ],
  "num_iteration": 1000,
  "num_modalities": 4,
  "num_topics": 7,
  "total_liklihood": -33378.738069490319
}
