{
  "modality_liklihoods": [
    -13229.34614829802,
    -13239.106001877408,
    -942.77393440200228,
    -4620.3587153262888
  ],
  "num_iteration": 1000,
  "num_modalities": 4,
  "num_topics": 7,
  "total_liklihood": -32031.584799903718
}
