{
  "modality_liklihoods": [
    -13338.605168957811,
    -13248.132422607739,
    -949.56376685090083,
    -4596.7068959223016
  ],
  "num_iteration": 1000,
  "num_modalities": 4,
  "num_topics": 7,
  "total_liklihood": -32133.008254338754
}
