{
  "modality_liklihoods": [
    -14109.034442654014,
    -13268.947322365493,
    -943.69555089180028,
    -4644.9501183066741
  ],
  "num_iteration": 1000,
  "num_modalities": 4,
  "num_topics": 7,
  "total_liklihood": -32966.627434217982
}
