{
  "modality_liklihoods": [
    -13528.890841254013,
    -13247.000223732735,
    -942.18267987014008,
    -4645.3634664584952
  ],
  "num_iteration": 1000,
  "num_modalities": 4,
  "num_topics": 7,
  "total_liklihood": -32363.43721131538
}
