{
  "modality_liklihoods": [
    -13365.421341668412,
    -13293.035076352229,
    -939.91286444015873,
    -4650.4239976570916
  ],
  "num_iteration": 1000,
  "num_modalities": 4,
  "num_topics": 7,
  "total_liklihood": -32248.79328011789
}
