{
  "modality_liklihoods": [
    -13929.941485260411,
    -13224.190515137363,
    -942.27225398594271,
    -4656.3541607633633
  ],
  "num_iteration": 1000,
  "num_modalities": 4,
  "num_topics": 7,
  "total_liklihood": -32752.75841514708
}
