{
  "modality_liklihoods": [
    -12070.398164458191,
    -13245.796986096198,
    -943.04593278082029,
    -4650.3942121664313
  ],
  "num_iteration": 1000,
  "num_modalities": 4,
  "num_topics": 7,
  "total_liklihood": -30909.635295501641
}
