{
  "modality_liklihoods": [
    -13778.620538064471,
    -13269.17494320697,
    -937.18445078208299,
    -4597.0328565110713
  ],
  "num_iteration": 1000,
  "num_modalities": 4,
  "num_topics": 7,
  "total_liklihood": -32582.012788564596
}
