{
  "modality_liklihoods": [
    -13840.027249295892,
    -13275.377846275751,
    -942.87224978514678,
    -4631.0304227928418
  ],
  "num_iteration": 1000,
  "num_modalities": 4,
  "num_topics": 7,
  "total_liklihood": -32689.307768149636
}
