{
  "modality_liklihoods": [
    -13310.41915363014,
    -13229.751766952597,
    -941.86765155636078,
    -4661.6562974532544
  ],
  "num_iteration": 1000,
  "num_modalities": 4,
  "num_topics": 7,
  "total_liklihood": -32143.694869592349
}
