{
  "modality_liklihoods": [
    -13262.017832583262,
    -13230.205541059853,
    -947.57333599930416,
    -4634.2837729879448
  ],
  "num_iteration": 1000,
  "num_modalities": 4,
  "num_topics": 7,
  "total_liklihood": -32074.080482630365
}
