{
  "modality_liklihoods": [
    -13848.738552359959,
    -13226.899427408613,
    -938.06120664963737,
    -4664.8602292002124
  ],
  "num_iteration": 1000,
  "num_modalities": 4,
  "num_topics": 7,
  "total_liklihood": -32678.559415618423
}
