{
  "modality_liklihoods": [
    -14428.135301530414,
    -13288.854293957016,
    -936.97758142612031,
    -4629.0423407658473
  ],
  "num_iteration": 1000,
  "num_modalities": 4,
  "num_topics": 7,
  "total_liklihood": -33283.009517679398
}
