{
  "modality_liklihoods": [
    -12280.470129691406,
    -13259.643357263647,
    -940.60976572796824,
    -4688.8089015636006
  ],
  "num_iteration": 1000,
  "num_modalities": 4,
  "num_topics": 7,
  "total_liklihood": -31169.532154246619
}
