{
  "modality_liklihoods": [
    -13973.182520034727,
    -13268.82434162394,
    -943.50117295064217,
    -4686.5689768314405
  ],
  "num_iteration": 1000,
  "num_modalities": 4,
  "num_topics": 7,
  "total_liklihood": -32872.07701144075
}
