{
  "modality_liklihoods": [
    -14231.766883174929,
    -13287.123113012438,
    -937.92958423795596,
    -4615.1723186051404
  ],
  "num_iteration": 1000,
  "num_modalities": 4,
  "num_topics": 7,
  "total_liklihood": -33071.991899030465
}
