{
  "modality_liklihoods": [
    -13972.859640356288,
    -13296.477178463501,
    -938.33662592926339,
    -4655.5264357767555
  ],
  "num_iteration": 1000,
  "num_modalities": 4,
  "num_topics": 7,
  "total_liklihood": -32863.199880525804
}
