{
  "modality_liklihoods": [
    -13136.998911685878,
    -13265.930606776446,
    -940.98542479940988,
    -4649.1668555454726
  ],
  "num_iteration": 1000,
  "num_modalities": 4,
  "num_topics": 7,
  "total_liklihood": -31993.081798807209
}
