{
  "modality_liklihoods": [
    -13652.369977289671,
    -13235.558320654145,
    -938.70440303240844,
    -4644.7271541289247
  ],
  "num_iteration": 1000,
  "num_modalities": 4,
  "num_topics": 7,
  "total_liklihood": -32471.359855105147
}
