{
  "modality_liklihoods": [
    -14253.197830162135,
    -13267.809049162146,
    -939.12255271938704,
    -4626.381819430675
  ],
  "num_iteration": 1000,
  "num_modalities": 4,
  "num_topics": 7,
  "total_liklihood": -33086.511251474345
}
