{
  "modality_liklihoods": [
    -13982.216852527958,
    -13257.025247448428,
    -934.66566340807094,
    -4717.8324614901376
  ],
  "num_iteration": 1000,
  "num_modalities": 4,
  "num_topics": 7,
  "total_liklihood": -32891.740224874593
}
