{
  "modality_liklihoods": [
    -14059.214918268943,
    -13285.500484822891,
    -937.27306832362513,
    -4632.6548788852688
  ],
  "num_iteration": 1000,
  "num_modalities": 4,
  "num_topics": 7,
  "total_liklihood": -32914.643350300728
}
