{
  "modality_liklihoods": [
    -13020.40885884536,
    -13292.128344198858,
    -935.40436694644234,
    -4628.0742434925924
  ],
  "num_iteration": 1000,
  "num_modalities": 4,
  "num_topics": 7,
  "total_liklihood": -31876.015813483249
}
