{
  "modality_liklihoods": [
    -13447.372426136251,
    -13284.915020367525,
    -942.44695280517726,
    -4637.3364225496671
  ],
  "num_iteration": 1000,
  "num_modalities": 4,
  "num_topics": 7,
  "total_liklihood": -32312.070821858619
}
