{
  "modality_liklihoods": [
    -14372.461591635843,
    -13225.021117884586,
    -939.13066279419979,
    -4654.9148331776732
  ],
  "num_iteration": 1000,
  "num_modalities": 4,
  "num_topics": 7,
  "total_liklihood": -33191.528205492301
}
