{
  "modality_liklihoods": [
    -13799.341464819858,
    -13308.101527513398,
    -939.6540623809608,
    -4637.552375588828
  ],
  "num_iteration": 1000,
  "num_modalities": 4,
  "num_topics": 7,
  "total_liklihood": -32684.649430303045
}
