{
  "modality_liklihoods": [
    -13714.730285705384,
    -13274.573882277262,
    -955.77199905268492,
    -4612.0587688473533
  ],
  "num_iteration": 1000,
  "num_modalities": 4,
  "num_topics": 7,
  "total_liklihood": -32557.134935882685
}
