{
  "modality_liklihoods": [
    -14552.671982227308,
    -13288.326474879552,
    -941.77977505766114,
    -4643.6224832914477
  ],
  "num_iteration": 1000,
  "num_modalities": 4,
  "num_topics": 7,
  "total_liklihood": -33426.400715455966
}
