{
  "modality_liklihoods": [
    -13394.70152378616,
    -13238.384869844582,
    -944.49382644473383,
    -4615.1513729340959
  ],
  "num_iteration": 1000,
  "num_modalities": 4,
  "num_topics": 7,
  "total_liklihood": -32192.731593009572
}
