{
  "modality_liklihoods": [
    -13598.522959423524,
    -13243.481598746648,
    -945.96725894988185,
    -4651.7770226824141
  ],
  "num_iteration": 1000,
  "num_modalities": 4,
  "num_topics": 7,
  "total_liklihood": -32439.748839802465
}
