{
  "modality_liklihoods": [
    -14572.525112959067,
    -13214.127854163871,
    -945.1260991141728,
    -4730.7588034869941
  ],
  "num_iteration": 1000,
  "num_modalities": 4,
  "num_topics": 7,
  "total_liklihood": -33462.537869724103
}
