{
  "modality_liklihoods": [
    -14860.792188022488,
    -13212.870441705511,
    -938.64322110260116,
    -4675.0100807941408
  ],
  "num_iteration": 1000,
  "num_modalities": 4,
  "num_topics": 7,
  "total_liklihood": -33687.31593162474
}
