{
  "modality_liklihoods": [
    -13621.632742282834,
    -13297.547805544813,
    -935.34908823914236,
    -4617.5189123144301
  ],
  "num_iteration": 1000,
  "num_modalities": 4,
  "num_topics": 7,
  "total_liklihood": -32472.048548381219
}
