{
  "modality_liklihoods": [
    -14269.553520832547,
    -13252.784448863571,
    -938.09594835012058,
    -4615.5359064674494
  ],
  "num_iteration": 1000,
  "num_modalities": 4,
  "num_topics": 7,
  "total_liklihood": -33075.96982451369
}
