{
  "modality_liklihoods": [
    -13238.435201798569,
    -13294.223232753426,
    -940.90396122620962,
    -4668.2434236857443
  ],
  "num_iteration": 1000,
  "num_modalities": 4,
  "num_topics": 7,
  "total_liklihood": -32141.805819463949
}
