{
  "modality_liklihoods": [
    -13992.885493207288,
    -13296.723641143139,
    -939.92529214586068,
    -4669.035788473815
  ],
  "num_iteration": 1000,
  "num_modalities": 4,
  "num_topics": 7,
  "total_liklihood": -32898.570214970103
}
