{
  "modality_liklihoods": [
    -13429.88804621011,
    -13257.443902348559,
    -943.38118472439874,
    -4654.984953260674
  ],
  "num_iteration": 1000,
  "num_modalities": 4,
  "num_topics": 7,
  "total_liklihood": -32285.698086543744
}
