{
  "modality_liklihoods": [
    -13958.575339441868,
    -13209.802111606472,
    -943.98715520941209,
    -4686.0045042099009
  ],
  "num_iteration": 1000,
  "num_modalities": 4,
  "num_topics": 7,
  "total_liklihood": -32798.369110467655
}
