{
  "modality_liklihoods": [
    -12875.46031171759,
    -13269.473331768229,
    -945.33584137744333,
    -4701.3509734965201
  ],
  "num_iteration": 1000,
  "num_modalities": 4,
  "num_topics": 7,
  "total_liklihood": -31791.620458359783
}
