{
  "modality_liklihoods": [
    -14077.581049637005,
    -13260.230738966231,
    -937.368044988625,
    -4654.4007095392572
  ],
  "num_iteration": 1000,
  "num_modalities": 4,
  "num_topics": 7,
  "total_liklihood": -32929.580543131116
}
