{
  "modality_liklihoods": [
    -13763.238559731097,
    -13277.456270876384,
    -942.39078124736864,
    -4617.9370787374837
  ],
  "num_iteration": 1000,
  "num_modalities": 4,
  "num_topics": 7,
  "total_liklihood": -32601.022690592334
}
