{
  "modality_liklihoods": [
    -13697.895212340234,
    -13262.78753984489,
    -934.77348585873028,
    -4619.4310187064912
  ],
  "num_iteration": 1000,
  "num_modalities": 4,
  "num_topics": 7,
  "total_liklihood": -32514.887256750346
}
