{
  "modality_liklihoods": [
    -13683.67231385842,
    -13249.905248193028,
    -937.44548025258359,
    -4643.1983252477867
  ],
  "num_iteration": 1000,
  "num_modalities": 4,
  "num_topics": 7,
  "total_liklihood": -32514.221367551818
}
