{
  "modality_liklihoods": [
    -14150.274336460701,
    -13253.911916367297,
    -938.82590013539004,
    -4638.042184182751
  ],
  "num_iteration": 1000,
  "num_modalities": 4,
  "num_topics": 7,
  "total_liklihood": -32981.054337146139
}
