{
  "modality_liklihoods": [
    -14435.581771601044,
    -13272.410151880817,
    -934.71089324301374,
    -4614.0428394896016
  ],
  "num_iteration": 1000,
  "num_modalities": 4,
  "num_topics": 7,
  "total_liklihood": -33256.745656214473
}
