{
  "modality_liklihoods": [
    -14636.101869867611,
    -13217.185301370975,
    -938.44373014749601,
    -4635.728919838748
  ],
  "num_iteration": 1000,
  "num_modalities": 4,
  "num_topics": 7,
  "total_liklihood": -33427.459821224831
}
