{
  "modality_liklihoods": [
    -13667.64655550148,
    -13253.39595706553,
    -942.86092042559744,
    -4650.9108592014309
  ],
  "num_iteration": 1000,
  "num_modalities": 4,
  "num_topics": 7,
  "total_liklihood": -32514.814292194038
}
