{
  "modality_liklihoods": [
    -13962.520390961061,
    -13280.241427561419,
    -935.04728888824616,
    -4629.9345857046401
  ],
  "num_iteration": 1000,
  "num_modalities": 4,
  "num_topics": 7,
  "total_liklihood": -32807.743693115364
}
