{
  "modality_liklihoods": [
    -14664.701716706699,
    -13212.519874452542,
    -935.72196892168893,
    -4692.9481964817833
  ],
  "num_iteration": 1000,
  "num_modalities": 4,
  "num_topics": 7,
  "total_liklihood": -33505.891756562713
}
