{
  "modality_liklihoods": [
    -14256.123529505747,
    -13211.018240288699,
    -935.44010320950599,
    -4717.8447140008693
  ],
  "num_iteration": 1000,
  "num_modalities": 4,
  "num_topics": 7,
  "total_liklihood": -33120.426587004818
}
