{
  "modality_liklihoods": [
    -14231.071874812067,
    -13213.222304323279,
    -944.84097191720127,
    -4672.871144817258
  ],
  "num_iteration": 1000,
  "num_modalities": 4,
  "num_topics": 7,
  "total_liklihood": -33062.006295869804
}
