{
  "modality_liklihoods": [
    -13897.217299540933,
    -13262.721772576389,
    -937.92639713238395,
    -4659.0072542361859
  ],
  "num_iteration": 1000,
  "num_modalities": 4,
  "num_topics": 7,
  "total_liklihood": -32756.872723485892
}
