{
  "modality_liklihoods": [
    -14995.161373503634,
    -13224.890249872618,
    -942.51511694996418,
    -4661.5722406606019
  ],
  "num_iteration": 1000,
  "num_modalities": 4,
  "num_topics": 7,
  "total_liklihood": -33824.13898098682
}
