{
  "modality_liklihoods": [
    -13786.520744621914,
    -13273.236907821465,
    -940.67689960345183,
    -4669.9304634559039
  ],
  "num_iteration": 1000,
  "num_modalities": 4,
  "num_topics": 7,
  "total_liklihood": -32670.365015502735
}
