{
  "modality_liklihoods": [
    -13757.506264922469,
    -13298.69013592217,
    -932.48633656595246,
    -4566.6789256599168
  ],
  "num_iteration": 1000,
  "num_modalities": 4,
  "num_topics": 7,
  "total_liklihood": -32555.361663070507
}
