{
  "modality_liklihoods": [
    -13906.141624160256,
    -13271.136476896927,
    -944.89513708285676,
    -4689.4218824704876
  ],
  "num_iteration": 1000,
  "num_modalities": 4,
  "num_topics": 7,
  "total_liklihood": -32811.595120610531
}
