{
  "modality_liklihoods": [
    -13777.580634931221,
    -13276.535825314317,
    -932.92010726008334,
    -4650.2677677673346
  ],
  "num_iteration": 1000,
  "num_modalities": 4,
  "num_topics": 7,
  "total_liklihood": -32637.304335272958
}
