{
  "modality_liklihoods": [
    -14145.302973705418,
    -13216.882783515332,
    -938.42638617845637,
    -4689.6094328340023
  ],
  "num_iteration": 1000,
  "num_modalities": 4,
  "num_topics": 7,
  "total_liklihood": -32990.221576233213
}
