{
  "modality_liklihoods": [
    -13930.664552605534,
    -13271.693803036358,
    -940.02421756136675,
    -4621.3039679507165
  ],
  "num_iteration": 1000,
  "num_modalities": 4,
  "num_topics": 7,
  "total_liklihood": -32763.686541153977
}
