{
  "modality_liklihoods": [
    -13994.836829317554,
    -13264.135199420105,
    -934.69763217581772,
    -4617.7463097771097
  ],
  "num_iteration": 1000,
  "num_modalities": 4,
  "num_topics": 7,
  "total_liklihood": -32811.415970690585
}
