{
  "modality_liklihoods": [
    -13856.109992655465,
    -13281.241975695151,
    -941.02731756670198,
    -4619.9089952725317
  ],
  "num_iteration": 1000,
  "num_modalities": 4,
  "num_topics": 7,
  "total_liklihood": -32698.288281189853
}
