{
  "modality_liklihoods": [
    -14515.634852001383,
    -13231.370065457149,
    -942.91814355599251,
    -4726.6604832017347
  ],
  "num_iteration": 1000,
  "num_modalities": 4,
  "num_topics": 7,
  "total_liklihood": -33416.583544216257
}
