{
  "modality_liklihoods": [
    -14614.76681509122,
    -13294.03632205545,
    -934.15395718338266,
    -4646.2605090389916
  ],
  "num_iteration": 1000,
  "num_modalities": 4,
  "num_topics": 7,
  "total_liklihood": -33489.217603369048
}
