{
  "modality_liklihoods": [
    -14171.161291031163,
    -13206.957753509714,
    -940.78353860461596,
    -4636.4840716418967
  ],
  "num_iteration": 1000,
  "num_modalities": 4,
  "num_topics": 7,
  "total_liklihood": -32955.386654787391
}
