{
  "modality_liklihoods": [
    -14324.623827320969,
    -13250.371942246889,
    -943.13446188541297,
    -4657.7229346939539
  ],
  "num_iteration": 1000,
  "num_modalities": 4,
  "num_topics": 7,
  "total_liklihood": -33175.85316614723
}
