{
  "modality_liklihoods": [
    -14032.480067277325,
    -13263.600626556054,
    -939.53261657199562,
    -4652.2532280309906
  ],
  "num_iteration": 1000,
  "num_modalities": 4,
  "num_topics": 7,
  "total_liklihood": -32887.866538436363
}
