{
  "modality_liklihoods": [
    -13904.839534513078,
    -13277.010797730445,
    -940.63108550868685,
    -4616.8926227293041
  ],
  "num_iteration": 1000,
  "num_modalities": 4,
  "num_topics": 7,
  "total_liklihood": -32739.374040481514
}
