{
  "modality_liklihoods": [
    -14074.381823066054,
    -13288.684358016055,
    -938.48834549318099,
    -4628.3054908913018
  ],
  "num_iteration": 1000,
  "num_modalities": 4,
  "num_topics": 7,
  "total_liklihood": -32929.860017466592
}
