{
  "modality_liklihoods": [
    -13305.492507273901,
    -13265.80774437402,
    -936.21981691769963,
    -4614.3986460305132
  ],
  "num_iteration": 1000,
  "num_modalities": 4,
  "num_topics": 7,
  "total_liklihood": -32121.918714596133
}
