{
  "modality_liklihoods": [
    -12498.155353653819,
    -13301.03683705645,
    -943.81144872295545,
    -4560.2323704239625
  ],
  "num_iteration": 1000,
  "num_modalities": 4,
  "num_topics": 7,
  "total_liklihood": -31303.236009857188
}
