{
  "modality_liklihoods": [
    -13223.148151759562,
    -13245.386075969884,
    -937.8226214471822,
    -4645.1104319124152
  ],
  "num_iteration": 1000,
  "num_modalities": 4,
  "num_topics": 7,
  "total_liklihood": -32051.467281089048
}
