{
  "modality_liklihoods": [
    -14482.883616698386,
    -13249.495470822085,
    -937.0470365808427,
    -4651.7696683523418
  ],
  "num_iteration": 1000,
  "num_modalities": 4,
  "num_topics": 7,
  "total_liklihood": -33321.195792453655
}
