{
  "modality_liklihoods": [
    -14249.87171547768,
    -13212.428221282144,
    -935.87724741906902,
    -4725.9607613909875
  ],
  "num_iteration": 1000,
  "num_modalities": 4,
  "num_topics": 7,
  "total_liklihood": -33124.137945569884
}
