{
  "modality_liklihoods": [
    -13947.509945304981,
    -13260.187334185761,
    -937.63653276540867,
    -4632.1289136904879
  ],
  "num_iteration": 1000,
  "num_modalities": 4,
  "num_topics": 7,
  "total_liklihood": -32777.462725946636
}
