{
  "modality_liklihoods": [
    -14214.757320677862,
    -13197.26871493511,
    -944.61860266668953,
    -4692.215475992014
  ],
  "num_iteration": 1000,
  "num_modalities": 4,
  "num_topics": 7,
  "total_liklihood": -33048.86011427168
}
