{
  "modality_liklihoods": [
    -13449.737199797513,
    -13288.726599045756,
    -945.19215580521575,
    -4667.3761157907375
  ],
  "num_iteration": 1000,
  "num_modalities": 4,
  "num_topics": 7,
  "total_liklihood": -32351.032070439222
}
