{
  "modality_liklihoods": [
    -14075.534860281641,
    -13256.926127400544,
    -948.20123537581264,
    -4632.506961002985
  ],
  "num_iteration": 1000,
  "num_modalities": 4,
  "num_topics": 7,
  "total_liklihood": -32913.169184060978
}
