{
  "modality_liklihoods": [
    -14003.279899140825,
    -13237.911254063347,
    -936.28738315727799,
    -4628.545328095146
  ],
  "num_iteration": 1000,
  "num_modalities": 4,
  "num_topics": 7,
  "total_liklihood": -32806.023864456598
}
