{
  "modality_liklihoods": [
    -13937.368486858235,
    -13273.231875454669,
    -941.32752532437269,
    -4679.3771693317422
  ],
  "num_iteration": 1000,
  "num_modalities": 4,
  "num_topics": 7,
  "total_liklihood": -32831.305056969017
}
