{
  "modality_liklihoods": [
    -14966.442393636391,
    -13233.186762185191,
    -941.58304111621123,
    -4655.7107075650883
  ],
  "num_iteration": 1000,
  "num_modalities": 4,
  "num_topics": 7,
  "total_liklihood": -33796.922904502877
}
