{
  "modality_liklihoods": [
    -14446.291898279092,
    -13292.316178739915,
    -942.34805632107384,
    -4608.1678213298046
  ],
  "num_iteration": 1000,
  "num_modalities": 4,
  "num_topics": 7,
  "total_liklihood": -33289.123954669885
}
