{
  "modality_liklihoods": [
    -12553.340107479291,
    -13238.535445770462,
    -938.27997311174295,
    -4619.3065942083995
  ],
  "num_iteration": 1000,
  "num_modalities": 4,
  "num_topics": 7,
  "total_liklihood": -31349.462120569893
}
