{
  "modality_liklihoods": [
    -13915.206774462242,
    -13264.412094873092,
    -938.60334711410997,
    -4649.7763157574918
  ],
  "num_iteration": 1000,
  "num_modalities": 4,
  "num_topics": 7,
  "total_liklihood": -32767.998532206933
}
