{
  "modality_liklihoods": [
    -14586.114293903211,
    -13231.893589323157,
    -936.38731878676253,
    -4677.9607909135993
  ],
  "num_iteration": 1000,
  "num_modalities": 4,
  "num_topics": 7,
  "total_liklihood": -33432.355992926729
}
