{
  "modality_liklihoods": [
    -14278.503240543936,
    -13234.138220265624,
    -947.259435261367,
    -4633.0766261432273
  ],
  "num_iteration": 1000,
  "num_modalities": 4,
  "num_topics": 7,
  "total_liklihood": -33092.977522214154
}
