{
  "modality_liklihoods": [
    -14654.424315713355,
    -13211.729479403852,
    -934.81428653853879,
    -4664.9697964496299
  ],
  "num_iteration": 1000,
  "num_modalities": 4,
  "num_topics": 7,
  "total_liklihood": -33465.937878105375
}
