{
  "modality_liklihoods": [
    -14445.695743196236,
    -13274.939186122017,
    -941.65943961877338,
    -4702.1016882733138
  ],
  "num_iteration": 1000,
  "num_modalities": 4,
  "num_topics": 7,
  "total_liklihood": -33364.396057210339
}
