{
  "modality_liklihoods": [
    -13670.572981951813,
    -13241.463318734033,
    -935.79679107382606,
    -4657.3951545525497
  ],
  "num_iteration": 1000,
  "num_modalities": 4,
  "num_topics": 7,
  "total_liklihood": -32505.228246312221
}
