{
  "modality_liklihoods": [
    -13854.27036126653,
    -13234.628267395421,
    -943.97927432293989,
    -4727.6197066706509
  ],
  "num_iteration": 1000,
  "num_modalities": 4,
  "num_topics": 7,
  "total_liklihood": -32760.497609655544
}
