{
  "modality_liklihoods": [
    -13980.997203979776,
    -13224.184112838884,
    -939.33833445769221,
    -4625.4440457484297
  ],
  "num_iteration": 1000,
  "num_modalities": 4,
  "num_topics": 7,
  "total_liklihood": -32769.963697024781
}
