{
  "modality_liklihoods": [
    -14422.684966342744,
    -13235.774860043541,
    -939.69816753268776,
    -4697.5031907350149
  ],
  "num_iteration": 1000,
  "num_modalities": 4,
  "num_topics": 7,
  "total_liklihood": -33295.661184653989
}
