{
  "modality_liklihoods": [
    -13996.005883846572,
    -13284.143486217503,
    -930.78509116094153,
    -4635.6936397808067
  ],
  "num_iteration": 1000,
  "num_modalities": 4,
  "num_topics": 7,
  "total_liklihood": -32846.628101005823
}
