{
  "modality_liklihoods": [
    -14771.15353117739,
    -13198.415610809318,
    -936.61220583937359,
    -4671.8298371963238
  ],
  "num_iteration": 1000,
  "num_modalities": 4,
  "num_topics": 7,
  "total_liklihood": -33578.011185022406
}
