{
  "modality_liklihoods": [
    -13904.694609163669,
    -13279.756193768206,
    -949.66313961160688,
    -4624.8280986934151
  ],
  "num_iteration": 1000,
  "num_modalities": 4,
  "num_topics": 7,
  "total_liklihood": -32758.942041236896
}
