{
  "modality_liklihoods": [
    -14098.16500799421,
    -13280.831988139835,
    -937.43681788723438,
    -4597.11010744742
  ],
  "num_iteration": 1000,
  "num_modalities": 4,
  "num_topics": 7,
  "total_liklihood": -32913.543921468699
}
