{
  "modality_liklihoods": [
    -13866.457817146815,
    -13254.892520859141,
    -940.70415356791443,
    -4577.2036144496506
  ],
  "num_iteration": 1000,
  "num_modalities": 4,
  "num_topics": 7,
  "total_liklihood": -32639.258106023517
}
