{
  "modality_liklihoods": [
    -14077.777095573267,
    -13277.733033527251,
    -945.69986799156538,
    -4639.4174667752659
  ],
  "num_iteration": 1000,
  "num_modalities": 4,
  "num_topics": 7,
  "total_liklihood": -32940.627463867349
}
