{
  "modality_liklihoods": [
    -14094.585600985534,
    -13264.895444349289,
    -938.77365961720136,
    -4627.9657605090215
  ],
  "num_iteration": 1000,
  "num_modalities": 4,
  "num_topics": 7,
  "total_liklihood": -32926.220465461047
}
