{
  "modality_liklihoods": [
    -13974.246305554299,
    -13240.836606876172,
    -943.48459746607341,
    -4661.6180178624172
  ],
  "num_iteration": 1000,
  "num_modalities": 4,
  "num_topics": 7,
  "total_liklihood": -32820.185527758964
}
