{
  "modality_liklihoods": [
    -13684.364359525545,
    -13270.403461953341,
    -938.18034232427567,
    -4618.4743498691023
  ],
  "num_iteration": 1000,
  "num_modalities": 4,
  "num_topics": 7,
  "total_liklihood": -32511.422513672263
}
