{
  "modality_liklihoods": [
    -13468.561919438707,
    -13254.707846476662,
    -933.51633244161656,
    -4606.4072791895478
  ],
  "num_iteration": 1000,
  "num_modalities": 4,
  "num_topics": 7,
  "total_liklihood": -32263.193377546537
}
