{
  "modality_liklihoods": [
    -12179.215676538855,
    -13278.238467437348,
    -945.38535834977256,
    -4660.3154468062048
  ],
  "num_iteration": 1000,
  "num_modalities": 4,
  "num_topics": 7,
  "total_liklihood": -31063.154949132182
}
