{
  "modality_liklihoods": [
    -13305.280547704469,
    -13288.019632789641,
    -946.75546837518993,
    -4639.0928191687199
  ],
  "num_iteration": 1000,
  "num_modalities": 4,
  "num_topics": 7,
  "total_liklihood": -32179.14846803802
}
