{
  "modality_liklihoods": [
    -14564.957225957334,
    -13215.373269579186,
    -946.26968546254352,
    -4714.4090922100859
  ],
  "num_iteration": 1000,
  "num_modalities": 4,
  "num_topics": 7,
  "total_liklihood": -33441.009273209151
}
