{
  "modality_liklihoods": [
    -14017.020166604989,
    -13266.608722643348,
    -946.31409938097681,
    -4611.4804533090683
  ],
  "num_iteration": 1000,
  "num_modalities": 4,
  "num_topics": 7,
  "total_liklihood": -32841.423441938379
}
