{
  "modality_liklihoods": [
    -14081.224585178166,
    -13244.331306148539,
    -939.49316645665897,
    -4663.167686292536
  ],
  "num_iteration": 1000,
  "num_modalities": 4,
  "num_topics": 7,
  "total_liklihood": -32928.2167440759
}
