{
  "modality_liklihoods": [
    -13838.814487816742,
    -13269.13230954189,
    -937.04329290288319,
    -4654.4028332262924
  ],
  "num_iteration": 1000,
  "num_modalities": 4,
  "num_topics": 7,
  "total_liklihood": -32699.392923487809
}
