{
  "modality_liklihoods": [
    -14356.07174569352,
    -13261.98165645842,
    -938.0529912208076,
    -4633.4145244802039
  ],
  "num_iteration": 1000,
  "num_modalities": 4,
  "num_topics": 7,
  "total_liklihood": -33189.520917852955
}
