{
  "modality_liklihoods": [
    -14334.337854709838,
    -13256.730815060184,
    -937.31199217413598,
    -4650.4162197183141
  ],
  "num_iteration": 1000,
  "num_modalities": 4,
  "num_topics": 7,
  "total_liklihood": -33178.796881662471
}
