{
  "modality_liklihoods": [
    -13449.406529965143,
    -13270.287789480777,
    -940.3199768175333,
    -4646.8162678966619
  ],
  "num_iteration": 1000,
  "num_modalities": 4,
  "num_topics": 7,
  "total_liklihood": -32306.830564160115
}
