{
  "modality_liklihoods": [
    -14116.01538914414,
    -13273.385081534328,
    -937.31818170014765,
    -4663.9985781576788
  ],
  "num_iteration": 1000,
  "num_modalities": 4,
  "num_topics": 7,
  "total_liklihood": -32990.717230536291
}
