{
  "modality_liklihoods": [
    -13857.258501416292,
    -13334.336586040152,
    -939.10174616997529,
    -4717.8402920092703
  ],
  "num_iteration": 1000,
  "num_modalities": 4,
  "num_topics": 7,
  "total_liklihood": -32848.537125635688
}
