{
  "modality_liklihoods": [
    -13812.711019306918,
    -13277.720709699432,
    -933.97292889163134,
    -4620.4979436460735
  ],
  "num_iteration": 1000,
  "num_modalities": 4,
  "num_topics": 7,
  "total_liklihood": -32644.902601544054
}
