{
  "modality_liklihoods": [
    -14020.446634607273,
    -13303.748729224466,
    -941.0778726826934,
    -4601.5766952889417
  ],
  "num_iteration": 1000,
  "num_modalities": 4,
  "num_topics": 7,
  "total_liklihood": -32866.849931803372
}
