{
  "modality_liklihoods": [
    -13167.395727687132,
    -13224.21201575452,
    -950.45531246349822,
    -4662.8604958198903
  ],
  "num_iteration": 1000,
  "num_modalities": 4,
  "num_topics": 7,
  "total_liklihood": -32004.923551725042
}
