{
  "modality_liklihoods": [
    -14316.201047725568,
    -13282.369940384817,
    -939.48571508636473,
    -4635.5807128610286
  ],
  "num_iteration": 1000,
  "num_modalities": 4,
  "num_topics": 7,
  "total_liklihood": -33173.637416057776
}
