{
  "modality_liklihoods": [
    -13911.026491848312,
    -13274.476895325604,
    -939.27697380227551,
    -4688.2631518512253
  ],
  "num_iteration": 1000,
  "num_modalities": 4,
  "num_topics": 7,
  "total_liklihood": -32813.043512827418
}
