{
  "modality_liklihoods": [
    -13901.538632182645,
    -13239.52431238289,
    -938.37392212777081,
    -4651.5241352251523
  ],
  "num_iteration": 1000,
  "num_modalities": 4,
  "num_topics": 7,
  "total_liklihood": -32730.961001918462
}
