{
  "modality_liklihoods": [
    -13427.160012438662,
    -13270.195127855968,
    -943.6514007486719,
    -4656.9954049501366
  ],
  "num_iteration": 1000,
  "num_modalities": 4,
  "num_topics": 7,
  "total_liklihood": -32298.001945993441
}
