{
  "modality_liklihoods": [
    -13353.168507251587,
    -13232.430209221247,
    -942.03063201826217,
    -4608.700932940591
  ],
  "num_iteration": 1000,
  "num_modalities": 4,
  "num_topics": 7,
  "total_liklihood": -32136.330281431688
}
