{
  "modality_liklihoods": [
    -14066.053571182125,
    -13268.311487561228,
    -943.56838957572961,
    -4630.0098688086537
  ],
  "num_iteration": 1000,
  "num_modalities": 4,
  "num_topics": 7,
  "total_liklihood": -32907.943317127734
}
