{
  "modality_liklihoods": [
    -13948.303685439225,
    -13281.41989814756,
    -940.50208833649299,
    -4652.5716313982712
  ],
  "num_iteration": 1000,
  "num_modalities": 4,
  "num_topics": 7,
  "total_liklihood": -32822.797303321546
}
