{
  "modality_liklihoods": [
    -13427.715249205117,
    -13283.941225935709,
    -939.86326916431142,
    -4614.1361651483157
  ],
  "num_iteration": 1000,
  "num_modalities": 4,
  "num_topics": 7,
  "total_liklihood": -32265.655909453453
}
