{
  "modality_liklihoods": [
    -14016.385923451764,
    -13249.110533394114,
    -946.19010047652898,
    -4648.9437525634412
  ],
  "num_iteration": 1000,
  "num_modalities": 4,
  "num_topics": 7,
  "total_liklihood": -32860.630309885848
}
