{
  "modality_liklihoods": [
    -13809.160941951073,
    -13231.638590163106,
    -943.74404219609983,
    -4665.3721374523266
  ],
  "num_iteration": 1000,
  "num_modalities": 4,
  "num_topics": 7,
  "total_liklihood": -32649.915711762605
}
