{
  "modality_liklihoods": [
    -13712.67827753163,
    -13249.088005312997,
    -944.14472377121251,
    -4634.7848542958773
  ],
  "num_iteration": 1000,
  "num_modalities": 4,
  "num_topics": 7,
  "total_liklihood": -32540.695860911717
}
