{
  "modality_liklihoods": [
    -13618.073871691775,
    -13241.561870150334,
    -952.90345822120514,
    -4671.4689487095684
  ],
  "num_iteration": 1000,
  "num_modalities": 4,
  "num_topics": 7,
  "total_liklihood": -32484.008148772882
}
