{
  "modality_liklihoods": [
    -14097.851648377598,
    -13194.942615397016,
    -944.33611615192228,
    -4639.7245564155673
  ],
  "num_iteration": 1000,
  "num_modalities": 4,
  "num_topics": 7,
  "total_liklihood": -32876.854936342104
}
