{
  "modality_liklihoods": [
    -13322.009624190539,
    -13208.626155655871,
    -944.32659228378748,
    -4625.4306153274601
  ],
  "num_iteration": 1000,
  "num_modalities": 4,
  "num_topics": 7,
  "total_liklihood": -32100.392987457657
}
