{
  "modality_liklihoods": [
    -13575.346771158511,
    -13274.776885908956,
    -935.34195205231788,
    -4600.3441972003138
  ],
  "num_iteration": 1000,
  "num_modalities": 4,
  "num_topics": 7,
  "total_liklihood": -32385.809806320096
}
