{
  "modality_liklihoods": [
    -14030.082153461286,
    -13257.285705937476,
    -945.22735641982365,
    -4651.113202294463
  ],
  "num_iteration": 1000,
  "num_modalities": 4,
  "num_topics": 7,
  "total_liklihood": -32883.708418113049
}
