{
  "modality_liklihoods": [
    -14016.659610380655,
    -13228.872476569421,
    -937.99443128463099,
    -4631.2978565341045
  ],
  "num_iteration": 1000,
  "num_modalities": 4,
  "num_topics": 7,
  "total_liklihood": -32814.82437476881
}
