{
  "modality_liklihoods": [
    -13724.662184112489,
    -13270.588467831984,
    -944.51613253393498,
    -4605.1082479314809
  ],
  "num_iteration": 1000,
  "num_modalities": 4,
  "num_topics": 7,
  "total_liklihood": -32544.875032409887
}
