{
  "modality_liklihoods": [
    -14148.087480990594,
    -13262.60974569039,
    -935.4974202717907,
    -4603.535714807218
  ],
  "num_iteration": 1000,
  "num_modalities": 4,
  "num_topics": 7,
  "total_liklihood": -32949.73036175999
}
