{
  "modality_liklihoods": [
    -14010.442447571124,
    -13253.458671774135,
    -941.92533489205857,
    -4649.8377610277448
  ],
  "num_iteration": 1000,
  "num_modalities": 4,
  "num_topics": 7,
  "total_liklihood": -32855.66421526506
}
