{
  "modality_liklihoods": [
    -13251.05898419535,
    -13275.041130547323,
    -942.7458086686039,
    -4620.3427070960734
  ],
  "num_iteration": 1000,
  "num_modalities": 4,
  "num_topics": 7,
  "total_liklihood": -32089.188630507349
}
