{
  "modality_liklihoods": [
    -13250.260021248647,
    -13282.564556769823,
    -941.01117361160755,
    -4644.7176141234258
  ],
  "num_iteration": 1000,
  "num_modalities": 4,
  "num_topics": 7,
  "total_liklihood": -32118.553365753505
}
