{
  "modality_liklihoods": [
    -13824.244783171182,
    -13271.01498540791,
    -934.51682222768613,
    -4627.5085558084547
  ],
  "num_iteration": 1000,
  "num_modalities": 4,
  "num_topics": 7,
  "total_liklihood": -32657.285146615228
}
