{
  "modality_liklihoods": [
    -14169.722398173555,
    -13254.817939729415,
    -940.4950278727232,
    -4620.1050771477994
  ],
  "num_iteration": 1000,
  "num_modalities": 4,
  "num_topics": 7,
  "total_liklihood": -32985.14044292349
}
