{
  "modality_liklihoods": [
    -13922.584890332802,
    -13254.618957867428,
    -945.94877630718418,
    -4584.7969457747849
  ],
  "num_iteration": 1000,
  "num_modalities": 4,
  "num_topics": 7,
  "total_liklihood": -32707.949570282202
}
