{
  "modality_liklihoods": [
    -13890.898954062635,
    -13290.409649592797,
    -944.05114155682702,
    -4648.6457358669013
  ],
  "num_iteration": 1000,
  "num_modalities": 4,
  "num_topics": 7,
  "total_liklihood": -32774.005481079155
}
