{
  "modality_liklihoods": [
    -14439.713874749861,
    -13296.093836677539,
    -932.05362082830641,
    -4635.9318594549504
  ],
  "num_iteration": 1000,
  "num_modalities": 4,
  "num_topics": 7,
  "total_liklihood": -33303.793191710654
}
