{
  "modality_liklihoods": [
    -14430.74594631567,
    -13271.642468558775,
    -944.70906746832839,
    -4629.8900205179334
  ],
  "num_iteration": 1000,
  "num_modalities": 4,
  "num_topics": 7,
  "total_liklihood": -33276.987502860706
}
