{
  "modality_liklihoods": [
    -13674.734678355968,
    -13267.810340661757,
    -946.51305703796106,
    -4694.169217212574
  ],
  "num_iteration": 1000,
  "num_modalities": 4,
  "num_topics": 7,
  "total_liklihood": -32583.227293268261
}
