{
  "modality_liklihoods": [
    -13538.945889514227,
    -13254.787967550856,
    -945.19888899324383,
    -4722.1234345926341
  ],
  "num_iteration": 1000,
  "num_modalities": 4,
  "num_topics": 7,
  "total_liklihood": -32461.056180650961
}
