{
  "modality_liklihoods": [
    -13940.240910700781,
    -13237.27521207047,
    -940.65971998461771,
    -4675.7081491821682
  ],
  "num_iteration": 1000,
  "num_modalities": 4,
  "num_topics": 7,
  "total_liklihood": -32793.883991938041
}
