{
  "modality_liklihoods": [
    -13480.541816346366,
    -13224.290132006356,
    -945.38199779633112,
    -4620.3962556135984
  ],
  "num_iteration": 1000,
  "num_modalities": 4,
  "num_topics": 7,
  "total_liklihood": -32270.610201762654
}
