{
  "modality_liklihoods": [
    -13883.830737479637,
    -13220.592714773536,
    -940.32331772657585,
    -4636.6900719470568
  ],
  "num_iteration": 1000,
  "num_modalities": 4,
  "num_topics": 7,
  "total_liklihood": -32681.436841926807
}
