{
  "modality_liklihoods": [
    -14178.013120442474,
    -13269.001367878322,
    -937.3439279976003,
    -4655.5386823882463
  ],
  "num_iteration": 1000,
  "num_modalities": 4,
  "num_topics": 7,
  "total_liklihood": -33039.897098706642
}
