{
  "modality_liklihoods": [
    -12436.220260039336,
    -13235.159908788757,
    -933.55233073993872,
    -4626.4699232270386
  ],
  "num_iteration": 1000,
  "num_modalities": 4,
  "num_topics": 7,
  "total_liklihood": -31231.402422795072
}
