{
  "modality_liklihoods": [
    -14432.48602399791,
    -13268.989771142416,
    -938.39185317466183,
    -4605.8514698841873
  ],
  "num_iteration": 1000,
  "num_modalities": 4,
  "num_topics": 7,
  "total_liklihood": -33245.719118199173
}
