{
  "modality_liklihoods": [
    -14178.117137143776,
    -13225.240061497296,
    -944.72411364990444,
    -4682.0928507830795
  ],
  "num_iteration": 1000,
  "num_modalities": 4,
  "num_topics": 7,
  "total_liklihood": -33030.174163074058
}
