{
  "modality_liklihoods": [
    -13992.993975363617,
    -13285.74241965207,
    -935.8267399407124,
    -4658.3358697257381
  ],
  "num_iteration": 1000,
  "num_modalities": 4,
  "num_topics": 7,
  "total_liklihood": -32872.899004682135
}
