{
  "modality_liklihoods": [
    -13854.900072219947,
    -13257.536032218593,
    -939.36048355014077,
    -4626.3075608239033
  ],
  "num_iteration": 1000,
  "num_modalities": 4,
  "num_topics": 7,
  "total_liklihood": -32678.104148812585
}
