{
  "modality_liklihoods": [
    -14228.548948113705,
    -13251.222064658248,
    -939.54911492227939,
    -4788.9045101654256
  ],
  "num_iteration": 1000,
  "num_modalities": 4,
  "num_topics": 7,
  "total_liklihood": -33208.224637859661
}
