{
  "modality_liklihoods": [
    -13841.733493509808,
    -13297.114613474039,
    -939.74825239825293,
    -4641.1633573869194
  ],
  "num_iteration": 1000,
  "num_modalities": 4,
  "num_topics": 7,
  "total_liklihood": -32719.759716769018
}
