{
  "modality_liklihoods": [
    -14008.486938026819,
    -13256.177101761001,
    -938.02711462440232,
    -4632.3948011345019
  ],
  "num_iteration": 1000,
  "num_modalities": 4,
  "num_topics": 7,
  "total_liklihood": -32835.085955546725
}
