{
  "modality_liklihoods": [
    -14258.882379785062,
    -13235.905183523253,
    -939.91508280714334,
    -4636.2757706767306
  ],
  "num_iteration": 1000,
  "num_modalities": 4,
  "num_topics": 7,
  "total_liklihood": -33070.97841679219
}
