{
  "modality_liklihoods": [
    -13621.894101249363,
    -13220.398164974808,
    -942.03062093533561,
    -4647.8528577021661
  ],
  "num_iteration": 1000,
  "num_modalities": 4,
  "num_topics": 7,
  "total_liklihood": -32432.17574486167
}
