{
  "modality_liklihoods": [
    -14946.624322883354,
    -13233.266800642557,
    -941.04654896401541,
    -4681.8523438340662
  ],
  "num_iteration": 1000,
  "num_modalities": 4,
  "num_topics": 7,
  "total_liklihood": -33802.79001632399
}
