{
  "modality_liklihoods": [
    -14227.094206357262,
    -13274.255065932359,
    -939.24717672837812,
    -4663.8022647811567
  ],
  "num_iteration": 1000,
  "num_modalities": 4,
  "num_topics": 7,
  "total_liklihood": -33104.398713799157
}
