{
  "modality_liklihoods": [
    -13023.809304334311,
    -13272.312860667913,
    -936.42910067644641,
    -4625.62894766105
  ],
  "num_iteration": 1000,
  "num_modalities": 4,
  "num_topics": 7,
  "total_liklihood": -31858.180213339721
}
