{
  "modality_liklihoods": [
    -13817.731912711775,
    -13269.787854082953,
    -941.21142048047147,
    -4681.227642335888
  ],
  "num_iteration": 1000,
  "num_modalities": 4,
  "num_topics": 7,
  "total_liklihood": -32709.958829611089
}
