{
  "modality_liklihoods": [
    -13796.057086572071,
    -13314.778796244345,
    -940.80264927129792,
    -4646.252155418646
  ],
  "num_iteration": 1000,
  "num_modalities": 4,
  "num_topics": 7,
  "total_liklihood": -32697.890687506362
}
