{
  "modality_liklihoods": [
    -13972.972433338509,
    -13264.113446456018,
    -944.11755867473289,
    -4672.5656330637767
  ],
  "num_iteration": 1000,
  "num_modalities": 4,
  "num_topics": 7,
  "total_liklihood": -32853.769071533039
}
