{
  "modality_liklihoods": [
    -13998.43443997408,
    -13240.656646185356,
    -945.64601428549895,
    -4634.1612521725847
  ],
  "num_iteration": 1000,
  "num_modalities": 4,
  "num_topics": 7,
  "total_liklihood": -32818.898352617522
}
