{
  "modality_liklihoods": [
    -13889.301359799467,
    -13256.547432161673,
    -938.9653199734056,
    -4634.4729067141034
  ],
  "num_iteration": 1000,
  "num_modalities": 4,
  "num_topics": 7,
  "total_liklihood": -32719.287018648647
}
