{
  "modality_liklihoods": [
    -13862.770220158818,
    -13285.669040833951,
    -937.02942244040321,
    -4644.4432068319365
  ],
  "num_iteration": 1000,
  "num_modalities": 4,
  "num_topics": 7,
  "total_liklihood": -32729.911890265106
}
