{
  "modality_liklihoods": [
    -14026.746158231643,
    -13273.878799051508,
    -941.34411791609216,
    -4652.7651620810702
  ],
  "num_iteration": 1000,
  "num_modalities": 4,
  "num_topics": 7,
  "total_liklihood": -32894.73423728031
}
