{
  "modality_liklihoods": [
    -13814.378272891176,
    -13210.728321413748,
    -948.18206680342269,
    -4692.6290123694735
  ],
  "num_iteration": 1000,
  "num_modalities": 4,
  "num_topics": 7,
  "total_liklihood": -32665.917673477823
}
