{
  "modality_liklihoods": [
    -13809.833542459381,
    -13298.979179558177,
    -942.09360428392654,
    -4636.3148490014792
  ],
  "num_iteration": 1000,
  "num_modalities": 4,
  "num_topics": 7,
  "total_liklihood": -32687.221175302966
}
