{
  "modality_liklihoods": [
    -14128.73603879921,
    -13252.113002620286,
    -939.52921998825218,
    -4634.8005674899978
  ],
  "num_iteration": 1000,
  "num_modalities": 4,
  "num_topics": 7,
  "total_liklihood": -32955.178828897748
}
