{
  "modality_liklihoods": [
    -13648.14111869969,
    -13298.042652770184,
    -937.12991135721461,
    -4637.6960063625311
  ],
  "num_iteration": 1000,
  "num_modalities": 4,
  "num_topics": 7,
  "total_liklihood": -32521.009689189617
}
