{
  "modality_liklihoods": [
    -13313.713549352715,
    -13248.746639275681,
    -936.25630561227047,
    -4613.5601785258077
  ],
  "num_iteration": 1000,
  "num_modalities": 4,
  "num_topics": 7,
  "total_liklihood": -32112.276672766475
}
