{
  "modality_liklihoods": [
    -13237.923899758083,
    -13252.933906355942,
    -935.25351122202017,
    -4639.2612145932972
  ],
  "num_iteration": 1000,
  "num_modalities": 4,
  "num_topics": 7,
  "total_liklihood": -32065.372531929344
}
