{
  "modality_liklihoods": [
    -13270.164339226629,
    -13233.045217801611,
    -933.01036203624062,
    -4626.025740477955
  ],
  "num_iteration": 1000,
  "num_modalities": 4,
  "num_topics": 7,
  "total_liklihood": -32062.245659542437
}
