{
  "modality_liklihoods": [
    -15050.814512111741,
    -13283.666227874744,
    -942.19822400309477,
    -4613.5328303559299
  ],
  "num_iteration": 1000,
  "num_modalities": 4,
  "num_topics": 7,
  "total_liklihood": -33890.211794345516
}
