{
  "modality_liklihoods": [
    -14528.831566902414,
    -13287.993862664689,
    -937.42986062469379,
    -4638.6986951862145
  ],
  "num_iteration": 1000,
  "num_modalities": 4,
  "num_topics": 7,
  "total_liklihood": -33392.953985378008
}
