{
  "modality_liklihoods": [
    -13986.14778254066,
    -13216.6055177034,
    -936.33386461892439,
    -4735.6451848297202
  ],
  "num_iteration": 1000,
  "num_modalities": 4,
  "num_topics": 7,
  "total_liklihood": -32874.732349692706
}
