{
  "modality_liklihoods": [
    -14155.342147297557,
    -13268.180583968709,
    -938.97490608814132,
    -4624.5856192927213
  ],
  "num_iteration": 1000,
  "num_modalities": 4,
  "num_topics": 7,
  "total_liklihood": -32987.083256647129
}
