{
  "modality_liklihoods": [
    -14023.700425836072,
    -13250.022779548164,
    -939.00187387541496,
    -4647.8378718829381
  ],
  "num_iteration": 1000,
  "num_modalities": 4,
  "num_topics": 7,
  "total_liklihood": -32860.562951142594
}
