{
  "modality_liklihoods": [
    -13611.55387581552,
    -13268.210128242688,
    -938.83033852530957,
    -4592.6710367770856
  ],
  "num_iteration": 1000,
  "num_modalities": 4,
  "num_topics": 7,
  "total_liklihood": -32411.265379360604
}
