{
  "modality_liklihoods": [
    -14297.828242670294,
    -13293.169691325727,
    -935.01853011512515,
    -4642.5521377611412
  ],
  "num_iteration": 1000,
  "num_modalities": 4,
  "num_topics": 7,
  "total_liklihood": -33168.568601872284
}
