{
  "modality_liklihoods": [
    -13063.06626107898,
    -13236.492468106613,
    -935.82781312362181,
    -4553.3562912183525
  ],
  "num_iteration": 1000,
  "num_modalities": 4,
  "num_topics": 7,
  "total_liklihood": -31788.742833527565
}
