{
  "modality_liklihoods": [
    -14474.609867084133,
    -13315.799965408634,
    -944.10580461706945,
    -4651.8572777387944
  ],
  "num_iteration": 1000,
  "num_modalities": 4,
  "num_topics": 7,
  "total_liklihood": -33386.372914848631
}
