{
  "modality_liklihoods": [
    -14318.42643664247,
    -13243.059330489486,
    -939.84973928953991,
    -4792.4631278110664
  ],
  "num_iteration": 1000,
  "num_modalities": 4,
  "num_topics": 7,
  "total_liklihood": -33293.79863423256
}
