{
  "modality_liklihoods": [
    -14350.871722210744,
    -13268.641159639292,
    -942.57435610319385,
    -4657.4302129396792
  ],
  "num_iteration": 1000,
  "num_modalities": 4,
  "num_topics": 7,
  "total_liklihood": -33219.517450892912
}
