{
  "modality_liklihoods": [
    -13663.891964360289,
    -13215.622824409778,
    -947.42669333461276,
    -4636.9436371757211
  ],
  "num_iteration": 1000,
  "num_modalities": 4,
  "num_topics": 7,
  "total_liklihood": -32463.8851192804
}
