{
  "modality_liklihoods": [
    -13314.54008277854,
    -13227.337320887573,
    -942.77509864032675,
    -4687.9176160787729
  ],
  "num_iteration": 1000,
  "num_modalities": 4,
  "num_topics": 7,
  "total_liklihood": -32172.570118385211
}
