{
  "modality_liklihoods": [
    -13918.149922668303,
    -13227.861324807282,
    -937.59170124976799,
    -4629.7818743161579
  ],
  "num_iteration": 1000,
  "num_modalities": 4,
  "num_topics": 7,
  "total_liklihood": -32713.38482304151
}
