{
  "modality_liklihoods": [
    -14102.653679152208,
    -13288.540469333364,
    -940.39966586519563,
    -4672.5107631864457
  ],
  "num_iteration": 1000,
  "num_modalities": 4,
  "num_topics": 7,
  "total_liklihood": -33004.104577537211
}
