{
  "modality_liklihoods": [
    -13852.404590296539,
    -13306.260857624031,
    -944.84193190995643,
    -4642.8559211355732
  ],
  "num_iteration": 1000,
  "num_modalities": 4,
  "num_topics": 7,
  "total_liklihood": -32746.363300966099
}
