{
  "modality_liklihoods": [
    -13432.83560514192,
    -13247.868392866867,
    -942.00409296887847,
    -4601.9511486744823
  ],
  "num_iteration": 1000,
  "num_modalities": 4,
  "num_topics": 7,
  "total_liklihood": -32224.659239652145
}
