{
  "modality_liklihoods": [
    -14105.904129788991,
    -13256.24407868577,
    -932.79714720268373,
    -4621.4292035656308
  ],
  "num_iteration": 1000,
  "num_modalities": 4,
  "num_topics": 7,
  "total_liklihood": -32916.374559243079
}
