{
  "modality_liklihoods": [
    -14079.734802234716,
    -13289.269538141129,
    -937.99331332759402,
    -4648.0047504728427
  ],
  "num_iteration": 1000,
  "num_modalities": 4,
  "num_topics": 7,
  "total_liklihood": -32955.002404176281
}
