{
  "modality_liklihoods": [
    -14504.616697866051,
    -13300.740616790094,
    -934.58183148921592,
    -4637.0513405805468
  ],
  "num_iteration": 1000,
  "num_modalities": 4,
  "num_topics": 7,
  "total_liklihood": -33376.99048672591
}
