{
  "modality_liklihoods": [
    -14840.571867806433,
    -13202.666994131288,
    -946.20891121308398,
    -4681.8754632232303
  ],
  "num_iteration": 1000,
  "num_modalities": 4,
  "num_topics": 7,
  "total_liklihood": -33671.323236374039
}
