{
  "modality_liklihoods": [
    -14249.272933093602,
    -13236.657767958024,
    -936.02609548494252,
    -4679.0703055439208
  ],
  "num_iteration": 1000,
  "num_modalities": 4,
  "num_topics": 7,
  "total_liklihood": -33101.027102080494
}
