{
  "modality_liklihoods": [
    -13823.366336447945,
    -13228.021049159111,
    -947.11140814983355,
    -4644.9786008856181
  ],
  "num_iteration": 1000,
  "num_modalities": 4,
  "num_topics": 7,
  "total_liklihood": -32643.477394642508
}
