{
  "modality_liklihoods": [
    -13608.057753890977,
    -13298.540948421805,
    -941.70769212716937,
    -4664.7933629349482
  ],
  "num_iteration": 1000,
  "num_modalities": 4,
  "num_topics": 7,
  "total_liklihood": -32513.099757374897
}
