{
  "modality_liklihoods": [
    -13992.30180805157,
    -13270.582511921031,
    -935.14548495716315,
    -4654.7857256749066
  ],
  "num_iteration": 1000,
  "num_modalities": 4,
  "num_topics": 7,
  "total_liklihood": -32852.815530604676
}
