{
  "modality_liklihoods": [
    -13976.373272803601,
    -13254.345688838102,
    -940.97355769954686,
    -4651.1406707150381
  ],
  "num_iteration": 1000,
  "num_modalities": 4,
  "num_topics": 7,
  "total_liklihood": -32822.833190056292
}
