{
  "modality_liklihoods": [
    -13445.090020976244,
    -13270.436560326512,
    -939.22856085197122,
    -4635.5798770584106
  ],
  "num_iteration": 1000,
  "num_modalities": 4,
  "num_topics": 7,
  "total_liklihood": -32290.33501921314
}
