{
  "modality_liklihoods": [
    -13565.378238323523,
    -13250.256036580713,
    -943.24704010880828,
    -4641.8374543625341
  ],
  "num_iteration": 1000,
  "num_modalities": 4,
  "num_topics": 7,
  "total_liklihood": -32400.718769375577
}
