{
  "modality_liklihoods": [
    -14337.561710562179,
    -13246.302188825161,
    -939.83626543656021,
    -4667.0204205399687
  ],
  "num_iteration": 1000,
  "num_modalities": 4,
  "num_topics": 7,
  "total_liklihood": -33190.720585363866
}
