{
  "modality_liklihoods": [
    -14084.548056828862,
    -13278.606634893124,
    -939.00697032130802,
    -4661.4268743557668
  ],
  "num_iteration": 1000,
  "num_modalities": 4,
  "num_topics": 7,
  "total_liklihood": -32963.58853639906
}
