{
  "modality_liklihoods": [
    -13567.030902593691,
    -13253.657359668026,
    -942.64072574642432,
    -4657.7043831229439
  ],
  "num_iteration": 1000,
  "num_modalities": 4,
  "num_topics": 7,
  "total_liklihood": -32421.033371131089
}
