{
  "modality_liklihoods": [
    -14073.670452168637,
    -13263.966792568232,
    -935.21191511304835,
    -4644.2274409475731
  ],
  "num_iteration": 1000,
  "num_modalities": 4,
  "num_topics": 7,
  "total_liklihood": -32917.076600797496
}
