{
  "modality_liklihoods": [
    -14177.718471109849,
    -13254.747528537357,
    -937.16070544101115,
    -4671.2528432524605
  ],
  "num_iteration": 1000,
  "num_modalities": 4,
  "num_topics": 7,
  "total_liklihood": -33040.879548340679
}
