{
  "modality_liklihoods": [
    -14059.644111991729,
    -13250.377066996725,
    -937.89161430228398,
    -4636.2702050055368
  ],
  "num_iteration": 1000,
  "num_modalities": 4,
  "num_topics": 7,
  "total_liklihood": -32884.182998296274
}
