{
  "modality_liklihoods": [
    -13844.921328928356,
    -13226.333818471592,
    -944.22135006913163,
    -4686.0893389184821
  ],
  "num_iteration": 1000,
  "num_modalities": 4,
  "num_topics": 7,
  "total_liklihood": -32701.565836387563
}
