{
  "modality_liklihoods": [
    -13862.389403941983,
    -13256.742123163431,
    -941.05371505881033,
    -4637.9888764122816
  ],
  "num_iteration": 1000,
  "num_modalities": 4,
  "num_topics": 7,
  "total_liklihood": -32698.174118576502
}
