{
  "modality_liklihoods": [
    -15103.167828360922,
    -13220.088598091101,
    -941.77584518681988,
    -4647.837242066742
  ],
  "num_iteration": 1000,
  "num_modalities": 4,
  "num_topics": 7,
  "total_liklihood": -33912.869513705584
}
