{
  "modality_liklihoods": [
    -14167.55470225683,
    -13229.935338559173,
    -937.39402475792031,
    -4644.3851894780455
  ],
  "num_iteration": 1000,
  "num_modalities": 4,
  "num_topics": 7,
  "total_liklihood": -32979.269255051971
}
