{
  "modality_liklihoods": [
    -13886.680247820075,
    -13294.126923903334,
    -939.58714484920654,
    -4646.2658155770114
  ],
  "num_iteration": 1000,
  "num_modalities": 4,
  "num_topics": 7,
  "total_liklihood": -32766.660132149627
}
