{
  "modality_liklihoods": [
    -13946.639728229071,
    -13260.30278092158,
    -943.42144985467928,
    -4608.1193282222584
  ],
  "num_iteration": 1000,
  "num_modalities": 4,
  "num_topics": 7,
  "total_liklihood": -32758.483287227587
}
