{
  "modality_liklihoods": [
    -13387.890039960232,
    -13249.793255373321,
    -950.04799791996959,
    -4655.6476498773
  ],
  "num_iteration": 1000,
  "num_modalities": 4,
  "num_topics": 7,
  "total_liklihood": -32243.378943130825
}
