{
  "modality_liklihoods": [
    -13918.56655433903,
    -13233.063011630305,
    -940.64977729066788,
    -4652.1244247973955
  ],
  "num_iteration": 1000,
  "num_modalities": 4,
  "num_topics": 7,
  "total_liklihood": -32744.4037680574
}
