{
  "modality_liklihoods": [
    -13875.411386255359,
    -13245.177519102481,
    -942.88735264235788,
    -4664.0416021755264
  ],
  "num_iteration": 1000,
  "num_modalities": 4,
  "num_topics": 7,
  "total_liklihood": -32727.517860175725
}
