{
  "modality_liklihoods": [
    -13890.064063762229,
    -13280.626606748443,
    -939.10194517959656,
    -4630.7737911831218
  ],
  "num_iteration": 1000,
  "num_modalities": 4,
  "num_topics": 7,
  "total_liklihood": -32740.566406873393
}
