{
  "modality_liklihoods": [
    -14243.894419905662,
    -13281.384080899457,
    -940.32840326360179,
    -4615.9213307128102
  ],
  "num_iteration": 1000,
  "num_modalities": 4,
  "num_topics": 7,
  "total_liklihood": -33081.52823478153
}
