{
  "modality_liklihoods": [
    -13350.52957116216,
    -13275.145677811988,
    -942.05548497657878,
    -4639.246181033026
  ],
  "num_iteration": 1000,
  "num_modalities": 4,
  "num_topics": 7,
  "total_liklihood": -32206.976914983752
}
