{
  "modality_liklihoods": [
    -14061.625215878739,
    -13278.464770253682,
    -941.06794447774473,
    -4596.7201797551579
  ],
  "num_iteration": 1000,
  "num_modalities": 4,
  "num_topics": 7,
  "total_liklihood": -32877.878110365324
}
