{
  "modality_liklihoods": [
    -14194.785672752647,
    -13297.286980093895,
    -943.90834129992834,
    -4679.5476487094875
  ],
  "num_iteration": 1000,
  "num_modalities": 4,
  "num_topics": 7,
  "total_liklihood": -33115.528642855956
}
