{
  "modality_liklihoods": [
    -14112.083437915617,
    -13285.619239359383,
    -941.72601694729019,
    -4638.1108415418239
  ],
  "num_iteration": 1000,
  "num_modalities": 4,
  "num_topics": 7,
  "total_liklihood": -32977.53953576411
}
