{
  "modality_liklihoods": [
    -13404.0694619645,
    -13248.89216139446,
    -943.9156789925571,
    -4597.6010482931279
  ],
  "num_iteration": 1000,
  "num_modalities": 4,
  "num_topics": 7,
  "total_liklihood": -32194.478350644647
}
