{
  "modality_liklihoods": [
    -13731.672382558629,
    -13228.246601072928,
    -945.75394127680397,
    -4694.4951394403706
  ],
  "num_iteration": 1000,
  "num_modalities": 4,
  "num_topics": 7,
  "total_liklihood": -32600.168064348734
}
