{
  "modality_liklihoods": [
    -14286.361679063133,
    -13248.843196507818,
    -942.17784867037221,
    -4612.0616864105432
  ],
  "num_iteration": 1000,
  "num_modalities": 4,
  "num_topics": 7,
  "total_liklihood": -33089.444410651864
}
