{
  "modality_liklihoods": [
    -14274.398786574122,
    -13243.87576949817,
    -941.48058100730043,
    -4639.9832323580285
  ],
  "num_iteration": 1000,
  "num_modalities": 4,
  "num_topics": 7,
  "total_liklihood": -33099.738369437619
}
