{
  "modality_liklihoods": [
    -13519.122630048523,
    -13324.814955355127,
    -939.84973521727761,
    -4642.9929031439297
  ],
  "num_iteration": 1000,
  "num_modalities": 4,
  "num_topics": 7,
  "total_liklihood": -32426.780223764858
}
