{
  "modality_liklihoods": [
    -13823.133833732854,
    -13224.897385777756,
    -944.32872683561106,
    -4676.7883536090994
  ],
  "num_iteration": 1000,
  "num_modalities": 4,
  "num_topics": 7,
  "total_liklihood": -32669.148299955319
}
