{
  "modality_liklihoods": [
    -13983.894829550178,
    -13234.603458208907,
    -937.42850568663039,
    -4652.6722164805096
  ],
  "num_iteration": 1000,
  "num_modalities": 4,
  "num_topics": 7,
  "total_liklihood": -32808.599009926227
}
