{
  "modality_liklihoods": [
    -13978.078529688628,
    -13280.45833013869,
    -938.22287230534675,
    -4683.2410773997563
  ],
  "num_iteration": 1000,
  "num_modalities": 4,
  "num_topics": 7,
  "total_liklihood": -32880.000809532423
}
