{
  "modality_liklihoods": [
    -13992.913349099888,
    -13273.111490680571,
    -939.19469999511387,
    -4637.7116615303876
  ],
  "num_iteration": 1000,
  "num_modalities": 4,
  "num_topics": 7,
  "total_liklihood": -32842.931201305961
}
