{
  "modality_liklihoods": [
    -13795.864394807697,
    -13224.496137689315,
    -939.67216438574997,
    -4613.1145280778037
  ],
  "num_iteration": 1000,
  "num_modalities": 4,
  "num_topics": 7,
  "total_liklihood": -32573.147224960565
}
