{
  "modality_liklihoods": [
    -13594.211091169864,
    -13263.991231673848,
    -955.98573016599789,
    -4666.5851679633734
  ],
  "num_iteration": 1000,
  "num_modalities": 4,
  "num_topics": 7,
  "total_liklihood": -32480.773220973082
}
