{
  "modality_liklihoods": [
    -14206.126524820464,
    -13282.645870135693,
    -937.92978907840507,
    -4596.7542316866284
  ],
  "num_iteration": 1000,
  "num_modalities": 4,
  "num_topics": 7,
  "total_liklihood": -33023.456415721186
}
