{
  "modality_liklihoods": [
    -14050.678290538375,
    -13246.789582410516,
    -946.71542417154012,
    -4708.6077331942997
  ],
  "num_iteration": 1000,
  "num_modalities": 4,
  "num_topics": 7,
  "total_liklihood": -32952.791030314729
}
