{
  "modality_liklihoods": [
    -14080.271146383646,
    -13277.040486590406,
    -946.33320405459256,
    -4654.6139793695829
  ],
  "num_iteration": 1000,
  "num_modalities": 4,
  "num_topics": 7,
  "total_liklihood": -32958.258816398229
}
