{
  "modality_liklihoods": [
    -13575.583454512764,
    -13243.748501457036,
    -944.58847515350078,
    -4642.830413380605
  ],
  "num_iteration": 1000,
  "num_modalities": 4,
  "num_topics": 7,
  "total_liklihood": -32406.750844503906
}
