{
  "modality_liklihoods": [
    -13739.532313399051,
    -13292.803886595982,
    -938.07361355903652,
    -4643.5204083029676
  ],
  "num_iteration": 1000,
  "num_modalities": 4,
  "num_topics": 7,
  "total_liklihood": -32613.930221857041
}
