{
  "modality_liklihoods": [
    -13735.741483018519,
    -13265.801931886064,
    -939.52671584828965,
    -4606.6000398338056
  ],
  "num_iteration": 1000,
  "num_modalities": 4,
  "num_topics": 7,
  "total_liklihood": -32547.67017058668
}
