{
  "modality_liklihoods": [
    -14111.795029748106,
    -13267.388246794731,
    -937.2373490647592,
    -4627.9861455500022
  ],
  "num_iteration": 1000,
  "num_modalities": 4,
  "num_topics": 7,
  "total_liklihood": -32944.406771157599
}
