{
  "modality_liklihoods": [
    -14014.526144538082,
    -13270.780650158033,
    -943.44332217367196,
    -4667.2356072525672
  ],
  "num_iteration": 1000,
  "num_modalities": 4,
  "num_topics": 7,
  "total_liklihood": -32895.985724122358
}
