{
  "modality_liklihoods": [
    -13779.05665779367,
    -13253.222658413177,
    -944.1540130428067,
    -4660.8042879551513
  ],
  "num_iteration": 1000,
  "num_modalities": 4,
  "num_topics": 7,
  "total_liklihood": -32637.237617204806
}
