{
  "modality_liklihoods": [
    -13682.927289197478,
    -13242.771203702121,
    -943.44490389181112,
    -4658.8762501946858
  ],
  "num_iteration": 1000,
  "num_modalities": 4,
  "num_topics": 7,
  "total_liklihood": -32528.019646986097
}
