{
  "modality_liklihoods": [
    -13636.517570444266,
    -13234.535980717843,
    -934.51747191259051,
    -4627.6738846954331
  ],
  "num_iteration": 1000,
  "num_modalities": 4,
  "num_topics": 7,
  "total_liklihood": -32433.244907770131
}
