{
  "modality_liklihoods": [
    -14103.583114795169,
    -13234.370128135271,
    -940.52642666963277,
    -4685.7070342376664
  ],
  "num_iteration": 1000,
  "num_modalities": 4,
  "num_topics": 7,
  "total_liklihood": -32964.186703837739
}
