{
  "modality_liklihoods": [
    -13390.05356757076,
    -13289.96304955095,
    -945.23766074069704,
    -4612.6591831234655
  ],
  "num_iteration": 1000,
  "num_modalities": 4,
  "num_topics": 7,
  "total_liklihood": -32237.913460985874
}
