{
  "modality_liklihoods": [
    -14610.654950047041,
    -13233.583322158856,
    -937.25602565897088,
    -4676.9333836212245
  ],
  "num_iteration": 1000,
  "num_modalities": 4,
  "num_topics": 7,
  "total_liklihood": -33458.427681486093
}
