{
  "modality_liklihoods": [
    -14240.600342857686,
    -13242.022357645237,
    -941.40937883166464,
    -4592.5674527002784
  ],
  "num_iteration": 1000,
  "num_modalities": 4,
  "num_topics": 7,
  "total_liklihood": -33016.599532034867
}
