{
  "modality_liklihoods": [
    -14373.025908358371,
    -13234.864875823667,
    -939.903829276132,
    -4748.0582193914133
  ],
  "num_iteration": 1000,
  "num_modalities": 4,
  "num_topics": 7,
  "total_liklihood": -33295.852832849589
}
