{
  "modality_liklihoods": [
    -11930.037287681545,
    -13206.685749550379,
    -937.90035181843166,
    -4648.000666467271
  ],
  "num_iteration": 1000,
  "num_modalities": 4,
  "num_topics": 7,
  "total_liklihood": -30722.624055517626
}
