{
  "modality_liklihoods": [
    -14572.810624238229,
    -13198.466653436139,
    -939.4989733399035,
    -4679.0658593435055
  ],
  "num_iteration": 1000,
  "num_modalities": 4,
  "num_topics": 7,
  "total_liklihood": -33389.842110357778
}
