{
  "modality_liklihoods": [
    -13690.985776285352,
    -13227.91103530251,
    -943.9703171531836,
    -4643.0686396690571
  ],
  "num_iteration": 1000,
  "num_modalities": 4,
  "num_topics": 7,
  "total_liklihood": -32505.935768410101
}
