{
  "modality_liklihoods": [
    -13699.288566626758,
    -13262.027996398503,
    -940.86201741538991,
    -4654.270890742946
  ],
  "num_iteration": 1000,
  "num_modalities": 4,
  "num_topics": 7,
  "total_liklihood": -32556.449471183601
}
