{
  "modality_liklihoods": [
    -13324.608087445757,
    -13270.217886419197,
    -940.78793137311754,
    -4620.2714399106153
  ],
  "num_iteration": 1000,
  "num_modalities": 4,
  "num_topics": 7,
  "total_liklihood": -32155.885345148687
}
