{
  "modality_liklihoods": [
    -12781.602634050971,
    -13219.806102085713,
    -940.44163967139036,
    -4604.8643611080051
  ],
  "num_iteration": 1000,
  "num_modalities": 4,
  "num_topics": 7,
  "total_liklihood": -31546.714736916078
}
