{
  "modality_liklihoods": [
    -13527.046880670687,
    -13224.095412985564,
    -945.41028980563976,
    -4651.4165315222917
  ],
  "num_iteration": 1000,
  "num_modalities": 4,
  "num_topics": 7,
  "total_liklihood": -32347.969114984186
}
