{
  "modality_liklihoods": [
    -14120.257389291701,
    -13240.140649424095,
    -942.5960382661425,
    -4633.7349716050558
  ],
  "num_iteration": 1000,
  "num_modalities": 4,
  "num_topics": 7,
  "total_liklihood": -32936.729048586989
}
