{
  "modality_liklihoods": [
    -13439.784454177954,
    -13249.374678628858,
    -948.05731132557071,
    -4612.5567726571508
  ],
  "num_iteration": 1000,
  "num_modalities": 4,
  "num_topics": 7,
  "total_liklihood": -32249.77321678953
}
