{
  "modality_liklihoods": [
    -13920.91643311497,
    -13259.119823391746,
    -938.88112340244754,
    -4634.6867329860906
  ],
  "num_iteration": 1000,
  "num_modalities": 4,
  "num_topics": 7,
  "total_liklihood": -32753.604112895253
}
