{
  "modality_liklihoods": [
    -14117.955112603582,
    -13267.752844877135,
    -944.28589486705516,
    -4772.246164243169
  ],
  "num_iteration": 1000,
  "num_modalities": 4,
  "num_topics": 7,
  "total_liklihood": -33102.240016590942
}
