{
  "modality_liklihoods": [
    -13972.961868678523,
    -13241.472063812642,
    -940.32181279166161,
    -4651.0067217260857
  ],
  "num_iteration": 1000,
  "num_modalities": 4,
  "num_topics": 7,
  "total_liklihood": -32805.762467008914
}
