{
  "modality_liklihoods": [
    -14022.393690578127,
    -13234.830503004147,
    -938.75866275051715,
    -4658.5791811884055
  ],
  "num_iteration": 1000,
  "num_modalities": 4,
  "num_topics": 7,
  "total_liklihood": -32854.562037521202
}
