{
  "modality_liklihoods": [
    -14192.80086416001,
    -13272.119623984401,
    -934.26890658223294,
    -4624.9681872490874
  ],
  "num_iteration": 1000,
  "num_modalities": 4,
  "num_topics": 7,
  "total_liklihood": -33024.157581975727
}
