{
  "modality_liklihoods": [
    -14522.751045479148,
    -13218.764684892241,
    -939.63386358982427,
    -4728.9138820744392
  ],
  "num_iteration": 1000,
  "num_modalities": 4,
  "num_topics": 7,
  "total_liklihood": -33410.063476035655
}
