{
  "modality_liklihoods": [
    -13955.725785841818,
    -13305.416144020593,
    -940.6520405880558,
    -4612.3415008236361
  ],
  "num_iteration": 1000,
  "num_modalities": 4,
  "num_topics": 7,
  "total_liklihood": -32814.135471274101
}
