{
  "modality_liklihoods": [
    -14241.273559118741,
    -13191.298682825516,
    -940.36329776081391,
    -4778.351709730272
  ],
  "num_iteration": 1000,
  "num_modalities": 4,
  "num_topics": 7,
  "total_liklihood": -33151.287249435343
}
