{
  "modality_liklihoods": [
    -14945.005051553511,
    -13217.079847561336,
    -946.76455053558504,
    -4640.4722261813204
  ],
  "num_iteration": 1000,
  "num_modalities": 4,
  "num_topics": 7,
  "total_liklihood": -33749.32167583175
}
