{
  "modality_liklihoods": [
    -14142.786293775902,
    -13298.960620069693,
    -940.55739207094473,
    -4659.3360607780742
  ],
  "num_iteration": 1000,
  "num_modalities": 4,
  "num_topics": 7,
  "total_liklihood": -33041.640366694613
}
