{
  "modality_liklihoods": [
    -13934.352392916413,
    -13254.130080988871,
    -940.39222295690297,
    -4626.6958955889959
  ],
  "num_iteration": 1000,
  "num_modalities": 4,
  "num_topics": 7,
  "total_liklihood": -32755.570592451186
}
