{
  "modality_liklihoods": [
    -12870.248784681367,
    -13252.376287797866,
    -941.95624913862412,
    -4610.3761813839565
  ],
  "num_iteration": 1000,
  "num_modalities": 4,
  "num_topics": 7,
  "total_liklihood": -31674.957503001813
}
