{
  "modality_liklihoods": [
    -14026.079657428614,
    -13240.193767633875,
    -939.64106124605939,
    -4682.0683963219153
  ],
  "num_iteration": 1000,
  "num_modalities": 4,
  "num_topics": 7,
  "total_liklihood": -32887.982882630466
}
