{
  "modality_liklihoods": [
    -14376.008250655101,
    -13271.171491197125,
    -937.9511000612282,
    -4593.0029058823338
  ],
  "num_iteration": 1000,
  "num_modalities": 4,
  "num_topics": 7,
  "total_liklihood": -33178.133747795786
}
