{
  "modality_liklihoods": [
    -13758.33049784817,
    -13236.794159145969,
    -947.6051927048552,
    -4643.8606602133959
  ],
  "num_iteration": 1000,
  "num_modalities": 4,
  "num_topics": 7,
  "total_liklihood": -32586.590509912388
}
