{
  "modality_liklihoods": [
    -13448.280942623913,
    -13285.109992635289,
    -940.1025229275532,
    -4654.6857961191627
  ],
  "num_iteration": 1000,
  "num_modalities": 4,
  "num_topics": 7,
  "total_liklihood": -32328.17925430592
}
