{
  "modality_liklihoods": [
    -13616.42240980584,
    -13211.935577340388,
    -945.88714156556364,
    -4615.3514152770067
  ],
  "num_iteration": 1000,
  "num_modalities": 4,
  "num_topics": 7,
  "total_liklihood": -32389.596543988799
}
