{
  "modality_liklihoods": [
    -14021.402573058842,
    -13283.108831424124,
    -938.60825976349781,
    -4635.0434164208473
  ],
  "num_iteration": 1000,
  "num_modalities": 4,
  "num_topics": 7,
  "total_liklihood": -32878.163080667313
}
