{
  "modality_liklihoods": [
    -13912.820419123949,
    -13264.08856361867,
    -937.07435006694016,
    -4636.8581136879557
  ],
  "num_iteration": 1000,
  "num_modalities": 4,
  "num_topics": 7,
  "total_liklihood": -32750.841446497518
}
