{
  "modality_liklihoods": [
    -14079.214110177531,
    -13260.202236794323,
    -939.51712575423494,
    -4624.0118842391039
  ],
  "num_iteration": 1000,
  "num_modalities": 4,
  "num_topics": 7,
  "total_liklihood": -32902.945356965196
}
