{
  "modality_liklihoods": [
    -14623.768270554729,
    -13268.382172074598,
    -941.09291985764798,
    -4614.3017173462667
  ],
  "num_iteration": 1000,
  "num_modalities": 4,
  "num_topics": 7,
  "total_liklihood": -33447.545079833239
}
