{
  "modality_liklihoods": [
    -13458.16500631388,
    -13242.630754369053,
    -942.0418988862898,
    -4659.8962460978919
  ],
  "num_iteration": 1000,
  "num_modalities": 4,
  "num_topics": 7,
  "total_liklihood": -32302.733905667115
}
