{
  "modality_liklihoods": [
    -14171.857561143355,
    -13266.17767247044,
    -936.15108231724992,
    -4643.2876231823184
  ],
  "num_iteration": 1000,
  "num_modalities": 4,
  "num_topics": 7,
  "total_liklihood": -33017.473939113363
}
