{
  "modality_liklihoods": [
    -14278.593765285297,
    -13280.92606049913,
    -937.32323441038079,
    -4607.1345812554673
  ],
  "num_iteration": 1000,
  "num_modalities": 4,
  "num_topics": 7,
  "total_liklihood": -33103.977641450278
}
