{
  "modality_liklihoods": [
    -14075.966488099773,
    -13236.406148004713,
    -946.13104050929621,
    -4617.9580096224718
  ],
  "num_iteration": 1000,
  "num_modalities": 4,
  "num_topics": 7,
  "total_liklihood": -32876.461686236253
}
