{
  "modality_liklihoods": [
    -14574.603062252025,
    -13203.888366393872,
    -940.58609457613011,
    -4697.4585839718275
  ],
  "num_iteration": 1000,
  "num_modalities": 4,
  "num_topics": 7,
  "total_liklihood": -33416.536107193853
}
