{
  "modality_liklihoods": [
    -14047.272550464568,
    -13291.41753315224,
    -937.41018558582869,
    -4663.6465290075876
  ],
  "num_iteration": 1000,
  "num_modalities": 4,
  "num_topics": 7,
  "total_liklihood": -32939.746798210224
}
