{
  "modality_liklihoods": [
    -13455.479251967201,
    -13290.735539417759,
    -937.39471326869796,
    -4609.0426042942818
  ],
  "num_iteration": 1000,
  "num_modalities": 4,
  "num_topics": 7,
  "total_liklihood": -32292.652108947943
}
