{
  "modality_liklihoods": [
    -13881.296795748918,
    -13279.889806739711,
    -942.61822064586738,
    -4652.9732012847908
  ],
  "num_iteration": 1000,
  "num_modalities": 4,
  "num_topics": 7,
  "total_liklihood": -32756.778024419291
}
