{
  "modality_liklihoods": [
    -13961.381823715965,
    -13234.863648395532,
    -938.38245435120098,
    -4647.5097180572311
  ],
  "num_iteration": 1000,
  "num_modalities": 4,
  "num_topics": 7,
  "total_liklihood": -32782.137644519935
}
