{
  "modality_liklihoods": [
    -13778.245386981536,
    -13271.072158572699,
    -937.09449679461227,
    -4616.697668909258
  ],
  "num_iteration": 1000,
  "num_modalities": 4,
  "num_topics": 7,
  "total_liklihood": -32603.109711258108
}
