{
  "modality_liklihoods": [
    -13706.024419428673,
    -13288.336383861186,
    -940.8696307612903,
    -4665.201022413562
  ],
  "num_iteration": 1000,
  "num_modalities": 4,
  "num_topics": 7,
  "total_liklihood": -32600.431456464714
}
