{
  "modality_liklihoods": [
    -12644.141824303715,
    -13241.227152527146,
    -934.25653295462678,
    -4592.9270832843258
  ],
  "num_iteration": 1000,
  "num_modalities": 4,
  "num_topics": 7,
  "total_liklihood": -31412.552593069813
}
