{
  "modality_liklihoods": [
    -14092.020493007776,
    -13249.713647634304,
    -951.9812507918532,
    -4684.6316650434228
  ],
  "num_iteration": 1000,
  "num_modalities": 4,
  "num_topics": 7,
  "total_liklihood": -32978.34705647736
}
