{
  "modality_liklihoods": [
    -14117.259155057835,
    -13258.26129517665,
    -939.85594166389888,
    -4622.957864334543
  ],
  "num_iteration": 1000,
  "num_modalities": 4,
  "num_topics": 7,
  "total_liklihood": -32938.334256232927
}
