{
  "modality_liklihoods": [
    -13923.774450228675,
    -13212.298152252377,
    -936.43812359118056,
    -4659.9910053710637
  ],
  "num_iteration": 1000,
  "num_modalities": 4,
  "num_topics": 7,
  "total_liklihood": -32732.501731443292
}
