{
  "modality_liklihoods": [
    -13902.392876927015,
    -13235.289292603389,
    -937.06687276044568,
    -4694.0783575391806
  ],
  "num_iteration": 1000,
  "num_modalities": 4,
  "num_topics": 7,
  "total_liklihood": -32768.827399830028
}
