{
  "modality_liklihoods": [
    -14560.403809098039,
    -13296.451896947072,
    -941.25834280909623,
    -4663.2865975717013
  ],
  "num_iteration": 1000,
  "num_modalities": 4,
  "num_topics": 7,
  "total_liklihood": -33461.400646425907
}
