{
  "modality_liklihoods": [
    -14481.593306589119,
    -13290.583105909112,
    -936.49376196672813,
    -4673.0973017525639
  ],
  "num_iteration": 1000,
  "num_modalities": 4,
  "num_topics": 7,
  "total_liklihood": -33381.767476217523
}
