{
  "modality_liklihoods": [
    -14311.857394159271,
    -13188.824236452007,
    -945.9325756958109,
    -4693.7378740364411
  ],
  "num_iteration": 1000,
  "num_modalities": 4,
  "num_topics": 7,
  "total_liklihood": -33140.352080343531
}
