{
  "modality_liklihoods": [
    -14046.181467852346,
    -13306.510779607343,
    -940.90628441715012,
    -4646.1397492061797
  ],
  "num_iteration": 1000,
  "num_modalities": 4,
  "num_topics": 7,
  "total_liklihood": -32939.738281083017
}
