{
  "modality_liklihoods": [
    -13925.365705712418,
    -13230.421242507173,
    -939.24324358152808,
    -4610.1304398016109
  ],
  "num_iteration": 1000,
  "num_modalities": 4,
  "num_topics": 7,
  "total_liklihood": -32705.160631602728
}
