{
  "modality_liklihoods": [
    -14085.304976072344,
    -13231.458983176895,
    -943.57490895300577,
    -4658.1314170094402
  ],
  "num_iteration": 1000,
  "num_modalities": 4,
  "num_topics": 7,
  "total_liklihood": -32918.47028521169
}
