{
  "modality_liklihoods": [
    -13926.306149714927,
    -13292.341399085768,
    -937.02232329127025,
    -4664.8169242831518
  ],
  "num_iteration": 1000,
  "num_modalities": 4,
  "num_topics": 7,
  "total_liklihood": -32820.486796375117
}
