{
  "modality_liklihoods": [
    -15026.618092608269,
    -13241.835575548434,
    -936.221129924911,
    -4630.4630686653763
  ],
  "num_iteration": 1000,
  "num_modalities": 4,
  "num_topics": 7,
  "total_liklihood": -33835.137866746991
}
