{
  "modality_liklihoods": [
    -14023.134680706455,
    -13268.550598076052,
    -942.27131400746418,
    -4677.9494603431176
  ],
  "num_iteration": 1000,
  "num_modalities": 4,
  "num_topics": 7,
  "total_liklihood": -32911.906053133083
}
