{
  "modality_liklihoods": [
    -13513.479862008558,
    -13269.047353658585,
    -941.59497772119084,
    -4622.5071942516433
  ],
  "num_iteration": 1000,
  "num_modalities": 4,
  "num_topics": 7,
  "total_liklihood": -32346.629387639976
}
