{
  "modality_liklihoods": [
    -14225.926434006487,
    -13233.280112321254,
    -939.23846866291353,
    -4598.9775968702961
  ],
  "num_iteration": 1000,
  "num_modalities": 4,
  "num_topics": 7,
  "total_liklihood": -32997.422611860951
}
