{
  "modality_liklihoods": [
    -13800.3117885226,
    -13267.906947880461,
    -942.41713112306945,
    -4691.6806734544562
  ],
  "num_iteration": 1000,
  "num_modalities": 4,
  "num_topics": 7,
  "total_liklihood": -32702.316540980588
}
