{
  "modality_liklihoods": [
    -13589.418023456125,
    -13254.157167816482,
    -941.03020860976153,
    -4619.5825010986782
  ],
  "num_iteration": 1000,
  "num_modalities": 4,
  "num_topics": 7,
  "total_liklihood": -32404.187900981044
}
