{
  "modality_liklihoods": [
    -14086.645183537314,
    -13263.557964728807,
    -931.41048489146783,
    -4611.0928330735787
  ],
  "num_iteration": 1000,
  "num_modalities": 4,
  "num_topics": 7,
  "total_liklihood": -32892.706466231168
}
