{
  "modality_liklihoods": [
    -13774.025546666981,
    -13280.961234457367,
    -947.76665445768151,
    -4670.6767532216827
  ],
  "num_iteration": 1000,
  "num_modalities": 4,
  "num_topics": 7,
  "total_liklihood": -32673.430188803712
}
