{
  "modality_liklihoods": [
    -13978.341767499785,
    -13240.537078919633,
    -941.46596815455723,
    -4655.7252762827347
  ],
  "num_iteration": 1000,
  "num_modalities": 4,
  "num_topics": 7,
  "total_liklihood": -32816.070090856709
}
