{
  "modality_liklihoods": [
    -13932.831980605939,
    -13278.161007584982,
    -939.44489779805724,
    -4643.9979238637043
  ],
  "num_iteration": 1000,
  "num_modalities": 4,
  "num_topics": 7,
  "total_liklihood": -32794.435809852679
}
