{
  "modality_liklihoods": [
    -12135.591913934957,
    -13285.184332088647,
    -944.11842779112283,
    -4727.2723140226126
  ],
  "num_iteration": 1000,
  "num_modalities": 4,
  "num_topics": 7,
  "total_liklihood": -31092.16698783734
}
