{
  "modality_liklihoods": [
    -14204.39390855583,
    -13249.690099422834,
    -943.01590457798818,
    -4617.7634790868733
  ],
  "num_iteration": 1000,
  "num_modalities": 4,
  "num_topics": 7,
  "total_liklihood": -33014.863391643528
}
