{
  "modality_liklihoods": [
    -14013.399881442805,
    -13230.48409858464,
    -938.60166485542311,
    -4659.0186027613463
  ],
  "num_iteration": 1000,
  "num_modalities": 4,
  "num_topics": 7,
  "total_liklihood": -32841.50424764421
}
