{
  "modality_liklihoods": [
    -14412.078471199482,
    -13257.27594966624,
    -941.69038092992503,
    -4617.7941110085076
  ],
  "num_iteration": 1000,
  "num_modalities": 4,
  "num_topics": 7,
  "total_liklihood": -33228.838912804153
}
