{
  "modality_liklihoods": [
    -13339.171469220362,
    -13244.651473394048,
    -938.34558919199208,
    -4631.1403345002
  ],
  "num_iteration": 1000,
  "num_modalities": 4,
  "num_topics": 7,
  "total_liklihood": -32153.308866306601
}
