{
  "modality_liklihoods": [
    -14257.313890410409,
    -13250.717341718335,
    -939.10480994234058,
    -4621.4047920089606
  ],
  "num_iteration": 1000,
  "num_modalities": 4,
  "num_topics": 7,
  "total_liklihood": -33068.540834080042
}
