{
  "modality_liklihoods": [
    -14189.12378388793,
    -13284.747413550873,
    -939.19440895926073,
    -4637.4107758637747
  ],
  "num_iteration": 1000,
  "num_modalities": 4,
  "num_topics": 7,
  "total_liklihood": -33050.476382261841
}
