{
  "modality_liklihoods": [
    -13761.143768461759,
    -13298.364863358951,
    -937.57016845750161,
    -4640.9059493533259
  ],
  "num_iteration": 1000,
  "num_modalities": 4,
  "num_topics": 7,
  "total_liklihood": -32637.984749631541
}
