{
  "modality_liklihoods": [
    -12205.102772586202,
    -13251.330985711655,
    -941.41702046903947,
    -4656.6833696307767
  ],
  "num_iteration": 1000,
  "num_modalities": 4,
  "num_topics": 7,
  "total_liklihood": -31054.53414839767
}
