{
  "modality_liklihoods": [
    -14041.050847089564,
    -13276.45316565322,
    -941.18821353017609,
    -4753.8160497216923
  ],
  "num_iteration": 1000,
  "num_modalities": 4,
  "num_topics": 7,
  "total_liklihood": -33012.508275994653
}
