{
  "modality_liklihoods": [
    -13839.123741979212,
    -13293.295868493546,
    -936.74544394711154,
    -4640.7167965736353
  ],
  "num_iteration": 1000,
  "num_modalities": 4,
  "num_topics": 7,
  "total_liklihood": -32709.881850993508
}
