{
  "modality_liklihoods": [
    -14292.132208208919,
    -13230.339044976174,
    -944.22532056626619,
    -4632.3160745281175
  ],
  "num_iteration": 1000,
  "num_modalities": 4,
  "num_topics": 7,
  "total_liklihood": -33099.01264827948
}
