{
  "modality_liklihoods": [
    -13753.780062231173,
    -13236.079515980997,
    -934.49620635020869,
    -4626.7206394209434
  ],
  "num_iteration": 1000,
  "num_modalities": 4,
  "num_topics": 7,
  "total_liklihood": -32551.076423983322
}
