{
  "modality_liklihoods": [
    -13532.053389233761,
    -13279.99494171761,
    -934.65893546375321,
    -4605.4281196199527
  ],
  "num_iteration": 1000,
  "num_modalities": 4,
  "num_topics": 7,
  "total_liklihood": -32352.135386035079
}
