{
  "modality_liklihoods": [
    -13792.98490517607,
    -13313.533061862809,
    -936.45791473860425,
    -4642.1139929149258
  ],
  "num_iteration": 1000,
  "num_modalities": 4,
  "num_topics": 7,
  "total_liklihood": -32685.089874692407
}
