{
  "modality_liklihoods": [
    -13818.767486281549,
    -13289.308508477296,
    -940.32048095041785,
    -4646.2677341127819
  ],
  "num_iteration": 1000,
  "num_modalities": 4,
  "num_topics": 7,
  "total_liklihood": -32694.664209822044
}
