{
  "modality_liklihoods": [
    -14463.860060979323,
    -13206.489468252597,
    -939.56145835544805,
    -4636.7627153400717
  ],
  "num_iteration": 1000,
  "num_modalities": 4,
  "num_topics": 7,
  "total_liklihood": -33246.673702927437
}
