{
  "modality_liklihoods": [
    -14084.103151471985,
    -13242.18870373374,
    -941.69653380105183,
    -4616.458453056558
  ],
  "num_iteration": 1000,
  "num_modalities": 4,
  "num_topics": 7,
  "total_liklihood": -32884.446842063335
}
