{
  "modality_liklihoods": [
    -13441.592471143505,
    -13249.598004995747,
    -943.00754299695484,
    -4589.6251784723345
  ],
  "num_iteration": 1000,
  "num_modalities": 4,
  "num_topics": 7,
  "total_liklihood": -32223.823197608541
}
