{
  "modality_liklihoods": [
    -14093.034586144533,
    -13303.87202808188,
    -937.32345404005503,
    -4671.7675165399251
  ],
  "num_iteration": 1000,
  "num_modalities": 4,
  "num_topics": 7,
  "total_liklihood": -33005.997584806391
}
