{
  "modality_liklihoods": [
    -13302.770468639344,
    -13242.500180853614,
    -940.31432689380756,
    -4650.7640498105984
  ],
  "num_iteration": 1000,
  "num_modalities": 4,
  "num_topics": 7,
  "total_liklihood": -32136.349026197364
}
