{
  "modality_liklihoods": [
    -13949.359090941767,
    -13313.541639252124,
    -940.71572715643481,
    -4644.613795639747
  ],
  "num_iteration": 1000,
  "num_modalities": 4,
  "num_topics": 7,
  "total_liklihood": -32848.230252990077
}
