{
  "modality_liklihoods": [
    -13946.456431973675,
    -13283.442544469151,
    -938.54635046149133,
    -4644.9280910315392
  ],
  "num_iteration": 1000,
  "num_modalities": 4,
  "num_topics": 7,
  "total_liklihood": -32813.373417935858
}
