{
  "modality_liklihoods": [
    -13831.830228350713,
    -13239.688079330776,
    -944.4444643821995,
    -4655.1669189963159
  ],
  "num_iteration": 1000,
  "num_modalities": 4,
  "num_topics": 7,
  "total_liklihood": -32671.129691059999
}
