{
  "modality_liklihoods": [
    -13869.789882038747,
    -13213.549605859498,
    -940.70918160856365,
    -4647.5408580930025
  ],
  "num_iteration": 1000,
  "num_modalities": 4,
  "num_topics": 7,
  "total_liklihood": -32671.589527599808
}
