{
  "modality_liklihoods": [
    -13678.444608029582,
    -13263.504882887279,
    -939.7008497525062,
    -4639.3045077430415
  ],
  "num_iteration": 1000,
  "num_modalities": 4,
  "num_topics": 7,
  "total_liklihood": -32520.95484841241
}
