{
  "modality_liklihoods": [
    -14420.51726606054,
    -13216.05773875808,
    -934.82296507344938,
    -4645.2380525515582
  ],
  "num_iteration": 1000,
  "num_modalities": 4,
  "num_topics": 7,
  "total_liklihood": -33216.636022443628
}
