{
  "modality_liklihoods": [
    -13750.651033084823,
    -13265.362264060381,
    -946.77384351314356,
    -4615.8095541845742
  ],
  "num_iteration": 1000,
  "num_modalities": 4,
  "num_topics": 7,
  "total_liklihood": -32578.59669484292
}
