{
  "modality_liklihoods": [
    -14454.263597091202,
    -13295.090111585758,
    -935.64800588515175,
    -4615.4013586764677
  ],
  "num_iteration": 1000,
  "num_modalities": 4,
  "num_topics": 7,
  "total_liklihood": -33300.40307323858
}
