{
  "modality_liklihoods": [
    -14778.252470897147,
    -13213.666903876951,
    -939.61396427950069,
    -4688.3731167375017
  ],
  "num_iteration": 1000,
  "num_modalities": 4,
  "num_topics": 7,
  "total_liklihood": -33619.906455791104
}
