{
  "modality_liklihoods": [
    -13502.430550462432,
    -13251.410717849283,
    -942.93526172728923,
    -4677.2842535398868
  ],
  "num_iteration": 1000,
  "num_modalities": 4,
  "num_topics": 7,
  "total_liklihood": -32374.060783578891
}
