{
  "modality_liklihoods": [
    -14264.24856637029,
    -13287.100173911234,
    -940.9924489258683,
    -4665.0462801860103
  ],
  "num_iteration": 1000,
  "num_modalities": 4,
  "num_topics": 7,
  "total_liklihood": -33157.387469393405
}
