{
  "modality_liklihoods": [
    -13393.869931961461,
    -13253.1489383301,
    -938.13421529371328,
    -4632.6738638778506
  ],
  "num_iteration": 1000,
  "num_modalities": 4,
  "num_topics": 7,
  "total_liklihood": -32217.826949463128
}
