{
  "modality_liklihoods": [
    -12239.191542622297,
    -13234.957566268431,
    -942.63658795094193,
    -4650.5207322509714
  ],
  "num_iteration": 1000,
  "num_modalities": 4,
  "num_topics": 7,
  "total_liklihood": -31067.306429092641
}
