{
  "modality_liklihoods": [
    -14764.096070107742,
    -13233.424632628756,
    -942.52153447015212,
    -4689.3219945274432
  ],
  "num_iteration": 1000,
  "num_modalities": 4,
  "num_topics": 7,
  "total_liklihood": -33629.364231734093
}
