{
  "modality_liklihoods": [
    -14871.716923445401,
    -13213.290203780183,
    -938.39258534625333,
    -4680.175119817075
  ],
  "num_iteration": 1000,
  "num_modalities": 4,
  "num_topics": 7,
  "total_liklihood": -33703.574832388913
}
