{
  "modality_liklihoods": [
    -13929.847759889893,
    -13307.449500619176,
    -944.98973507272547,
    -4636.2458886625527
  ],
  "num_iteration": 1000,
  "num_modalities": 4,
  "num_topics": 7,
  "total_liklihood": -32818.532884244349
}
