{
  "modality_liklihoods": [
    -14131.777611203843,
    -13232.221774819545,
    -950.03970721340022,
    -4737.3266745592464
  ],
  "num_iteration": 1000,
  "num_modalities": 4,
  "num_topics": 7,
  "total_liklihood": -33051.365767796036
}
