{
  "modality_liklihoods": [
    -13599.651277614472,
    -13235.732088560775,
    -945.38866729491053,
    -4699.2173020811215
  ],
  "num_iteration": 1000,
  "num_modalities": 4,
  "num_topics": 7,
  "total_liklihood": -32479.98933555128
}
