{
  "modality_liklihoods": [
    -14042.714411975339,
    -13262.520628272256,
    -935.86274361827452,
    -4620.0387026733524
  ],
  "num_iteration": 1000,
  "num_modalities": 4,
  "num_topics": 7,
  "total_liklihood": -32861.136486539224
}
