{
  "modality_liklihoods": [
    -14478.648238042662,
    -13288.362482717004,
    -940.45739405331983,
    -4622.022013462768
  ],
  "num_iteration": 1000,
  "num_modalities": 4,
  "num_topics": 7,
  "total_liklihood": -33329.490128275756
}
