{
  "modality_liklihoods": [
    -14515.931324743755,
    -13241.902092770637,
    -936.39401851157345,
    -4669.9728927442629
  ],
  "num_iteration": 1000,
  "num_modalities": 4,
  "num_topics": 7,
  "total_liklihood": -33364.200328770225
}
