{
  "modality_liklihoods": [
    -13771.707314237603,
    -13226.569901140243,
    -940.1587877771251,
    -4668.6725881570401
  ],
  "num_iteration": 1000,
  "num_modalities": 4,
  "num_topics": 7,
  "total_liklihood": -32607.108591312011
}
