{
  "modality_liklihoods": [
    -14128.258582418537,
    -13214.044098741193,
    -942.19461550146809,
    -4746.9492449044656
  ],
  "num_iteration": 1000,
  "num_modalities": 4,
  "num_topics": 7,
  "total_liklihood": -33031.44654156566
}
