{
  "modality_liklihoods": [
    -13656.065236646127,
    -13226.030863404625,
    -941.85812378619187,
    -4679.5804871084183
  ],
  "num_iteration": 1000,
  "num_modalities": 4,
  "num_topics": 7,
  "total_liklihood": -32503.534710945361
}
