{
  "modality_liklihoods": [
    -14045.969551881501,
    -13283.268859458329,
    -937.02373402783905,
    -4681.9353881464576
  ],
  "num_iteration": 1000,
  "num_modalities": 4,
  "num_topics": 7,
  "total_liklihood": -32948.197533514125
}
