{
  "modality_liklihoods": [
    -13685.06084843899,
    -13237.420686690946,
    -936.31962698561642,
    -4607.2335261129247
  ],
  "num_iteration": 1000,
  "num_modalities": 4,
  "num_topics": 7,
  "total_liklihood": -32466.034688228479
}
