{
  "modality_liklihoods": [
    -13847.673906049731,
    -13263.768982280521,
    -940.17732014548051,
    -4648.2384388650398
  ],
  "num_iteration": 1000,
  "num_modalities": 4,
  "num_topics": 7,
  "total_liklihood": -32699.858647340774
}
