{
  "modality_liklihoods": [
    -14603.419442483031,
    -13289.3596028844,
    -942.47747909043062,
    -4673.3873272192559
  ],
  "num_iteration": 1000,
  "num_modalities": 4,
  "num_topics": 7,
  "total_liklihood": -33508.643851677116
}
