{
  "modality_liklihoods": [
    -14245.617673056691,
    -13260.931412416385,
    -935.25894069163667,
    -4656.5488498676887
  ],
  "num_iteration": 1000,
  "num_modalities": 4,
  "num_topics": 7,
  "total_liklihood": -33098.356876032398
}
