{
  "modality_liklihoods": [
    -13735.248596051197,
    -13280.692926643087,
    -938.09368442177242,
    -4591.3255059546
  ],
  "num_iteration": 1000,
  "num_modalities": 4,
  "num_topics": 7,
  "total_liklihood": -32545.360713070655
}
