{
  "modality_liklihoods": [
    -13922.286360347809,
    -13296.833591414788,
    -942.31791908177888,
    -4638.4680459959027
  ],
  "num_iteration": 1000,
  "num_modalities": 4,
  "num_topics": 7,
  "total_liklihood": -32799.905916840282
}
