{
  "modality_liklihoods": [
    -13892.04765553182,
    -13253.997880014871,
    -943.40533592366137,
    -4627.0804954138694
  ],
  "num_iteration": 1000,
  "num_modalities": 4,
  "num_topics": 7,
  "total_liklihood": -32716.531366884221
}
