{
  "modality_liklihoods": [
    -13753.374986946284,
    -13241.433916320702,
    -942.19235267587726,
    -4635.0084590039141
  ],
  "num_iteration": 1000,
  "num_modalities": 4,
  "num_topics": 7,
  "total_liklihood": -32572.00971494678
}
