{
  "modality_liklihoods": [
    -14118.794278381451,
    -13304.887119781803,
    -942.12278388533878,
    -4621.2592959675039
  ],
  "num_iteration": 1000,
  "num_modalities": 4,
  "num_topics": 7,
  "total_liklihood": -32987.063478016091
}
