{
  "modality_liklihoods": [
    -13467.774598282778,
    -13229.754051335685,
    -945.22264367028481,
    -4643.2153318362689
  ],
  "num_iteration": 1000,
  "num_modalities": 4,
  "num_topics": 7,
  "total_liklihood": -32285.966625125016
}
