{
  "modality_liklihoods": [
    -13979.100580941245,
    -13258.501399590663,
    -939.25516983025921,
    -4623.5176274241066
  ],
  "num_iteration": 1000,
  "num_modalities": 4,
  "num_topics": 7,
  "total_liklihood": -32800.374777786274
}
