{
  "modality_liklihoods": [
    -14140.973439721636,
    -13193.391188079573,
    -943.50400330090417,
    -4700.3538176684951
  ],
  "num_iteration": 1000,
  "num_modalities": 4,
  "num_topics": 7,
  "total_liklihood": -32978.222448770604
}
