{
  "modality_liklihoods": [
    -14002.584002358448,
    -13215.016101009087,
    -941.13932708644302,
    -4632.8740154619345
  ],
  "num_iteration": 1000,
  "num_modalities": 4,
  "num_topics": 7,
  "total_liklihood": -32791.613445915915
}
