{
  "modality_liklihoods": [
    -14595.58469081375,
    -13264.019968210416,
    -937.09923892985807,
    -4632.8064856774654
  ],
  "num_iteration": 1000,
  "num_modalities": 4,
  "num_topics": 7,
  "total_liklihood": -33429.510383631496
}
