{
  "modality_liklihoods": [
    -14259.190299699103,
    -13247.52789174469,
    -940.12933737041749,
    -4613.3512785958956
  ],
  "num_iteration": 1000,
  "num_modalities": 4,
  "num_topics": 7,
  "total_liklihood": -33060.19880741011
}
