{
  "modality_liklihoods": [
    -13877.832760209103,
    -13298.738146333708,
    -940.78177680601357,
    -4621.7667137874578
  ],
  "num_iteration": 1000,
  "num_modalities": 4,
  "num_topics": 7,
  "total_liklihood": -32739.119397136281
}
