{
  "modality_liklihoods": [
    -12537.276120541273,
    -13297.072112264939,
    -948.89033840734101,
    -4663.7402499502741
  ],
  "num_iteration": 1000,
  "num_modalities": 4,
  "num_topics": 7,
  "total_liklihood": -31446.97882116383
}
