{
  "modality_liklihoods": [
    -14017.642055980106,
    -13269.924565142146,
    -935.63913132996049,
    -4703.2641587536309
  ],
  "num_iteration": 1000,
  "num_modalities": 4,
  "num_topics": 7,
  "total_liklihood": -32926.469911205844
}
