{
  "modality_liklihoods": [
    -13845.604748577969,
    -13283.848358094594,
    -933.77330379523642,
    -4674.2977479526899
  ],
  "num_iteration": 1000,
  "num_modalities": 4,
  "num_topics": 7,
  "total_liklihood": -32737.524158420485
}
