{
  "modality_liklihoods": [
    -12674.599130767039,
    -13291.41438701806,
    -938.54716795880825,
    -4667.0117606781068
  ],
  "num_iteration": 1000,
  "num_modalities": 4,
  "num_topics": 7,
  "total_liklihood": -31571.572446422011
}
