{
  "modality_liklihoods": [
    -13896.838106229312,
    -13284.229060768206,
    -944.29516243598346,
    -4675.813708192276
  ],
  "num_iteration": 1000,
  "num_modalities": 4,
  "num_topics": 7,
  "total_liklihood": -32801.176037625781
}
