{
  "modality_liklihoods": [
    -13722.5004121823,
    -13230.93984058712,
    -952.05295947620391,
    -4726.0336175348102
  ],
  "num_iteration": 1000,
  "num_modalities": 4,
  "num_topics": 7,
  "total_liklihood": -32631.526829780432
}
