{
  "modality_liklihoods": [
    -13954.151534252074,
    -13249.117334971439,
    -940.55182739689837,
    -4665.5220729946059
  ],
  "num_iteration": 1000,
  "num_modalities": 4,
  "num_topics": 7,
  "total_liklihood": -32809.342769615017
}
