{
  "modality_liklihoods": [
    -14893.039085039247,
    -13214.979457161471,
    -944.02926335769678,
    -4640.7386808052934
  ],
  "num_iteration": 1000,
  "num_modalities": 4,
  "num_topics": 7,
  "total_liklihood": -33692.786486363708
}
