{
  "modality_liklihoods": [
    -14278.207710498449,
    -13270.406084317721,
    -942.05609231658138,
    -4666.0691236715347
  ],
  "num_iteration": 1000,
  "num_modalities": 4,
  "num_topics": 7,
  "total_liklihood": -33156.739010804289
}
