{
  "modality_liklihoods": [
    -14136.707365438033,
    -13289.929407239972,
    -933.81676632639824,
    -4690.7601631783973
  ],
  "num_iteration": 1000,
  "num_modalities": 4,
  "num_topics": 7,
  "total_liklihood": -33051.213702182802
}
