{
  "modality_liklihoods": [
    -14131.281055257772,
    -13235.309687781475,
    -950.97329493383063,
    -4731.2356382019807
  ],
  "num_iteration": 1000,
  "num_modalities": 4,
  "num_topics": 7,
  "total_liklihood": -33048.799676175062
}
