{
  "modality_liklihoods": [
    -14109.796117996762,
    -13243.235496296387,
    -940.71658973319336,
    -4665.5635256528212
  ],
  "num_iteration": 1000,
  "num_modalities": 4,
  "num_topics": 7,
  "total_liklihood": -32959.311729679161
}
