{
  "modality_liklihoods": [
    -14135.036613919387,
    -13249.723987906904,
    -942.78672658425671,
    -4646.1715625889256
  ],
  "num_iteration": 1000,
  "num_modalities": 4,
  "num_topics": 7,
  "total_liklihood": -32973.718890999473
}
