{
  "modality_liklihoods": [
    -13866.838164076436,
    -13229.837988124606,
    -942.57309017146179,
    -4631.5126563863341
  ],
  "num_iteration": 1000,
  "num_modalities": 4,
  "num_topics": 7,
  "total_liklihood": -32670.761898758839
}
