{
  "modality_liklihoods": [
    -14066.570071250109,
    -13229.369921500613,
    -939.03789642600179,
    -4662.5832710265695
  ],
  "num_iteration": 1000,
  "num_modalities": 4,
  "num_topics": 7,
  "total_liklihood": -32897.561160203295
}
