{
  "modality_liklihoods": [
    -14339.759664322175,
    -13245.499174279967,
    -937.70269854571245,
    -4649.5121003121185
  ],
  "num_iteration": 1000,
  "num_modalities": 4,
  "num_topics": 7,
  "total_liklihood": -33172.473637459974
}
