{
  "modality_liklihoods": [
    -13330.000134776246,
    -13227.945759118349,
    -941.65473173857265,
    -4613.9421840299365
  ],
  "num_iteration": 1000,
  "num_modalities": 4,
  "num_topics": 7,
  "total_liklihood": -32113.542809663108
}
