{
  "modality_liklihoods": [
    -13836.774866402668,
    -13254.753448568368,
    -941.72508893195834,
    -4618.6846227773531
  ],
  "num_iteration": 1000,
  "num_modalities": 4,
  "num_topics": 7,
  "total_liklihood": -32651.938026680349
}
