{
  "modality_liklihoods": [
    -13770.143383230707,
    -13298.493422997883,
    -937.32968119226814,
    -4645.1879581127614
  ],
  "num_iteration": 1000,
  "num_modalities": 4,
  "num_topics": 7,
  "total_liklihood": -32651.154445533619
}
