{
  "modality_liklihoods": [
    -14205.980967844522,
    -13239.100837449821,
    -945.82670256178346,
    -4733.9922584732531
  ],
  "num_iteration": 1000,
  "num_modalities": 4,
  "num_topics": 7,
  "total_liklihood": -33124.900766329381
}
