{
  "modality_liklihoods": [
    -13851.07313923354,
    -13296.663933600739,
    -947.22978614454803,
    -4618.7635627447453
  ],
  "num_iteration": 1000,
  "num_modalities": 4,
  "num_topics": 7,
  "total_liklihood": -32713.730421723572
}
