{
  "modality_liklihoods": [
    -13992.181579620608,
    -13266.209628794788,
    -943.84663255608075,
    -4661.1692741390661
  ],
  "num_iteration": 1000,
  "num_modalities": 4,
  "num_topics": 7,
  "total_liklihood": -32863.407115110545
}
