{
  "modality_liklihoods": [
    -14715.072098617235,
    -13262.451605500535,
    -953.20657529779419,
    -4604.4113219198798
  ],
  "num_iteration": 1000,
  "num_modalities": 4,
  "num_topics": 7,
  "total_liklihood": -33535.141601335439
}
