{
  "modality_liklihoods": [
    -14024.229254228403,
    -13243.730255340068,
    -939.78540335295418,
    -4663.3421776226087
  ],
  "num_iteration": 1000,
  "num_modalities": 4,
  "num_topics": 7,
  "total_liklihood": -32871.087090544032
}
