{
  "modality_liklihoods": [
    -14017.570189820795,
    -13288.146873113717,
    -932.97516434604938,
    -4615.8715674524055
  ],
  "num_iteration": 1000,
  "num_modalities": 4,
  "num_topics": 7,
  "total_liklihood": -32854.563794732967
}
