{
  "modality_liklihoods": [
    -14209.567418483361,
    -13219.339453667219,
    -945.81141915785963,
    -4723.8707895884963
  ],
  "num_iteration": 1000,
  "num_modalities": 4,
  "num_topics": 7,
  "total_liklihood": -33098.589080896934
}
