{
  "modality_liklihoods": [
    -14426.680181855598,
    -13279.785188726022,
    -938.60541105395259,
    -4683.3574158441643
  ],
  "num_iteration": 1000,
  "num_modalities": 4,
  "num_topics": 7,
  "total_liklihood": -33328.428197479734
}
