{
  "modality_liklihoods": [
    -14000.902565528333,
    -13243.457203777261,
    -935.23065985641085,
    -4643.3007286492557
  ],
  "num_iteration": 1000,
  "num_modalities": 4,
  "num_topics": 7,
  "total_liklihood": -32822.89115781126
}
