{
  "modality_liklihoods": [
    -13717.88459537056,
    -13253.518336851053,
    -938.90145454374999,
    -4629.3737449402597
  ],
  "num_iteration": 1000,
  "num_modalities": 4,
  "num_topics": 7,
  "total_liklihood": -32539.678131705623
}
