{
  "modality_liklihoods": [
    -14177.40498163261,
    -13228.379228432854,
    -944.23932854047894,
    -4736.4098833921944
  ],
  "num_iteration": 1000,
  "num_modalities": 4,
  "num_topics": 7,
  "total_liklihood": -33086.433421998139
}
