{
  "modality_liklihoods": [
    -13901.503826507027,
    -13303.777950309697,
    -942.58134141398966,
    -4606.4490461075065
  ],
  "num_iteration": 1000,
  "num_modalities": 4,
  "num_topics": 7,
  "total_liklihood": -32754.312164338218
}
