{
  "modality_liklihoods": [
    -13941.511385290316,
    -13300.409361382472,
    -939.13805760589412,
    -4629.9729917614386
  ],
  "num_iteration": 1000,
  "num_modalities": 4,
  "num_topics": 7,
  "total_liklihood": -32811.031796040123
}
