{
  "modality_liklihoods": [
    -13582.318810020082,
    -13247.507635325255,
    -946.04958337876269,
    -4642.8263185657161
  ],
  "num_iteration": 1000,
  "num_modalities": 4,
  "num_topics": 7,
  "total_liklihood": -32418.702347289818
}
