{
  "modality_liklihoods": [
    -14445.985156151002,
    -13251.290242896364,
    -936.02707193281037,
    -4644.552358547
  ],
  "num_iteration": 1000,
  "num_modalities": 4,
  "num_topics": 7,
  "total_liklihood": -33277.854829527176
}
