{
  "modality_liklihoods": [
    -14508.691568479537,
    -13270.543498128285,
    -942.38002493396414,
    -4609.9542402875959
  ],
  "num_iteration": 1000,
  "num_modalities": 4,
  "num_topics": 7,
  "total_liklihood": -33331.569331829378
}
