{
  "modality_liklihoods": [
    -14045.040982851169,
    -13276.005883314636,
    -941.33695125996041,
    -4642.7127176311214
  ],
  "num_iteration": 1000,
  "num_modalities": 4,
  "num_topics": 7,
  "total_liklihood": -32905.096535056888
}
