{
  "modality_liklihoods": [
    -13838.935396637686,
    -13306.668731422777,
    -936.12912880939393,
    -4626.8155130806354
  ],
  "num_iteration": 1000,
  "num_modalities": 4,
  "num_topics": 7,
  "total_liklihood": -32708.548769950488
}
