{
  "modality_liklihoods": [
    -13846.320930592841,
    -13217.733009529204,
    -941.74701740692876,
    -4728.0404919653884
  ],
  "num_iteration": 1000,
  "num_modalities": 4,
  "num_topics": 7,
  "total_liklihood": -32733.841449494361
}
