{
  "modality_liklihoods": [
    -13247.699952224237,
    -13287.919079029878,
    -934.76014068211737,
    -4620.9255188614698
  ],
  "num_iteration": 1000,
  "num_modalities": 4,
  "num_topics": 7,
  "total_liklihood": -32091.3046907977
}
