{
  "modality_liklihoods": [
    -13650.469995173426,
    -13282.394947793686,
    -936.82383932222967,
    -4601.3439061318322
  ],
  "num_iteration": 1000,
  "num_modalities": 4,
  "num_topics": 7,
  "total_liklihood": -32471.032688421175
}
