{
  "modality_liklihoods": [
    -14233.81753273984,
    -13215.482357026307,
    -944.82459546324208,
    -4619.2696639457963
  ],
  "num_iteration": 1000,
  "num_modalities": 4,
  "num_topics": 7,
  "total_liklihood": -33013.394149175183
}
