{
  "modality_liklihoods": [
    -12852.262453604646,
    -13234.392044653607,
    -943.64141984202706,
    -4584.9736896531213
  ],
  "num_iteration": 1000,
  "num_modalities": 4,
  "num_topics": 7,
  "total_liklihood": -31615.269607753402
}
