{
  "modality_liklihoods": [
    -13704.965366766908,
    -13281.827902922163,
    -944.53765487208307,
    -4609.8198446794331
  ],
  "num_iteration": 1000,
  "num_modalities": 4,
  "num_topics": 7,
  "total_liklihood": -32541.150769240587
}
