{
  "modality_liklihoods": [
    -12790.614301706599,
    -13299.635633554453,
    -939.88711835065112,
    -4615.302297461747
  ],
  "num_iteration": 1000,
  "num_modalities": 4,
  "num_topics": 7,
  "total_liklihood": -31645.439351073452
}
