{
  "modality_liklihoods": [
    -14297.538091739772,
    -13224.686965179251,
    -940.20531703305471,
    -4704.1700673252808
  ],
  "num_iteration": 1000,
  "num_modalities": 4,
  "num_topics": 7,
  "total_liklihood": -33166.600441277355
}
