{
  "modality_liklihoods": [
    -13811.875041815831,
    -13239.672737351522,
    -943.92755196020323,
    -4631.0274555276037
  ],
  "num_iteration": 1000,
  "num_modalities": 4,
  "num_topics": 7,
  "total_liklihood": -32626.502786655161
}
