{
  "modality_liklihoods": [
    -14005.325615109863,
    -13250.509460798028,
    -945.83135038290709,
    -4690.930819807807
  ],
  "num_iteration": 1000,
  "num_modalities": 4,
  "num_topics": 7,
  "total_liklihood": -32892.597246098609
}
