{
  "modality_liklihoods": [
    -13989.966464360361,
    -13251.920193909467,
    -930.67342559972394,
    -4675.9432963029558
  ],
  "num_iteration": 1000,
  "num_modalities": 4,
  "num_topics": 7,
  "total_liklihood": -32848.503380172508
}
