{
  "modality_liklihoods": [
    -14162.075514326532,
    -13217.794937690693,
    -939.64884206715885,
    -4701.4619225677543
  ],
  "num_iteration": 1000,
  "num_modalities": 4,
  "num_topics": 7,
  "total_liklihood": -33020.981216652137
}
