{
  "modality_liklihoods": [
    -14000.138683839879,
    -13250.703421661616,
    -935.34697127555944,
    -4676.8359830614081
  ],
  "num_iteration": 1000,
  "num_modalities": 4,
  "num_topics": 7,
  "total_liklihood": -32863.025059838459
}
