{
  "modality_liklihoods": [
    -14211.97965174715,
    -13252.732169669973,
    -940.73503352842192,
    -4626.0989396379337
  ],
  "num_iteration": 1000,
  "num_modalities": 4,
  "num_topics": 7,
  "total_liklihood": -33031.545794583479
}
