{
  "modality_liklihoods": [
    -13969.023757197754,
    -13235.873849676833,
    -940.46634486766186,
    -4602.6485173640258
  ],
  "num_iteration": 1000,
  "num_modalities": 4,
  "num_topics": 7,
  "total_liklihood": -32748.012469106274
}
