{
  "modality_liklihoods": [
    -14215.464291927121,
    -13282.897457693425,
    -945.41056393399128,
    -4612.0355366462991
  ],
  "num_iteration": 1000,
  "num_modalities": 4,
  "num_topics": 7,
  "total_liklihood": -33055.807850200836
}
