{
  "modality_liklihoods": [
    -13478.150267359635,
    -13278.684153511707,
    -939.43815938061869,
    -4679.1098478270505
  ],
  "num_iteration": 1000,
  "num_modalities": 4,
  "num_topics": 7,
  "total_liklihood": -32375.38242807901
}
