{
  "modality_liklihoods": [
    -13685.176155378946,
    -13287.22676552158,
    -936.15247253401913,
    -4611.5371431743051
  ],
  "num_iteration": 1000,
  "num_modalities": 4,
  "num_topics": 7,
  "total_liklihood": -32520.092536608849
}
