{
  "modality_liklihoods": [
    -14465.374781048731,
    -13276.927853011024,
    -936.00445009344639,
    -4649.2131239495757
  ],
  "num_iteration": 1000,
  "num_modalities": 4,
  "num_topics": 7,
  "total_liklihood": -33327.520208102782
}
