{
  "modality_liklihoods": [
    -13711.673586033003,
    -13287.913042743998,
    -934.1856508146235,
    -4717.2913126785688
  ],
  "num_iteration": 1000,
  "num_modalities": 4,
  "num_topics": 7,
  "total_liklihood": -32651.063592270191
}
