{
  "modality_liklihoods": [
    -14687.547433770605,
    -13265.914365571694,
    -938.70076391775262,
    -4644.6452366083522
  ],
  "num_iteration": 1000,
  "num_modalities": 4,
  "num_topics": 7,
  "total_liklihood": -33536.807799868409
}
