{
  "modality_liklihoods": [
    -13941.301302634725,
    -13294.682124491957,
    -937.34147478837326,
    -4637.0896671017599
  ],
  "num_iteration": 1000,
  "num_modalities": 4,
  "num_topics": 7,
  "total_liklihood": -32810.414569016815
}
