{
  "modality_liklihoods": [
    -14329.276897043297,
    -13271.005238808766,
    -937.81768039820906,
    -4653.8415413722605
  ],
  "num_iteration": 1000,
  "num_modalities": 4,
  "num_topics": 7,
  "total_liklihood": -33191.941357622534
}
