{
  "modality_liklihoods": [
    -14046.186000664296,
    -13250.363456335308,
    -939.61961050638342,
    -4651.0914411366293
  ],
  "num_iteration": 1000,
  "num_modalities": 4,
  "num_topics": 7,
  "total_liklihood": -32887.260508642619
}
