{
  "modality_liklihoods": [
    -14457.341283220281,
    -13260.466551775204,
    -935.57285854898555,
    -4643.6568656303034
  ],
  "num_iteration": 1000,
  "num_modalities": 4,
  "num_topics": 7,
  "total_liklihood": -33297.037559174772
}
