{
  "modality_liklihoods": [
    -13859.044623928372,
    -13220.204280509626,
    -942.55655393488098,
    -4648.4249700249356
  ],
  "num_iteration": 1000,
  "num_modalities": 4,
  "num_topics": 7,
  "total_liklihood": -32670.230428397816
}
