{
  "modality_liklihoods": [
    -13639.337741746242,
    -13219.463166583737,
    -940.09662862139828,
    -4668.5372648218008
  ],
  "num_iteration": 1000,
  "num_modalities": 4,
  "num_topics": 7,
  "total_liklihood": -32467.434801773175
}
