{
  "modality_liklihoods": [
    -14107.580240523022,
    -13227.72295025918,
    -938.85323099169591,
    -4674.5929101559677
  ],
  "num_iteration": 1000,
  "num_modalities": 4,
  "num_topics": 7,
  "total_liklihood": -32948.749331929866
}
