{
  "modality_liklihoods": [
    -13295.081142529833,
    -13259.401934197509,
    -944.3464250851132,
    -4646.2749832679974
  ],
  "num_iteration": 1000,
  "num_modalities": 4,
  "num_topics": 7,
  "total_liklihood": -32145.104485080454
}
