{
  "modality_liklihoods": [
    -14000.892898812923,
    -13283.457210664987,
    -939.03618491479369,
    -4630.3484661157645
  ],
  "num_iteration": 1000,
  "num_modalities": 4,
  "num_topics": 7,
  "total_liklihood": -32853.734760508465
}
