{
  "modality_liklihoods": [
    -13880.431703752049,
    -13260.05389949134,
    -937.95020301823104,
    -4638.309204715888
  ],
  "num_iteration": 1000,
  "num_modalities": 4,
  "num_topics": 7,
  "total_liklihood": -32716.745010977509
}
