{
  "modality_liklihoods": [
    -13676.363622202465,
    -13316.835894776139,
    -945.02119076597819,
    -4642.6280328147759
  ],
  "num_iteration": 1000,
  "num_modalities": 4,
  "num_topics": 7,
  "total_liklihood": -32580.848740559359
}
