{
  "modality_liklihoods": [
    -13825.559415531534,
    -13243.596269228441,
    -937.79465442313153,
    -4641.188988917158
  ],
  "num_iteration": 1000,
  "num_modalities": 4,
  "num_topics": 7,
  "total_liklihood": -32648.139328100264
}
