{
  "modality_liklihoods": [
    -13923.411446847951,
    -13284.330132579793,
    -942.37613541112785,
    -4649.9156395624004
  ],
  "num_iteration": 1000,
  "num_modalities": 4,
  "num_topics": 7,
  "total_liklihood": -32800.033354401268
}
