{
  "modality_liklihoods": [
    -14523.775267889414,
    -13272.731539443988,
    -936.0072907421129,
    -4617.9811940923328
  ],
  "num_iteration": 1000,
  "num_modalities": 4,
  "num_topics": 7,
  "total_liklihood": -33350.495292167849
}
