{
  "modality_liklihoods": [
    -14036.924280417494,
    -13291.73216214033,
    -944.07414555734294,
    -4675.1113659881494
  ],
  "num_iteration": 1000,
  "num_modalities": 4,
  "num_topics": 7,
  "total_liklihood": -32947.841954103322
}
