{
  "modality_liklihoods": [
    -13831.378842287802,
    -13291.455653348987,
    -941.97537166361838,
    -4628.2256543687281
  ],
  "num_iteration": 1000,
  "num_modalities": 4,
  "num_topics": 7,
  "total_liklihood": -32693.035521669135
}
