{
  "modality_liklihoods": [
    -13505.296350721694,
    -13207.217914561023,
    -944.10243686394335,
    -4640.2122768311729
  ],
  "num_iteration": 1000,
  "num_modalities": 4,
  "num_topics": 7,
  "total_liklihood": -32296.828978977836
}
