{
  "modality_liklihoods": [
    -13719.113463634369,
    -13286.925472881971,
    -942.68138484605163,
    -4629.0856496631241
  ],
  "num_iteration": 1000,
  "num_modalities": 4,
  "num_topics": 7,
  "total_liklihood": -32577.805971025515
}
