{
  "modality_liklihoods": [
    -14025.492260445126,
    -13281.496159627539,
    -938.39000193929485,
    -4648.4496130165735
  ],
  "num_iteration": 1000,
  "num_modalities": 4,
  "num_topics": 7,
  "total_liklihood": -32893.828035028535
}
