{
  "modality_liklihoods": [
    -12569.124723817426,
    -13236.241866437491,
    -940.19165469009522,
    -4614.7577975108961
  ],
  "num_iteration": 1000,
  "num_modalities": 4,
  "num_topics": 7,
  "total_liklihood": -31360.31604245591
}
