{
  "modality_liklihoods": [
    -14141.238311484751,
    -13271.772663608956,
    -938.71166789822416,
    -4644.948588574206
  ],
  "num_iteration": 1000,
  "num_modalities": 4,
  "num_topics": 7,
  "total_liklihood": -32996.671231566135
}
