{
  "modality_liklihoods": [
    -14652.87995343552,
    -13211.905152028286,
    -942.32169300195301,
    -4697.9262275856654
  ],
  "num_iteration": 1000,
  "num_modalities": 4,
  "num_topics": 7,
  "total_liklihood": -33505.033026051424
}
