{
  "modality_liklihoods": [
    -14491.837062674553,
    -13231.156381806353,
    -941.87535231378854,
    -4682.1167147754068
  ],
  "num_iteration": 1000,
  "num_modalities": 4,
  "num_topics": 7,
  "total_liklihood": -33346.985511570099
}
