{
  "modality_liklihoods": [
    -14558.447183106486,
    -13293.335610377168,
    -941.35430843579991,
    -4615.9605127245122
  ],
  "num_iteration": 1000,
  "num_modalities": 4,
  "num_topics": 7,
  "total_liklihood": -33409.097614643964
}
