{
  "modality_liklihoods": [
    -13779.351449459788,
    -13277.848767300462,
    -936.24736039275501,
    -4664.4706571219222
  ],
  "num_iteration": 1000,
  "num_modalities": 4,
  "num_topics": 7,
  "total_liklihood": -32657.918234274923
}
