{
  "modality_liklihoods": [
    -14448.011391740298,
    -13261.372910479489,
    -935.45036057147252,
    -4593.9314760654388
  ],
  "num_iteration": 1000,
  "num_modalities": 4,
  "num_topics": 7,
  "total_liklihood": -33238.766138856699
}
