{
  "modality_liklihoods": [
    -13892.851414992954,
    -13238.933266099379,
    -945.20621258188919,
    -4633.9457205222543
  ],
  "num_iteration": 1000,
  "num_modalities": 4,
  "num_topics": 7,
  "total_liklihood": -32710.936614196475
}
