{
  "modality_liklihoods": [
    -13990.396810916121,
    -13270.572092201575,
    -934.63354031669439,
    -4625.0436430387617
  ],
  "num_iteration": 1000,
  "num_modalities": 4,
  "num_topics": 7,
  "total_liklihood": -32820.646086473156
}
