{
  "modality_liklihoods": [
    -14042.786852431842,
    -13280.692788985109,
    -940.10657634922779,
    -4666.1451913064138
  ],
  "num_iteration": 1000,
  "num_modalities": 4,
  "num_topics": 7,
  "total_liklihood": -32929.731409072592
}
