{
  "modality_liklihoods": [
    -13981.35543980472,
    -13279.176106808854,
    -942.36626397878615,
    -4621.3840071138911
  ],
  "num_iteration": 1000,
  "num_modalities": 4,
  "num_topics": 7,
  "total_liklihood": -32824.281817706251
}
