{
  "modality_liklihoods": [
    -13869.668084885674,
    -13288.566766223157,
    -937.7186349067872,
    -4641.3882447202659
  ],
  "num_iteration": 1000,
  "num_modalities": 4,
  "num_topics": 7,
  "total_liklihood": -32737.341730735887
}
