{
  "modality_liklihoods": [
    -13924.1503468265,
    -13292.848596388088,
    -945.0675312929792,
    -4690.4822714913771
  ],
  "num_iteration": 1000,
  "num_modalities": 4,
  "num_topics": 7,
  "total_liklihood": -32852.548745998945
}
