{
  "modality_liklihoods": [
    -14032.152769598732,
    -13271.938247721504,
    -942.67962386860427,
    -4651.961481170134
  ],
  "num_iteration": 1000,
  "num_modalities": 4,
  "num_topics": 7,
  "total_liklihood": -32898.732122358975
}
