{
  "modality_liklihoods": [
    -14075.580019639745,
    -13257.154532321925,
    -940.50043439703018,
    -4638.4245997126345
  ],
  "num_iteration": 1000,
  "num_modalities": 4,
  "num_topics": 7,
  "total_liklihood": -32911.659586071335
}
