{
  "modality_liklihoods": [
    -14430.658680875636,
    -13289.457081122875,
    -939.59131597649036,
    -4642.3328857345814
  ],
  "num_iteration": 1000,
  "num_modalities": 4,
  "num_topics": 7,
  "total_liklihood": -33302.039963709583
}
