{
  "modality_liklihoods": [
    -13841.90602532953,
    -13261.05457947737,
    -941.39546000460132,
    -4626.109122038074
  ],
  "num_iteration": 1000,
  "num_modalities": 4,
  "num_topics": 7,
  "total_liklihood": -32670.465186849575
}
