{
  "modality_liklihoods": [
    -13951.037292285215,
    -13270.953266077795,
    -938.25631459774104,
    -4664.2308998669923
  ],
  "num_iteration": 1000,
  "num_modalities": 4,
  "num_topics": 7,
  "total_liklihood": -32824.47777282774
}
