{
  "modality_liklihoods": [
    -13935.864387978952,
    -13222.015357624097,
    -946.8243044220676,
    -4659.3812478090085
  ],
  "num_iteration": 1000,
  "num_modalities": 4,
  "num_topics": 7,
  "total_liklihood": -32764.085297834128
}
