{
  "modality_liklihoods": [
    -13871.198566137029,
    -13274.162776235384,
    -940.43871830168098,
    -4678.8958248929675
  ],
  "num_iteration": 1000,
  "num_modalities": 4,
  "num_topics": 7,
  "total_liklihood": -32764.69588556706
}
