{
  "modality_liklihoods": [
    -14550.771085109449,
    -13276.737847203574,
    -944.89363226915577,
    -4635.3153723683181
  ],
  "num_iteration": 1000,
  "num_modalities": 4,
  "num_topics": 7,
  "total_liklihood": -33407.717936950496
}
