{
  "modality_liklihoods": [
    -14154.209593644477,
    -13231.677425917394,
    -950.65704344591552,
    -4694.7125682468395
  ],
  "num_iteration": 1000,
  "num_modalities": 4,
  "num_topics": 7,
  "total_liklihood": -33031.256631254626
}
