{
  "modality_liklihoods": [
    -14370.516046369434,
    -13245.231977382633,
    -939.87412592654641,
    -4639.1645148735797
  ],
  "num_iteration": 1000,
  "num_modalities": 4,
  "num_topics": 7,
  "total_liklihood": -33194.786664552194
}
