{
  "modality_liklihoods": [
    -14084.474435141958,
    -13288.005005715608,
    -937.50459301115268,
    -4564.738201596756
  ],
  "num_iteration": 1000,
  "num_modalities": 4,
  "num_topics": 7,
  "total_liklihood": -32874.722235465473
}
