{
  "modality_liklihoods": [
    -13667.984864085432,
    -13239.139037609508,
    -942.38994478471409,
    -4635.7047796566339
  ],
  "num_iteration": 1000,
  "num_modalities": 4,
  "num_topics": 7,
  "total_liklihood": -32485.218626136288
}
