{
  "modality_liklihoods": [
    -13686.786122736032,
    -13269.636561095998,
    -940.68870261652546,
    -4639.3330767129037
  ],
  "num_iteration": 1000,
  "num_modalities": 4,
  "num_topics": 7,
  "total_liklihood": -32536.444463161461
}
