{
  "modality_liklihoods": [
    -13398.364039347258,
    -13233.569142606608,
    -939.49421402679923,
    -4628.1919459066075
  ],
  "num_iteration": 1000,
  "num_modalities": 4,
  "num_topics": 7,
  "total_liklihood": -32199.619341887272
}
