{
  "modality_liklihoods": [
    -14979.783258669699,
    -13255.390363065029,
    -942.47477006838778,
    -4673.1904280036497
  ],
  "num_iteration": 1000,
  "num_modalities": 4,
  "num_topics": 7,
  "total_liklihood": -33850.838819806762
}
