{
  "modality_liklihoods": [
    -13950.145018677831,
    -13281.786265143664,
    -943.18891529463906,
    -4654.3786704559698
  ],
  "num_iteration": 1000,
  "num_modalities": 4,
  "num_topics": 7,
  "total_liklihood": -32829.498869572104
}
