{
  "modality_liklihoods": [
    -13410.263706676786,
    -13247.398352913728,
    -939.58567585871003,
    -4598.7707778996501
  ],
  "num_iteration": 1000,
  "num_modalities": 4,
  "num_topics": 7,
  "total_liklihood": -32196.01851334887
}
