{
  "modality_liklihoods": [
    -13474.758383620336,
    -13292.846846973405,
    -944.72531772458456,
    -4637.5142397320233
  ],
  "num_iteration": 1000,
  "num_modalities": 4,
  "num_topics": 7,
  "total_liklihood": -32349.844788050348
}
