{
  "modality_liklihoods": [
    -14088.642998781084,
    -13282.221596520596,
    -948.84231415511817,
    -4661.1483803104529
  ],
  "num_iteration": 1000,
  "num_modalities": 4,
  "num_topics": 7,
  "total_liklihood": -32980.855289767249
}
