{
  "modality_liklihoods": [
    -13418.99054669406,
    -13244.882441729158,
    -940.47183901460596,
    -4617.7796023797682
  ],
  "num_iteration": 1000,
  "num_modalities": 4,
  "num_topics": 7,
  "total_liklihood": -32222.124429817588
}
