{
  "modality_liklihoods": [
    -13614.757380323319,
    -13231.818990205822,
    -943.65601178370832,
    -4625.9696153451105
  ],
  "num_iteration": 1000,
  "num_modalities": 4,
  "num_topics": 7,
  "total_liklihood": -32416.201997657958
}
