{
  "modality_liklihoods": [
    -14133.283392271616,
    -13285.075054511479,
    -939.1125522398462,
    -4620.3910690448938
  ],
  "num_iteration": 1000,
  "num_modalities": 4,
  "num_topics": 7,
  "total_liklihood": -32977.862068067836
}
