{
  "modality_liklihoods": [
    -15092.813024744515,
    -13191.371314116263,
    -946.29750502358058,
    -4639.0020530019383
  ],
  "num_iteration": 1000,
  "num_modalities": 4,
  "num_topics": 7,
  "total_liklihood": -33869.483896886297
}
