{
  "modality_liklihoods": [
    -12760.65397560874,
    -13255.486054865118,
    -941.5601259619549,
    -4605.807498286511
  ],
  "num_iteration": 1000,
  "num_modalities": 4,
  "num_topics": 7,
  "total_liklihood": -31563.507654722322
}
