{
  "modality_liklihoods": [
    -14616.057912086426,
    -13221.734192943175,
    -940.25518741493477,
    -4698.0348050729435
  ],
  "num_iteration": 1000,
  "num_modalities": 4,
  "num_topics": 7,
  "total_liklihood": -33476.082097517479
}
