{
  "modality_liklihoods": [
    -13918.048195154375,
    -13265.233404688192,
    -939.66601970769068,
    -4624.0728554401121
  ],
  "num_iteration": 1000,
  "num_modalities": 4,
  "num_topics": 7,
  "total_liklihood": -32747.020474990364
}
