{
  "modality_liklihoods": [
    -13013.113817450203,
    -13294.144894322022,
    -939.32405760883341,
    -4623.0335579110515
  ],
  "num_iteration": 1000,
  "num_modalities": 4,
  "num_topics": 7,
  "total_liklihood": -31869.616327292108
}
