{
  "modality_liklihoods": [
    -13570.53825190247,
    -13222.918693824977,
    -948.34594727446199,
    -4641.5427096365484
  ],
  "num_iteration": 1000,
  "num_modalities": 4,
  "num_topics": 7,
  "total_liklihood": -32383.345602638459
}
