{
  "modality_liklihoods": [
    -13919.046594880934,
    -13230.513372911162,
    -935.18208039150284,
    -4621.045678799469
  ],
  "num_iteration": 1000,
  "num_modalities": 4,
  "num_topics": 7,
  "total_liklihood": -32705.787726983071
}
