{
  "modality_liklihoods": [
    -14574.712661478907,
    -13288.991337246438,
    -942.62059943823954,
    -4599.0409591115931
  ],
  "num_iteration": 1000,
  "num_modalities": 4,
  "num_topics": 7,
  "total_liklihood": -33405.365557275174
}
