{
  "modality_liklihoods": [
    -13969.691077141264,
    -13239.572187683121,
    -931.99300273044776,
    -4689.9093722522875
  ],
  "num_iteration": 1000,
  "num_modalities": 4,
  "num_topics": 7,
  "total_liklihood": -32831.165639807121
}
