{
  "modality_liklihoods": [
    -12857.404716061434,
    -13254.83615340448,
    -942.10637779494346,
    -4628.260078749423
  ],
  "num_iteration": 1000,
  "num_modalities": 4,
  "num_topics": 7,
  "total_liklihood": -31682.607326010278
}
