{
  "modality_liklihoods": [
    -13791.353652009895,
    -13211.649154825958,
    -948.55155190057451,
    -4666.0938337819725
  ],
  "num_iteration": 1000,
  "num_modalities": 4,
  "num_topics": 7,
  "total_liklihood": -32617.648192518398
}
