{
  "modality_liklihoods": [
    -13435.937520409341,
    -13264.967400228606,
    -948.63633251101282,
    -4627.3699980347728
  ],
  "num_iteration": 1000,
  "num_modalities": 4,
  "num_topics": 7,
  "total_liklihood": -32276.911251183737
}
