{
  "modality_liklihoods": [
    -14450.353610142234,
    -13239.046044425553,
    -938.36263718030091,
    -4630.4107565112308
  ],
  "num_iteration": 1000,
  "num_modalities": 4,
  "num_topics": 7,
  "total_liklihood": -33258.173048259319
}
