{
  "modality_liklihoods": [
    -13831.69786267593,
    -13265.240735373696,
    -940.72624004593672,
    -4658.5611114827134
  ],
  "num_iteration": 1000,
  "num_modalities": 4,
  "num_topics": 7,
  "total_liklihood": -32696.225949578278
}
