{
  "modality_liklihoods": [
    -13986.911366212846,
    -13225.865989252752,
    -944.66405557153166,
    -4622.4200196139927
  ],
  "num_iteration": 1000,
  "num_modalities": 4,
  "num_topics": 7,
  "total_liklihood": -32779.861430651123
}
