{
  "modality_liklihoods": [
    -14054.225985819325,
    -13223.359695085641,
    -938.00428392113452,
    -4641.5160058127676
  ],
  "num_iteration": 1000,
  "num_modalities": 4,
  "num_topics": 7,
  "total_liklihood": -32857.10597063887
}
