{
  "modality_liklihoods": [
    -13444.365682001318,
    -13223.859089380476,
    -946.69454546317559,
    -4612.1165108544765
  ],
  "num_iteration": 1000,
  "num_modalities": 4,
  "num_topics": 7,
  "total_liklihood": -32227.035827699445
}
