{
  "modality_liklihoods": [
    -13866.157259412435,
    -13276.299100395056,
    -946.13726190762645,
    -4621.4529643344522
  ],
  "num_iteration": 1000,
  "num_modalities": 4,
  "num_topics": 7,
  "total_liklihood": -32710.046586049568
}
