{
  "modality_liklihoods": [
    -14303.761861660505,
    -13220.401477384361,
    -933.85189988231889,
    -4624.2445061686803
  ],
  "num_iteration": 1000,
  "num_modalities": 4,
  "num_topics": 7,
  "total_liklihood": -33082.259745095864
}
