{
  "modality_liklihoods": [
    -13957.159084788049,
    -13249.234614999386,
    -939.62048750218867,
    -4625.8020267830116
  ],
  "num_iteration": 1000,
  "num_modalities": 4,
  "num_topics": 7,
  "total_liklihood": -32771.816214072634
}
