{
  "modality_liklihoods": [
    -13816.902292222727,
    -13282.351993498989,
    -940.71983610215773,
    -4639.283876699481
  ],
  "num_iteration": 1000,
  "num_modalities": 4,
  "num_topics": 7,
  "total_liklihood": -32679.257998523353
}
