{
  "modality_liklihoods": [
    -14176.800371842764,
    -13278.617904976323,
    -942.36173822099965,
    -4664.8194647571518
  ],
  "num_iteration": 1000,
  "num_modalities": 4,
  "num_topics": 7,
  "total_liklihood": -33062.599479797238
}
