{
  "modality_liklihoods": [
    -13673.966249120216,
    -13246.526657507087,
    -946.63647543743946,
    -4640.9317715465404
  ],
  "num_iteration": 1000,
  "num_modalities": 4,
  "num_topics": 7,
  "total_liklihood": -32508.061153611285
}
