{
  "modality_liklihoods": [
    -14279.455373716517,
    -13252.024189167954,
    -938.91637770303953,
    -4637.5181358819345
  ],
  "num_iteration": 1000,
  "num_modalities": 4,
  "num_topics": 7,
  "total_liklihood": -33107.914076469446
}
