{
  "modality_liklihoods": [
    -14149.236219909153,
    -13271.959867767195,
    -932.27861733625252,
    -4619.1299646404477
  ],
  "num_iteration": 1000,
  "num_modalities": 4,
  "num_topics": 7,
  "total_liklihood": -32972.604669653047
}
