{
  "modality_liklihoods": [
    -13891.517710658622,
    -13249.781861143878,
    -939.9320018357954,
    -4630.968584014081
  ],
  "num_iteration": 1000,
  "num_modalities": 4,
  "num_topics": 7,
  "total_liklihood": -32712.200157652373
}
