{
  "modality_liklihoods": [
    -13924.356105681003,
    -13286.184598419592,
    -930.98896841129988,
    -4687.5795502692908
  ],
  "num_iteration": 1000,
  "num_modalities": 4,
  "num_topics": 7,
  "total_liklihood": -32829.10922278119
}
