{
  "modality_liklihoods": [
    -13742.355978397711,
    -13243.584062589367,
    -939.18349982115808,
    -4668.9004230688606
  ],
  "num_iteration": 1000,
  "num_modalities": 4,
  "num_topics": 7,
  "total_liklihood": -32594.023963877102
}
