{
  "modality_liklihoods": [
    -13361.810941996115,
    -13284.000414728722,
    -941.51863516672597,
    -4742.9663786480342
  ],
  "num_iteration": 1000,
  "num_modalities": 4,
  "num_topics": 7,
  "total_liklihood": -32330.296370539596
}
