{
  "modality_liklihoods": [
    -13935.928057989662,
    -13237.781864558165,
    -952.48642859910876,
    -4652.7410275818083
  ],
  "num_iteration": 1000,
  "num_modalities": 4,
  "num_topics": 7,
  "total_liklihood": -32778.937378728748
}
