{
  "modality_liklihoods": [
    -13882.957784958202,
    -13273.580749734432,
    -945.32944893405136,
    -4639.5535776234819
  ],
  "num_iteration": 1000,
  "num_modalities": 4,
  "num_topics": 7,
  "total_liklihood": -32741.421561250168
}
