{
  "modality_liklihoods": [
    -14047.935299046005,
    -13272.593186997427,
    -935.91453977898584,
    -4656.4445872580209
  ],
  "num_iteration": 1000,
  "num_modalities": 4,
  "num_topics": 7,
  "total_liklihood": -32912.887613080442
}
