{
  "modality_liklihoods": [
    -14558.501752325068,
    -13276.149637145669,
    -940.46528747783077,
    -4664.8056269845592
  ],
  "num_iteration": 1000,
  "num_modalities": 4,
  "num_topics": 7,
  "total_liklihood": -33439.922303933126
}
