{
  "modality_liklihoods": [
    -13985.989100767214,
    -13328.15975101147,
    -947.43108952709213,
    -4711.0512186635551
  ],
  "num_iteration": 1000,
  "num_modalities": 4,
  "num_topics": 7,
  "total_liklihood": -32972.631159969336
}
