{
  "modality_liklihoods": [
    -13772.98908826667,
    -13304.52256067975,
    -943.44865345738492,
    -4602.8042294799243
  ],
  "num_iteration": 1000,
  "num_modalities": 4,
  "num_topics": 7,
  "total_liklihood": -32623.764531883728
}
