{
  "modality_liklihoods": [
    -14188.235342248485,
    -13234.831861916377,
    -944.74125003451479,
    -4656.5871384984985
  ],
  "num_iteration": 1000,
  "num_modalities": 4,
  "num_topics": 7,
  "total_liklihood": -33024.395592697874
}
