{
  "modality_liklihoods": [
    -13772.625080132175,
    -13229.759186933083,
    -942.04048617949081,
    -4627.98168894834
  ],
  "num_iteration": 1000,
  "num_modalities": 4,
  "num_topics": 7,
  "total_liklihood": -32572.406442193093
}
