{
  "modality_liklihoods": [
    -14273.149472802703,
    -13261.694029256081,
    -939.044317383215,
    -4659.9154533900401
  ],
  "num_iteration": 1000,
  "num_modalities": 4,
  "num_topics": 7,
  "total_liklihood": -33133.80327283204
}
