{
  "modality_liklihoods": [
    -14008.323968712066,
    -13294.434943781913,
    -945.16879510366334,
    -4655.6427384106719
  ],
  "num_iteration": 1000,
  "num_modalities": 4,
  "num_topics": 7,
  "total_liklihood": -32903.570446008307
}
