{
  "modality_liklihoods": [
    -13816.746272446757,
    -13263.561864610938,
    -947.76448714361925,
    -4590.3064519354875
  ],
  "num_iteration": 1000,
  "num_modalities": 4,
  "num_topics": 7,
  "total_liklihood": -32618.379076136804
}
