{
  "modality_liklihoods": [
    -13420.195737535738,
    -13233.69891300418,
    -947.16279409233641,
    -4630.9601620319409
  ],
  "num_iteration": 1000,
  "num_modalities": 4,
  "num_topics": 7,
  "total_liklihood": -32232.017606664194
}
