{
  "modality_liklihoods": [
    -13617.590339269975,
    -13302.109644441178,
    -935.68535185017117,
    -4581.965965652681
  ],
  "num_iteration": 1000,
  "num_modalities": 4,
  "num_topics": 7,
  "total_liklihood": -32437.351301214003
}
