{
  "modality_liklihoods": [
    -14555.861983811825,
    -13225.213593780703,
    -944.30037424823263,
    -4647.1623893346805
  ],
  "num_iteration": 1000,
  "num_modalities": 4,
  "num_topics": 7,
  "total_liklihood": -33372.538341175445
}
