{
  "modality_liklihoods": [
    -13424.441422264334,
    -13210.165994536788,
    -947.4022127900181,
    -4620.8422419161916
  ],
  "num_iteration": 1000,
  "num_modalities": 4,
  "num_topics": 7,
  "total_liklihood": -32202.85187150733
}
