{
  "modality_liklihoods": [
    -14138.230753368813,
    -13275.701439564858,
    -937.27322167226737,
    -4662.7098487503026
  ],
  "num_iteration": 1000,
  "num_modalities": 4,
  "num_topics": 7,
  "total_liklihood": -33013.915263356248
}
