{
  "modality_liklihoods": [
    -14074.231441339602,
    -13218.506671599182,
    -935.09831203536623,
    -4640.8254290131918
  ],
  "num_iteration": 1000,
  "num_modalities": 4,
  "num_topics": 7,
  "total_liklihood": -32868.661853987345
}
