{
  "modality_liklihoods": [
    -13904.221206039127,
    -13261.14294549628,
    -937.85220370843069,
    -4680.5366503208315
  ],
  "num_iteration": 1000,
  "num_modalities": 4,
  "num_topics": 7,
  "total_liklihood": -32783.753005564664
}
