{
  "modality_liklihoods": [
    -13734.878805510405,
    -13276.525884991817,
    -941.19004511035359,
    -4643.8773964619459
  ],
  "num_iteration": 1000,
  "num_modalities": 4,
  "num_topics": 7,
  "total_liklihood": -32596.472132074523
}
