{
  "modality_liklihoods": [
    -13853.045164197423,
    -13256.823950928676,
    -940.00657140880708,
    -4640.0109939463164
  ],
  "num_iteration": 1000,
  "num_modalities": 4,
  "num_topics": 7,
  "total_liklihood": -32689.886680481228
}
