{
  "modality_liklihoods": [
    -13998.682247667381,
    -13292.035514257241,
    -937.5650990598167,
    -4613.094846484918
  ],
  "num_iteration": 1000,
  "num_modalities": 4,
  "num_topics": 7,
  "total_liklihood": -32841.377707469357
}
