{
  "modality_liklihoods": [
    -14131.965993025155,
    -13251.981842936013,
    -936.70121976726375,
    -4634.5556571302586
  ],
  "num_iteration": 1000,
  "num_modalities": 4,
  "num_topics": 7,
  "total_liklihood": -32955.204712858686
}
