{
  "modality_liklihoods": [
    -14094.128859077626,
    -13263.718043428311,
    -940.54215127038253,
    -4660.7952014309276
  ],
  "num_iteration": 1000,
  "num_modalities": 4,
  "num_topics": 7,
  "total_liklihood": -32959.184255207248
}
