{
  "modality_liklihoods": [
    -14207.905913042487,
    -13215.650509693125,
    -945.98490108069075,
    -4676.2009010759475
  ],
  "num_iteration": 1000,
  "num_modalities": 4,
  "num_topics": 7,
  "total_liklihood": -33045.742224892252
}
