{
  "modality_liklihoods": [
    -13489.535565966686,
    -13233.011384405554,
    -936.51457266545742,
    -4669.0884594782401
  ],
  "num_iteration": 1000,
  "num_modalities": 4,
  "num_topics": 7,
  "total_liklihood": -32328.149982515941
}
