{
  "modality_liklihoods": [
    -14568.322871852162,
    -13262.834503615042,
    -938.94632945286082,
    -4634.6087730400905
  ],
  "num_iteration": 1000,
  "num_modalities": 4,
  "num_topics": 7,
  "total_liklihood": -33404.712477960158
}
