{
  "modality_liklihoods": [
    -14804.340129671418,
    -13192.197864094371,
    -936.95146896278868,
    -4692.410685959343
  ],
  "num_iteration": 1000,
  "num_modalities": 4,
  "num_topics": 7,
  "total_liklihood": -33625.900148687921
}
