{
  "modality_liklihoods": [
    -13758.229517151825,
    -13290.235606489863,
    -934.92177238242675,
    -4625.0567071275163
  ],
  "num_iteration": 1000,
  "num_modalities": 4,
  "num_topics": 7,
  "total_liklihood": -32608.443603151631
}
