{
  "modality_liklihoods": [
    -14528.776966781597,
    -13291.218226315908,
    -937.26088812498085,
    -4668.0256975208922
  ],
  "num_iteration": 1000,
  "num_modalities": 4,
  "num_topics": 7,
  "total_liklihood": -33425.281778743381
}
