{
  "modality_liklihoods": [
    -13826.262239222669,
    -13269.761073104839,
    -940.20930050048514,
    -4626.338845141232
  ],
  "num_iteration": 1000,
  "num_modalities": 4,
  "num_topics": 7,
  "total_liklihood": -32662.571457969229
}
