{
  "modality_liklihoods": [
    -15077.378402173294,
    -13184.609321569689,
    -940.60559577160495,
    -4704.3562073242811
  ],
  "num_iteration": 1000,
  "num_modalities": 4,
  "num_topics": 7,
  "total_liklihood": -33906.949526838871
}
