{
  "modality_liklihoods": [
    -14728.425609062035,
    -13190.648913597111,
    -934.74737117281722,
    -4674.4728736348043
  ],
  "num_iteration": 1000,
  "num_modalities": 4,
  "num_topics": 7,
  "total_liklihood": -33528.294767466767
}
