{
  "modality_liklihoods": [
    -14125.043569723546,
    -13210.843767421849,
    -945.74316587523742,
    -4698.0950987233546
  ],
  "num_iteration": 1000,
  "num_modalities": 4,
  "num_topics": 7,
  "total_liklihood": -32979.725601743987
}
