{
  "modality_liklihoods": [
    -14093.30419932905,
    -13323.64987453187,
    -933.76427656787496,
    -4705.4750956418648
  ],
  "num_iteration": 1000,
  "num_modalities": 4,
  "num_topics": 7,
  "total_liklihood": -33056.193446070662
}
