{
  "modality_liklihoods": [
    -13842.978248998041,
    -13287.45195394143,
    -935.18104120960402,
    -4686.6693146833049
  ],
  "num_iteration": 1000,
  "num_modalities": 4,
  "num_topics": 7,
  "total_liklihood": -32752.280558832383
}
