{
  "modality_liklihoods": [
    -14160.922145557281,
    -13192.840621364576,
    -937.78167852884258,
    -4649.1935395470546
  ],
  "num_iteration": 1000,
  "num_modalities": 4,
  "num_topics": 7,
  "total_liklihood": -32940.737984997751
}
