{
  "modality_liklihoods": [
    -13947.216468646293,
    -13318.485373195777,
    -949.2538354112412,
    -4656.9275722292878
  ],
  "num_iteration": 1000,
  "num_modalities": 4,
  "num_topics": 7,
  "total_liklihood": -32871.883249482598
}
