{
  "modality_liklihoods": [
    -13776.719646752634,
    -13243.251441866742,
    -940.13753538249625,
    -4621.8353265253572
  ],
  "num_iteration": 1000,
  "num_modalities": 4,
  "num_topics": 7,
  "total_liklihood": -32581.943950527228
}
