{
  "modality_liklihoods": [
    -13702.731797132816,
    -13303.446796720109,
    -940.55286449798325,
    -4606.4253298694239
  ],
  "num_iteration": 1000,
  "num_modalities": 4,
  "num_topics": 7,
  "total_liklihood": -32553.156788220331
}
