{
  "modality_liklihoods": [
    -13454.844988957966,
    -13212.594563502256,
    -942.84402459583566,
    -4637.1572813857301
  ],
  "num_iteration": 1000,
  "num_modalities": 4,
  "num_topics": 7,
  "total_liklihood": -32247.440858441791
}
