{
  "modality_liklihoods": [
    -13980.067046559623,
    -13297.26589390675,
    -937.44561616105852,
    -4610.6836399958875
  ],
  "num_iteration": 1000,
  "num_modalities": 4,
  "num_topics": 7,
  "total_liklihood": -32825.462196623317
}
