{
  "modality_liklihoods": [
    -13746.448051163879,
    -13264.732441425656,
    -943.67830178599661,
    -4639.9547310946864
  ],
  "num_iteration": 1000,
  "num_modalities": 4,
  "num_topics": 7,
  "total_liklihood": -32594.813525470217
}
