{
  "modality_liklihoods": [
    -13425.364565469708,
    -13250.072826524045,
    -946.9615332583046,
    -4591.9803389322942
  ],
  "num_iteration": 1000,
  "num_modalities": 4,
  "num_topics": 7,
  "total_liklihood": -32214.379264184354
}
