{
  "modality_liklihoods": [
    -14568.924596124918,
    -13246.154267211796,
    -936.56736430070305,
    -4658.8763632108321
  ],
  "num_iteration": 1000,
  "num_modalities": 4,
  "num_topics": 7,
  "total_liklihood": -33410.522590848246
}
