{
  "modality_liklihoods": [
    -13445.809980558424,
    -13233.115597250393,
    -941.8559950398901,
    -4644.9903482995705
  ],
  "num_iteration": 1000,
  "num_modalities": 4,
  "num_topics": 7,
  "total_liklihood": -32265.771921148276
}
