{
  "modality_liklihoods": [
    -13789.259472248956,
    -13259.405671968389,
    -933.18575330328144,
    -4625.1836570540418
  ],
  "num_iteration": 1000,
  "num_modalities": 4,
  "num_topics": 7,
  "total_liklihood": -32607.034554574668
}
