{
  "modality_liklihoods": [
    -13916.27600179639,
    -13275.90713504942,
    -943.62655640378671,
    -4780.4210290128149
  ],
  "num_iteration": 1000,
  "num_modalities": 4,
  "num_topics": 7,
  "total_liklihood": -32916.230722262408
}
