{
  "modality_liklihoods": [
    -13609.860966325479,
    -13247.441636437597,
    -938.94225288743564,
    -4665.6159634686055
  ],
  "num_iteration": 1000,
  "num_modalities": 4,
  "num_topics": 7,
  "total_liklihood": -32461.860819119116
}
