{
  "modality_liklihoods": [
    -13363.0468049881,
    -13241.681665393318,
    -942.91671754609047,
    -4627.8458705088915
  ],
  "num_iteration": 1000,
  "num_modalities": 4,
  "num_topics": 7,
  "total_liklihood": -32175.491058436401
}
