{
  "modality_liklihoods": [
    -14055.433267999959,
    -13302.792989674297,
    -934.76039179690304,
    -4651.3868258802286
  ],
  "num_iteration": 1000,
  "num_modalities": 4,
  "num_topics": 7,
  "total_liklihood": -32944.373475351385
}
