{
  "modality_liklihoods": [
    -13334.546864955524,
    -13242.775271599241,
    -943.94687720710681,
    -4647.8931018919702
  ],
  "num_iteration": 1000,
  "num_modalities": 4,
  "num_topics": 7,
  "total_liklihood": -32169.162115653839
}
