{
  "modality_liklihoods": [
    -14854.445139406558,
    -13232.518326593739,
    -938.71401981774352,
    -4633.1552319329039
  ],
  "num_iteration": 1000,
  "num_modalities": 4,
  "num_topics": 7,
  "total_liklihood": -33658.832717750949
}
