{
  "modality_liklihoods": [
    -13539.283803296206,
    -13239.445416012346,
    -939.58328547907854,
    -4667.7165831401408
  ],
  "num_iteration": 1000,
  "num_modalities": 4,
  "num_topics": 7,
  "total_liklihood": -32386.029087927771
}
