{
  "modality_liklihoods": [
    -13924.318328619373,
    -13240.339030999761,
    -941.4086375486047,
    -4654.2022828471463
  ],
  "num_iteration": 1000,
  "num_modalities": 4,
  "num_topics": 7,
  "total_liklihood": -32760.268280014883
}
