{
  "modality_liklihoods": [
    -14020.112698492441,
    -13213.952250930377,
    -941.85279617427113,
    -4641.8460276146243
  ],
  "num_iteration": 1000,
  "num_modalities": 4,
  "num_topics": 7,
  "total_liklihood": -32817.763773211715
}
