{
  "modality_liklihoods": [
    -14138.945183282993,
    -13231.027681074731,
    -944.30562117802515,
    -4696.3575223377529
  ],
  "num_iteration": 1000,
  "num_modalities": 4,
  "num_topics": 7,
  "total_liklihood": -33010.636007873502
}
