{
  "modality_liklihoods": [
    -14915.911634087914,
    -13213.352638217186,
    -937.34005004018798,
    -4688.3908898050486
  ],
  "num_iteration": 1000,
  "num_modalities": 4,
  "num_topics": 7,
  "total_liklihood": -33754.995212150337
}
