{
  "modality_liklihoods": [
    -14523.46168562688,
    -13256.908420929685,
    -939.88391371611078,
    -4658.2912167828226
  ],
  "num_iteration": 1000,
  "num_modalities": 4,
  "num_topics": 7,
  "total_liklihood": -33378.545237055499
}
