{
  "modality_liklihoods": [
    -13542.525481546607,
    -13302.046797395489,
    -949.77167403782016,
    -4633.7042198660865
  ],
  "num_iteration": 1000,
  "num_modalities": 4,
  "num_topics": 7,
  "total_liklihood": -32428.048172846004
}
