{
  "modality_liklihoods": [
    -14184.830203308251,
    -13264.011771597474,
    -941.05568005771761,
    -4651.8743350306613
  ],
  "num_iteration": 1000,
  "num_modalities": 4,
  "num_topics": 7,
  "total_liklihood": -33041.7719899941
}
