{
  "modality_liklihoods": [
    -14858.287525964177,
    -13230.508191334047,
    -940.18012936806088,
    -4660.2461998319959
  ],
  "num_iteration": 1000,
  "num_modalities": 4,
  "num_topics": 7,
  "total_liklihood": -33689.222046498282
}
