{
  "modality_liklihoods": [
    -13790.474133965987,
    -13262.806417873575,
    -939.7335651275107,
    -4641.7837396431796
  ],
  "num_iteration": 1000,
  "num_modalities": 4,
  "num_topics": 7,
  "total_liklihood": -32634.79785661025
}
