{
  "modality_liklihoods": [
    -13576.819268632595,
    -13310.521143011558,
    -947.2112320165387,
    -4622.5372006720354
  ],
  "num_iteration": 1000,
  "num_modalities": 4,
  "num_topics": 7,
  "total_liklihood": -32457.088844332728
}
