{
  "modality_liklihoods": [
    -12652.06135018715,
    -13249.768618860528,
    -941.59387636023428,
    -4637.1704491721093
  ],
  "num_iteration": 1000,
  "num_modalities": 4,
  "num_topics": 7,
  "total_liklihood": -31480.594294580023
}
