{
  "modality_liklihoods": [
    -13868.089685799965,
    -13282.279484649996,
    -941.97576355434012,
    -4706.2253332811479
  ],
  "num_iteration": 1000,
  "num_modalities": 4,
  "num_topics": 7,
  "total_liklihood": -32798.570267285446
}
