{
  "modality_liklihoods": [
    -13130.033566355927,
    -13277.606714327594,
    -946.77165218916343,
    -4669.6498133006326
  ],
  "num_iteration": 1000,
  "num_modalities": 4,
  "num_topics": 7,
  "total_liklihood": -32024.061746173316
}
