{
  "modality_liklihoods": [
    -14225.633867443135,
    -13218.615519239198,
    -940.09413445972871,
    -4699.5755017301817
  ],
  "num_iteration": 1000,
  "num_modalities": 4,
  "num_topics": 7,
  "total_liklihood": -33083.919022872244
}
