{
  "modality_liklihoods": [
    -14211.637920931797,
    -13275.484062685875,
    -932.96845650291345,
    -4673.244735646037
  ],
  "num_iteration": 1000,
  "num_modalities": 4,
  "num_topics": 7,
  "total_liklihood": -33093.335175766624
}
