{
  "modality_liklihoods": [
    -14042.114929865427,
    -13231.785558302296,
    -940.99940146016365,
    -4653.7832152057044
  ],
  "num_iteration": 1000,
  "num_modalities": 4,
  "num_topics": 7,
  "total_liklihood": -32868.683104833595
}
