{
  "modality_liklihoods": [
    -13051.439529841991,
    -13276.116588207769,
    -947.11356379581741,
    -4745.1459483507124
  ],
  "num_iteration": 1000,
  "num_modalities": 4,
  "num_topics": 7,
  "total_liklihood": -32019.815630196292
}
