{
  "modality_liklihoods": [
    -13908.599347990958,
    -13247.05572799342,
    -937.76748749545766,
    -4641.5605136238673
  ],
  "num_iteration": 1000,
  "num_modalities": 4,
  "num_topics": 7,
  "total_liklihood": -32734.983077103701
}
