{
  "modality_liklihoods": [
    -13412.976951988408,
    -13261.913545111778,
    -938.86167767904942,
    -4642.9542542224963
  ],
  "num_iteration": 1000,
  "num_modalities": 4,
  "num_topics": 7,
  "total_liklihood": -32256.70642900173
}
