{
  "modality_liklihoods": [
    -13962.586653917821,
    -13234.823211621042,
    -939.10798248958326,
    -4671.6162406472295
  ],
  "num_iteration": 1000,
  "num_modalities": 4,
  "num_topics": 7,
  "total_liklihood": -32808.134088675673
}
