{
  "modality_liklihoods": [
    -14991.504359829803,
    -13211.907944423479,
    -937.63878764344986,
    -4687.9426738531065
  ],
  "num_iteration": 1000,
  "num_modalities": 4,
  "num_topics": 7,
  "total_liklihood": -33828.993765749838
}
