{
  "modality_liklihoods": [
    -14019.80111735307,
    -13289.011773915687,
    -944.0902981881934,
    -4614.9575859016413
  ],
  "num_iteration": 1000,
  "num_modalities": 4,
  "num_topics": 7,
  "total_liklihood": -32867.860775358589
}
