{
  "modality_liklihoods": [
    -13930.861746691604,
    -13256.535407853044,
    -939.54747380580307,
    -4616.5683912985669
  ],
  "num_iteration": 1000,
  "num_modalities": 4,
  "num_topics": 7,
  "total_liklihood": -32743.513019649017
}
