{
  "modality_liklihoods": [
    -13618.072952367422,
    -13305.437475454208,
    -937.32465448057837,
    -4637.5791676495728
  ],
  "num_iteration": 1000,
  "num_modalities": 4,
  "num_topics": 7,
  "total_liklihood": -32498.41424995178
}
