{
  "modality_liklihoods": [
    -12897.786988771522,
    -13268.329316197405,
    -940.24703581623032,
    -4630.0927927132298
  ],
  "num_iteration": 1000,
  "num_modalities": 4,
  "num_topics": 7,
  "total_liklihood": -31736.456133498388
}
