{
  "modality_liklihoods": [
    -13646.32856267068,
    -13277.51656871786,
    -941.91233423228687,
    -4665.8509331883497
  ],
  "num_iteration": 1000,
  "num_modalities": 4,
  "num_topics": 7,
  "total_liklihood": -32531.608398809174
}
