{
  "modality_liklihoods": [
    -14419.404092295194,
    -13264.822101295757,
    -939.7905004201084,
    -4675.1623048586898
  ],
  "num_iteration": 1000,
  "num_modalities": 4,
  "num_topics": 7,
  "total_liklihood": -33299.178998869749
}
