{
  "modality_liklihoods": [
    -13501.957082347208,
    -13241.550162752992,
    -946.87657792367327,
    -4636.1544512885393
  ],
  "num_iteration": 1000,
  "num_modalities": 4,
  "num_topics": 7,
  "total_liklihood": -32326.538274312414
}
