{
  "modality_liklihoods": [
    -14505.134848515481,
    -13214.350842470574,
    -945.85664796692572,
    -4684.3887068546628
  ],
  "num_iteration": 1000,
  "num_modalities": 4,
  "num_topics": 7,
  "total_liklihood": -33349.731045807639
}
