{
  "modality_liklihoods": [
    -14261.195858637453,
    -13282.021175575095,
    -938.17162339472998,
    -4657.8522656820787
  ],
  "num_iteration": 1000,
  "num_modalities": 4,
  "num_topics": 7,
  "total_liklihood": -33139.240923289355
}
