{
  "modality_liklihoods": [
    -13772.33781171834,
    -13227.708877567384,
    -938.1185459592358,
    -4627.2796263837445
  ],
  "num_iteration": 1000,
  "num_modalities": 4,
  "num_topics": 7,
  "total_liklihood": -32565.444861628701
}
