{
  "modality_liklihoods": [
    -13599.918059394369,
    -13212.580464149765,
    -938.03091428378582,
    -4652.7115350068416
  ],
  "num_iteration": 1000,
  "num_modalities": 4,
  "num_topics": 7,
  "total_liklihood": -32403.240972834763
}
