{
  "modality_liklihoods": [
    -13614.807853990065,
    -13238.881989692012,
    -946.12432766174868,
    -4646.1234516495542
  ],
  "num_iteration": 1000,
  "num_modalities": 4,
  "num_topics": 7,
  "total_liklihood": -32445.937622993381
}
