{
  "modality_liklihoods": [
    -14174.526034432469,
    -13264.709038024941,
    -936.4595912929932,
    -4646.5563959303599
  ],
  "num_iteration": 1000,
  "num_modalities": 4,
  "num_topics": 7,
  "total_liklihood": -33022.251059680762
}
