{
  "modality_liklihoods": [
    -14061.434154691891,
    -13286.639268536974,
    -944.1934710094348,
    -4631.9849339253542
  ],
  "num_iteration": 1000,
  "num_modalities": 4,
  "num_topics": 7,
  "total_liklihood": -32924.251828163659
}
