{
  "modality_liklihoods": [
    -13805.632294936751,
    -13283.386046430149,
    -943.50359043230765,
    -4637.5848292778701
  ],
  "num_iteration": 1000,
  "num_modalities": 4,
  "num_topics": 7,
  "total_liklihood": -32670.106761077077
}
