{
  "modality_liklihoods": [
    -13839.420882204648,
    -13304.078611673054,
    -940.7025514622552,
    -4662.3395797086741
  ],
  "num_iteration": 1000,
  "num_modalities": 4,
  "num_topics": 7,
  "total_liklihood": -32746.541625048631
}
