{
  "modality_liklihoods": [
    -14010.137001905845,
    -13271.176293177345,
    -946.59933102006346,
    -4613.396086617061
  ],
  "num_iteration": 1000,
  "num_modalities": 4,
  "num_topics": 7,
  "total_liklihood": -32841.308712720318
}
