{
  "modality_liklihoods": [
    -14500.142660075484,
    -13227.150413605672,
    -939.27621433013246,
    -4618.5096368477134
  ],
  "num_iteration": 1000,
  "num_modalities": 4,
  "num_topics": 7,
  "total_liklihood": -33285.078924859001
}
