{
  "modality_liklihoods": [
    -14381.36729214914,
    -13284.577128401319,
    -937.27114187683094,
    -4618.7545408217366
  ],
  "num_iteration": 1000,
  "num_modalities": 4,
  "num_topics": 7,
  "total_liklihood": -33221.970103249027
}
