{
  "modality_liklihoods": [
    -13899.214637258063,
    -13277.664013609594,
    -940.60026654426588,
    -4666.6034722486102
  ],
  "num_iteration": 1000,
  "num_modalities": 4,
  "num_topics": 7,
  "total_liklihood": -32784.082389660529
}
