{
  "modality_liklihoods": [
    -14003.45171877189,
    -13290.484975975995,
    -935.72947086871352,
    -4699.6661854123331
  ],
  "num_iteration": 1000,
  "num_modalities": 4,
  "num_topics": 7,
  "total_liklihood": -32929.332351028934
}
