{
  "modality_liklihoods": [
    -14655.56007685276,
    -13222.44671106478,
    -935.35103048521216,
    -4698.1550662996005
  ],
  "num_iteration": 1000,
  "num_modalities": 4,
  "num_topics": 7,
  "total_liklihood": -33511.512884702352
}
