{
  "modality_liklihoods": [
    -14285.223147426495,
    -13241.170481389336,
    -938.13887516622492,
    -4617.0211304779814
  ],
  "num_iteration": 1000,
  "num_modalities": 4,
  "num_topics": 7,
  "total_liklihood": -33081.553634460033
}
