{
  "modality_liklihoods": [
    -13713.60124650937,
    -13234.497532323137,
    -948.92787171514669,
    -4620.1630494234278
  ],
  "num_iteration": 1000,
  "num_modalities": 4,
  "num_topics": 7,
  "total_liklihood": -32517.189699971081
}
