{
  "modality_liklihoods": [
    -13818.766680121262,
    -13267.053910069622,
    -932.57831766337483,
    -4620.360721285344
  ],
  "num_iteration": 1000,
  "num_modalities": 4,
  "num_topics": 7,
  "total_liklihood": -32638.759629139604
}
