{
  "modality_liklihoods": [
    -13455.440471332564,
    -13252.471955303903,
    -947.60253997276368,
    -4686.1482639207115
  ],
  "num_iteration": 1000,
  "num_modalities": 4,
  "num_topics": 7,
  "total_liklihood": -32341.663230529943
}
