{
  "modality_liklihoods": [
    -13700.966336385001,
    -13283.836164129552,
    -938.93294753189491,
    -4638.9550653826582
  ],
  "num_iteration": 1000,
  "num_modalities": 4,
  "num_topics": 7,
  "total_liklihood": -32562.690513429108
}
