{
  "modality_liklihoods": [
    -13755.178628708927,
    -13245.928521627748,
    -942.23129067451634,
    -4717.7938498825397
  ],
  "num_iteration": 1000,
  "num_modalities": 4,
  "num_topics": 7,
  "total_liklihood": -32661.132290893733
}
