{
  "modality_liklihoods": [
    -13225.550234147624,
    -13244.168959602384,
    -947.81559363071165,
    -4640.2036131239975
  ],
  "num_iteration": 1000,
  "num_modalities": 4,
  "num_topics": 7,
  "total_liklihood": -32057.738400504721
}
