{
  "modality_liklihoods": [
    -14111.893152149705,
    -13261.961107977344,
    -936.09489385718553,
    -4629.1625300562564
  ],
  "num_iteration": 1000,
  "num_modalities": 4,
  "num_topics": 7,
  "total_liklihood": -32939.111684040494
}
