{
  "modality_liklihoods": [
    -13980.651794009193,
    -13241.630306993864,
    -944.46808532845307,
    -4632.6932599177217
  ],
  "num_iteration": 1000,
  "num_modalities": 4,
  "num_topics": 7,
  "total_liklihood": -32799.443446249228
}
