{
  "modality_liklihoods": [
    -14662.946176371734,
    -13226.262267044156,
    -941.54500589207157,
    -4655.2079173874272
  ],
  "num_iteration": 1000,
  "num_modalities": 4,
  "num_topics": 7,
  "total_liklihood": -33485.961366695388
}
