{
  "modality_liklihoods": [
    -14297.189996216997,
    -13244.477316421435,
    -937.8756029327526,
    -4604.4990974281864
  ],
  "num_iteration": 1000,
  "num_modalities": 4,
  "num_topics": 7,
  "total_liklihood": -33084.042012999373
}
