{
  "modality_liklihoods": [
    -13655.581299969952,
    -13282.811805165742,
    -945.66467774117291,
    -4629.6103764616228
  ],
  "num_iteration": 1000,
  "num_modalities": 4,
  "num_topics": 7,
  "total_liklihood": -32513.668159338489
}
