{
  "modality_liklihoods": [
    -14229.412978969129,
    -13221.729563142764,
    -943.00987461160207,
    -4731.8481399942812
  ],
  "num_iteration": 1000,
  "num_modalities": 4,
  "num_topics": 7,
  "total_liklihood": -33126.000556717772
}
