{
  "modality_liklihoods": [
    -14823.703891054038,
    -13256.619691249505,
    -937.59400848334087,
    -4645.1205873303761
  ],
  "num_iteration": 1000,
  "num_modalities": 4,
  "num_topics": 7,
  "total_liklihood": -33663.038178117262
}
