{
  "modality_liklihoods": [
    -13599.41873598955,
    -13296.75488932641,
    -940.69257205988401,
    -4627.1150647782761
  ],
  "num_iteration": 1000,
  "num_modalities": 4,
  "num_topics": 7,
  "total_liklihood": -32463.98126215412
}
