{
  "modality_liklihoods": [
    -14433.455758499176,
    -13243.468637663162,
    -946.28851444434838,
    -4604.3866293522024
  ],
  "num_iteration": 1000,
  "num_modalities": 4,
  "num_topics": 7,
  "total_liklihood": -33227.599539958886
}
