{
  "modality_liklihoods": [
    -14122.988256218427,
    -13306.777228976487,
    -942.39297834520937,
    -4646.3848814591738
  ],
  "num_iteration": 1000,
  "num_modalities": 4,
  "num_topics": 7,
  "total_liklihood": -33018.543344999292
}
