{
  "modality_liklihoods": [
    -13722.074986392656,
    -13292.085950093544,
    -944.44019461125379,
    -4637.469949219495
  ],
  "num_iteration": 1000,
  "num_modalities": 4,
  "num_topics": 7,
  "total_liklihood": -32596.07108031695
}
