{
  "modality_liklihoods": [
    -13484.720100183373,
    -13235.00342301013,
    -946.8120463617887,
    -4667.540441235361
  ],
  "num_iteration": 1000,
  "num_modalities": 4,
  "num_topics": 7,
  "total_liklihood": -32334.076010790654
}
