{
  "modality_liklihoods": [
    -13911.751153908226,
    -13297.455653841607,
    -942.25001398344114,
    -4611.5943576942773
  ],
  "num_iteration": 1000,
  "num_modalities": 4,
  "num_topics": 7,
  "total_liklihood": -32763.051179427552
}
