{
  "modality_liklihoods": [
    -13494.864292902261,
    -13295.618414472252,
    -941.42172937992427,
    -4594.8383660117443
  ],
  "num_iteration": 1000,
  "num_modalities": 4,
  "num_topics": 7,
  "total_liklihood": -32326.742802766177
}
