{
  "modality_liklihoods": [
    -13786.899741951816,
    -13298.86226315203,
    -940.45088423830282,
    -4588.4476926816706
  ],
  "num_iteration": 1000,
  "num_modalities": 4,
  "num_topics": 7,
  "total_liklihood": -32614.660582023822
}
