{
  "modality_liklihoods": [
    -14391.05778027815,
    -13239.278395018859,
    -935.65102529293063,
    -4617.1761042100852
  ],
  "num_iteration": 1000,
  "num_modalities": 4,
  "num_topics": 7,
  "total_liklihood": -33183.163304800022
}
