{
  "modality_liklihoods": [
    -13986.34125723246,
    -13252.965676668086,
    -943.88393997912794,
    -4638.4529017216055
  ],
  "num_iteration": 1000,
  "num_modalities": 4,
  "num_topics": 7,
  "total_liklihood": -32821.643775601282
}
