{
  "modality_liklihoods": [
    -14045.30019872143,
    -13233.876567693011,
    -943.58035053890239,
    -4645.8540915243975
  ],
  "num_iteration": 1000,
  "num_modalities": 4,
  "num_topics": 7,
  "total_liklihood": -32868.611208477741
}
