{
  "modality_liklihoods": [
    -14163.759121511283,
    -13213.243277210126,
    -939.83173782247832,
    -4712.9478869835239
  ],
  "num_iteration": 1000,
  "num_modalities": 4,
  "num_topics": 7,
  "total_liklihood": -33029.782023527412
}
