{
  "modality_liklihoods": [
    -13462.554994188687,
    -13251.713157511291,
    -947.68294103155688,
    -4590.7378546757918
  ],
  "num_iteration": 1000,
  "num_modalities": 4,
  "num_topics": 7,
  "total_liklihood": -32252.688947407332
}
