{
  "modality_liklihoods": [
    -14430.165867395523,
    -13208.791439046994,
    -940.32145496030603,
    -4733.2822500775028
  ],
  "num_iteration": 1000,
  "num_modalities": 4,
  "num_topics": 7,
  "total_liklihood": -33312.561011480328
}
