{
  "modality_liklihoods": [
    -13989.176608060832,
    -13302.290069412844,
    -938.88163499481107,
    -4637.6044771357592
  ],
  "num_iteration": 1000,
  "num_modalities": 4,
  "num_topics": 7,
  "total_liklihood": -32867.952789604242
}
