{
  "modality_liklihoods": [
    -13360.75287444921,
    -13289.462217457251,
    -940.72487169363217,
    -4629.9046761409918
  ],
  "num_iteration": 1000,
  "num_modalities": 4,
  "num_topics": 7,
  "total_liklihood": -32220.844639741084
}
