{
  "modality_liklihoods": [
    -13525.664446871935,
    -13288.111734449354,
    -942.14553019648986,
    -4607.5326268083591
  ],
  "num_iteration": 1000,
  "num_modalities": 4,
  "num_topics": 7,
  "total_liklihood": -32363.454338326137
}
