{
  "modality_liklihoods": [
    -14172.008267040001,
    -13284.406558080909,
    -934.23148399866818,
    -4634.3569552279632
  ],
  "num_iteration": 1000,
  "num_modalities": 4,
  "num_topics": 7,
  "total_liklihood": -33025.003264347542
}
