{
  "modality_liklihoods": [
    -13306.953037289804,
    -13300.734385099822,
    -943.42174120371669,
    -4643.9288868520071
  ],
  "num_iteration": 1000,
  "num_modalities": 4,
  "num_topics": 7,
  "total_liklihood": -32195.03805044535
}
