{
  "modality_liklihoods": [
    -13791.668826182113,
    -13294.209334933736,
    -934.62778882190719,
    -4625.5688945244301
  ],
  "num_iteration": 1000,
  "num_modalities": 4,
  "num_topics": 7,
  "total_liklihood": -32646.074844462186
}
