{
  "modality_liklihoods": [
    -14372.495693316716,
    -13241.609944380971,
    -936.57098848620626,
    -4630.9555703706164
  ],
  "num_iteration": 1000,
  "num_modalities": 4,
  "num_topics": 7,
  "total_liklihood": -33181.632196554507
}
