{
  "modality_liklihoods": [
    -13168.536757204049,
    -13239.983332782031,
    -943.52237258143487,
    -4588.8197252958253
  ],
  "num_iteration": 1000,
  "num_modalities": 4,
  "num_topics": 7,
  "total_liklihood": -31940.862187863342
}
