{
  "modality_liklihoods": [
    -13881.453032388083,
    -13207.684668980379,
    -941.80729550446802,
    -4643.2251715243228
  ],
  "num_iteration": 1000,
  "num_modalities": 4,
  "num_topics": 7,
  "total_liklihood": -32674.17016839725
}
