{
  "modality_liklihoods": [
    -14385.74100320769,
    -13245.842730877064,
    -937.71877747698682,
    -4626.4031569310382
  ],
  "num_iteration": 1000,
  "num_modalities": 4,
  "num_topics": 7,
  "total_liklihood": -33195.705668492781
}
