{
  "modality_liklihoods": [
    -14075.440659627704,
    -13283.718519916194,
    -936.74575403424512,
    -4658.9821460820158
  ],
  "num_iteration": 1000,
  "num_modalities": 4,
  "num_topics": 7,
  "total_liklihood": -32954.887079660155
}
