{
  "modality_liklihoods": [
    -14363.304161676509,
    -13236.133682667973,
    -945.35257000952629,
    -4598.6271622504128
  ],
  "num_iteration": 1000,
  "num_modalities": 4,
  "num_topics": 7,
  "total_liklihood": -33143.417576604421
}
