{
  "modality_liklihoods": [
    -13752.222759365173,
    -13206.631870647456,
    -942.8857517548405,
    -4732.2086282689252
  ],
  "num_iteration": 1000,
  "num_modalities": 4,
  "num_topics": 7,
  "total_liklihood": -32633.949010036398
}
