{
  "modality_liklihoods": [
    -14934.875226377279,
    -13222.92506085792,
    -947.95725789107041,
    -4675.0290972669545
  ],
  "num_iteration": 1000,
  "num_modalities": 4,
  "num_topics": 7,
  "total_liklihood": -33780.786642393228
}
