{
  "modality_liklihoods": [
    -13547.988331368151,
    -13278.175105617021,
    -941.31344416990567,
    -4697.5977229416512
  ],
  "num_iteration": 1000,
  "num_modalities": 4,
  "num_topics": 7,
  "total_liklihood": -32465.074604096728
}
