{
  "modality_liklihoods": [
    -14365.821871971919,
    -13270.880726193825,
    -933.30937560677989,
    -4634.6420233671824
  ],
  "num_iteration": 1000,
  "num_modalities": 4,
  "num_topics": 7,
  "total_liklihood": -33204.653997139707
}
