{
  "modality_liklihoods": [
    -13886.555123565158,
    -13280.279709920243,
    -937.17677146282369,
    -4651.865757083915
  ],
  "num_iteration": 1000,
  "num_modalities": 4,
  "num_topics": 7,
  "total_liklihood": -32755.877362032137
}
