{
  "modality_liklihoods": [
    -14365.512921208696,
    -13264.252964068453,
    -939.66646238157966,
    -4674.0475690643525
  ],
  "num_iteration": 1000,
  "num_modalities": 4,
  "num_topics": 7,
  "total_liklihood": -33243.479916723081
}
