{
  "modality_liklihoods": [
    -12739.605624818658,
    -13280.256306599735,
    -934.79680647252269,
    -4635.3165635283431
  ],
  "num_iteration": 1000,
  "num_modalities": 4,
  "num_topics": 7,
  "total_liklihood": -31589.975301419257
}
