{
  "modality_liklihoods": [
    -14226.133997828616,
    -13227.830412022837,
    -942.44008500329403,
    -4658.0977542295523
  ],
  "num_iteration": 1000,
  "num_modalities": 4,
  "num_topics": 7,
  "total_liklihood": -33054.502249084304
}
