{
  "modality_liklihoods": [
    -13931.528368655008,
    -13259.126678011908,
    -947.22182590237401,
    -4704.3847862702378
  ],
  "num_iteration": 1000,
  "num_modalities": 4,
  "num_topics": 7,
  "total_liklihood": -32842.261658839525
}
