{
  "modality_liklihoods": [
    -13650.684333891964,
    -13271.976630523694,
    -945.78097279194515,
    -4624.0298391109582
  ],
  "num_iteration": 1000,
  "num_modalities": 4,
  "num_topics": 7,
  "total_liklihood": -32492.471776318558
}
