{
  "modality_liklihoods": [
    -14106.920979327084,
    -13210.552935349062,
    -943.99068345762191,
    -4678.7316728704627
  ],
  "num_iteration": 1000,
  "num_modalities": 4,
  "num_topics": 7,
  "total_liklihood": -32940.196271004228
}
