{
  "modality_liklihoods": [
    -13630.511277206526,
    -13304.124750681814,
    -946.84017209292256,
    -4639.5248969839431
  ],
  "num_iteration": 1000,
  "num_modalities": 4,
  "num_topics": 7,
  "total_liklihood": -32521.001096965207
}
