{
  "modality_liklihoods": [
    -13938.852634494684,
    -13280.016031897905,
    -937.80466313431225,
    -4695.8237023701467
  ],
  "num_iteration": 1000,
  "num_modalities": 4,
  "num_topics": 7,
  "total_liklihood": -32852.497031897052
}
