{
  "modality_liklihoods": [
    -13988.076775954107,
    -13228.893016615544,
    -942.40575792780442,
    -4642.6644460192065
  ],
  "num_iteration": 1000,
  "num_modalities": 4,
  "num_topics": 7,
  "total_liklihood": -32802.039996516665
}
