{
  "modality_liklihoods": [
    -13388.906035745065,
    -13276.765225057428,
    -941.81107699761139,
    -4720.7684405863065
  ],
  "num_iteration": 1000,
  "num_modalities": 4,
  "num_topics": 7,
  "total_liklihood": -32328.250778386413
}
