{
  "modality_liklihoods": [
    -14127.949173917204,
    -13278.687307233238,
    -931.74187713550225,
    -4653.2716853178044
  ],
  "num_iteration": 1000,
  "num_modalities": 4,
  "num_topics": 7,
  "total_liklihood": -32991.650043603746
}
