{
  "modality_liklihoods": [
    -15097.373456577492,
    -13223.659020807589,
    -945.83968702792731,
    -4636.4434306750763
  ],
  "num_iteration": 1000,
  "num_modalities": 4,
  "num_topics": 7,
  "total_liklihood": -33903.315595088083
}
