{
  "modality_liklihoods": [
    -13909.440761075608,
    -13284.484936045652,
    -935.55180395535137,
    -4645.65968559056
  ],
  "num_iteration": 1000,
  "num_modalities": 4,
  "num_topics": 7,
  "total_liklihood": -32775.137186667169
}
