{
  "modality_liklihoods": [
    -13914.326923195296,
    -13277.483271582547,
    -941.93512422709523,
    -4642.3943081815542
  ],
  "num_iteration": 1000,
  "num_modalities": 4,
  "num_topics": 7,
  "total_liklihood": -32776.139627186494
}
