{
  "modality_liklihoods": [
    -13863.739142989009,
    -13289.796055432931,
    -937.78949069648377,
    -4630.3398799824163
  ],
  "num_iteration": 1000,
  "num_modalities": 4,
  "num_topics": 7,
  "total_liklihood": -32721.664569100838
}
