{
  "modality_liklihoods": [
    -13746.092705924515,
    -13300.202749997856,
    -936.49774589128299,
    -4641.961531117453
  ],
  "num_iteration": 1000,
  "num_modalities": 4,
  "num_topics": 7,
  "total_liklihood": -32624.754732931109
}
