{
  "modality_liklihoods": [
    -13808.705656343051,
    -13293.295246996067,
    -944.78973131170358,
    -4707.0594144292882
  ],
  "num_iteration": 1000,
  "num_modalities": 4,
  "num_topics": 7,
  "total_liklihood": -32753.850049080109
}
