{
  "modality_liklihoods": [
    -13496.861694796502,
    -13266.841744059604,
    -938.01047759603807,
    -4609.9261644339213
  ],
  "num_iteration": 1000,
  "num_modalities": 4,
  "num_topics": 7,
  "total_liklihood": -32311.640080886067
}
