{
  "modality_liklihoods": [
    -13493.113871770098,
    -13254.228025128072,
    -941.70421724034031,
    -4639.5035007722436
  ],
  "num_iteration": 1000,
  "num_modalities": 4,
  "num_topics": 7,
  "total_liklihood": -32328.549614910757
}
