{
  "modality_liklihoods": [
    -13850.124753832008,
    -13289.157467852992,
    -936.83083833500939,
    -4652.4650937078177
  ],
  "num_iteration": 1000,
  "num_modalities": 4,
  "num_topics": 7,
  "total_liklihood": -32728.578153727827
}
