{
  "modality_liklihoods": [
    -13632.381074043515,
    -13274.872532398042,
    -942.99855530088428,
    -4699.2631594508894
  ],
  "num_iteration": 1000,
  "num_modalities": 4,
  "num_topics": 7,
  "total_liklihood": -32549.515321193328
}
