{
  "modality_liklihoods": [
    -13927.881212398526,
    -13239.670048815155,
    -941.17137404504501,
    -4647.2740256252155
  ],
  "num_iteration": 1000,
  "num_modalities": 4,
  "num_topics": 7,
  "total_liklihood": -32755.996660883939
}
