{
  "modality_liklihoods": [
    -14023.507572499664,
    -13303.255238843134,
    -935.34596258946715,
    -4596.0012333747409
  ],
  "num_iteration": 1000,
  "num_modalities": 4,
  "num_topics": 7,
  "total_liklihood": -32858.110007307012
}
