{
  "modality_liklihoods": [
    -13455.324822524541,
    -13262.078605973382,
    -940.86408716911183,
    -4648.419773719821
  ],
  "num_iteration": 1000,
  "num_modalities": 4,
  "num_topics": 7,
  "total_liklihood": -32306.687289386857
}
