{
  "modality_liklihoods": [
    -13537.250852149124,
    -13271.594152425187,
    -940.35363894236343,
    -4612.9352840623014
  ],
  "num_iteration": 1000,
  "num_modalities": 4,
  "num_topics": 7,
  "total_liklihood": -32362.133927578972
}
