{
  "modality_liklihoods": [
    -14586.851261514685,
    -13222.217144592516,
    -939.83995253230944,
    -4656.9477460267326
  ],
  "num_iteration": 1000,
  "num_modalities": 4,
  "num_topics": 7,
  "total_liklihood": -33405.856104666243
}
