{
  "modality_liklihoods": [
    -14184.571283718937,
    -13218.41104635088,
    -945.72214843468032,
    -4687.3921073963284
  ],
  "num_iteration": 1000,
  "num_modalities": 4,
  "num_topics": 7,
  "total_liklihood": -33036.096585900828
}
