{
  "modality_liklihoods": [
    -13964.062700896984,
    -13268.371982325174,
    -942.33464533777828,
    -4624.3917853190023
  ],
  "num_iteration": 1000,
  "num_modalities": 4,
  "num_topics": 7,
  "total_liklihood": -32799.161113878938
}
