{
  "modality_liklihoods": [
    -14655.873094295561,
    -13225.894786021738,
    -938.67524310737838,
    -4633.6121478393006
  ],
  "num_iteration": 1000,
  "num_modalities": 4,
  "num_topics": 7,
  "total_liklihood": -33454.055271263976
}
