{
  "modality_liklihoods": [
    -14135.953819759909,
    -13289.266536761324,
    -945.4552558835162,
    -4658.6217405490816
  ],
  "num_iteration": 1000,
  "num_modalities": 4,
  "num_topics": 7,
  "total_liklihood": -33029.297352953829
}
