{
  "modality_liklihoods": [
    -13917.011030396761,
    -13264.969811390813,
    -939.51097043416132,
    -4660.2859828171349
  ],
  "num_iteration": 1000,
  "num_modalities": 4,
  "num_topics": 7,
  "total_liklihood": -32781.77779503887
}
