{
  "modality_liklihoods": [
    -13958.083687702914,
    -13307.201525341026,
    -938.21102583407946,
    -4669.5591009356813
  ],
  "num_iteration": 1000,
  "num_modalities": 4,
  "num_topics": 7,
  "total_liklihood": -32873.055339813705
}
