{
  "modality_liklihoods": [
    -13808.716378753115,
    -13304.041438034821,
    -943.65593143951469,
    -4567.6533827618268
  ],
  "num_iteration": 1000,
  "num_modalities": 4,
  "num_topics": 7,
  "total_liklihood": -32624.067130989279
}
