{
  "modality_liklihoods": [
    -13748.748098989399,
    -13271.888987640192,
    -937.655260013153,
    -4597.938908957708
  ],
  "num_iteration": 1000,
  "num_modalities": 4,
  "num_topics": 7,
  "total_liklihood": -32556.231255600454
}
