{
  "modality_liklihoods": [
    -14340.184755135791,
    -13245.109816344697,
    -937.94737566372407,
    -4670.8916716738922
  ],
  "num_iteration": 1000,
  "num_modalities": 4,
  "num_topics": 7,
  "total_liklihood": -33194.133618818101
}
