{
  "modality_liklihoods": [
    -13995.008983108863,
    -13259.1346070528,
    -944.69537156785464,
    -4591.8617429374335
  ],
  "num_iteration": 1000,
  "num_modalities": 4,
  "num_topics": 7,
  "total_liklihood": -32790.700704666953
}
