{
  "modality_liklihoods": [
    -14239.290918352559,
    -13222.638914611827,
    -932.96803595813253,
    -4623.6565046068636
  ],
  "num_iteration": 1000,
  "num_modalities": 4,
  "num_topics": 7,
  "total_liklihood": -33018.554373529383
}
