{
  "modality_liklihoods": [
    -13707.085358094855,
    -13271.782493758965,
    -945.25987193922481,
    -4618.1193014689643
  ],
  "num_iteration": 1000,
  "num_modalities": 4,
  "num_topics": 7,
  "total_liklihood": -32542.247025262011
}
