{
  "modality_liklihoods": [
    -14313.425139658559,
    -13328.681606843815,
    -940.98170833376298,
    -4659.6093396340566
  ],
  "num_iteration": 1000,
  "num_modalities": 4,
  "num_topics": 7,
  "total_liklihood": -33242.697794470194
}
