{
  "modality_liklihoods": [
    -13778.470393788386,
    -13260.630375125433,
    -943.20251222000786,
    -4654.5633572508523
  ],
  "num_iteration": 1000,
  "num_modalities": 4,
  "num_topics": 7,
  "total_liklihood": -32636.866638384679
}
