{
  "modality_liklihoods": [
    -14303.351184064331,
    -13251.757701846844,
    -936.02292339884968,
    -4646.0950542619448
  ],
  "num_iteration": 1000,
  "num_modalities": 4,
  "num_topics": 7,
  "total_liklihood": -33137.226863571974
}
