{
  "modality_liklihoods": [
    -14475.974499229898,
    -13223.596229314941,
    -943.4324140833038,
    -4610.7310839363527
  ],
  "num_iteration": 1000,
  "num_modalities": 4,
  "num_topics": 7,
  "total_liklihood": -33253.734226564498
}
