{
  "modality_liklihoods": [
    -14073.976984825837,
    -13241.751573865933,
    -943.95935234344643,
    -4672.7740629487316
  ],
  "num_iteration": 1000,
  "num_modalities": 4,
  "num_topics": 7,
  "total_liklihood": -32932.461973983947
}
