{
  "modality_liklihoods": [
    -13538.645948248592,
    -13305.185745105044,
    -942.69830040414979,
    -4639.2565499330485
  ],
  "num_iteration": 1000,
  "num_modalities": 4,
  "num_topics": 7,
  "total_liklihood": -32425.786543690832
}
