{
  "modality_liklihoods": [
    -13964.475483682614,
    -13241.898187598552,
    -946.28453878852247,
    -4707.1467874518084
  ],
  "num_iteration": 1000,
  "num_modalities": 4,
  "num_topics": 7,
  "total_liklihood": -32859.804997521496
}
