{
  "modality_liklihoods": [
    -13917.615722642942,
    -13270.413279073762,
    -935.32172307126564,
    -4616.1007280714048
  ],
  "num_iteration": 1000,
  "num_modalities": 4,
  "num_topics": 7,
  "total_liklihood": -32739.451452859375
}
