{
  "modality_liklihoods": [
    -12888.779066598305,
    -13243.71537582657,
    -937.92718902837657,
    -4634.2815847237271
  ],
  "num_iteration": 1000,
  "num_modalities": 4,
  "num_topics": 7,
  "total_liklihood": -31704.703216176982
}
