{
  "modality_liklihoods": [
    -12405.826507131997,
    -13277.559476706319,
    -938.72790155137943,
    -4676.1686956813483
  ],
  "num_iteration": 1000,
  "num_modalities": 4,
  "num_topics": 7,
  "total_liklihood": -31298.282581071042
}
