{
  "modality_liklihoods": [
    -13433.048464566846,
    -13289.514063415347,
    -935.80767390677079,
    -4689.6940463231958
  ],
  "num_iteration": 1000,
  "num_modalities": 4,
  "num_topics": 7,
  "total_liklihood": -32348.064248212155
}
