{
  "modality_liklihoods": [
    -13886.193109960532,
    -13255.877455709906,
    -949.64061689818448,
    -4671.4775390064924
  ],
  "num_iteration": 1000,
  "num_modalities": 4,
  "num_topics": 7,
  "total_liklihood": -32763.188721575116
}
