{
  "modality_liklihoods": [
    -12614.83264313968,
    -13239.805358829548,
    -937.48708535497087,
    -4646.7084717463013
  ],
  "num_iteration": 1000,
  "num_modalities": 4,
  "num_topics": 7,
  "total_liklihood": -31438.833559070499
}
