{
  "modality_liklihoods": [
    -13840.209412183391,
    -13280.017787563243,
    -936.59869680102429,
    -4624.7131133205976
  ],
  "num_iteration": 1000,
  "num_modalities": 4,
  "num_topics": 7,
  "total_liklihood": -32681.539009868258
}
