{
  "modality_liklihoods": [
    -14083.928447204018,
    -13315.891157244561,
    -938.97563813549777,
    -4648.8642471115081
  ],
  "num_iteration": 1000,
  "num_modalities": 4,
  "num_topics": 7,
  "total_liklihood": -32987.659489695587
}
