{
  "modality_liklihoods": [
    -13212.266624900245,
    -13247.441520947472,
    -942.41417339168868,
    -4605.9044937411018
  ],
  "num_iteration": 1000,
  "num_modalities": 4,
  "num_topics": 7,
  "total_liklihood": -32008.026812980508
}
