{
  "modality_liklihoods": [
    -13433.196305506928,
    -13245.83620240086,
    -945.15645786653306,
    -4661.1939412929214
  ],
  "num_iteration": 1000,
  "num_modalities": 4,
  "num_topics": 7,
  "total_liklihood": -32285.382907067244
}
