{
  "modality_liklihoods": [
    -14500.381233983813,
    -13192.381881157429,
    -941.83175506539067,
    -4719.8631614075694
  ],
  "num_iteration": 1000,
  "num_modalities": 4,
  "num_topics": 7,
  "total_liklihood": -33354.458031614202
}
