{
  "modality_liklihoods": [
    -14072.664018515337,
    -13249.877401224212,
    -942.37885779911164,
    -4658.3608696790243
  ],
  "num_iteration": 1000,
  "num_modalities": 4,
  "num_topics": 7,
  "total_liklihood": -32923.281147217684
}
