{
  "modality_liklihoods": [
    -14852.532555033302,
    -13214.959852415484,
    -938.12758721475154,
    -4671.2015554709078
  ],
  "num_iteration": 1000,
  "num_modalities": 4,
  "num_topics": 7,
  "total_liklihood": -33676.821550134446
}
