{
  "modality_liklihoods": [
    -13925.310555624297,
    -13257.203165971134,
    -939.03327320036931,
    -4655.5066987353121
  ],
  "num_iteration": 1000,
  "num_modalities": 4,
  "num_topics": 7,
  "total_liklihood": -32777.05369353111
}
