{
  "modality_liklihoods": [
    -13870.897588020665,
    -13269.931900481766,
    -942.30224413547694,
    -4629.8643230989337
  ],
  "num_iteration": 1000,
  "num_modalities": 4,
  "num_topics": 7,
  "total_liklihood": -32712.996055736839
}
