{
  "modality_liklihoods": [
    -13989.236290965571,
    -13266.901719677739,
    -939.87012072430593,
    -4669.5580733154702
  ],
  "num_iteration": 1000,
  "num_modalities": 4,
  "num_topics": 7,
  "total_liklihood": -32865.566204683084
}
