{
  "modality_liklihoods": [
    -13120.737364426775,
    -13240.288946481769,
    -939.81331144755097,
    -4634.6831495902952
  ],
  "num_iteration": 1000,
  "num_modalities": 4,
  "num_topics": 7,
  "total_liklihood": -31935.522771946387
}
