{
  "modality_liklihoods": [
    -13928.254556126469,
    -13269.06008612277,
    -940.96302381043802,
    -4646.8775455537616
  ],
  "num_iteration": 1000,
  "num_modalities": 4,
  "num_topics": 7,
  "total_liklihood": -32785.155211613441
}
