{
  "modality_liklihoods": [
    -14124.420570278951,
    -13277.954950918413,
    -937.4772326033094,
    -4664.6804846905316
  ],
  "num_iteration": 1000,
  "num_modalities": 4,
  "num_topics": 7,
  "total_liklihood": -33004.533238491204
}
