{
  "modality_liklihoods": [
    -13386.619449848205,
    -13196.702487551671,
    -941.450438442772,
    -4642.5159366046455
  ],
  "num_iteration": 1000,
  "num_modalities": 4,
  "num_topics": 7,
  "total_liklihood": -32167.288312447294
}
