{
  "modality_liklihoods": [
    -13973.30800081809,
    -13284.838681193854,
    -936.68726347167774,
    -4677.4554936876712
  ],
  "num_iteration": 1000,
  "num_modalities": 4,
  "num_topics": 7,
  "total_liklihood": -32872.289439171298
}
