{
  "modality_liklihoods": [
    -15050.865339847096,
    -13220.698100141079,
    -937.23031053571924,
    -4663.4096089595587
  ],
  "num_iteration": 1000,
  "num_modalities": 4,
  "num_topics": 7,
  "total_liklihood": -33872.20335948345
}
