{
  "modality_liklihoods": [
    -13640.552815803205,
    -13251.532298291151,
    -937.16253088324629,
    -4657.1989841446366
  ],
  "num_iteration": 1000,
  "num_modalities": 4,
  "num_topics": 7,
  "total_liklihood": -32486.446629122238
}
