{
  "modality_liklihoods": [
    -13521.90539573501,
    -13274.540410571133,
    -936.42522351714922,
    -4643.7243428813308
  ],
  "num_iteration": 1000,
  "num_modalities": 4,
  "num_topics": 7,
  "total_liklihood": -32376.595372704622
}
