{
  "modality_liklihoods": [
    -13318.328983523952,
    -13294.233072202833,
    -938.82085713871379,
    -4604.8424246071363
  ],
  "num_iteration": 1000,
  "num_modalities": 4,
  "num_topics": 7,
  "total_liklihood": -32156.225337472635
}
