{
  "modality_liklihoods": [
    -14018.626005461914,
    -13273.761639783608,
    -942.21700635771992,
    -4640.867766753202
  ],
  "num_iteration": 1000,
  "num_modalities": 4,
  "num_topics": 7,
  "total_liklihood": -32875.472418356447
}
