{
  "modality_liklihoods": [
    -13338.158880077573,
    -13260.860812405004,
    -938.87546495008371,
    -4641.1979289803821
  ],
  "num_iteration": 1000,
  "num_modalities": 4,
  "num_topics": 7,
  "total_liklihood": -32179.093086413046
}
