{
  "modality_liklihoods": [
    -12898.467437030868,
    -13247.159250500486,
    -940.18345645858301,
    -4678.0211856085452
  ],
  "num_iteration": 1000,
  "num_modalities": 4,
  "num_topics": 7,
  "total_liklihood": -31763.831329598481
}
