{
  "modality_liklihoods": [
    -13958.99841712936,
    -13279.753003597392,
    -941.92197349330138,
    -4695.8647006684987
  ],
  "num_iteration": 1000,
  "num_modalities": 4,
  "num_topics": 7,
  "total_liklihood": -32876.538094888558
}
