{
  "modality_liklihoods": [
    -14245.573697180738,
    -13270.549165603672,
    -938.60746272160429,
    -4616.8892410159151
  ],
  "num_iteration": 1000,
  "num_modalities": 4,
  "num_topics": 7,
  "total_liklihood": -33071.619566521927
}
