{
  "modality_liklihoods": [
    -13141.436043713844,
    -13212.95490192352,
    -942.26899290028007,
    -4665.3552454813853
  ],
  "num_iteration": 1000,
  "num_modalities": 4,
  "num_topics": 7,
  "total_liklihood": -31962.01518401903
}
