{
  "modality_liklihoods": [
    -13499.138092714464,
    -13257.274194771013,
    -945.1978695951949,
    -4666.8330293500521
  ],
  "num_iteration": 1000,
  "num_modalities": 4,
  "num_topics": 7,
  "total_liklihood": -32368.443186430723
}
