{
  "modality_liklihoods": [
    -14384.206888636674,
    -13269.677273741239,
    -936.65962277614733,
    -4623.627197018981
  ],
  "num_iteration": 1000,
  "num_modalities": 4,
  "num_topics": 7,
  "total_liklihood": -33214.170982173047
}
