{
  "modality_liklihoods": [
    -13786.943984598245,
    -13304.850071774668,
    -945.37227848535576,
    -4662.8919937466571
  ],
  "num_iteration": 1000,
  "num_modalities": 4,
  "num_topics": 7,
  "total_liklihood": -32700.058328604926
}
