{
  "modality_liklihoods": [
    -14061.462866674068,
    -13306.100823050161,
    -936.02882521189053,
    -4599.8603642841645
  ],
  "num_iteration": 1000,
  "num_modalities": 4,
  "num_topics": 7,
  "total_liklihood": -32903.452879220284
}
