{
  "modality_liklihoods": [
    -14087.225703340098,
    -13263.512202808528,
    -932.66316799604374,
    -4619.0985665624821
  ],
  "num_iteration": 1000,
  "num_modalities": 4,
  "num_topics": 7,
  "total_liklihood": -32902.499640707152
}
