{
  "modality_liklihoods": [
    -14445.212740046942,
    -13272.71302134394,
    -943.88851031871513,
    -4704.169381376767
  ],
  "num_iteration": 1000,
  "num_modalities": 4,
  "num_topics": 7,
  "total_liklihood": -33365.983653086369
}
