{
  "modality_liklihoods": [
    -14239.048697353954,
    -13250.444056341554,
    -936.00155525269258,
    -4635.7379262671902
  ],
  "num_iteration": 1000,
  "num_modalities": 4,
  "num_topics": 7,
  "total_liklihood": -33061.232235215393
}
