{
  "modality_liklihoods": [
    -14063.264411323058,
    -13292.070257848709,
    -942.88026640877058,
    -4590.6247959651428
  ],
  "num_iteration": 1000,
  "num_modalities": 4,
  "num_topics": 7,
  "total_liklihood": -32888.839731545682
}
