{
  "modality_liklihoods": [
    -14826.527853359448,
    -13246.181592517423,
    -938.40799376674875,
    -4655.4164110303864
  ],
  "num_iteration": 1000,
  "num_modalities": 4,
  "num_topics": 7,
  "total_liklihood": -33666.533850674008
}
