{
  "modality_liklihoods": [
    -13756.80104359623,
    -13254.54150980847,
    -941.70415111181501,
    -4685.3506494706999
  ],
  "num_iteration": 1000,
  "num_modalities": 4,
  "num_topics": 7,
  "total_liklihood": -32638.397353987213
}
