{
  "modality_liklihoods": [
    -13956.609765984053,
    -13218.009515822021,
    -941.75377372306673,
    -4669.4086763945934
  ],
  "num_iteration": 1000,
  "num_modalities": 4,
  "num_topics": 7,
  "total_liklihood": -32785.781731923737
}
