{
  "modality_liklihoods": [
    -13560.722481552559,
    -13279.724257043294,
    -939.41397563615465,
    -4662.2670546089912
  ],
  "num_iteration": 1000,
  "num_modalities": 4,
  "num_topics": 7,
  "total_liklihood": -32442.127768840997
}
