{
  "modality_liklihoods": [
    -13451.89476845239,
    -13281.553734567038,
    -941.28550204042597,
    -4605.0935123605095
  ],
  "num_iteration": 1000,
  "num_modalities": 4,
  "num_topics": 7,
  "total_liklihood": -32279.827517420363
}
