{
  "modality_liklihoods": [
    -14390.603626079215,
    -13208.6988610521,
    -942.96940048552005,
    -4725.9571711020444
  ],
  "num_iteration": 1000,
  "num_modalities": 4,
  "num_topics": 7,
  "total_liklihood": -33268.229058718884
}
