{
  "modality_liklihoods": [
    -13981.236301566087,
    -13266.4145821703,
    -940.80123065435089,
    -4695.6055418486567
  ],
  "num_iteration": 1000,
  "num_modalities": 4,
  "num_topics": 7,
  "total_liklihood": -32884.057656239391
}
