{
  "modality_liklihoods": [
    -14178.503044774896,
    -13255.051548532907,
    -943.33332407555019,
    -4632.4624197745461
  ],
  "num_iteration": 1000,
  "num_modalities": 4,
  "num_topics": 7,
  "total_liklihood": -33009.350337157899
}
