{
  "modality_liklihoods": [
    -12315.971326165598,
    -13262.476891403803,
    -937.73104061446281,
    -4710.9924568981205
  ],
  "num_iteration": 1000,
  "num_modalities": 4,
  "num_topics": 7,
  "total_liklihood": -31227.171715081982
}
