{
  "modality_liklihoods": [
    -13585.257044376716,
    -13235.645941098743,
    -939.29101390545316,
    -4649.9697746258962
  ],
  "num_iteration": 1000,
  "num_modalities": 4,
  "num_topics": 7,
  "total_liklihood": -32410.163774006811
}
