{
  "modality_liklihoods": [
    -13704.284429884934,
    -13253.961168591759,
    -939.55933141885953,
    -4639.9772749655785
  ],
  "num_iteration": 1000,
  "num_modalities": 4,
  "num_topics": 7,
  "total_liklihood": -32537.782204861131
}
