{
  "modality_liklihoods": [
    -13067.89621283479,
    -13269.17289667711,
    -945.76386521951918,
    -4596.456776944774
  ],
  "num_iteration": 1000,
  "num_modalities": 4,
  "num_topics": 7,
  "total_liklihood": -31879.289751676195
}
