{
  "modality_liklihoods": [
    -13928.522888571895,
    -13268.062366511747,
    -936.01225636709296,
    -4604.863127008527
  ],
  "num_iteration": 1000,
  "num_modalities": 4,
  "num_topics": 7,
  "total_liklihood": -32737.460638459263
}
