{
  "modality_liklihoods": [
    -14331.602620206915,
    -13252.142621334055,
    -943.11669019509475,
    -4724.2903759157653
  ],
  "num_iteration": 1000,
  "num_modalities": 4,
  "num_topics": 7,
  "total_liklihood": -33251.152307651835
}
