{
  "modality_liklihoods": [
    -13464.323485000867,
    -13267.397741551877,
    -946.79899214352065,
    -4658.6608086855558
  ],
  "num_iteration": 1000,
  "num_modalities": 4,
  "num_topics": 7,
  "total_liklihood": -32337.181027381819
}
