{
  "modality_liklihoods": [
    -13772.076068958817,
    -13281.100167917612,
    -940.67361035630256,
    -4675.3160345329907
  ],
  "num_iteration": 1000,
  "num_modalities": 4,
  "num_topics": 7,
  "total_liklihood": -32669.165881765723
}
