{
  "modality_liklihoods": [
    -13623.684155701527,
    -13283.206340663903,
    -938.89373956579345,
    -4617.1084811931387
  ],
  "num_iteration": 1000,
  "num_modalities": 4,
  "num_topics": 7,
  "total_liklihood": -32462.892717124359
}
