{
  "modality_liklihoods": [
    -13965.452110566883,
    -13270.638429017275,
    -938.87297522516906,
    -4665.6985379088437
  ],
  "num_iteration": 1000,
  "num_modalities": 4,
  "num_topics": 7,
  "total_liklihood": -32840.662052718166
}
