{
  "modality_liklihoods": [
    -14127.160496752933,
    -13278.529603723406,
    -935.11205369907452,
    -4659.4524244830554
  ],
  "num_iteration": 1000,
  "num_modalities": 4,
  "num_topics": 7,
  "total_liklihood": -33000.254578658467
}
