{
  "modality_liklihoods": [
    -14375.85269229301,
    -13266.654125332247,
    -939.22862426067559,
    -4662.1331825984716
  ],
  "num_iteration": 1000,
  "num_modalities": 4,
  "num_topics": 7,
  "total_liklihood": -33243.868624484407
}
