{
  "modality_liklihoods": [
    -14252.737083573425,
    -13270.17442442836,
    -939.90411085873382,
    -4649.7651222038503
  ],
  "num_iteration": 1000,
  "num_modalities": 4,
  "num_topics": 7,
  "total_liklihood": -33112.580741064368
}
