{
  "modality_liklihoods": [
    -14661.160797611285,
    -13280.54444700129,
    -941.46376611640596,
    -4666.5657222287282
  ],
  "num_iteration": 1000,
  "num_modalities": 4,
  "num_topics": 7,
  "total_liklihood": -33549.73473295771
}
