{
  "modality_liklihoods": [
    -13455.684803960883,
    -13210.783324185586,
    -940.93876929154828,
    -4691.7922013087609
  ],
  "num_iteration": 1000,
  "num_modalities": 4,
  "num_topics": 7,
  "total_liklihood": -32299.19909874678
}
