{
  "modality_liklihoods": [
    -14075.025875078101,
    -13301.982685302941,
    -945.65905980415664,
    -4612.5088499943113
  ],
  "num_iteration": 1000,
  "num_modalities": 4,
  "num_topics": 7,
  "total_liklihood": -32935.176470179511
}
