{
  "modality_liklihoods": [
    -14023.209422115458,
    -13293.107037870928,
    -936.31861374105608,
    -4659.1145020456779
  ],
  "num_iteration": 1000,
  "num_modalities": 4,
  "num_topics": 7,
  "total_liklihood": -32911.749575773123
}
