{
  "modality_liklihoods": [
    -13565.216393295077,
    -13302.083971380713,
    -939.47857151114738,
    -4622.3318729891316
  ],
  "num_iteration": 1000,
  "num_modalities": 4,
  "num_topics": 7,
  "total_liklihood": -32429.110809176069
}
