{
  "modality_liklihoods": [
    -13164.79967764667,
    -13255.52743986711,
    -942.37386928617968,
    -4685.2448098427349
  ],
  "num_iteration": 1000,
  "num_modalities": 4,
  "num_topics": 7,
  "total_liklihood": -32047.945796642693
}
