{
  "modality_liklihoods": [
    -14397.567240275899,
    -13262.210488572304,
    -939.8680464079082,
    -4634.5967325797692
  ],
  "num_iteration": 1000,
  "num_modalities": 4,
  "num_topics": 7,
  "total_liklihood": -33234.242507835879
}
