{
  "modality_liklihoods": [
    -14359.803050827373,
    -13261.57991157887,
    -941.38789013397229,
    -4663.8898223568767
  ],
  "num_iteration": 1000,
  "num_modalities": 4,
  "num_topics": 7,
  "total_liklihood": -33226.660674897095
}
