{
  "modality_liklihoods": [
    -14260.191946335526,
    -13247.456221554563,
    -933.69564725156499,
    -4654.0814300733336
  ],
  "num_iteration": 1000,
  "num_modalities": 4,
  "num_topics": 7,
  "total_liklihood": -33095.425245214989
}
