{
  "modality_liklihoods": [
    -14255.467374446775,
    -13226.504229508888,
    -945.24437025258624,
    -4688.4620730301185
  ],
  "num_iteration": 1000,
  "num_modalities": 4,
  "num_topics": 7,
  "total_liklihood": -33115.678047238369
}
