{
  "modality_liklihoods": [
    -14612.62967809887,
    -13237.781167722767,
    -932.58240080111159,
    -4701.4432944510409
  ],
  "num_iteration": 1000,
  "num_modalities": 4,
  "num_topics": 7,
  "total_liklihood": -33484.436541073788
}
