{
  "modality_liklihoods": [
    -13536.854482906447,
    -13287.163295746859,
    -936.60896997439283,
    -4606.7150144601201
  ],
  "num_iteration": 1000,
  "num_modalities": 4,
  "num_topics": 7,
  "total_liklihood": -32367.341763087818
}
