{
  "modality_liklihoods": [
    -13825.51746532423,
    -13290.6459367436,
    -942.78060990410279,
    -4579.503327460021
  ],
  "num_iteration": 1000,
  "num_modalities": 4,
  "num_topics": 7,
  "total_liklihood": -32638.447339431958
}
