{
  "modality_liklihoods": [
    -13792.440397152528,
    -13301.272113717241,
    -938.52505675523844,
    -4620.4132624870599
  ],
  "num_iteration": 1000,
  "num_modalities": 4,
  "num_topics": 7,
  "total_liklihood": -32652.65083011207
}
