{
  "modality_liklihoods": [
    -13897.786448260968,
    -13245.903490656816,
    -936.20719764176181,
    -4630.2241439001127
  ],
  "num_iteration": 1000,
  "num_modalities": 4,
  "num_topics": 7,
  "total_liklihood": -32710.121280459658
}
