{
  "modality_liklihoods": [
    -13649.240760911327,
    -13264.788443517824,
    -937.90042474916004,
    -4584.9906546612037
  ],
  "num_iteration": 1000,
  "num_modalities": 4,
  "num_topics": 7,
  "total_liklihood": -32436.920283839514
}
