{
  "modality_liklihoods": [
    -14715.850051388492,
    -13217.943288871587,
    -937.81303826104761,
    -4668.488597621088
  ],
  "num_iteration": 1000,
  "num_modalities": 4,
  "num_topics": 7,
  "total_liklihood": -33540.094976142216
}
