{
  "modality_liklihoods": [
    -13582.991627222442,
    -13233.107165064957,
    -947.76756848939601,
    -4656.2929386501391
  ],
  "num_iteration": 1000,
  "num_modalities": 4,
  "num_topics": 7,
  "total_liklihood": -32420.15929942693
}
