{
  "modality_liklihoods": [
    -13837.905074594782,
    -13290.515542455129,
    -938.13284544861244,
    -4641.2635023504781
  ],
  "num_iteration": 1000,
  "num_modalities": 4,
  "num_topics": 7,
  "total_liklihood": -32707.816964849
}
