{
  "modality_liklihoods": [
    -14031.519309138623,
    -13246.214989796299,
    -935.11905712702173,
    -4655.061844095947
  ],
  "num_iteration": 1000,
  "num_modalities": 4,
  "num_topics": 7,
  "total_liklihood": -32867.915200157884
}
