{
  "modality_liklihoods": [
    -14235.175878723938,
    -13255.556933031567,
    -936.06289699848196,
    -4580.5276020536121
  ],
  "num_iteration": 1000,
  "num_modalities": 4,
  "num_topics": 7,
  "total_liklihood": -33007.323310807602
}
