{
  "modality_liklihoods": [
    -14368.582581729372,
    -13232.728952933003,
    -941.21956512804627,
    -4637.2080728901901
  ],
  "num_iteration": 1000,
  "num_modalities": 4,
  "num_topics": 7,
  "total_liklihood": -33179.739172680609
}
