{
  "modality_liklihoods": [
    -12820.73948197249,
    -13296.974510098244,
    -939.17315246575993,
    -4658.207978919103
  ],
  "num_iteration": 1000,
  "num_modalities": 4,
  "num_topics": 7,
  "total_liklihood": -31715.095123455598
}
