{
  "modality_liklihoods": [
    -13300.680190994364,
    -13279.686091780863,
    -937.74403119302917,
    -4613.1362983543831
  ],
  "num_iteration": 1000,
  "num_modalities": 4,
  "num_topics": 7,
  "total_liklihood": -32131.24661232264
}
