{
  "modality_liklihoods": [
    -14057.432392381294,
    -13278.063472024374,
    -937.24996476895581,
    -4662.3400098202392
  ],
  "num_iteration": 1000,
  "num_modalities": 4,
  "num_topics": 7,
  "total_liklihood": -32935.085838994863
}
