{
  "modality_liklihoods": [
    -14121.57385469988,
    -13235.7862780384,
    -938.98423583884028,
    -4692.9752989789713
  ],
  "num_iteration": 1000,
  "num_modalities": 4,
  "num_topics": 7,
  "total_liklihood": -32989.31966755609
}
