{
  "modality_liklihoods": [
    -13969.748915600492,
    -13196.019381939046,
    -940.20195391133279,
    -4666.3511867141733
  ],
  "num_iteration": 1000,
  "num_modalities": 4,
  "num_topics": 7,
  "total_liklihood": -32772.32143816504
}
