{
  "modality_liklihoods": [
    -13720.336740973917,
    -13200.557831801081,
    -947.66262995596344,
    -4669.5351671252311
  ],
  "num_iteration": 1000,
  "num_modalities": 4,
  "num_topics": 7,
  "total_liklihood": -32538.092369856193
}
