{
  "modality_liklihoods": [
    -14056.901798005447,
    -13221.385718162401,
    -941.14728244126013,
    -4660.4693725709712
  ],
  "num_iteration": 1000,
  "num_modalities": 4,
  "num_topics": 7,
  "total_liklihood": -32879.904171180075
}
