{
  "modality_liklihoods": [
    -13824.781766927112,
    -13284.992940356942,
    -944.78078404513406,
    -4639.6863607505056
  ],
  "num_iteration": 1000,
  "num_modalities": 4,
  "num_topics": 7,
  "total_liklihood": -32694.241852079693
}
