{
  "modality_liklihoods": [
    -12868.09562350472,
    -13273.892122950352,
    -937.69559349250869,
    -4635.962959641759
  ],
  "num_iteration": 1000,
  "num_modalities": 4,
  "num_topics": 7,
  "total_liklihood": -31715.646299589342
}
