{
  "modality_liklihoods": [
    -13162.211964972332,
    -13283.009186396419,
    -942.531674362422,
    -4692.7838853157082
  ],
  "num_iteration": 1000,
  "num_modalities": 4,
  "num_topics": 7,
  "total_liklihood": -32080.53671104688
}
