{
  "modality_liklihoods": [
    -13621.458995389519,
    -13234.289436670391,
    -940.49073777703109,
    -4660.4030632159538
  ],
  "num_iteration": 1000,
  "num_modalities": 4,
  "num_topics": 7,
  "total_liklihood": -32456.642233052895
}
