{
  "modality_liklihoods": [
    -14099.856111294683,
    -13314.34999598867,
    -946.09923800138279,
    -4651.46608243419
  ],
  "num_iteration": 1000,
  "num_modalities": 4,
  "num_topics": 7,
  "total_liklihood": -33011.771427718922
}
