{
  "modality_liklihoods": [
    -14223.625004016336,
    -13242.424048400939,
    -936.77668661065798,
    -4706.9695548673963
  ],
  "num_iteration": 1000,
  "num_modalities": 4,
  "num_topics": 7,
  "total_liklihood": -33109.795293895331
}
