{
  "modality_liklihoods": [
    -14044.373881992778,
    -13273.334874957593,
    -939.99779476892024,
    -4667.2208147403298
  ],
  "num_iteration": 1000,
  "num_modalities": 4,
  "num_topics": 7,
  "total_liklihood": -32924.927366459618
}
