{
  "modality_liklihoods": [
    -13726.094442738415,
    -13271.560420496515,
    -947.26190441309984,
    -4692.7184372486372
  ],
  "num_iteration": 1000,
  "num_modalities": 4,
  "num_topics": 7,
  "total_liklihood": -32637.635204896666
}
