{
  "modality_liklihoods": [
    -13915.271612257626,
    -13268.822283574251,
    -937.2191721063466,
    -4603.1917552395116
  ],
  "num_iteration": 1000,
  "num_modalities": 4,
  "num_topics": 7,
  "total_liklihood": -32724.504823177733
}
