{
  "modality_liklihoods": [
    -13553.923991557256,
    -13300.009076583419,
    -941.51930952555733,
    -4701.5694036201612
  ],
  "num_iteration": 1000,
  "num_modalities": 4,
  "num_topics": 7,
  "total_liklihood": -32497.021781286392
}
