{
  "modality_liklihoods": [
    -14385.230675672363,
    -13243.569122752304,
    -939.68322976660386,
    -4607.3268788523219
  ],
  "num_iteration": 1000,
  "num_modalities": 4,
  "num_topics": 7,
  "total_liklihood": -33175.809907043593
}
