{
  "modality_liklihoods": [
    -14157.872422262901,
    -13243.933209131246,
    -938.62616873564605,
    -4633.6526652112443
  ],
  "num_iteration": 1000,
  "num_modalities": 4,
  "num_topics": 7,
  "total_liklihood": -32974.084465341039
}
