{
  "modality_liklihoods": [
    -14449.183877379064,
    -13227.173795481514,
    -936.95886993017859,
    -4610.7714321597987
  ],
  "num_iteration": 1000,
  "num_modalities": 4,
  "num_topics": 7,
  "total_liklihood": -33224.087974950555
}
