{
  "modality_liklihoods": [
    -14533.407183539815,
    -13275.176762740777,
    -941.82577997825683,
    -4629.4412551297601
  ],
  "num_iteration": 1000,
  "num_modalities": 4,
  "num_topics": 7,
  "total_liklihood": -33379.850981388605
}
