{
  "modality_liklihoods": [
    -14805.953711079344,
    -13231.419434325411,
    -942.66762052005276,
    -4636.8588828296834
  ],
  "num_iteration": 1000,
  "num_modalities": 4,
  "num_topics": 7,
  "total_liklihood": -33616.899648754494
}
