{
  "modality_liklihoods": [
    -14213.145188066341,
    -13274.313796695153,
    -945.21464382481679,
    -4646.1783402139426
  ],
  "num_iteration": 1000,
  "num_modalities": 4,
  "num_topics": 7,
  "total_liklihood": -33078.851968800249
}
