{
  "modality_liklihoods": [
    -14344.584918481311,
    -13232.503059153092,
    -937.92518071986854,
    -4683.2535928226926
  ],
  "num_iteration": 1000,
  "num_modalities": 4,
  "num_topics": 7,
  "total_liklihood": -33198.266751176961
}
