{
  "modality_liklihoods": [
    -13902.164658543817,
    -13284.545780745613,
    -934.20863267773939,
    -4632.0011520245216
  ],
  "num_iteration": 1000,
  "num_modalities": 4,
  "num_topics": 7,
  "total_liklihood": -32752.920223991692
}
