{
  "modality_liklihoods": [
    -14062.336553755935,
    -13254.975808352903,
    -939.35086330572142,
    -4644.3230270568738
  ],
  "num_iteration": 1000,
  "num_modalities": 4,
  "num_topics": 7,
  "total_liklihood": -32900.986252471434
}
