{
  "modality_liklihoods": [
    -13476.150188643243,
    -13219.462132897168,
    -947.6656340788013,
    -4655.3169226949503
  ],
  "num_iteration": 1000,
  "num_modalities": 4,
  "num_topics": 7,
  "total_liklihood": -32298.594878314161
}
