{
  "modality_liklihoods": [
    -14040.860460054764,
    -13306.264910068607,
    -937.51880224345075,
    -4618.557577140401
  ],
  "num_iteration": 1000,
  "num_modalities": 4,
  "num_topics": 7,
  "total_liklihood": -32903.201749507229
}
