{
  "modality_liklihoods": [
    -13968.504277323116,
    -13259.711543779949,
    -942.0389065510841,
    -4665.0668795942211
  ],
  "num_iteration": 1000,
  "num_modalities": 4,
  "num_topics": 7,
  "total_liklihood": -32835.32160724837
}
