{
  "modality_liklihoods": [
    -13943.893551751866,
    -13292.080203868192,
    -935.50682296092191,
    -4662.9342494046996
  ],
  "num_iteration": 1000,
  "num_modalities": 4,
  "num_topics": 7,
  "total_liklihood": -32834.414827985674
}
