{
  "modality_liklihoods": [
    -13719.258625861232,
    -13278.980366481483,
    -933.36547643577364,
    -4624.159953951189
  ],
  "num_iteration": 1000,
  "num_modalities": 4,
  "num_topics": 7,
  "total_liklihood": -32555.764422729677
}
