{
  "modality_liklihoods": [
    -13480.181896239823,
    -13250.372024264918,
    -940.18420985610271,
    -4645.7119672675208
  ],
  "num_iteration": 1000,
  "num_modalities": 4,
  "num_topics": 7,
  "total_liklihood": -32316.450097628363
}
