{
  "modality_liklihoods": [
    -14288.62823107174,
    -13244.552582892908,
    -935.98404519892438,
    -4683.0824842781794
  ],
  "num_iteration": 1000,
  "num_modalities": 4,
  "num_topics": 7,
  "total_liklihood": -33152.247343441748
}
