{
  "modality_liklihoods": [
    -14047.084327225937,
    -13252.375712952979,
    -937.37236748410248,
    -4642.3270943810403
  ],
  "num_iteration": 1000,
  "num_modalities": 4,
  "num_topics": 7,
  "total_liklihood": -32879.159502044058
}
