{
  "modality_liklihoods": [
    -14083.5274954016,
    -13285.250221676559,
    -933.63601409477235,
    -4594.7582093634846
  ],
  "num_iteration": 1000,
  "num_modalities": 4,
  "num_topics": 7,
  "total_liklihood": -32897.171940536413
}
