{
  "modality_liklihoods": [
    -14183.210184188469,
    -13229.451768623763,
    -935.68737985093821,
    -4640.8139487585704
  ],
  "num_iteration": 1000,
  "num_modalities": 4,
  "num_topics": 7,
  "total_liklihood": -32989.163281421737
}
