{
  "modality_liklihoods": [
    -12813.533608914347,
    -13255.327903687514,
    -936.8579813612987,
    -4626.6962133072275
  ],
  "num_iteration": 1000,
  "num_modalities": 4,
  "num_topics": 7,
  "total_liklihood": -31632.415707270389
}
