{
  "modality_liklihoods": [
    -13735.749781468894,
    -13315.666645258409,
    -933.78650841340323,
    -4649.7314983849074
  ],
  "num_iteration": 1000,
  "num_modalities": 4,
  "num_topics": 7,
  "total_liklihood": -32634.93443352561
}
