{
  "modality_liklihoods": [
    -14170.48782085641,
    -13250.856517738674,
    -940.52540125514145,
    -4670.4265515078359
  ],
  "num_iteration": 1000,
  "num_modalities": 4,
  "num_topics": 7,
  "total_liklihood": -33032.296291358056
}
