{
  "modality_liklihoods": [
    -14635.227939006392,
    -13176.872569656631,
    -937.72854827311278,
    -4687.4204235672532
  ],
  "num_iteration": 1000,
  "num_modalities": 4,
  "num_topics": 7,
  "total_liklihood": -33437.249480503393
}
