{
  "modality_liklihoods": [
    -14546.074645416202,
    -13277.81968355366,
    -938.79039190787023,
    -4595.9835140889545
  ],
  "num_iteration": 1000,
  "num_modalities": 4,
  "num_topics": 7,
  "total_liklihood": -33358.668234966688
}
