{
  "modality_liklihoods": [
    -13916.037598839253,
    -13272.102200642003,
    -944.09209034300602,
    -4659.9792793642828
  ],
  "num_iteration": 1000,
  "num_modalities": 4,
  "num_topics": 7,
  "total_liklihood": -32792.211169188544
}
