{
  "modality_liklihoods": [
    -13952.873878499018,
    -13286.366626798737,
    -939.74871492113289,
    -4673.9358582187815
  ],
  "num_iteration": 1000,
  "num_modalities": 4,
  "num_topics": 7,
  "total_liklihood": -32852.925078437671
}
