{
  "modality_liklihoods": [
    -13191.486611310736,
    -13254.304437638786,
    -939.70549594074123,
    -4641.1805668388915
  ],
  "num_iteration": 1000,
  "num_modalities": 4,
  "num_topics": 7,
  "total_liklihood": -32026.677111729154
}
