{
  "modality_liklihoods": [
    -14050.463780657397,
    -13300.779663792031,
    -940.87488860121266,
    -4624.3902116494764
  ],
  "num_iteration": 1000,
  "num_modalities": 4,
  "num_topics": 7,
  "total_liklihood": -32916.508544700118
}
