{
  "modality_liklihoods": [
    -13777.034849120655,
    -13246.555459582138,
    -939.19179385032191,
    -4596.6862552670837
  ],
  "num_iteration": 1000,
  "num_modalities": 4,
  "num_topics": 7,
  "total_liklihood": -32559.468357820195
}
