{
  "modality_liklihoods": [
    -14020.883589646786,
    -13276.686310387035,
    -942.58320288938876,
    -4597.2319936820577
  ],
  "num_iteration": 1000,
  "num_modalities": 4,
  "num_topics": 7,
  "total_liklihood": -32837.385096605271
}
