{
  "modality_liklihoods": [
    -14862.181049372544,
    -13233.885942896752,
    -939.3790456696189,
    -4659.6860247852183
  ],
  "num_iteration": 1000,
  "num_modalities": 4,
  "num_topics": 7,
  "total_liklihood": -33695.132062724137
}
