{
  "modality_liklihoods": [
    -14229.170147221157,
    -13272.068558264897,
    -937.47913455686569,
    -4629.9800156597676
  ],
  "num_iteration": 1000,
  "num_modalities": 4,
  "num_topics": 7,
  "total_liklihood": -33068.697855702689
}
