{
  "modality_liklihoods": [
    -13649.910016823142,
    -13215.277669325184,
    -944.57942045693221,
    -4734.5618561282126
  ],
  "num_iteration": 1000,
  "num_modalities": 4,
  "num_topics": 7,
  "total_liklihood": -32544.328962733471
}
