{
  "modality_liklihoods": [
    -13877.345214650411,
    -13261.44805157691,
    -942.35864619846689,
    -4662.5368925593766
  ],
  "num_iteration": 1000,
  "num_modalities": 4,
  "num_topics": 7,
  "total_liklihood": -32743.688804985166
}
