{
  "modality_liklihoods": [
    -13850.755821818555,
    -13241.791984453466,
    -945.3186789159339,
    -4594.6924566125799
  ],
  "num_iteration": 1000,
  "num_modalities": 4,
  "num_topics": 7,
  "total_liklihood": -32632.558941800533
}
