{
  "modality_liklihoods": [
    -14891.827087976602,
    -13218.278075052323,
    -938.83646747145735,
    -4670.5748369180055
  ],
  "num_iteration": 1000,
  "num_modalities": 4,
  "num_topics": 7,
  "total_liklihood": -33719.516467418391
}
