{
  "modality_liklihoods": [
    -14507.67120420078,
    -13276.571495146116,
    -941.7210967621337,
    -4587.9637604287491
  ],
  "num_iteration": 1000,
  "num_modalities": 4,
  "num_topics": 7,
  "total_liklihood": -33313.927556537776
}
