{
  "modality_liklihoods": [
    -12833.134621322239,
    -13260.237955498949,
    -937.71120844336644,
    -4712.8783552921623
  ],
  "num_iteration": 1000,
  "num_modalities": 4,
  "num_topics": 7,
  "total_liklihood": -31743.962140556716
}
