{
  "modality_liklihoods": [
    -13849.424399342139,
    -13281.700854175444,
    -936.86892563047627,
    -4629.2319790369138
  ],
  "num_iteration": 1000,
  "num_modalities": 4,
  "num_topics": 7,
  "total_liklihood": -32697.226158184971
}
