{
  "modality_liklihoods": [
    -13600.551228325357,
    -13231.289419146229,
    -947.58635453500722,
    -4646.1914065678357
  ],
  "num_iteration": 1000,
  "num_modalities": 4,
  "num_topics": 7,
  "total_liklihood": -32425.618408574432
}
