{
  "modality_liklihoods": [
    -15044.547573052196,
    -13240.503973920377,
    -936.6509492270867,
    -4636.0659697084911
  ],
  "num_iteration": 1000,
  "num_modalities": 4,
  "num_topics": 7,
  "total_liklihood": -33857.76846590815
}
