{
  "modality_liklihoods": [
    -13934.482507349101,
    -13263.648165018851,
    -941.80119926822545,
    -4619.8983713230791
  ],
  "num_iteration": 1000,
  "num_modalities": 4,
  "num_topics": 7,
  "total_liklihood": -32759.830242959259
}
