{
  "modality_liklihoods": [
    -13450.916991285289,
    -13248.863644266514,
    -940.58971092863533,
    -4661.4734681198033
  ],
  "num_iteration": 1000,
  "num_modalities": 4,
  "num_topics": 7,
  "total_liklihood": -32301.843814600241
}
