{
  "modality_liklihoods": [
    -13875.181629320537,
    -13238.376647761525,
    -939.61407405547993,
    -4689.2116747271521
  ],
  "num_iteration": 1000,
  "num_modalities": 4,
  "num_topics": 7,
  "total_liklihood": -32742.384025864696
}
