{
  "modality_liklihoods": [
    -13928.10557576953,
    -13255.414777621352,
    -943.19750826297809,
    -4656.254852722418
  ],
  "num_iteration": 1000,
  "num_modalities": 4,
  "num_topics": 7,
  "total_liklihood": -32782.972714376279
}
