{
  "modality_liklihoods": [
    -13820.586673992679,
    -13282.123926767361,
    -942.60236303737099,
    -4605.5436708816123
  ],
  "num_iteration": 1000,
  "num_modalities": 4,
  "num_topics": 7,
  "total_liklihood": -32650.856634679021
}
