{
  "modality_liklihoods": [
    -13771.931473258079,
    -13280.833150109622,
    -933.07292139566903,
    -4579.976895393439
  ],
  "num_iteration": 1000,
  "num_modalities": 4,
  "num_topics": 7,
  "total_liklihood": -32565.81444015681
}
