{
  "modality_liklihoods": [
    -13700.37467644328,
    -13282.366800495789,
    -939.25722149439412,
    -4630.1030024340635
  ],
  "num_iteration": 1000,
  "num_modalities": 4,
  "num_topics": 7,
  "total_liklihood": -32552.101700867526
}
