{
  "modality_liklihoods": [
    -13892.2432753293,
    -13265.195282636711,
    -945.69648474230735,
    -4641.8455292266372
  ],
  "num_iteration": 1000,
  "num_modalities": 4,
  "num_topics": 7,
  "total_liklihood": -32744.980571934953
}
