{
  "modality_liklihoods": [
    -13379.968436185409,
    -13276.832951043541,
    -938.55041201800373,
    -4671.6270146194684
  ],
  "num_iteration": 1000,
  "num_modalities": 4,
  "num_topics": 7,
  "total_liklihood": -32266.978813866426
}
