{
  "modality_liklihoods": [
    -13304.636767250136,
    -13299.121267886821,
    -943.81934948021797,
    -4690.779032856467
  ],
  "num_iteration": 1000,
  "num_modalities": 4,
  "num_topics": 7,
  "total_liklihood": -32238.356417473642
}
