{
  "modality_liklihoods": [
    -13705.200477734697,
    -13308.186084874476,
    -933.32901291608914,
    -4614.2341861556879
  ],
  "num_iteration": 1000,
  "num_modalities": 4,
  "num_topics": 7,
  "total_liklihood": -32560.949761680949
}
