{
  "modality_liklihoods": [
    -13579.749494067115,
    -13252.212400884018,
    -945.50631800070846,
    -4648.1153651102104
  ],
  "num_iteration": 1000,
  "num_modalities": 4,
  "num_topics": 7,
  "total_liklihood": -32425.583578062055
}
