{
  "modality_liklihoods": [
    -13468.454056332923,
    -13244.670167027029,
    -942.8473994743822,
    -4647.8651729316862
  ],
  "num_iteration": 1000,
  "num_modalities": 4,
  "num_topics": 7,
  "total_liklihood": -32303.836795766023
}
