{
  "modality_liklihoods": [
    -13967.783804985082,
    -13230.127445964337,
    -939.47142234013893,
    -4647.0403739294707
  ],
  "num_iteration": 1000,
  "num_modalities": 4,
  "num_topics": 7,
  "total_liklihood": -32784.423047219025
}
