{
  "modality_liklihoods": [
    -14659.463117488327,
    -13212.293908554808,
    -942.71346949153963,
    -4686.6533342337498
  ],
  "num_iteration": 1000,
  "num_modalities": 4,
  "num_topics": 7,
  "total_liklihood": -33501.123829768425
}
