{
  "modality_liklihoods": [
    -13549.862844909399,
    -13230.034455162813,
    -936.03165251703115,
    -4630.2847623993357
  ],
  "num_iteration": 1000,
  "num_modalities": 4,
  "num_topics": 7,
  "total_liklihood": -32346.213714988578
}
