{
  "modality_liklihoods": [
    -13714.663164056896,
    -13295.589420086028,
    -950.39109488397446,
    -4622.3567089448088
  ],
  "num_iteration": 1000,
  "num_modalities": 4,
  "num_topics": 7,
  "total_liklihood": -32583.000387971704
}
