{
  "modality_liklihoods": [
    -14195.831193640061,
    -13285.928635463983,
    -937.22089772665015,
    -4639.9272378406195
  ],
  "num_iteration": 1000,
  "num_modalities": 4,
  "num_topics": 7,
  "total_liklihood": -33058.907964671307
}
