{
  "modality_liklihoods": [
    -13809.168840689217,
    -13256.57514184335,
    -942.94866965638346,
    -4604.7370030512666
  ],
  "num_iteration": 1000,
  "num_modalities": 4,
  "num_topics": 7,
  "total_liklihood": -32613.429655240216
}
