{
  "modality_liklihoods": [
    -13532.401643558194,
    -13207.859887197763,
    -942.60582210870155,
    -4644.6296787639121
  ],
  "num_iteration": 1000,
  "num_modalities": 4,
  "num_topics": 7,
  "total_liklihood": -32327.497031628569
}
