{
  "modality_liklihoods": [
    -13881.158070075726,
    -13287.098110552492,
    -937.03214213154001,
    -4598.443338246545
  ],
  "num_iteration": 1000,
  "num_modalities": 4,
  "num_topics": 7,
  "total_liklihood": -32703.731661006299
}
