{
  "modality_liklihoods": [
    -13713.031145353876,
    -13210.179483643511,
    -946.65807196561218,
    -4645.5031060970459
  ],
  "num_iteration": 1000,
  "num_modalities": 4,
  "num_topics": 7,
  "total_liklihood": -32515.371807060048
}
