{
  "modality_liklihoods": [
    -13249.901321888105,
    -13233.274262972587,
    -936.78190599113941,
    -4592.7010311820522
  ],
  "num_iteration": 1000,
  "num_modalities": 4,
  "num_topics": 7,
  "total_liklihood": -32012.658522033882
}
