{
  "modality_liklihoods": [
    -13663.370228067288,
    -13246.345064543195,
    -949.31753129397077,
    -4631.9055921711351
  ],
  "num_iteration": 1000,
  "num_modalities": 4,
  "num_topics": 7,
  "total_liklihood": -32490.938416075587
}
