{
  "modality_liklihoods": [
    -14119.491007768942,
    -13264.338555036631,
    -934.66407864629696,
    -4597.2296939581856
  ],
  "num_iteration": 1000,
  "num_modalities": 4,
  "num_topics": 7,
  "total_liklihood": -32915.723335410054
}
