{
  "modality_liklihoods": [
    -13246.064287035973,
    -13280.755773341625,
    -940.75655165081616,
    -4634.2458828828485
  ],
  "num_iteration": 1000,
  "num_modalities": 4,
  "num_topics": 7,
  "total_liklihood": -32101.822494911263
}
