{
  "modality_liklihoods": [
    -13453.773318350568,
    -13226.930285843497,
    -940.77560822622536,
    -4625.2975260241719
  ],
  "num_iteration": 1000,
  "num_modalities": 4,
  "num_topics": 7,
  "total_liklihood": -32246.776738444463
}
