{
  "modality_liklihoods": [
    -13764.437391917854,
    -13243.706232167089,
    -943.19292560822657,
    -4654.7574095307655
  ],
  "num_iteration": 1000,
  "num_modalities": 4,
  "num_topics": 7,
  "total_liklihood": -32606.093959223934
}
