{
  "modality_liklihoods": [
    -14264.055198691703,
    -13205.48990252592,
    -939.94490680238141,
    -4665.7875507965118
  ],
  "num_iteration": 1000,
  "num_modalities": 4,
  "num_topics": 7,
  "total_liklihood": -33075.277558816517
}
