{
  "modality_liklihoods": [
    -12610.565836102638,
    -13302.877052228108,
    -952.06863233450792,
    -4614.6326410598276
  ],
  "num_iteration": 1000,
  "num_modalities": 4,
  "num_topics": 7,
  "total_liklihood": -31480.144161725082
}
