{
  "modality_liklihoods": [
    -13942.602155942739,
    -13259.761512138944,
    -938.74309492035241,
    -4591.3307103890402
  ],
  "num_iteration": 1000,
  "num_modalities": 4,
  "num_topics": 7,
  "total_liklihood": -32732.437473391077
}
