{
  "modality_liklihoods": [
    -13944.576832215707,
    -13258.846361124313,
    -944.14719589922015,
    -4652.8208829349351
  ],
  "num_iteration": 1000,
  "num_modalities": 4,
  "num_topics": 7,
  "total_liklihood": -32800.39127217418
}
