{
  "modality_liklihoods": [
    -13738.811451869,
    -13233.339670846117,
    -944.96584905177917,
    -4656.1334377125859
  ],
  "num_iteration": 1000,
  "num_modalities": 4,
  "num_topics": 7,
  "total_liklihood": -32573.250409479482
}
