{
  "modality_liklihoods": [
    -14289.63571941531,
    -13293.239268020239,
    -937.242934539153,
    -4658.5981170045106
  ],
  "num_iteration": 1000,
  "num_modalities": 4,
  "num_topics": 7,
  "total_liklihood": -33178.716038979212
}
