{
  "modality_liklihoods": [
    -13734.716220370696,
    -13207.407320006876,
    -939.46871250018489,
    -4694.4656677284529
  ],
  "num_iteration": 1000,
  "num_modalities": 4,
  "num_topics": 7,
  "total_liklihood": -32576.05792060621
}
