{
  "modality_liklihoods": [
    -14107.568509607931,
    -13262.703823001311,
    -939.14991154965219,
    -4643.8836666085581
  ],
  "num_iteration": 1000,
  "num_modalities": 4,
  "num_topics": 7,
  "total_liklihood": -32953.305910767449
}
