{
  "modality_liklihoods": [
    -13282.801349408224,
    -13277.812944505442,
    -937.15899401271281,
    -4641.483609451202
  ],
  "num_iteration": 1000,
  "num_modalities": 4,
  "num_topics": 7,
  "total_liklihood": -32139.256897377581
}
