{
  "modality_liklihoods": [
    -15051.449325187667,
    -13203.889220712781,
    -942.46989155805738,
    -4640.9229506081219
  ],
  "num_iteration": 1000,
  "num_modalities": 4,
  "num_topics": 7,
  "total_liklihood": -33838.731388066626
}
