{
  "modality_liklihoods": [
    -13444.025409317082,
    -13275.366620740813,
    -941.91617442803545,
    -4646.2795696720259
  ],
  "num_iteration": 1000,
  "num_modalities": 4,
  "num_topics": 7,
  "total_liklihood": -32307.587774157961
}
