{
  "modality_liklihoods": [
    -13287.639870395087,
    -13226.981049620103,
    -942.85904920648693,
    -4655.7871791096941
  ],
  "num_iteration": 1000,
  "num_modalities": 4,
  "num_topics": 7,
  "total_liklihood": -32113.267148331372
}
