{
  "modality_liklihoods": [
    -14308.460182857611,
    -13215.165200237601,
    -934.99442532278567,
    -4710.3316296151124
  ],
  "num_iteration": 1000,
  "num_modalities": 4,
  "num_topics": 7,
  "total_liklihood": -33168.951438033109
}
