{
  "modality_liklihoods": [
    -14065.179223197945,
    -13250.191584399347,
    -938.45269659812107,
    -4606.8256329716814
  ],
  "num_iteration": 1000,
  "num_modalities": 4,
  "num_topics": 7,
  "total_liklihood": -32860.649137167093
}
