{
  "modality_liklihoods": [
    -13620.559719703415,
    -13269.674551176335,
    -939.80938389163543,
    -4640.0550320668754
  ],
  "num_iteration": 1000,
  "num_modalities": 4,
  "num_topics": 7,
  "total_liklihood": -32470.098686838261
}
