{
  "modality_liklihoods": [
    -14121.877442345916,
    -13273.411217784358,
    -941.16877291496189,
    -4644.8409037207293
  ],
  "num_iteration": 1000,
  "num_modalities": 4,
  "num_topics": 7,
  "total_liklihood": -32981.298336765969
}
