{
  "modality_liklihoods": [
    -12710.852902526316,
    -13257.896525584987,
    -938.05651890598119,
    -4658.306221456156
  ],
  "num_iteration": 1000,
  "num_modalities": 4,
  "num_topics": 7,
  "total_liklihood": -31565.112168473439
}
