{
  "modality_liklihoods": [
    -12199.14776490741,
    -13295.4917344271,
    -941.84771617644674,
    -4649.3480167138478
  ],
  "num_iteration": 1000,
  "num_modalities": 4,
  "num_topics": 7,
  "total_liklihood": -31085.835232224803
}
