{
  "modality_liklihoods": [
    -14534.048174780164,
    -13275.175587741785,
    -944.44349663901539,
    -4668.9594873963206
  ],
  "num_iteration": 1000,
  "num_modalities": 4,
  "num_topics": 7,
  "total_liklihood": -33422.626746557282
}
