{
  "modality_liklihoods": [
    -13902.892464602277,
    -13264.019216379675,
    -940.78158972272024,
    -4612.6937794246523
  ],
  "num_iteration": 1000,
  "num_modalities": 4,
  "num_topics": 7,
  "total_liklihood": -32720.387050129324
}
