{
  "modality_liklihoods": [
    -13973.39529651984,
    -13273.772018024254,
    -943.95796022284321,
    -4633.7595381524161
  ],
  "num_iteration": 1000,
  "num_modalities": 4,
  "num_topics": 7,
  "total_liklihood": -32824.884812919358
}
