{
  "modality_liklihoods": [
    -15069.927124576518,
    -13230.892200227312,
    -944.538959814902,
    -4628.9245203601031
  ],
  "num_iteration": 1000,
  "num_modalities": 4,
  "num_topics": 7,
  "total_liklihood": -33874.282804978837
}
