{
  "modality_liklihoods": [
    -13416.88929305903,
    -13277.101228676831,
    -939.00146863172142,
    -4612.3723002653405
  ],
  "num_iteration": 1000,
  "num_modalities": 4,
  "num_topics": 7,
  "total_liklihood": -32245.364290632926
}
