{
  "modality_liklihoods": [
    -13458.851946877567,
    -13233.703446319001,
    -943.41310467044832,
    -4658.976725050703
  ],
  "num_iteration": 1000,
  "num_modalities": 4,
  "num_topics": 7,
  "total_liklihood": -32294.945222917722
}
