{
  "modality_liklihoods": [
    -14407.472430032161,
    -13242.094928834116,
    -930.35765987586899,
    -4631.4699702567841
  ],
  "num_iteration": 1000,
  "num_modalities": 4,
  "num_topics": 7,
  "total_liklihood": -33211.394988998931
}
