{
  "modality_liklihoods": [
    -13537.593065575637,
    -13216.7856575362,
    -941.91989628418571,
    -4627.4463066847447
  ],
  "num_iteration": 1000,
  "num_modalities": 4,
  "num_topics": 7,
  "total_liklihood": -32323.74492608077
}
