{
  "modality_liklihoods": [
    -14390.16657306784,
    -13229.864778226507,
    -935.32271898609929,
    -4623.3481546408775
  ],
  "num_iteration": 1000,
  "num_modalities": 4,
  "num_topics": 7,
  "total_liklihood": -33178.702224921326
}
