{
  "modality_liklihoods": [
    -13646.268446691298,
    -13252.7462631858,
    -946.79970755377497,
    -4664.8570447406255
  ],
  "num_iteration": 1000,
  "num_modalities": 4,
  "num_topics": 7,
  "total_liklihood": -32510.6714621715
}
