{
  "modality_liklihoods": [
    -14310.17388892513,
    -13255.739577757377,
    -939.65204614505751,
    -4651.7797232458388
  ],
  "num_iteration": 1000,
  "num_modalities": 4,
  "num_topics": 7,
  "total_liklihood": -33157.345236073401
}
