{
  "modality_liklihoods": [
    -13553.200453314728,
    -13262.627013066334,
    -939.84543693960393,
    -4630.2214266078054
  ],
  "num_iteration": 1000,
  "num_modalities": 4,
  "num_topics": 7,
  "total_liklihood": -32385.894329928469
}
