{
  "modality_liklihoods": [
    -14207.444363432149,
    -13283.026989143867,
    -940.52941515365001,
    -4639.6589933802461
  ],
  "num_iteration": 1000,
  "num_modalities": 4,
  "num_topics": 7,
  "total_liklihood": -33070.659761109913
}
