{
  "modality_liklihoods": [
    -13351.144733182515,
    -13298.911027832635,
    -940.43335309332031,
    -4633.1983747704253
  ],
  "num_iteration": 1000,
  "num_modalities": 4,
  "num_topics": 7,
  "total_liklihood": -32223.687488878899
}
