{
  "modality_liklihoods": [
    -13528.252789111202,
    -13251.386648275031,
    -944.96727111674022,
    -4640.8626764622859
  ],
  "num_iteration": 1000,
  "num_modalities": 4,
  "num_topics": 7,
  "total_liklihood": -32365.469384965261
}
