{
  "modality_liklihoods": [
    -13431.918305674815,
    -13243.565382018975,
    -937.39645867950867,
    -4650.6199642614711
  ],
  "num_iteration": 1000,
  "num_modalities": 4,
  "num_topics": 7,
  "total_liklihood": -32263.50011063477
}
