{
  "modality_liklihoods": [
    -13396.584666784263,
    -13271.843905960268,
    -939.73748864185541,
    -4583.0574274568753
  ],
  "num_iteration": 1000,
  "num_modalities": 4,
  "num_topics": 7,
  "total_liklihood": -32191.223488843261
}
