{
  "modality_liklihoods": [
    -14250.407789370203,
    -13244.262476574371,
    -937.50669465412795,
    -4691.2442888391724
  ],
  "num_iteration": 1000,
  "num_modalities": 4,
  "num_topics": 7,
  "total_liklihood": -33123.421249437873
}
