{
  "modality_liklihoods": [
    -13903.963272983185,
    -13286.641580169551,
    -937.45706537359968,
    -4614.4566186171787
  ],
  "num_iteration": 1000,
  "num_modalities": 4,
  "num_topics": 7,
  "total_liklihood": -32742.518537143515
}
