{
  "modality_liklihoods": [
    -14428.51883438613,
    -13257.743660637589,
    -939.89377045402011,
    -4637.4405104628167
  ],
  "num_iteration": 1000,
  "num_modalities": 4,
  "num_topics": 7,
  "total_liklihood": -33263.596775940554
}
