{
  "modality_liklihoods": [
    -13986.624092640788,
    -13297.978244791948,
    -943.94875582368968,
    -4599.298014043743
  ],
  "num_iteration": 1000,
  "num_modalities": 4,
  "num_topics": 7,
  "total_liklihood": -32827.849107300164
}
