{
  "modality_liklihoods": [
    -14272.914391123375,
    -13292.734301622166,
    -937.47523908505661,
    -4657.8639573060591
  ],
  "num_iteration": 1000,
  "num_modalities": 4,
  "num_topics": 7,
  "total_liklihood": -33160.987889136653
}
