{
  "modality_liklihoods": [
    -14184.84023480541,
    -13222.489286508007,
    -936.09160164304126,
    -4677.2555156658618
  ],
  "num_iteration": 1000,
  "num_modalities": 4,
  "num_topics": 7,
  "total_liklihood": -33020.676638622324
}
