{
  "modality_liklihoods": [
    -14386.14919791481,
    -13282.565482211825,
    -941.48884840155381,
    -4600.7366524095696
  ],
  "num_iteration": 1000,
  "num_modalities": 4,
  "num_topics": 7,
  "total_liklihood": -33210.94018093776
}
