{
  "modality_liklihoods": [
    -14149.369188037444,
    -13260.065183387223,
    -935.01238873270927,
    -4678.5354953432152
  ],
  "num_iteration": 1000,
  "num_modalities": 4,
  "num_topics": 7,
  "total_liklihood": -33022.982255500596
}
