{
  "modality_liklihoods": [
    -13500.841361010042,
    -13242.870811400917,
    -945.57470479616074,
    -4609.6648482766795
  ],
  "num_iteration": 1000,
  "num_modalities": 4,
  "num_topics": 7,
  "total_liklihood": -32298.951725483799
}
