{
  "modality_liklihoods": [
    -14359.740247787953,
    -13218.90646875669,
    -939.28894742580712,
    -4663.6732330106488
  ],
  "num_iteration": 1000,
  "num_modalities": 4,
  "num_topics": 7,
  "total_liklihood": -33181.608896981103
}
