{
  "modality_liklihoods": [
    -14154.637290581331,
    -13268.493701746524,
    -939.45161256414303,
    -4600.0918410833638
  ],
  "num_iteration": 1000,
  "num_modalities": 4,
  "num_topics": 7,
  "total_liklihood": -32962.674445975361
}
