{
  "modality_liklihoods": [
    -14175.0075298232,
    -13279.534786052302,
    -937.99055196036045,
    -4617.1630529259328
  ],
  "num_iteration": 1000,
  "num_modalities": 4,
  "num_topics": 7,
  "total_liklihood": -33009.695920761791
}
