{
  "modality_liklihoods": [
    -13592.42581894379,
    -13247.424247653895,
    -939.52907287782045,
    -4626.4948474549374
  ],
  "num_iteration": 1000,
  "num_modalities": 4,
  "num_topics": 7,
  "total_liklihood": -32405.873986930441
}
