{
  "modality_liklihoods": [
    -13456.395095378013,
    -13224.860652265503,
    -942.8121882667067,
    -4680.4220563956233
  ],
  "num_iteration": 1000,
  "num_modalities": 4,
  "num_topics": 7,
  "total_liklihood": -32304.489992305847
}
