{
  "modality_liklihoods": [
    -13961.181541594324,
    -13237.804758241595,
    -947.76227969415311,
    -4627.3085111399605
  ],
  "num_iteration": 1000,
  "num_modalities": 4,
  "num_topics": 7,
  "total_liklihood": -32774.05709067003
}
