{
  "modality_liklihoods": [
    -14217.634861242264,
    -13199.461879153259,
    -935.86788004312723,
    -4651.3755039152738
  ],
  "num_iteration": 1000,
  "num_modalities": 4,
  "num_topics": 7,
  "total_liklihood": -33004.340124353919
}
