{
  "modality_liklihoods": [
    -13802.555726652372,
    -13254.094041343104,
    -940.26159381190973,
    -4621.4648147659209
  ],
  "num_iteration": 1000,
  "num_modalities": 4,
  "num_topics": 7,
  "total_liklihood": -32618.376176573307
}
