{
  "modality_liklihoods": [
    -13587.924736198827,
    -13235.602237143428,
    -941.62293218999389,
    -4629.7311705382199
  ],
  "num_iteration": 1000,
  "num_modalities": 4,
  "num_topics": 7,
  "total_liklihood": -32394.881076070469
}
