{
  "modality_liklihoods": [
    -14310.012661986271,
    -13239.010097072591,
    -940.26692082481145,
    -4587.5410099748506
  ],
  "num_iteration": 1000,
  "num_modalities": 4,
  "num_topics": 7,
  "total_liklihood": -33076.830689858522
}
