{
  "modality_liklihoods": [
    -13775.113959708011,
    -13290.70766879453,
    -947.71946161625669,
    -4626.7437192140496
  ],
  "num_iteration": 1000,
  "num_modalities": 4,
  "num_topics": 7,
  "total_liklihood": -32640.284809332847
}
