{
  "modality_liklihoods": [
    -13954.882838740337,
    -13279.157395884624,
    -938.35771104351761,
    -4667.9250995525426
  ],
  "num_iteration": 1000,
  "num_modalities": 4,
  "num_topics": 7,
  "total_liklihood": -32840.323045221019
}
