{
  "modality_liklihoods": [
    -13927.761428057838,
    -13263.414210870558,
    -931.25994224197461,
    -4662.2766836820274
  ],
  "num_iteration": 1000,
  "num_modalities": 4,
  "num_topics": 7,
  "total_liklihood": -32784.712264852402
}
