{
  "modality_liklihoods": [
    -13740.436533885251,
    -13284.205567261108,
    -934.15968149852131,
    -4637.9375272069919
  ],
  "num_iteration": 1000,
  "num_modalities": 4,
  "num_topics": 7,
  "total_liklihood": -32596.739309851873
}
