{
  "modality_liklihoods": [
    -14001.744452800076,
    -13234.881699527332,
    -938.72155266715492,
    -4637.1373604159953
  ],
  "num_iteration": 1000,
  "num_modalities": 4,
  "num_topics": 7,
  "total_liklihood": -32812.485065410554
}
