{
  "modality_liklihoods": [
    -14494.621163733473,
    -13292.359790183458,
    -939.15623070816923,
    -4638.2948664537062
  ],
  "num_iteration": 1000,
  "num_modalities": 4,
  "num_topics": 7,
  "total_liklihood": -33364.432051078802
}
