{
  "modality_liklihoods": [
    -14272.591670577491,
    -13240.048386972443,
    -947.83036450142231,
    -4686.8541946469795
  ],
  "num_iteration": 1000,
  "num_modalities": 4,
  "num_topics": 7,
  "total_liklihood": -33147.324616698337
}
