{
  "modality_liklihoods": [
    -14153.599922632782,
    -13196.661007795628,
    -942.50222200288385,
    -4704.1552975101304
  ],
  "num_iteration": 1000,
  "num_modalities": 4,
  "num_topics": 7,
  "total_liklihood": -32996.918449941426
}
