{
  "modality_liklihoods": [
    -13449.325582469935,
    -13268.810645201947,
    -937.99961319406293,
    -4640.9766895172061
  ],
  "num_iteration": 1000,
  "num_modalities": 4,
  "num_topics": 7,
  "total_liklihood": -32297.112530383154
}
