{
  "modality_liklihoods": [
    -12369.825529190455,
    -13252.259774719643,
    -936.75547145202427,
    -4575.1369986747231
  ],
  "num_iteration": 1000,
  "num_modalities": 4,
  "num_topics": 7,
  "total_liklihood": -31133.977774036844
}
