{
  "modality_liklihoods": [
    -14762.839986020646,
    -13221.51529846749,
    -936.46331656103962,
    -4689.6943966538556
  ],
  "num_iteration": 1000,
  "num_modalities": 4,
  "num_topics": 7,
  "total_liklihood": -33610.51299770303
}
