{
  "modality_liklihoods": [
    -13540.417475353775,
    -13240.777954186775,
    -943.66619873458785,
    -4654.7351984048864
  ],
  "num_iteration": 1000,
  "num_modalities": 4,
  "num_topics": 7,
  "total_liklihood": -32379.596826680026
}
