{
  "modality_liklihoods": [
    -13733.897646834284,
    -13275.430543464734,
    -940.06747976922145,
    -4595.0267476015224
  ],
  "num_iteration": 1000,
  "num_modalities": 4,
  "num_topics": 7,
  "total_liklihood": -32544.422417669764
}
