{
  "modality_liklihoods": [
    -13563.677123019837,
    -13296.650398019921,
    -934.95429456303214,
    -4580.4720765571992
  ],
  "num_iteration": 1000,
  "num_modalities": 4,
  "num_topics": 7,
  "total_liklihood": -32375.753892159988
}
