{
  "modality_liklihoods": [
    -14157.57964286863,
    -13271.766354090771,
    -941.45390405473836,
    -4628.506406054983
  ],
  "num_iteration": 1000,
  "num_modalities": 4,
  "num_topics": 7,
  "total_liklihood": -32999.306307069121
}
