{
  "modality_liklihoods": [
    -14261.776812655609,
    -13268.438633506337,
    -938.48055491431637,
    -4648.4512350426703
  ],
  "num_iteration": 1000,
  "num_modalities": 4,
  "num_topics": 7,
  "total_liklihood": -33117.147236118937
}
