{
  "modality_liklihoods": [
    -14579.895279529352,
    -13307.828759915277,
    -934.21729074434279,
    -4639.0053349209993
  ],
  "num_iteration": 1000,
  "num_modalities": 4,
  "num_topics": 7,
  "total_liklihood": -33460.946665109965
}
