{
  "modality_liklihoods": [
    -13904.797543765917,
    -13278.809337442857,
    -943.28310763613092,
    -4637.7054833014836
  ],
  "num_iteration": 1000,
  "num_modalities": 4,
  "num_topics": 7,
  "total_liklihood": -32764.595472146393
}
