{
  "modality_liklihoods": [
    -14020.445315521822,
    -13262.103951554318,
    -953.9511024831271,
    -4631.6489954761664
  ],
  "num_iteration": 1000,
  "num_modalities": 4,
  "num_topics": 7,
  "total_liklihood": -32868.149365035431
}
