{
  "modality_liklihoods": [
    -11893.080606799411,
    -13340.057161924926,
    -943.84568268259363,
    -4679.3728823010078
  ],
  "num_iteration": 1000,
  "num_modalities": 4,
  "num_topics": 7,
  "total_liklihood": -30856.356333707939
}
