{
  "modality_liklihoods": [
    -14423.846928796262,
    -13214.147086714398,
    -940.03994652335064,
    -4749.6231001470642
  ],
  "num_iteration": 1000,
  "num_modalities": 4,
  "num_topics": 7,
  "total_liklihood": -33327.657062181075
}
