{
  "modality_liklihoods": [
    -14381.607411094941,
    -13272.251886790213,
    -935.81817679341077,
    -4673.4536474768129
  ],
  "num_iteration": 1000,
  "num_modalities": 4,
  "num_topics": 7,
  "total_liklihood": -33263.131122155377
}
