{
  "modality_liklihoods": [
    -13945.200602411789,
    -13274.575197075881,
    -932.25295212351,
    -4654.7595856454654
  ],
  "num_iteration": 1000,
  "num_modalities": 4,
  "num_topics": 7,
  "total_liklihood": -32806.788337256643
}
