{
  "modality_liklihoods": [
    -15021.666439225122,
    -13235.12463538474,
    -937.72003538944011,
    -4642.3325470800728
  ],
  "num_iteration": 1000,
  "num_modalities": 4,
  "num_topics": 7,
  "total_liklihood": -33836.843657079378
}
