{
  "modality_liklihoods": [
    -14003.948524212226,
    -13281.269413749047,
    -943.28354451265147,
    -4660.4767772819596
  ],
  "num_iteration": 1000,
  "num_modalities": 4,
  "num_topics": 7,
  "total_liklihood": -32888.978259755881
}
