{
  "modality_liklihoods": [
    -12728.37414539093,
    -13238.503268927974,
    -935.21047148406103,
    -4576.5088851521723
  ],
  "num_iteration": 1000,
  "num_modalities": 4,
  "num_topics": 7,
  "total_liklihood": -31478.596770955137
}
