{
  "modality_liklihoods": [
    -14020.400499444995,
    -13315.74082551736,
    -945.66989945325622,
    -4654.470226573575
  ],
  "num_iteration": 1000,
  "num_modalities": 4,
  "num_topics": 7,
  "total_liklihood": -32936.281450989183
}
