{
  "modality_liklihoods": [
    -15062.331482690361,
    -13221.460657678166,
    -936.50446519479965,
    -4596.7847799412266
  ],
  "num_iteration": 1000,
  "num_modalities": 4,
  "num_topics": 7,
  "total_liklihood": -33817.081385504556
}
