{
  "modality_liklihoods": [
    -14181.947568890955,
    -13277.090603573159,
    -940.03349404405867,
    -4618.9977848057915
  ],
  "num_iteration": 1000,
  "num_modalities": 4,
  "num_topics": 7,
  "total_liklihood": -33018.069451313961
}
