{
  "modality_liklihoods": [
    -14273.27548155693,
    -13205.744928466434,
    -937.11576759736715,
    -4648.1420455866546
  ],
  "num_iteration": 1000,
  "num_modalities": 4,
  "num_topics": 7,
  "total_liklihood": -33064.278223207388
}
