{
  "modality_liklihoods": [
    -13521.630882471314,
    -13277.613725301546,
    -939.9719114865386,
    -4668.1371413629004
  ],
  "num_iteration": 1000,
  "num_modalities": 4,
  "num_topics": 7,
  "total_liklihood": -32407.353660622299
}
