{
  "modality_liklihoods": [
    -13779.743555328581,
    -13299.376571106986,
    -934.99443948012072,
    -4645.6763135408755
  ],
  "num_iteration": 1000,
  "num_modalities": 4,
  "num_topics": 7,
  "total_liklihood": -32659.790879456566
}
