{
  "modality_liklihoods": [
    -13963.570801882062,
    -13291.282715260622,
    -944.90525343655668,
    -4628.6017114772376
  ],
  "num_iteration": 1000,
  "num_modalities": 4,
  "num_topics": 7,
  "total_liklihood": -32828.36048205648
}
