{
  "modality_liklihoods": [
    -14247.398669152606,
    -13267.240699247577,
    -944.72385288790156,
    -4641.576649525261
  ],
  "num_iteration": 1000,
  "num_modalities": 4,
  "num_topics": 7,
  "total_liklihood": -33100.939870813345
}
