{
  "modality_liklihoods": [
    -13305.669029230323,
    -13259.217008338474,
    -942.19711877806481,
    -4597.0437475130902
  ],
  "num_iteration": 1000,
  "num_modalities": 4,
  "num_topics": 7,
  "total_liklihood": -32104.126903859949
}
