{
  "modality_liklihoods": [
    -15015.633618413889,
    -13207.259640950437,
    -942.16409199364909,
    -4674.9431850257542
  ],
  "num_iteration": 1000,
  "num_modalities": 4,
  "num_topics": 7,
  "total_liklihood": -33840.000536383734
}
