{
  "modality_liklihoods": [
    -13717.192921648493,
    -13295.02003262136,
    -942.11704184770383,
    -4661.476648757538
  ],
  "num_iteration": 1000,
  "num_modalities": 4,
  "num_topics": 7,
  "total_liklihood": -32615.806644875098
}
