{
  "modality_liklihoods": [
    -15019.955750663446,
    -13229.15304344431,
    -939.602330899104,
    -4668.8096436225214
  ],
  "num_iteration": 1000,
  "num_modalities": 4,
  "num_topics": 7,
  "total_liklihood": -33857.52076862938
}
