{
  "modality_liklihoods": [
    -13651.394578896045,
    -13212.622610334372,
    -936.45438741443411,
    -4691.5774723930735
  ],
  "num_iteration": 1000,
  "num_modalities": 4,
  "num_topics": 7,
  "total_liklihood": -32492.049049037923
}
