{
  "modality_liklihoods": [
    -13674.194559546691,
    -13302.001463370127,
    -936.98922391082215,
    -4646.1354763599766
  ],
  "num_iteration": 1000,
  "num_modalities": 4,
  "num_topics": 7,
  "total_liklihood": -32559.320723187619
}
