{
  "modality_liklihoods": [
    -13911.132574062578,
    -13287.102040948637,
    -942.93954934104363,
    -4646.4738032094201
  ],
  "num_iteration": 1000,
  "num_modalities": 4,
  "num_topics": 7,
  "total_liklihood": -32787.647967561679
}
