{
  "modality_liklihoods": [
    -14402.745862598904,
    -13245.300294753202,
    -940.92242143920839,
    -4617.4989389080065
  ],
  "num_iteration": 1000,
  "num_modalities": 4,
  "num_topics": 7,
  "total_liklihood": -33206.467517699319
}
