{
  "modality_liklihoods": [
    -13823.844759923628,
    -13303.650775728111,
    -940.15642991730226,
    -4613.359522382435
  ],
  "num_iteration": 1000,
  "num_modalities": 4,
  "num_topics": 7,
  "total_liklihood": -32681.011487951473
}
