{
  "modality_liklihoods": [
    -13423.547383841922,
    -13285.289252222308,
    -939.82738182515595,
    -4638.107862552095
  ],
  "num_iteration": 1000,
  "num_modalities": 4,
  "num_topics": 7,
  "total_liklihood": -32286.771880441484
}
