{
  "modality_liklihoods": [
    -14078.435221812793,
    -13294.606214928281,
    -945.14865198931227,
    -4652.5793100984292
  ],
  "num_iteration": 1000,
  "num_modalities": 4,
  "num_topics": 7,
  "total_liklihood": -32970.769398828816
}
