{
  "modality_liklihoods": [
    -14475.284441713453,
    -13277.041601932131,
    -937.98443681862602,
    -4711.2196042633859
  ],
  "num_iteration": 1000,
  "num_modalities": 4,
  "num_topics": 7,
  "total_liklihood": -33401.530084727594
}
