{
  "modality_liklihoods": [
    -13683.821750755335,
    -13300.584662879894,
    -941.70362636662537,
    -4635.0102609851601
  ],
  "num_iteration": 1000,
  "num_modalities": 4,
  "num_topics": 7,
  "total_liklihood": -32561.120300987015
}
