{
  "modality_liklihoods": [
    -14226.718709377334,
    -13277.66155071761,
    -937.06938331547542,
    -4637.7121281978079
  ],
  "num_iteration": 1000,
  "num_modalities": 4,
  "num_topics": 7,
  "total_liklihood": -33079.161771608226
}
