{
  "modality_liklihoods": [
    -14450.962675671195,
    -13283.585122260829,
    -934.66519960543042,
    -4629.8214827930051
  ],
  "num_iteration": 1000,
  "num_modalities": 4,
  "num_topics": 7,
  "total_liklihood": -33299.034480330462
}
