{
  "modality_liklihoods": [
    -13568.865928768568,
    -13256.36966535395,
    -946.60389675472527,
    -4652.8793260432958
  ],
  "num_iteration": 1000,
  "num_modalities": 4,
  "num_topics": 7,
  "total_liklihood": -32424.71881692054
}
