{
  "modality_liklihoods": [
    -14094.608560185128,
    -13241.169116280416,
    -948.05962263151741,
    -4662.691660708073
  ],
  "num_iteration": 1000,
  "num_modalities": 4,
  "num_topics": 7,
  "total_liklihood": -32946.528959805131
}
