{
  "modality_liklihoods": [
    -13811.971280767399,
    -13225.261836682548,
    -932.24281766282877,
    -4628.6743673542869
  ],
  "num_iteration": 1000,
  "num_modalities": 4,
  "num_topics": 7,
  "total_liklihood": -32598.150302467064
}
