{
  "modality_liklihoods": [
    -13514.378695204821,
    -13272.229961924573,
    -940.8791487053013,
    -4623.5341452139228
  ],
  "num_iteration": 1000,
  "num_modalities": 4,
  "num_topics": 7,
  "total_liklihood": -32351.021951048617
}
