{
  "modality_liklihoods": [
    -13353.326094327178,
    -13254.351513023255,
    -946.04417913988175,
    -4632.3561802506238
  ],
  "num_iteration": 1000,
  "num_modalities": 4,
  "num_topics": 7,
  "total_liklihood": -32186.077966740937
}
