{
  "modality_liklihoods": [
    -14636.679593556732,
    -13260.824764131314,
    -950.68693255163657,
    -4629.256109146474
  ],
  "num_iteration": 1000,
  "num_modalities": 4,
  "num_topics": 7,
  "total_liklihood": -33477.447399386161
}
