{
  "modality_liklihoods": [
    -13697.41431132933,
    -13265.716059119304,
    -940.62454333288406,
    -4672.3488006775224
  ],
  "num_iteration": 1000,
  "num_modalities": 4,
  "num_topics": 7,
  "total_liklihood": -32576.103714459041
}
