{
  "modality_liklihoods": [
    -13666.91818418366,
    -13228.017738123081,
    -942.84231988888882,
    -4677.85796318127
  ],
  "num_iteration": 1000,
  "num_modalities": 4,
  "num_topics": 7,
  "total_liklihood": -32515.636205376897
}
