{
  "modality_liklihoods": [
    -13316.597747602056,
    -13300.981526712789,
    -938.09110395134053,
    -4627.5852781127378
  ],
  "num_iteration": 1000,
  "num_modalities": 4,
  "num_topics": 7,
  "total_liklihood": -32183.255656378926
}
