{
  "modality_liklihoods": [
    -13556.029029750467,
    -13218.2786451068,
    -935.57381317149441,
    -4677.3720340236687
  ],
  "num_iteration": 1000,
  "num_modalities": 4,
  "num_topics": 7,
  "total_liklihood": -32387.25352205243
}
