{
  "modality_liklihoods": [
    -14402.730032079538,
    -13250.030739891314,
    -937.7813366247193,
    -4627.9894385133675
  ],
  "num_iteration": 1000,
  "num_modalities": 4,
  "num_topics": 7,
  "total_liklihood": -33218.531547108942
}
