{
  "modality_liklihoods": [
    -14036.961712547503,
    -13267.988094902674,
    -950.55631556861942,
    -4636.0388811063312
  ],
  "num_iteration": 1000,
  "num_modalities": 4,
  "num_topics": 7,
  "total_liklihood": -32891.545004125124
}
