{
  "modality_liklihoods": [
    -14445.685666408543,
    -13247.664362565916,
    -942.49572070939496,
    -4746.9811347420346
  ],
  "num_iteration": 1000,
  "num_modalities": 4,
  "num_topics": 7,
  "total_liklihood": -33382.826884425886
}
