{
  "modality_liklihoods": [
    -13858.144443085719,
    -13266.11047421641,
    -945.93770947776773,
    -4638.6807591231136
  ],
  "num_iteration": 1000,
  "num_modalities": 4,
  "num_topics": 7,
  "total_liklihood": -32708.873385903011
}
