{
  "modality_liklihoods": [
    -14596.127630713781,
    -13289.047671381499,
    -942.92801955880213,
    -4628.5633008541145
  ],
  "num_iteration": 1000,
  "num_modalities": 4,
  "num_topics": 7,
  "total_liklihood": -33456.666622508201
}
