{
  "modality_liklihoods": [
    -14609.286922300726,
    -13278.816813373554,
    -941.934734216376,
    -4667.8207625212217
  ],
  "num_iteration": 1000,
  "num_modalities": 4,
  "num_topics": 7,
  "total_liklihood": -33497.85923241188
}
