{
  "modality_liklihoods": [
    -13385.31765639382,
    -13264.094353857232,
    -938.67285035558496,
    -4620.5183879602382
  ],
  "num_iteration": 1000,
  "num_modalities": 4,
  "num_topics": 7,
  "total_liklihood": -32208.603248566873
}
