{
  "modality_liklihoods": [
    -13862.236020566637,
    -13286.498751971343,
    -936.8133239823095,
    -4608.4286331714575
  ],
  "num_iteration": 1000,
  "num_modalities": 4,
  "num_topics": 7,
  "total_liklihood": -32693.976729691749
}
