{
  "modality_liklihoods": [
    -13842.74919831015,
    -13275.257136961915,
    -936.39397076612931,
    -4637.4687744555531
  ],
  "num_iteration": 1000,
  "num_modalities": 4,
  "num_topics": 7,
  "total_liklihood": -32691.869080493747
}
