{
  "modality_liklihoods": [
    -13371.731395150302,
    -13231.587540326451,
    -940.17634041031386,
    -4648.6102558767698
  ],
  "num_iteration": 1000,
  "num_modalities": 4,
  "num_topics": 7,
  "total_liklihood": -32192.105531763838
}
