{
  "modality_liklihoods": [
    -14233.241810267202,
    -13240.588060569145,
    -946.62340122443027,
    -4659.342434480277
  ],
  "num_iteration": 1000,
  "num_modalities": 4,
  "num_topics": 7,
  "total_liklihood": -33079.795706541059
}
