{
  "modality_liklihoods": [
    -13996.493433093907,
    -13280.2610323851,
    -935.68069665445114,
    -4668.2802235068648
  ],
  "num_iteration": 1000,
  "num_modalities": 4,
  "num_topics": 7,
  "total_liklihood": -32880.715385640324
}
