{
  "modality_liklihoods": [
    -14007.350552777236,
    -13229.798642123531,
    -945.26702218221396,
    -4669.8179512059041
  ],
  "num_iteration": 1000,
  "num_modalities": 4,
  "num_topics": 7,
  "total_liklihood": -32852.234168288887
}
