{
  "modality_liklihoods": [
    -13658.85310079332,
    -13225.071839218239,
    -936.98123053999097,
    -4694.0723237153006
  ],
  "num_iteration": 1000,
  "num_modalities": 4,
  "num_topics": 7,
  "total_liklihood": -32514.978494266848
}
