{
  "modality_liklihoods": [
    -14102.727311795872,
    -13264.24899278647,
    -934.54985744828923,
    -4588.3425094531076
  ],
  "num_iteration": 1000,
  "num_modalities": 4,
  "num_topics": 7,
  "total_liklihood": -32889.868671483739
}
