{
  "modality_liklihoods": [
    -13918.792504911315,
    -13256.94097710582,
    -933.14446832299836,
    -4678.3755271885002
  ],
  "num_iteration": 1000,
  "num_modalities": 4,
  "num_topics": 7,
  "total_liklihood": -32787.253477528633
}
