{
  "modality_liklihoods": [
    -13101.240077961274,
    -13253.491279465472,
    -952.17426607699986,
    -4677.4577454518967
  ],
  "num_iteration": 1000,
  "num_modalities": 4,
  "num_topics": 7,
  "total_liklihood": -31984.363368955645
}
