{
  "modality_liklihoods": [
    -14053.196920059814,
    -13284.185160833058,
    -937.92378922333273,
    -4611.7479457571599
  ],
  "num_iteration": 1000,
  "num_modalities": 4,
  "num_topics": 7,
  "total_liklihood": -32887.053815873362
}
