{
  "modality_liklihoods": [
    -14570.124972160203,
    -13251.639146651976,
    -935.6404263911212,
    -4634.2363015940355
  ],
  "num_iteration": 1000,
  "num_modalities": 4,
  "num_topics": 7,
  "total_liklihood": -33391.640846797338
}
