{
  "modality_liklihoods": [
    -14284.206336334177,
    -13277.728104837519,
    -939.27191436415308,
    -4743.9477175950942
  ],
  "num_iteration": 1000,
  "num_modalities": 4,
  "num_topics": 7,
  "total_liklihood": -33245.154073130943
}
