{
  "modality_liklihoods": [
    -13899.171639413755,
    -13263.160111830821,
    -939.1944544729422,
    -4678.7926365997137
  ],
  "num_iteration": 1000,
  "num_modalities": 4,
  "num_topics": 7,
  "total_liklihood": -32780.318842317232
}
