{
  "modality_liklihoods": [
    -13780.297709882137,
    -13219.709448702986,
    -942.42662917767234,
    -4615.5720320869859
  ],
  "num_iteration": 1000,
  "num_modalities": 4,
  "num_topics": 7,
  "total_liklihood": -32558.005819849786
}
