{
  "modality_liklihoods": [
    -13864.574652152143,
    -13240.623928656054,
    -944.91146954354326,
    -4675.8514868049815
  ],
  "num_iteration": 1000,
  "num_modalities": 4,
  "num_topics": 7,
  "total_liklihood": -32725.96153715672
}
