{
  "modality_liklihoods": [
    -14100.77692100067,
    -13277.358015250735,
    -941.41272291199323,
    -4655.047295207668
  ],
  "num_iteration": 1000,
  "num_modalities": 4,
  "num_topics": 7,
  "total_liklihood": -32974.594954371067
}
