{
  "modality_liklihoods": [
    -13312.218729359838,
    -13219.729567640929,
    -950.70159261744459,
    -4732.5937235914607
  ],
  "num_iteration": 1000,
  "num_modalities": 4,
  "num_topics": 7,
  "total_liklihood": -32215.243613209674
}
