{
  "modality_liklihoods": [
    -14500.075090210124,
    -13288.078149529756,
    -941.59916502228782,
    -4606.3062148642339
  ],
  "num_iteration": 1000,
  "num_modalities": 4,
  "num_topics": 7,
  "total_liklihood": -33336.058619626405
}
