{
  "modality_liklihoods": [
    -14340.498513364233,
    -13271.803192900657,
    -935.94410600917627,
    -4659.727959057398
  ],
  "num_iteration": 1000,
  "num_modalities": 4,
  "num_topics": 7,
  "total_liklihood": -33207.973771331468
}
