{
  "modality_liklihoods": [
    -13983.159603812283,
    -13284.247889244705,
    -940.01657896750817,
    -4658.5425396136852
  ],
  "num_iteration": 1000,
  "num_modalities": 4,
  "num_topics": 7,
  "total_liklihood": -32865.966611638185
}
