{
  "modality_liklihoods": [
    -13741.47076849768,
    -13283.750585521713,
    -943.85774983639476,
    -4645.3076466253933
  ],
  "num_iteration": 1000,
  "num_modalities": 4,
  "num_topics": 7,
  "total_liklihood": -32614.386750481179
}
