{
  "modality_liklihoods": [
    -13616.421622682163,
    -13224.798749317995,
    -946.94586351708358,
    -4629.6724996113016
  ],
  "num_iteration": 1000,
  "num_modalities": 4,
  "num_topics": 7,
  "total_liklihood": -32417.838735128542
}
