{
  "modality_liklihoods": [
    -14462.690006182935,
    -13200.976180897349,
    -941.55319020805348,
    -4747.1535393245158
  ],
  "num_iteration": 1000,
  "num_modalities": 4,
  "num_topics": 7,
  "total_liklihood": -33352.372916612854
}
