{
  "modality_liklihoods": [
    -13801.315552049778,
    -13260.474679690931,
    -937.89567243769818,
    -4736.9775208285455
  ],
  "num_iteration": 1000,
  "num_modalities": 4,
  "num_topics": 7,
  "total_liklihood": -32736.663425006955
}
