{
  "modality_liklihoods": [
    -13766.279418179478,
    -13267.606049912891,
    -937.80643637882758,
    -4693.1787884591022
  ],
  "num_iteration": 1000,
  "num_modalities": 4,
  "num_topics": 7,
  "total_liklihood": -32664.870692930301
}
