{
  "modality_liklihoods": [
    -13920.412900922081,
    -13242.423772869683,
    -941.32985019680962,
    -4658.5638030753626
  ],
  "num_iteration": 1000,
  "num_modalities": 4,
  "num_topics": 7,
  "total_liklihood": -32762.730327063935
}
