{
  "modality_liklihoods": [
    -13981.862974039235,
    -13272.150160611331,
    -943.28482241127813,
    -4652.7570938614999
  ],
  "num_iteration": 1000,
  "num_modalities": 4,
  "num_topics": 7,
  "total_liklihood": -32850.055050923344
}
