{
  "modality_liklihoods": [
    -13682.902896156198,
    -13306.056874803622,
    -936.0718987856925,
    -4619.3188886448688
  ],
  "num_iteration": 1000,
  "num_modalities": 4,
  "num_topics": 7,
  "total_liklihood": -32544.350558390383
}
