{
  "modality_liklihoods": [
    -14017.089408567872,
    -13243.900354090947,
    -942.21850734350539,
    -4682.4918821651581
  ],
  "num_iteration": 1000,
  "num_modalities": 4,
  "num_topics": 7,
  "total_liklihood": -32885.700152167483
}
