{
  "modality_liklihoods": [
    -13463.257703673899,
    -13258.737521285708,
    -944.04114733753124,
    -4692.028331942176
  ],
  "num_iteration": 1000,
  "num_modalities": 4,
  "num_topics": 7,
  "total_liklihood": -32358.064704239314
}
