{
  "modality_liklihoods": [
    -13654.801351266568,
    -13281.28802962583,
    -940.84099933909852,
    -4665.9153065979817
  ],
  "num_iteration": 1000,
  "num_modalities": 4,
  "num_topics": 7,
  "total_liklihood": -32542.845686829478
}
