{
  "modality_liklihoods": [
    -13606.008384479674,
    -13235.119976630534,
    -947.75096855551078,
    -4667.8296737982391
  ],
  "num_iteration": 1000,
  "num_modalities": 4,
  "num_topics": 7,
  "total_liklihood": -32456.709003463959
}
