{
  "modality_liklihoods": [
    -14381.346470786044,
    -13276.665061656306,
    -944.65034663125198,
    -4592.3049440268651
  ],
  "num_iteration": 1000,
  "num_modalities": 4,
  "num_topics": 7,
  "total_liklihood": -33194.966823100469
}
