{
  "modality_liklihoods": [
    -14290.420663231782,
    -13277.793311949879,
    -942.15090037704522,
    -4635.728967687196
  ],
  "num_iteration": 1000,
  "num_modalities": 4,
  "num_topics": 7,
  "total_liklihood": -33146.093843245901
}
