{
  "modality_liklihoods": [
    -13454.753188764409,
    -13273.534546849074,
    -943.6258521376501,
    -4635.4341736518336
  ],
  "num_iteration": 1000,
  "num_modalities": 4,
  "num_topics": 7,
  "total_liklihood": -32307.347761402969
}
