{
  "modality_liklihoods": [
    -13730.7353236818,
    -13284.934685560853,
    -949.34521758138237,
    -4613.990137522097
  ],
  "num_iteration": 1000,
  "num_modalities": 4,
  "num_topics": 7,
  "total_liklihood": -32579.005364346136
}
