{
  "modality_liklihoods": [
    -13805.777534473395,
    -13288.958365607263,
    -933.16248899750701,
    -4637.2142570746746
  ],
  "num_iteration": 1000,
  "num_modalities": 4,
  "num_topics": 7,
  "total_liklihood": -32665.11264615284
}
