{
  "modality_liklihoods": [
    -14091.00670590825,
    -13251.444991724378,
    -939.6271813806834,
    -4605.7868030324398
  ],
  "num_iteration": 1000,
  "num_modalities": 4,
  "num_topics": 7,
  "total_liklihood": -32887.865682045747
}
