{
  "modality_liklihoods": [
    -13897.412620069616,
    -13281.710077127344,
    -936.7554349286462,
    -4650.7370157366367
  ],
  "num_iteration": 1000,
  "num_modalities": 4,
  "num_topics": 7,
  "total_liklihood": -32766.615147862241
}
