{
  "modality_liklihoods": [
    -12801.208215815004,
    -13232.219239388876,
    -944.43658568572414,
    -4642.1298467770521
  ],
  "num_iteration": 1000,
  "num_modalities": 4,
  "num_topics": 7,
  "total_liklihood": -31619.993887666657
}
