{
  "modality_liklihoods": [
    -14189.845031972349,
    -13221.083723170979,
    -944.04433468805109,
    -4731.5584364087044
  ],
  "num_iteration": 1000,
  "num_modalities": 4,
  "num_topics": 7,
  "total_liklihood": -33086.531526240084
}
