{
  "modality_liklihoods": [
    -14003.301887327061,
    -13211.577388781148,
    -947.6715418829607,
    -4640.4966353011969
  ],
  "num_iteration": 1000,
  "num_modalities": 4,
  "num_topics": 7,
  "total_liklihood": -32803.047453292362
}
