{
  "modality_liklihoods": [
    -14565.35347899983,
    -13189.975678718623,
    -939.72043070073482,
    -4673.3340258692651
  ],
  "num_iteration": 1000,
  "num_modalities": 4,
  "num_topics": 7,
  "total_liklihood": -33368.383614288454
}
