{
  "modality_liklihoods": [
    -14640.047219899074,
    -13295.81109344212,
    -946.66744186186554,
    -4654.8448584474945
  ],
  "num_iteration": 1000,
  "num_modalities": 4,
  "num_topics": 7,
  "total_liklihood": -33537.370613650557
}
