{
  "modality_liklihoods": [
    -13925.189914411612,
    -13266.697726053984,
    -942.2244115004994,
    -4667.0358731791457
  ],
  "num_iteration": 1000,
  "num_modalities": 4,
  "num_topics": 7,
  "total_liklihood": -32801.14792514524
}
