{
  "modality_liklihoods": [
    -14124.796064409578,
    -13247.024069227109,
    -938.31658143556467,
    -4697.8405771583502
  ],
  "num_iteration": 1000,
  "num_modalities": 4,
  "num_topics": 7,
  "total_liklihood": -33007.9772922306
}
