{
  "modality_liklihoods": [
    -14067.995809876764,
    -13265.52794353557,
    -939.50889302075041,
    -4664.7327558911811
  ],
  "num_iteration": 1000,
  "num_modalities": 4,
  "num_topics": 7,
  "total_liklihood": -32937.765402324265
}
