{
  "modality_liklihoods": [
    -12552.312819998773,
    -13243.522125337347,
    -940.92213100228525,
    -4706.7996104234435
  ],
  "num_iteration": 1000,
  "num_modalities": 4,
  "num_topics": 7,
  "total_liklihood": -31443.556686761851
}
