{
  "modality_liklihoods": [
    -14473.748164428236,
    -13210.737884176993,
    -942.41564898418335,
    -4757.4502153152271
  ],
  "num_iteration": 1000,
  "num_modalities": 4,
  "num_topics": 7,
  "total_liklihood": -33384.35191290464
}
