{
  "modality_liklihoods": [
    -13996.788319124593,
    -13255.075490625813,
    -934.82151360745695,
    -4648.512222597531
  ],
  "num_iteration": 1000,
  "num_modalities": 4,
  "num_topics": 7,
  "total_liklihood": -32835.197545955394
}
