{
  "modality_liklihoods": [
    -14380.102914282968,
    -13269.066201202926,
    -943.03491921657894,
    -4675.7138276498172
  ],
  "num_iteration": 1000,
  "num_modalities": 4,
  "num_topics": 7,
  "total_liklihood": -33267.917862352289
}
