{
  "modality_liklihoods": [
    -14189.16389421295,
    -13264.285704167058,
    -943.57950613148273,
    -4631.6103116806498
  ],
  "num_iteration": 1000,
  "num_modalities": 4,
  "num_topics": 7,
  "total_liklihood": -33028.639416192142
}
