{
  "modality_liklihoods": [
    -13404.369198794297,
    -13250.458364447129,
    -947.34060668690529,
    -4610.8247270185302
  ],
  "num_iteration": 1000,
  "num_modalities": 4,
  "num_topics": 7,
  "total_liklihood": -32212.992896946864
}
