{
  "modality_liklihoods": [
    -13485.167790329291,
    -13251.867809765195,
    -941.35493311734115,
    -4632.5040048946566
  ],
  "num_iteration": 1000,
  "num_modalities": 4,
  "num_topics": 7,
  "total_liklihood": -32310.894538106488
}
