{
  "modality_liklihoods": [
    -14097.088996469703,
    -13251.103280704625,
    -935.7581367995258,
    -4648.3974263370892
  ],
  "num_iteration": 1000,
  "num_modalities": 4,
  "num_topics": 7,
  "total_liklihood": -32932.34784031094
}
