{
  "modality_liklihoods": [
    -13841.797997819071,
    -13272.238849848023,
    -937.68863907889227,
    -4666.1977859887593
  ],
  "num_iteration": 1000,
  "num_modalities": 4,
  "num_topics": 7,
  "total_liklihood": -32717.923272734744
}
