{
  "modality_liklihoods": [
    -14000.323378967707,
    -13265.126699080845,
    -944.42071888852536,
    -4627.2012264399518
  ],
  "num_iteration": 1000,
  "num_modalities": 4,
  "num_topics": 7,
  "total_liklihood": -32837.072023377033
}
