{
  "modality_liklihoods": [
    -14148.38840918395,
    -13308.501185498237,
    -929.58497966370442,
    -4627.2733651109156
  ],
  "num_iteration": 1000,
  "num_modalities": 4,
  "num_topics": 7,
  "total_liklihood": -33013.747939456807
}
