{
  "modality_liklihoods": [
    -13496.969779349667,
    -13221.34617633481,
    -936.82392442272908,
    -4705.0961774009184
  ],
  "num_iteration": 1000,
  "num_modalities": 4,
  "num_topics": 7,
  "total_liklihood": -32360.236057508126
}
