{
  "modality_liklihoods": [
    -13890.622878002609,
    -13260.245167103461,
    -937.93462222324081,
    -4656.982164676625
  ],
  "num_iteration": 1000,
  "num_modalities": 4,
  "num_topics": 7,
  "total_liklihood": -32745.784832005938
}
