{
  "modality_liklihoods": [
    -14347.867402119788,
    -13263.197452414102,
    -937.99807669742484,
    -4660.9166677876674
  ],
  "num_iteration": 1000,
  "num_modalities": 4,
  "num_topics": 7,
  "total_liklihood": -33209.979599018989
}
