{
  "modality_liklihoods": [
    -12766.44647420131,
    -13253.112802194042,
    -937.01270358714066,
    -4650.2067878980715
  ],
  "num_iteration": 1000,
  "num_modalities": 4,
  "num_topics": 7,
  "total_liklihood": -31606.778767880565
}
