{
  "modality_liklihoods": [
    -13810.470197137895,
    -13269.55604415876,
    -942.86149370124031,
    -4648.684935912429
  ],
  "num_iteration": 1000,
  "num_modalities": 4,
  "num_topics": 7,
  "total_liklihood": -32671.572670910322
}
