{
  "modality_liklihoods": [
    -14096.622459087799,
    -13219.418231241643,
    -937.85753842349379,
    -4702.7758387981185
  ],
  "num_iteration": 1000,
  "num_modalities": 4,
  "num_topics": 7,
  "total_liklihood": -32956.674067551052
}
