{
  "modality_liklihoods": [
    -13639.241578010755,
    -13260.418762784879,
    -939.4904833521075,
    -4618.3024615402946
  ],
  "num_iteration": 1000,
  "num_modalities": 4,
  "num_topics": 7,
  "total_liklihood": -32457.453285688036
}
