{
  "modality_liklihoods": [
    -12902.729616356824,
    -13232.317232288753,
    -939.9910657525711,
    -4623.3907927591663
  ],
  "num_iteration": 1000,
  "num_modalities": 4,
  "num_topics": 7,
  "total_liklihood": -31698.42870715732
}
