{
  "modality_liklihoods": [
    -13360.036135655471,
    -13323.57419425638,
    -939.35450095711633,
    -4634.8355635905082
  ],
  "num_iteration": 1000,
  "num_modalities": 4,
  "num_topics": 7,
  "total_liklihood": -32257.800394459475
}
