{
  "modality_liklihoods": [
    -15037.62520741626,
    -13267.589014939946,
    -942.83200140885367,
    -4624.464875516921
  ],
  "num_iteration": 1000,
  "num_modalities": 4,
  "num_topics": 7,
  "total_liklihood": -33872.511099281975
}
