{
  "modality_liklihoods": [
    -13889.286710705594,
    -13275.58594659709,
    -938.29524942978878,
    -4635.9684218954535
  ],
  "num_iteration": 1000,
  "num_modalities": 4,
  "num_topics": 7,
  "total_liklihood": -32739.136328627927
}
