{
  "modality_liklihoods": [
    -13618.363156746271,
    -13263.447619066763,
    -939.14669524487556,
    -4615.7925913296322
  ],
  "num_iteration": 1000,
  "num_modalities": 4,
  "num_topics": 7,
  "total_liklihood": -32436.750062387542
}
