{
  "modality_liklihoods": [
    -13469.738329076388,
    -13257.123541258599,
    -942.70493897777146,
    -4614.5820229389237
  ],
  "num_iteration": 1000,
  "num_modalities": 4,
  "num_topics": 7,
  "total_liklihood": -32284.148832251682
}
