{
  "modality_liklihoods": [
    -13970.463708926578,
    -13229.653989557688,
    -944.32747547930535,
    -4635.2135485395938
  ],
  "num_iteration": 1000,
  "num_modalities": 4,
  "num_topics": 7,
  "total_liklihood": -32779.658722503169
}
