{
  "modality_liklihoods": [
    -15009.50601771569,
    -13217.454761877258,
    -935.7636898157009,
    -4622.3126400947867
  ],
  "num_iteration": 1000,
  "num_modalities": 4,
  "num_topics": 7,
  "total_liklihood": -33785.037109503435
}
