{
  "modality_liklihoods": [
    -13369.103077938205,
    -13315.931730545284,
    -939.31457708755818,
    -4719.3284148336061
  ],
  "num_iteration": 1000,
  "num_modalities": 4,
  "num_topics": 7,
  "total_liklihood": -32343.677800404657
}
