{
  "modality_liklihoods": [
    -13550.187247993752,
    -13191.700487623775,
    -938.42363123899815,
    -4711.6091638584758
  ],
  "num_iteration": 1000,
  "num_modalities": 4,
  "num_topics": 7,
  "total_liklihood": -32391.920530715004
}
