{
  "modality_liklihoods": [
    -14109.998594117498,
    -13248.534689768456,
    -939.86077855455687,
    -4622.5447816320047
  ],
  "num_iteration": 1000,
  "num_modalities": 4,
  "num_topics": 7,
  "total_liklihood": -32920.938844072516
}
