{
  "modality_liklihoods": [
    -13634.257386803509,
    -13267.227362354381,
    -936.58992382578674,
    -4678.2013574823623
  ],
  "num_iteration": 1000,
  "num_modalities": 4,
  "num_topics": 7,
  "total_liklihood": -32516.276030466041
}
