{
  "modality_liklihoods": [
    -13923.203034180595,
    -13295.122149626035,
    -940.95563992179677,
    -4630.9728284764442
  ],
  "num_iteration": 1000,
  "num_modalities": 4,
  "num_topics": 7,
  "total_liklihood": -32790.253652204869
}
