{
  "modality_liklihoods": [
    -14280.890428743229,
    -13276.893132517882,
    -941.24176878088974,
    -4661.3811742285197
  ],
  "num_iteration": 1000,
  "num_modalities": 4,
  "num_topics": 7,
  "total_liklihood": -33160.406504270519
}
