{
  "modality_liklihoods": [
    -14384.071057476118,
    -13291.252237365683,
    -946.64496280730953,
    -4620.817487096062
  ],
  "num_iteration": 1000,
  "num_modalities": 4,
  "num_topics": 7,
  "total_liklihood": -33242.785744745175
}
