{
  "modality_liklihoods": [
    -14327.482880466467,
    -13245.897411509481,
    -938.45280557812384,
    -4712.3018103065988
  ],
  "num_iteration": 1000,
  "num_modalities": 4,
  "num_topics": 7,
  "total_liklihood": -33224.134907860673
}
