{
  "modality_liklihoods": [
    -14002.833486430842,
    -13279.747311846768,
    -936.3800186225601,
    -4633.3617275103261
  ],
  "num_iteration": 1000,
  "num_modalities": 4,
  "num_topics": 7,
  "total_liklihood": -32852.322544410497
}
