{
  "modality_liklihoods": [
    -14080.625205648003,
    -13259.583378578711,
    -939.50974389314752,
    -4632.3171100940781
  ],
  "num_iteration": 1000,
  "num_modalities": 4,
  "num_topics": 7,
  "total_liklihood": -32912.035438213934
}
