{
  "modality_liklihoods": [
    -13182.513988150933,
    -13299.455760098292,
    -939.74278711156694,
    -4732.3684110780296
  ],
  "num_iteration": 1000,
  "num_modalities": 4,
  "num_topics": 7,
  "total_liklihood": -32154.080946438822
}
