{
  "modality_liklihoods": [
    -13860.142468864835,
    -13254.822633759695,
    -939.15594442243844,
    -4644.0154359407688
  ],
  "num_iteration": 1000,
  "num_modalities": 4,
  "num_topics": 7,
  "total_liklihood": -32698.136482987735
}
