{
  "modality_liklihoods": [
    -13793.397003260687,
    -13257.548966962713,
    -929.5262852634952,
    -4704.2474123746651
  ],
  "num_iteration": 1000,
  "num_modalities": 4,
  "num_topics": 7,
  "total_liklihood": -32684.719667861562
}
