{
  "modality_liklihoods": [
    -13841.517599975872,
    -13293.503952238885,
    -940.92383920062582,
    -4590.9368886824441
  ],
  "num_iteration": 1000,
  "num_modalities": 4,
  "num_topics": 7,
  "total_liklihood": -32666.882280097827
}
