{
  "modality_liklihoods": [
    -13675.895700296347,
    -13253.911379441775,
    -936.84196203145939,
    -4635.3879239783537
  ],
  "num_iteration": 1000,
  "num_modalities": 4,
  "num_topics": 7,
  "total_liklihood": -32502.036965747935
}
