{
  "modality_liklihoods": [
    -13778.876999090086,
    -13245.200672662877,
    -944.97182658738302,
    -4622.2812964213554
  ],
  "num_iteration": 1000,
  "num_modalities": 4,
  "num_topics": 7,
  "total_liklihood": -32591.3307947617
}
