{
  "modality_liklihoods": [
    -13107.524720096368,
    -13264.60475743938,
    -941.65336336965709,
    -4671.1895609204512
  ],
  "num_iteration": 1000,
  "num_modalities": 4,
  "num_topics": 7,
  "total_liklihood": -31984.972401825853
}
