{
  "modality_liklihoods": [
    -13550.027920946173,
    -13241.612545769567,
    -940.92205053012617,
    -4677.5466445956117
  ],
  "num_iteration": 1000,
  "num_modalities": 4,
  "num_topics": 7,
  "total_liklihood": -32410.109161841479
}
