{
  "modality_liklihoods": [
    -13409.488716114856,
    -13207.212369771347,
    -938.27099559972999,
    -4630.0574065610917
  ],
  "num_iteration": 1000,
  "num_modalities": 4,
  "num_topics": 7,
  "total_liklihood": -32185.029488047028
}
