{
  "modality_liklihoods": [
    -14350.404161479919,
    -13307.34714178377,
    -942.9138317051885,
    -4623.907591357648
  ],
  "num_iteration": 1000,
  "num_modalities": 4,
  "num_topics": 7,
  "total_liklihood": -33224.572726326522
}
