{
  "modality_liklihoods": [
    -13932.985600965887,
    -13295.377622602433,
    -939.52469632356554,
    -4695.6074400983343
  ],
  "num_iteration": 1000,
  "num_modalities": 4,
  "num_topics": 7,
  "total_liklihood": -32863.495359990222
}
