{
  "modality_liklihoods": [
    -13620.320730247768,
    -13233.406171627579,
    -940.01381241118804,
    -4662.5987238967473
  ],
  "num_iteration": 1000,
  "num_modalities": 4,
  "num_topics": 7,
  "total_liklihood": -32456.33943818328
}
