{
  "modality_liklihoods": [
    -14649.989972871097,
    -13189.223386839602,
    -936.7076053216183,
    -4673.1994786788382
  ],
  "num_iteration": 1000,
  "num_modalities": 4,
  "num_topics": 7,
  "total_liklihood": -33449.120443711159
}
