{
  "modality_liklihoods": [
    -13630.085139921885,
    -13272.281872904781,
    -939.32394765552226,
    -4671.80754868436
  ],
  "num_iteration": 1000,
  "num_modalities": 4,
  "num_topics": 7,
  "total_liklihood": -32513.498509166548
}
