{
  "modality_liklihoods": [
    -13872.480606734711,
    -13274.297458226674,
    -942.17381725830433,
    -4652.9497007176506
  ],
  "num_iteration": 1000,
  "num_modalities": 4,
  "num_topics": 7,
  "total_liklihood": -32741.901582937338
}
