{
  "modality_liklihoods": [
    -14559.399268927717,
    -13269.308040639135,
    -941.4604833068164,
    -4643.1819783406327
  ],
  "num_iteration": 1000,
  "num_modalities": 4,
  "num_topics": 7,
  "total_liklihood": -33413.3497712143
}
