{
  "modality_liklihoods": [
    -13685.842824654655,
    -13216.676924782103,
    -944.15940048907885,
    -4657.3270706710937
  ],
  "num_iteration": 1000,
  "num_modalities": 4,
  "num_topics": 7,
  "total_liklihood": -32504.006220596933
}
