{
  "modality_liklihoods": [
    -14244.324707882915,
    -13257.265161327556,
    -938.38855446701405,
    -4657.0514525128547
  ],
  "num_iteration": 1000,
  "num_modalities": 4,
  "num_topics": 7,
  "total_liklihood": -33097.02987619034
}
