{
  "modality_liklihoods": [
    -13580.066040547268,
    -13290.555920486582,
    -943.64510173144356,
    -4606.262832130441
  ],
  "num_iteration": 1000,
  "num_modalities": 4,
  "num_topics": 7,
  "total_liklihood": -32420.529894895735
}
