{
  "modality_liklihoods": [
    -13731.964504131709,
    -13317.524200208569,
    -950.5684490567395,
    -4682.232815904099
  ],
  "num_iteration": 1000,
  "num_modalities": 4,
  "num_topics": 7,
  "total_liklihood": -32682.289969301117
}
