{
  "modality_liklihoods": [
    -14498.13391410943,
    -13222.582793505329,
    -938.87832849438644,
    -4721.0173996633075
  ],
  "num_iteration": 1000,
  "num_modalities": 4,
  "num_topics": 7,
  "total_liklihood": -33380.612435772455
}
