{
  "modality_liklihoods": [
    -14021.118986937239,
    -13257.738412850722,
    -940.97594511540547,
    -4633.8847529202494
  ],
  "num_iteration": 1000,
  "num_modalities": 4,
  "num_topics": 7,
  "total_liklihood": -32853.718097823614
}
