{
  "modality_liklihoods": [
    -14249.951736381274,
    -13208.673148627668,
    -937.83987420561414,
    -4676.0421393055221
  ],
  "num_iteration": 1000,
  "num_modalities": 4,
  "num_topics": 7,
  "total_liklihood": -33072.506898520078
}
