{
  "modality_liklihoods": [
    -14911.084515357119,
    -13243.189067274849,
    -943.36229831759226,
    -4631.7992412509566
  ],
  "num_iteration": 1000,
  "num_modalities": 4,
  "num_topics": 7,
  "total_liklihood": -33729.435122200521
}
