{
  "modality_liklihoods": [
    -14005.052056192009,
    -13292.674307739966,
    -938.67789455758123,
    -4636.4191112319941
  ],
  "num_iteration": 1000,
  "num_modalities": 4,
  "num_topics": 7,
  "total_liklihood": -32872.823369721555
}
