{
  "modality_liklihoods": [
    -14406.559334783566,
    -13236.085152116359,
    -943.44995089938948,
    -4668.149561871287
  ],
  "num_iteration": 1000,
  "num_modalities": 4,
  "num_topics": 7,
  "total_liklihood": -33254.243999670602
}
