{
  "modality_liklihoods": [
    -13755.071170815214,
    -13278.180777644773,
    -944.49912898249931,
    -4623.6451722718521
  ],
  "num_iteration": 1000,
  "num_modalities": 4,
  "num_topics": 7,
  "total_liklihood": -32601.39624971434
}
