{
  "modality_liklihoods": [
    -12765.971401309034,
    -13269.346364461737,
    -940.90119286891911,
    -4640.6572552191719
  ],
  "num_iteration": 1000,
  "num_modalities": 4,
  "num_topics": 7,
  "total_liklihood": -31616.876213858861
}
