{
  "modality_liklihoods": [
    -14266.832041282531,
    -13281.720894293874,
    -934.14411581073102,
    -4628.2247235190434
  ],
  "num_iteration": 1000,
  "num_modalities": 4,
  "num_topics": 7,
  "total_liklihood": -33110.921774906179
}
