{
  "modality_liklihoods": [
    -14572.097022831253,
    -13288.869003886788,
    -936.77251024658256,
    -4561.2387576897499
  ],
  "num_iteration": 1000,
  "num_modalities": 4,
  "num_topics": 7,
  "total_liklihood": -33358.977294654374
}
