{
  "modality_liklihoods": [
    -14052.679382511389,
    -13253.216769894849,
    -934.13437553475626,
    -4648.934020113551
  ],
  "num_iteration": 1000,
  "num_modalities": 4,
  "num_topics": 7,
  "total_liklihood": -32888.964548054544
}
