{
  "modality_liklihoods": [
    -13921.944467935984,
    -13223.537865838818,
    -938.75393228292853,
    -4697.7060065289315
  ],
  "num_iteration": 1000,
  "num_modalities": 4,
  "num_topics": 7,
  "total_liklihood": -32781.942272586661
}
