{
  "modality_liklihoods": [
    -14022.832039543429,
    -13261.518470319661,
    -937.11473596958433,
    -4623.4336809653241
  ],
  "num_iteration": 1000,
  "num_modalities": 4,
  "num_topics": 7,
  "total_liklihood": -32844.898926798
}
