{
  "modality_liklihoods": [
    -14061.3298551558,
    -13259.503322884106,
    -941.66773461845821,
    -4640.3073704007456
  ],
  "num_iteration": 1000,
  "num_modalities": 4,
  "num_topics": 7,
  "total_liklihood": -32902.808283059108
}
