{
  "modality_liklihoods": [
    -14613.29142187286,
    -13285.663623775597,
    -938.35340829771292,
    -4613.5850259551098
  ],
  "num_iteration": 1000,
  "num_modalities": 4,
  "num_topics": 7,
  "total_liklihood": -33450.893479901279
}
