{
  "modality_liklihoods": [
    -14486.324393273295,
    -13232.493567677624,
    -941.97269787146922,
    -4709.703829707255
  ],
  "num_iteration": 1000,
  "num_modalities": 4,
  "num_topics": 7,
  "total_liklihood": -33370.494488529643
}
