{
  "modality_liklihoods": [
    -14425.234266120935,
    -13264.357950339881,
    -941.38512703505785,
    -4679.662727267385
  ],
  "num_iteration": 1000,
  "num_modalities": 4,
  "num_topics": 7,
  "total_liklihood": -33310.640070763257
}
