{
  "modality_liklihoods": [
    -13400.250327845242,
    -13236.52581330143,
    -949.39396843965426,
    -4651.1615166595302
  ],
  "num_iteration": 1000,
  "num_modalities": 4,
  "num_topics": 7,
  "total_liklihood": -32237.331626245854
}
