{
  "modality_liklihoods": [
    -14279.95632984704,
    -13243.282855748494,
    -934.74703425569226,
    -4632.5160956584523
  ],
  "num_iteration": 1000,
  "num_modalities": 4,
  "num_topics": 7,
  "total_liklihood": -33090.502315509679
}
