{
  "modality_liklihoods": [
    -14134.076378365598,
    -13304.787689619563,
    -937.10025151166258,
    -4600.4348633760937
  ],
  "num_iteration": 1000,
  "num_modalities": 4,
  "num_topics": 7,
  "total_liklihood": -32976.399182872919
}
