{
  "modality_liklihoods": [
    -12613.36579708373,
    -13285.417456630979,
    -944.2253224627691,
    -4608.1663639942844
  ],
  "num_iteration": 1000,
  "num_modalities": 4,
  "num_topics": 7,
  "total_liklihood": -31451.174940171764
}
