{
  "modality_liklihoods": [
    -14980.520805523667,
    -13230.914695386544,
    -942.82410388897949,
    -4651.6995099592586
  ],
  "num_iteration": 1000,
  "num_modalities": 4,
  "num_topics": 7,
  "total_liklihood": -33805.959114758451
}
