{
  "modality_liklihoods": [
    -14527.967444546581,
    -13276.115773401514,
    -940.80917594088373,
    -4650.046197394433
  ],
  "num_iteration": 1000,
  "num_modalities": 4,
  "num_topics": 7,
  "total_liklihood": -33394.938591283411
}
