{
  "modality_liklihoods": [
    -13522.308465238535,
    -13259.850737114459,
    -944.5810576479106,
    -4683.1080924856797
  ],
  "num_iteration": 1000,
  "num_modalities": 4,
  "num_topics": 7,
  "total_liklihood": -32409.848352486584
}
