{
  "modality_liklihoods": [
    -14118.209295334535,
    -13274.382983913611,
    -930.75333700185934,
    -4646.6307052395414
  ],
  "num_iteration": 1000,
  "num_modalities": 4,
  "num_topics": 7,
  "total_liklihood": -32969.976321489543
}
