{
  "modality_liklihoods": [
    -13634.814426130593,
    -13255.036037029773,
    -940.11629892700978,
    -4642.1905946469142
  ],
  "num_iteration": 1000,
  "num_modalities": 4,
  "num_topics": 7,
  "total_liklihood": -32472.157356734286
}
