{
  "modality_liklihoods": [
    -13943.796559075585,
    -13236.883214885822,
    -951.10508583127398,
    -4635.9116958529603
  ],
  "num_iteration": 1000,
  "num_modalities": 4,
  "num_topics": 7,
  "total_liklihood": -32767.696555645638
}
