{
  "modality_liklihoods": [
    -14447.98723818936,
    -13283.273318563655,
    -932.86566692124381,
    -4585.2196382839738
  ],
  "num_iteration": 1000,
  "num_modalities": 4,
  "num_topics": 7,
  "total_liklihood": -33249.345861958231
}
