{
  "modality_liklihoods": [
    -14554.283844119807,
    -13275.727484590883,
    -931.47267251493861,
    -4661.8122527712776
  ],
  "num_iteration": 1000,
  "num_modalities": 4,
  "num_topics": 7,
  "total_liklihood": -33423.296253996908
}
