{
  "modality_liklihoods": [
    -13988.433353492666,
    -13295.191427135316,
    -940.87549559874094,
    -4643.8365819885103
  ],
  "num_iteration": 1000,
  "num_modalities": 4,
  "num_topics": 7,
  "total_liklihood": -32868.336858215232
}
