{
  "modality_liklihoods": [
    -12753.917487888104,
    -13301.992159277539,
    -950.64354238134922,
    -4607.3602217197777
  ],
  "num_iteration": 1000,
  "num_modalities": 4,
  "num_topics": 7,
  "total_liklihood": -31613.913411266771
}
