{
  "modality_liklihoods": [
    -13925.853599207918,
    -13282.233139858497,
    -941.51926130968013,
    -4647.2041622189472
  ],
  "num_iteration": 1000,
  "num_modalities": 4,
  "num_topics": 7,
  "total_liklihood": -32796.810162595044
}
