{
  "modality_liklihoods": [
    -13501.457737755411,
    -13244.559698743078,
    -944.07971902397469,
    -4629.8172021497176
  ],
  "num_iteration": 1000,
  "num_modalities": 4,
  "num_topics": 7,
  "total_liklihood": -32319.914357672184
}
