{
  "modality_liklihoods": [
    -14266.960539725773,
    -13265.493952067633,
    -941.5767039284226,
    -4625.5716041290289
  ],
  "num_iteration": 1000,
  "num_modalities": 4,
  "num_topics": 7,
  "total_liklihood": -33099.602799850851
}
