{
  "modality_liklihoods": [
    -13546.481509255742,
    -13230.61925596841,
    -954.79134030469652,
    -4626.8739078452681
  ],
  "num_iteration": 1000,
  "num_modalities": 4,
  "num_topics": 7,
  "total_liklihood": -32358.766013374116
}
