{
  "modality_liklihoods": [
    -14127.278714432061,
    -13275.900378707869,
    -937.84252324208069,
    -4648.7798598528325
  ],
  "num_iteration": 1000,
  "num_modalities": 4,
  "num_topics": 7,
  "total_liklihood": -32989.801476234847
}
