{
  "modality_liklihoods": [
    -14090.448149370233,
    -13266.9313824452,
    -946.67511360052163,
    -4744.5084813749991
  ],
  "num_iteration": 1000,
  "num_modalities": 4,
  "num_topics": 7,
  "total_liklihood": -33048.563126790956
}
