{
  "modality_liklihoods": [
    -13727.603689148162,
    -13212.367068820409,
    -942.92758657462241,
    -4656.381255820962
  ],
  "num_iteration": 1000,
  "num_modalities": 4,
  "num_topics": 7,
  "total_liklihood": -32539.279600364156
}
