{
  "modality_liklihoods": [
    -13993.949377320254,
    -13277.239030025392,
    -936.23186633303021,
    -4646.9977528304807
  ],
  "num_iteration": 1000,
  "num_modalities": 4,
  "num_topics": 7,
  "total_liklihood": -32854.418026509156
}
