{
  "modality_liklihoods": [
    -13884.501599716074,
    -13278.958395826583,
    -942.30164214338049,
    -4653.1701355754885
  ],
  "num_iteration": 1000,
  "num_modalities": 4,
  "num_topics": 7,
  "total_liklihood": -32758.931773261527
}
