{
  "modality_liklihoods": [
    -13538.903865837328,
    -13250.138001455587,
    -944.57107867193849,
    -4653.5521946123108
  ],
  "num_iteration": 1000,
  "num_modalities": 4,
  "num_topics": 7,
  "total_liklihood": -32387.165140577166
}
