{
  "modality_liklihoods": [
    -14466.837332487354,
    -13260.874056980567,
    -934.65120215219451,
    -4658.0047035572024
  ],
  "num_iteration": 1000,
  "num_modalities": 4,
  "num_topics": 7,
  "total_liklihood": -33320.367295177319
}
