{
  "modality_liklihoods": [
    -13948.18915490614,
    -13257.682608175352,
    -943.9005578850381,
    -4624.0656319467771
  ],
  "num_iteration": 1000,
  "num_modalities": 4,
  "num_topics": 7,
  "total_liklihood": -32773.837952913309
}
