{
  "modality_liklihoods": [
    -14161.160882824815,
    -13267.517680984411,
    -939.10607182390117,
    -4619.6469470235888
  ],
  "num_iteration": 1000,
  "num_modalities": 4,
  "num_topics": 7,
  "total_liklihood": -32987.431582656718
}
