{
  "modality_liklihoods": [
    -14398.936959599976,
    -13269.873115302749,
    -935.28360587984787,
    -4639.2907250882563
  ],
  "num_iteration": 1000,
  "num_modalities": 4,
  "num_topics": 7,
  "total_liklihood": -33243.384405870835
}
