{
  "modality_liklihoods": [
    -13741.239595780626,
    -13235.502850233819,
    -943.59862083111409,
    -4652.6502165910861
  ],
  "num_iteration": 1000,
  "num_modalities": 4,
  "num_topics": 7,
  "total_liklihood": -32572.991283436648
}
