{
  "modality_liklihoods": [
    -13522.265888082909,
    -13258.977734042131,
    -938.41550154399204,
    -4591.4990313550743
  ],
  "num_iteration": 1000,
  "num_modalities": 4,
  "num_topics": 7,
  "total_liklihood": -32311.158155024106
}
