{
  "modality_liklihoods": [
    -14378.365075920878,
    -13245.704550334345,
    -942.86603490801019,
    -4691.2511161526427
  ],
  "num_iteration": 1000,
  "num_modalities": 4,
  "num_topics": 7,
  "total_liklihood": -33258.186777315874
}
