{
  "modality_liklihoods": [
    -13969.784922260395,
    -13240.493728661113,
    -934.40243505254432,
    -4637.4330046092919
  ],
  "num_iteration": 1000,
  "num_modalities": 4,
  "num_topics": 7,
  "total_liklihood": -32782.114090583345
}
