{
  "modality_liklihoods": [
    -13724.596300173902,
    -13283.355620836124,
    -935.19285804500839,
    -4623.0241752140728
  ],
  "num_iteration": 1000,
  "num_modalities": 4,
  "num_topics": 7,
  "total_liklihood": -32566.168954269106
}
