{
  "modality_liklihoods": [
    -13909.718486479664,
    -13309.472631495646,
    -939.29891115814212,
    -4571.0316092460716
  ],
  "num_iteration": 1000,
  "num_modalities": 4,
  "num_topics": 7,
  "total_liklihood": -32729.52163837952
}
