{
  "modality_liklihoods": [
    -14109.796634175878,
    -13259.159758930398,
    -936.26194442886083,
    -4627.7602846085874
  ],
  "num_iteration": 1000,
  "num_modalities": 4,
  "num_topics": 7,
  "total_liklihood": -32932.978622143724
}
