{
  "modality_liklihoods": [
    -13697.795712290745,
    -13258.838118699799,
    -936.95619488575596,
    -4651.9830247126229
  ],
  "num_iteration": 1000,
  "num_modalities": 4,
  "num_topics": 7,
  "total_liklihood": -32545.573050588922
}
