{
  "modality_liklihoods": [
    -13809.33958069843,
    -13238.332726964121,
    -939.87150006115439,
    -4671.8634788181689
  ],
  "num_iteration": 1000,
  "num_modalities": 4,
  "num_topics": 7,
  "total_liklihood": -32659.407286541875
}
