{
  "modality_liklihoods": [
    -14435.031194107616,
    -13290.834085985502,
    -939.44691623492656,
    -4647.1701501791113
  ],
  "num_iteration": 1000,
  "num_modalities": 4,
  "num_topics": 7,
  "total_liklihood": -33312.482346507153
}
