{
  "modality_liklihoods": [
    -13297.480550784674,
    -13294.860849156443,
    -935.20649250847225,
    -4617.9701065026829
  ],
  "num_iteration": 1000,
  "num_modalities": 4,
  "num_topics": 7,
  "total_liklihood": -32145.517998952269
}
