{
  "modality_liklihoods": [
    -12752.999929368825,
    -13272.421611062335,
    -938.14519746646397,
    -4671.3403825776795
  ],
  "num_iteration": 1000,
  "num_modalities": 4,
  "num_topics": 7,
  "total_liklihood": -31634.907120475305
}
