{
  "modality_liklihoods": [
    -14048.721844304238,
    -13278.192080107337,
    -942.55223521919788,
    -4644.3015960234425
  ],
  "num_iteration": 1000,
  "num_modalities": 4,
  "num_topics": 7,
  "total_liklihood": -32913.767755654218
}
