{
  "modality_liklihoods": [
    -13746.840407026068,
    -13321.365047687445,
    -935.2376484513195,
    -4635.5818783490013
  ],
  "num_iteration": 1000,
  "num_modalities": 4,
  "num_topics": 7,
  "total_liklihood": -32639.02498151383
}
