{
  "modality_liklihoods": [
    -14260.82993551682,
    -13280.11044231469,
    -930.21350070946494,
    -4636.5480861132564
  ],
  "num_iteration": 1000,
  "num_modalities": 4,
  "num_topics": 7,
  "total_liklihood": -33107.701964654232
}
