{
  "modality_liklihoods": [
    -13106.662447450764,
    -13249.012620833979,
    -941.60121852042937,
    -4672.559754528691
  ],
  "num_iteration": 1000,
  "num_modalities": 4,
  "num_topics": 7,
  "total_liklihood": -31969.836041333863
}
