{
  "modality_liklihoods": [
    -14326.555081407341,
    -13286.923530775843,
    -942.59634842497462,
    -4669.9454405196093
  ],
  "num_iteration": 1000,
  "num_modalities": 4,
  "num_topics": 7,
  "total_liklihood": -33226.020401127767
}
