{
  "modality_liklihoods": [
    -13689.536139303635,
    -13272.954798116752,
    -940.90207362309081,
    -4743.7714014333051
  ],
  "num_iteration": 1000,
  "num_modalities": 4,
  "num_topics": 7,
  "total_liklihood": -32647.164412476784
}
