{
  "modality_liklihoods": [
    -14195.883662972943,
    -13224.469397364937,
    -943.45778840782236,
    -4606.4000977444057
  ],
  "num_iteration": 1000,
  "num_modalities": 4,
  "num_topics": 7,
  "total_liklihood": -32970.210946490108
}
