{
  "modality_liklihoods": [
    -13975.528492157864,
    -13245.376858200467,
    -942.23774578039013,
    -4633.42693697907
  ],
  "num_iteration": 1000,
  "num_modalities": 4,
  "num_topics": 7,
  "total_liklihood": -32796.570033117787
}
