{
  "modality_liklihoods": [
    -13934.360447184548,
    -13283.406997740462,
    -944.65625869608505,
    -4620.7651651978149
  ],
  "num_iteration": 1000,
  "num_modalities": 4,
  "num_topics": 7,
  "total_liklihood": -32783.188868818914
}
