{
  "modality_liklihoods": [
    -14205.587589550731,
    -13255.649727549056,
    -938.5336006777186,
    -4644.6772848149603
  ],
  "num_iteration": 1000,
  "num_modalities": 4,
  "num_topics": 7,
  "total_liklihood": -33044.448202592466
}
