{
  "modality_liklihoods": [
    -14729.326423946268,
    -13196.806220796718,
    -947.73003713074661,
    -4650.8779501907047
  ],
  "num_iteration": 1000,
  "num_modalities": 4,
  "num_topics": 7,
  "total_liklihood": -33524.740632064437
}
