{
  "modality_liklihoods": [
    -14001.992842592503,
    -13282.335567761902,
    -940.98410886815907,
    -4612.8217239920023
  ],
  "num_iteration": 1000,
  "num_modalities": 4,
  "num_topics": 7,
  "total_liklihood": -32838.134243214568
}
