{
  "modality_liklihoods": [
    -14668.082216593768,
    -13260.945438273084,
    -939.76605034193187,
    -4618.4549703692037
  ],
  "num_iteration": 1000,
  "num_modalities": 4,
  "num_topics": 7,
  "total_liklihood": -33487.24867557799
}
