{
  "modality_liklihoods": [
    -13947.691800930024,
    -13271.558570671064,
    -938.31030448572017,
    -4668.7301137123422
  ],
  "num_iteration": 1000,
  "num_modalities": 4,
  "num_topics": 7,
  "total_liklihood": -32826.290789799154
}
