{
  "modality_liklihoods": [
    -13284.989434523464,
    -13245.622504997507,
    -939.15455618769681,
    -4621.859091145634
  ],
  "num_iteration": 1000,
  "num_modalities": 4,
  "num_topics": 7,
  "total_liklihood": -32091.625586854301
}
