{
  "modality_liklihoods": [
    -13824.589094776833,
    -13276.216565891891,
    -939.82129583274093,
    -4587.4480710282323
  ],
  "num_iteration": 1000,
  "num_modalities": 4,
  "num_topics": 7,
  "total_liklihood": -32628.0750275297
}
