{
  "modality_liklihoods": [
    -13792.192691197166,
    -13234.991610597453,
    -946.2941576861532,
    -4623.9481306387897
  ],
  "num_iteration": 1000,
  "num_modalities": 4,
  "num_topics": 7,
  "total_liklihood": -32597.426590119561
}
