{
  "modality_liklihoods": [
    -14073.068962171363,
    -13301.192797320657,
    -939.74582283679217,
    -4639.0607358614425
  ],
  "num_iteration": 1000,
  "num_modalities": 4,
  "num_topics": 7,
  "total_liklihood": -32953.06831819025
}
