{
  "modality_liklihoods": [
    -13960.860860536202,
    -13290.442410039574,
    -942.93829146378312,
    -4582.0962312866259
  ],
  "num_iteration": 1000,
  "num_modalities": 4,
  "num_topics": 7,
  "total_liklihood": -32776.337793326187
}
