{
  "modality_liklihoods": [
    -14186.794506055938,
    -13288.444342864294,
    -934.49820657189855,
    -4619.2680096112372
  ],
  "num_iteration": 1000,
  "num_modalities": 4,
  "num_topics": 7,
  "total_liklihood": -33029.005065103367
}
