{
  "modality_liklihoods": [
    -13633.585447474696,
    -13313.06226323223,
    -935.13598160268657,
    -4650.8072097416971
  ],
  "num_iteration": 1000,
  "num_modalities": 4,
  "num_topics": 7,
  "total_liklihood": -32532.590902051306
}
