{
  "modality_liklihoods": [
    -13759.753849949693,
    -13294.19453790324,
    -936.35802761658078,
    -4641.3012078282864
  ],
  "num_iteration": 1000,
  "num_modalities": 4,
  "num_topics": 7,
  "total_liklihood": -32631.607623297801
}
