{
  "modality_liklihoods": [
    -14348.67857502108,
    -13241.019449155601,
    -941.92764433973593,
    -4643.4433832679424
  ],
  "num_iteration": 1000,
  "num_modalities": 4,
  "num_topics": 7,
  "total_liklihood": -33175.069051784361
}
