{
  "modality_liklihoods": [
    -13902.823547734433,
    -13271.644386177806,
    -945.65120973927753,
    -4599.5198952413948
  ],
  "num_iteration": 1000,
  "num_modalities": 4,
  "num_topics": 7,
  "total_liklihood": -32719.63903889291
}
