{
  "modality_liklihoods": [
    -13189.866410307461,
    -13261.003016218694,
    -949.35353235330297,
    -4689.0541299104425
  ],
  "num_iteration": 1000,
  "num_modalities": 4,
  "num_topics": 7,
  "total_liklihood": -32089.277088789902
}
