{
  "modality_liklihoods": [
    -13843.438438773823,
    -13248.988052317669,
    -934.63832745923287,
    -4622.0547393529378
  ],
  "num_iteration": 1000,
  "num_modalities": 4,
  "num_topics": 7,
  "total_liklihood": -32649.119557903665
}
