{
  "modality_liklihoods": [
    -14274.713361139986,
    -13280.837537504161,
    -939.97039260169606,
    -4620.3880574928198
  ],
  "num_iteration": 1000,
  "num_modalities": 4,
  "num_topics": 7,
  "total_liklihood": -33115.909348738664
}
