{
  "modality_liklihoods": [
    -13403.399354331808,
    -13225.623741757225,
    -936.86269779557256,
    -4622.8299719859133
  ],
  "num_iteration": 1000,
  "num_modalities": 4,
  "num_topics": 7,
  "total_liklihood": -32188.715765870518
}
