{
  "modality_liklihoods": [
    -14083.655470309206,
    -13301.39492400927,
    -940.09352939221651,
    -4635.2812650730584
  ],
  "num_iteration": 1000,
  "num_modalities": 4,
  "num_topics": 7,
  "total_liklihood": -32960.425188783745
}
