{
  "modality_liklihoods": [
    -14139.179826439671,
    -13286.292417972296,
    -935.80329810552587,
    -4628.3318688336112
  ],
  "num_iteration": 1000,
  "num_modalities": 4,
  "num_topics": 7,
  "total_liklihood": -32989.607411351106
}
