{
  "modality_liklihoods": [
    -14746.105582702898,
    -13249.789424452754,
    -941.78759947841786,
    -4629.5851095812013
  ],
  "num_iteration": 1000,
  "num_modalities": 4,
  "num_topics": 7,
  "total_liklihood": -33567.267716215276
}
