{
  "modality_liklihoods": [
    -14188.814212002306,
    -13233.877165995365,
    -936.31052435843924,
    -4629.9094764628262
  ],
  "num_iteration": 1000,
  "num_modalities": 4,
  "num_topics": 7,
  "total_liklihood": -32988.911378818935
}
