{
  "modality_liklihoods": [
    -13920.475238695763,
    -13285.578024287923,
    -938.92120580103665,
    -4620.7178132433919
  ],
  "num_iteration": 1000,
  "num_modalities": 4,
  "num_topics": 7,
  "total_liklihood": -32765.692282028114
}
