{
  "modality_liklihoods": [
    -14009.308941836665,
    -13220.357958365801,
    -941.80606420079573,
    -4647.5798004310045
  ],
  "num_iteration": 1000,
  "num_modalities": 4,
  "num_topics": 7,
  "total_liklihood": -32819.052764834261
}
