{
  "modality_liklihoods": [
    -13844.62061626039,
    -13256.037177111981,
    -943.05938285596221,
    -4676.1545924809498
  ],
  "num_iteration": 1000,
  "num_modalities": 4,
  "num_topics": 7,
  "total_liklihood": -32719.871768709283
}
