{
  "modality_liklihoods": [
    -13765.921631618752,
    -13250.776129922822,
    -935.18478848085238,
    -4647.7896494667839
  ],
  "num_iteration": 1000,
  "num_modalities": 4,
  "num_topics": 7,
  "total_liklihood": -32599.67219948921
}
