{
  "modality_liklihoods": [
    -14211.02481304922,
    -13312.968943557416,
    -940.60256942226022,
    -4641.6493017958792
  ],
  "num_iteration": 1000,
  "num_modalities": 4,
  "num_topics": 7,
  "total_liklihood": -33106.245627824777
}
