{
  "modality_liklihoods": [
    -13846.557330976739,
    -13247.940107824785,
    -932.61125503274593,
    -4723.5343102688294
  ],
  "num_iteration": 1000,
  "num_modalities": 4,
  "num_topics": 7,
  "total_liklihood": -32750.643004103098
}
