{
  "modality_liklihoods": [
    -13877.295143056681,
    -13297.91252516343,
    -942.76955007005301,
    -4640.4996445618117
  ],
  "num_iteration": 1000,
  "num_modalities": 4,
  "num_topics": 7,
  "total_liklihood": -32758.476862851978
}
