{
  "modality_liklihoods": [
    -13771.463124853459,
    -13273.402409529572,
    -947.32951496456451,
    -4654.1708808150606
  ],
  "num_iteration": 1000,
  "num_modalities": 4,
  "num_topics": 7,
  "total_liklihood": -32646.365930162658
}
