{
  "modality_liklihoods": [
    -14133.070330535871,
    -13289.124661277254,
    -939.22969846146384,
    -4660.3807993490182
  ],
  "num_iteration": 1000,
  "num_modalities": 4,
  "num_topics": 7,
  "total_liklihood": -33021.805489623606
}
