{
  "modality_liklihoods": [
    -14498.604074989369,
    -13261.040907752456,
    -940.14654160243515,
    -4665.0983449219284
  ],
  "num_iteration": 1000,
  "num_modalities": 4,
  "num_topics": 7,
  "total_liklihood": -33364.88986926619
}
