{
  "modality_liklihoods": [
    -13981.221956438118,
    -13247.717893804054,
    -946.7769106424131,
    -4627.7616045517307
  ],
  "num_iteration": 1000,
  "num_modalities": 4,
  "num_topics": 7,
  "total_liklihood": -32803.478365436313
}
