{
  "modality_liklihoods": [
    -13845.388830102444,
    -13272.410284167076,
    -938.32067929523873,
    -4648.7412602233735
  ],
  "num_iteration": 1000,
  "num_modalities": 4,
  "num_topics": 7,
  "total_liklihood": -32704.861053788132
}
