{
  "modality_liklihoods": [
    -13734.090426308576,
    -13283.040625343383,
    -932.86342693168103,
    -4636.1864228374943
  ],
  "num_iteration": 1000,
  "num_modalities": 4,
  "num_topics": 7,
  "total_liklihood": -32586.180901421136
}
