{
  "modality_liklihoods": [
    -13976.466964987811,
    -13300.339371958335,
    -945.59348060956563,
    -4608.6777740969674
  ],
  "num_iteration": 1000,
  "num_modalities": 4,
  "num_topics": 7,
  "total_liklihood": -32831.077591652676
}
