{
  "modality_liklihoods": [
    -14446.354705359687,
    -13228.163920545472,
    -941.87998138879846,
    -4728.4586263520841
  ],
  "num_iteration": 1000,
  "num_modalities": 4,
  "num_topics": 7,
  "total_liklihood": -33344.857233646042
}
