{
  "modality_liklihoods": [
    -13928.439707585143,
    -13287.471549362512,
    -937.18992875059564,
    -4670.4921047310709
  ],
  "num_iteration": 1000,
  "num_modalities": 4,
  "num_topics": 7,
  "total_liklihood": -32823.593290429322
}
