{
  "modality_liklihoods": [
    -13875.492562919708,
    -13248.263761900334,
    -937.39913791488345,
    -4627.214879441256
  ],
  "num_iteration": 1000,
  "num_modalities": 4,
  "num_topics": 7,
  "total_liklihood": -32688.370342176182
}
