{
  "modality_liklihoods": [
    -14458.477499136523,
    -13237.909146514385,
    -937.39514536224738,
    -4612.7555642321668
  ],
  "num_iteration": 1000,
  "num_modalities": 4,
  "num_topics": 7,
  "total_liklihood": -33246.537355245317
}
