{
  "modality_liklihoods": [
    -13778.014667174173,
    -13216.298500558727,
    -941.30623873822753,
    -4705.2476372474148
  ],
  "num_iteration": 1000,
  "num_modalities": 4,
  "num_topics": 7,
  "total_liklihood": -32640.867043718543
}
