{
  "modality_liklihoods": [
    -14070.915384043932,
    -13324.416769478334,
    -940.66501221926001,
    -4659.1737902038058
  ],
  "num_iteration": 1000,
  "num_modalities": 4,
  "num_topics": 7,
  "total_liklihood": -32995.17095594533
}
