{
  "modality_liklihoods": [
    -13539.553303553685,
    -13247.257160375328,
    -945.57396937646195,
    -4607.9270329558294
  ],
  "num_iteration": 1000,
  "num_modalities": 4,
  "num_topics": 7,
  "total_liklihood": -32340.311466261301
}
