{
  "modality_liklihoods": [
    -13594.213707464429,
    -13230.4920015262,
    -944.73168987194481,
    -4643.7299920984733
  ],
  "num_iteration": 1000,
  "num_modalities": 4,
  "num_topics": 7,
  "total_liklihood": -32413.167390961047
}
