{
  "modality_liklihoods": [
    -14522.636184808347,
    -13174.776741889114,
    -942.01884242557333,
    -4737.0630690953913
  ],
  "num_iteration": 1000,
  "num_modalities": 4,
  "num_topics": 7,
  "total_liklihood": -33376.494838218423
}
