{
  "modality_liklihoods": [
    -13991.159098544722,
    -13286.88853230036,
    -938.5407687138669,
    -4647.572309628662
  ],
  "num_iteration": 1000,
  "num_modalities": 4,
  "num_topics": 7,
  "total_liklihood": -32864.160709187614
}
