{
  "modality_liklihoods": [
    -14062.201628240024,
    -13239.473497707771,
    -939.96398672482337,
    -4648.6937593177308
  ],
  "num_iteration": 1000,
  "num_modalities": 4,
  "num_topics": 7,
  "total_liklihood": -32890.332871990351
}
