{
  "modality_liklihoods": [
    -13996.87392399272,
    -13267.507985442226,
    -937.6392147158665,
    -4692.6075120549376
  ],
  "num_iteration": 1000,
  "num_modalities": 4,
  "num_topics": 7,
  "total_liklihood": -32894.628636205751
}
