{
  "modality_liklihoods": [
    -13803.239754482622,
    -13292.398432504757,
    -943.36401879503308,
    -4639.5473173437795
  ],
  "num_iteration": 1000,
  "num_modalities": 4,
  "num_topics": 7,
  "total_liklihood": -32678.549523126192
}
