{
  "modality_liklihoods": [
    -14965.756624419406,
    -13222.301076939782,
    -935.7880639097009,
    -4679.8334759586432
  ],
  "num_iteration": 1000,
  "num_modalities": 4,
  "num_topics": 7,
  "total_liklihood": -33803.679241227539
}
