{
  "modality_liklihoods": [
    -13617.08282503679,
    -13248.219348842491,
    -948.52147725109694,
    -4649.7274472864565
  ],
  "num_iteration": 1000,
  "num_modalities": 4,
  "num_topics": 7,
  "total_liklihood": -32463.551098416832
}
