{
  "modality_liklihoods": [
    -13226.655523668389,
    -13241.176512940134,
    -939.27067462163745,
    -4611.4502380015256
  ],
  "num_iteration": 1000,
  "num_modalities": 4,
  "num_topics": 7,
  "total_liklihood": -32018.552949231689
}
