{
  "modality_liklihoods": [
    -14690.339652607965,
    -13213.496821532566,
    -936.23431703138124,
    -4688.6740076167762
  ],
  "num_iteration": 1000,
  "num_modalities": 4,
  "num_topics": 7,
  "total_liklihood": -33528.744798788684
}
