{
  "modality_liklihoods": [
    -14160.30290404983,
    -13233.807018508371,
    -935.03920931450671,
    -4620.1106997892048
  ],
  "num_iteration": 1000,
  "num_modalities": 4,
  "num_topics": 7,
  "total_liklihood": -32949.259831661911
}
