{
  "modality_liklihoods": [
    -14772.233539413452,
    -13199.572467318292,
    -940.62432748808146,
    -4716.4123618703225
  ],
  "num_iteration": 1000,
  "num_modalities": 4,
  "num_topics": 7,
  "total_liklihood": -33628.842696090142
}
