{
  "modality_liklihoods": [
    -14136.559246397479,
    -13262.911811771422,
    -935.5724927493585,
    -4565.5174028726296
  ],
  "num_iteration": 1000,
  "num_modalities": 4,
  "num_topics": 7,
  "total_liklihood": -32900.560953790889
}
