{
  "modality_liklihoods": [
    -13827.302888265085,
    -13256.809440965893,
    -943.02734045093553,
    -4636.8362246654042
  ],
  "num_iteration": 1000,
  "num_modalities": 4,
  "num_topics": 7,
  "total_liklihood": -32663.975894347317
}
