{
  "modality_liklihoods": [
    -13975.853074726389,
    -13274.208812768686,
    -939.72713378939932,
    -4650.8826263669453
  ],
  "num_iteration": 1000,
  "num_modalities": 4,
  "num_topics": 7,
  "total_liklihood": -32840.671647651419
}
