{
  "modality_liklihoods": [
    -14258.006852245093,
    -13293.397524322148,
    -947.97184416356663,
    -4658.2843862760283
  ],
  "num_iteration": 1000,
  "num_modalities": 4,
  "num_topics": 7,
  "total_liklihood": -33157.660607006837
}
