{
  "modality_liklihoods": [
    -13968.414686907099,
    -13242.35129240121,
    -934.38215129115724,
    -4648.0532051710097
  ],
  "num_iteration": 1000,
  "num_modalities": 4,
  "num_topics": 7,
  "total_liklihood": -32793.201335770471
}
