{
  "modality_liklihoods": [
    -13361.016506133617,
    -13291.216764465076,
    -933.26227407863382,
    -4637.1252341598802
  ],
  "num_iteration": 1000,
  "num_modalities": 4,
  "num_topics": 7,
  "total_liklihood": -32222.620778837208
}
