{
  "modality_liklihoods": [
    -13720.268735752716,
    -13233.512446755298,
    -944.44989117138505,
    -4650.4984569182425
  ],
  "num_iteration": 1000,
  "num_modalities": 4,
  "num_topics": 7,
  "total_liklihood": -32548.72953059764
}
