{
  "modality_liklihoods": [
    -14266.437200610622,
    -13287.033467499929,
    -935.33072741684839,
    -4626.6164225811772
  ],
  "num_iteration": 1000,
  "num_modalities": 4,
  "num_topics": 7,
  "total_liklihood": -33115.417818108574
}
