{
  "modality_liklihoods": [
    -14551.590033836779,
    -13191.078998972984,
    -943.98788939591032,
    -4673.1238136131014
  ],
  "num_iteration": 1000,
  "num_modalities": 4,
  "num_topics": 7,
  "total_liklihood": -33359.780735818771
}
