{
  "modality_liklihoods": [
    -13254.146896959975,
    -13233.789572883934,
    -942.06785171508807,
    -4638.3824442025852
  ],
  "num_iteration": 1000,
  "num_modalities": 4,
  "num_topics": 7,
  "total_liklihood": -32068.386765761585
}
