{
  "modality_liklihoods": [
    -14309.462263450088,
    -13251.277286896095,
    -934.13270885396526,
    -4623.2775788287281
  ],
  "num_iteration": 1000,
  "num_modalities": 4,
  "num_topics": 7,
  "total_liklihood": -33118.149838028876
}
