{
  "modality_liklihoods": [
    -13757.045824447017,
    -13238.842596438388,
    -940.45849607222362,
    -4638.0052638873312
  ],
  "num_iteration": 1000,
  "num_modalities": 4,
  "num_topics": 7,
  "total_liklihood": -32574.352180844962
}
