{
  "modality_liklihoods": [
    -13440.526229393987,
    -13224.598353470543,
    -938.39405481837616,
    -4673.0135161503986
  ],
  "num_iteration": 1000,
  "num_modalities": 4,
  "num_topics": 7,
  "total_liklihood": -32276.532153833301
}
