{
  "modality_liklihoods": [
    -14114.45667346693,
    -13222.623446521899,
    -944.20186713030478,
    -4672.0981840046761
  ],
  "num_iteration": 1000,
  "num_modalities": 4,
  "num_topics": 7,
  "total_liklihood": -32953.380171123812
}
