{
  "modality_liklihoods": [
    -14559.991172733247,
    -13291.663781718884,
    -941.22204997943845,
    -4625.1788450233453
  ],
  "num_iteration": 1000,
  "num_modalities": 4,
  "num_topics": 7,
  "total_liklihood": -33418.055849454919
}
