{
  "modality_liklihoods": [
    -14204.857857329973,
    -13282.16465325677,
    -949.19070343101453,
    -4662.4469679657113
  ],
  "num_iteration": 1000,
  "num_modalities": 4,
  "num_topics": 7,
  "total_liklihood": -33098.660181983469
}
