{
  "modality_liklihoods": [
    -13851.493714410966,
    -13287.194065888949,
    -937.1433404212371,
    -4629.4747188812207
  ],
  "num_iteration": 1000,
  "num_modalities": 4,
  "num_topics": 7,
  "total_liklihood": -32705.305839602373
}
