{
  "modality_liklihoods": [
    -13914.272209515089,
    -13263.483923105156,
    -929.33013202131622,
    -4627.0016373399649
  ],
  "num_iteration": 1000,
  "num_modalities": 4,
  "num_topics": 7,
  "total_liklihood": -32734.087901981526
}
