{
  "modality_liklihoods": [
    -13878.083818274028,
    -13242.730765086029,
    -939.35000259706771,
    -4624.8174326989929
  ],
  "num_iteration": 1000,
  "num_modalities": 4,
  "num_topics": 7,
  "total_liklihood": -32684.982018656119
}
