{
  "modality_liklihoods": [
    -13234.949469030709,
    -13271.368703754015,
    -943.27610530989227,
    -4678.2496578790187
  ],
  "num_iteration": 1000,
  "num_modalities": 4,
  "num_topics": 7,
  "total_liklihood": -32127.843935973637
}
