{
  "modality_liklihoods": [
    -13793.844302279138,
    -13271.45577736369,
    -939.84809409152354,
    -4635.535363052727
  ],
  "num_iteration": 1000,
  "num_modalities": 4,
  "num_topics": 7,
  "total_liklihood": -32640.683536787081
}
