{
  "modality_liklihoods": [
    -14350.340951807875,
    -13235.572778544027,
    -936.13190277991248,
    -4656.4369176724622
  ],
  "num_iteration": 1000,
  "num_modalities": 4,
  "num_topics": 7,
  "total_liklihood": -33178.482550804278
}
