{
  "modality_liklihoods": [
    -14479.786085376107,
    -13236.573364772663,
    -946.23139386221453,
    -4737.3548639609344
  ],
  "num_iteration": 1000,
  "num_modalities": 4,
  "num_topics": 7,
  "total_liklihood": -33399.945707971914
}
