{
  "modality_liklihoods": [
    -13712.382900371278,
    -13301.835313374548,
    -937.38112767568396,
    -4631.4376264333232
  ],
  "num_iteration": 1000,
  "num_modalities": 4,
  "num_topics": 7,
  "total_liklihood": -32583.03696785483
}
