{
  "modality_liklihoods": [
    -13487.647701144411,
    -13270.055611980213,
    -938.83809304943202,
    -4617.3378782067757
  ],
  "num_iteration": 1000,
  "num_modalities": 4,
  "num_topics": 7,
  "total_liklihood": -32313.879284380833
}
