{
  "modality_liklihoods": [
    -13113.779558477343,
    -13231.835412351998,
    -935.99969015112174,
    -4647.962261314442
  ],
  "num_iteration": 1000,
  "num_modalities": 4,
  "num_topics": 7,
  "total_liklihood": -31929.576922294906
}
