{
  "modality_liklihoods": [
    -14367.585915904832,
    -13267.304623601689,
    -938.49995074021433,
    -4648.3859764559966
  ],
  "num_iteration": 1000,
  "num_modalities": 4,
  "num_topics": 7,
  "total_liklihood": -33221.776466702737
}
