{
  "modality_liklihoods": [
    -13917.361442863474,
    -13288.709102560271,
    -936.36118318077115,
    -4611.7170309438434
  ],
  "num_iteration": 1000,
  "num_modalities": 4,
  "num_topics": 7,
  "total_liklihood": -32754.148759548363
}
