{
  "modality_liklihoods": [
    -14082.640249000411,
    -13326.365530272658,
    -943.00330323542914,
    -4619.0110599678446
  ],
  "num_iteration": 1000,
  "num_modalities": 4,
  "num_topics": 7,
  "total_liklihood": -32971.020142476344
}
