{
  "modality_liklihoods": [
    -13976.032274423898,
    -13310.816928329319,
    -938.49393703063026,
    -4615.1321301833268
  ],
  "num_iteration": 1000,
  "num_modalities": 4,
  "num_topics": 7,
  "total_liklihood": -32840.475269967181
}
