{
  "modality_liklihoods": [
    -14234.878820632435,
    -13293.514581871141,
    -946.81215014328257,
    -4642.8470831906525
  ],
  "num_iteration": 1000,
  "num_modalities": 4,
  "num_topics": 7,
  "total_liklihood": -33118.052635837514
}
