{
  "modality_liklihoods": [
    -14162.240960472682,
    -13274.089517297041,
    -938.77801935229445,
    -4655.4594892312089
  ],
  "num_iteration": 1000,
  "num_modalities": 4,
  "num_topics": 7,
  "total_liklihood": -33030.567986353228
}
