{
  "modality_liklihoods": [
    -13688.754078894024,
    -13272.545937001845,
    -943.42854641474617,
    -4627.3764171504654
  ],
  "num_iteration": 1000,
  "num_modalities": 4,
  "num_topics": 7,
  "total_liklihood": -32532.104979461081
}
