{
  "modality_liklihoods": [
    -13662.996850922314,
    -13281.930096593804,
    -933.33220207647912,
    -4609.7099786584004
  ],
  "num_iteration": 1000,
  "num_modalities": 4,
  "num_topics": 7,
  "total_liklihood": -32487.969128250999
}
