{
  "modality_liklihoods": [
    -14170.490214192208,
    -13222.634560991168,
    -951.78720861139675,
    -4714.2278778613781
  ],
  "num_iteration": 1000,
  "num_modalities": 4,
  "num_topics": 7,
  "total_liklihood": -33059.139861656149
}
