{
  "modality_liklihoods": [
    -13833.627358279664,
    -13301.240692090934,
    -942.21836914288963,
    -4683.9207241960285
  ],
  "num_iteration": 1000,
  "num_modalities": 4,
  "num_topics": 7,
  "total_liklihood": -32761.007143709518
}
