{
  "modality_liklihoods": [
    -14560.500069292069,
    -13289.933893509287,
    -939.2200946484221,
    -4625.5807586550645
  ],
  "num_iteration": 1000,
  "num_modalities": 4,
  "num_topics": 7,
  "total_liklihood": -33415.234816104843
}
