{
  "modality_liklihoods": [
    -14153.016965444092,
    -13265.082157394894,
    -940.12999675258141,
    -4635.3242730746315
  ],
  "num_iteration": 1000,
  "num_modalities": 4,
  "num_topics": 7,
  "total_liklihood": -32993.553392666203
}
