{
  "modality_liklihoods": [
    -14043.672236683891,
    -13261.389974780674,
    -939.47234453199053,
    -4687.8316438779702
  ],
  "num_iteration": 1000,
  "num_modalities": 4,
  "num_topics": 7,
  "total_liklihood": -32932.36619987453
}
