{
  "modality_liklihoods": [
    -13819.132921089404,
    -13311.911986784366,
    -938.49047433040096,
    -4600.8043995840071
  ],
  "num_iteration": 1000,
  "num_modalities": 4,
  "num_topics": 7,
  "total_liklihood": -32670.339781788178
}
