{
  "modality_liklihoods": [
    -14060.82168587478,
    -13252.173802506088,
    -934.22509388853973,
    -4651.4965484457334
  ],
  "num_iteration": 1000,
  "num_modalities": 4,
  "num_topics": 7,
  "total_liklihood": -32898.717130715144
}
