{
  "modality_liklihoods": [
    -13854.371986526283,
    -13225.922543106502,
    -937.74402101973249,
    -4661.8447058540678
  ],
  "num_iteration": 1000,
  "num_modalities": 4,
  "num_topics": 7,
  "total_liklihood": -32679.883256506582
}
