{
  "modality_liklihoods": [
    -14127.76865233514,
    -13234.972614067987,
    -940.25782584693059,
    -4652.6304488573433
  ],
  "num_iteration": 1000,
  "num_modalities": 4,
  "num_topics": 7,
  "total_liklihood": -32955.629541107402
}
