{
  "modality_liklihoods": [
    -13927.123937967901,
    -13257.960456544202,
    -936.457251615102,
    -4642.7405357855796
  ],
  "num_iteration": 1000,
  "num_modalities": 4,
  "num_topics": 7,
  "total_liklihood": -32764.282181912782
}
