{
  "modality_liklihoods": [
    -14623.196773961128,
    -13272.936797973214,
    -938.24808790548229,
    -4625.0560449895811
  ],
  "num_iteration": 1000,
  "num_modalities": 4,
  "num_topics": 7,
  "total_liklihood": -33459.437704829405
}
