{
  "modality_liklihoods": [
    -13665.901916782859,
    -13242.945968880318,
    -942.35460944437,
    -4708.9430897276279
  ],
  "num_iteration": 1000,
  "num_modalities": 4,
  "num_topics": 7,
  "total_liklihood": -32560.145584835176
}
