{
  "modality_liklihoods": [
    -14300.691182021848,
    -13260.78883450737,
    -935.32210198696316,
    -4723.9434894554161
  ],
  "num_iteration": 1000,
  "num_modalities": 4,
  "num_topics": 7,
  "total_liklihood": -33220.745607971599
}
