{
  "modality_liklihoods": [
    -13890.35703431028,
    -13281.571108999196,
    -938.77698552656466,
    -4647.4702752968087
  ],
  "num_iteration": 1000,
  "num_modalities": 4,
  "num_topics": 7,
  "total_liklihood": -32758.17540413285
}
