{
  "modality_liklihoods": [
    -14047.079760499893,
    -13267.640234658344,
    -946.92428556243249,
    -4633.385745559377
  ],
  "num_iteration": 1000,
  "num_modalities": 4,
  "num_topics": 7,
  "total_liklihood": -32895.030026280045
}
