{
  "modality_liklihoods": [
    -14164.018460373289,
    -13274.272386967998,
    -936.56188984504604,
    -4584.1002361291385
  ],
  "num_iteration": 1000,
  "num_modalities": 4,
  "num_topics": 7,
  "total_liklihood": -32958.95297331547
}
