{
  "modality_liklihoods": [
    -13187.291636179716,
    -13212.195296897151,
    -936.70929092343954,
    -4696.4961743160147
  ],
  "num_iteration": 1000,
  "num_modalities": 4,
  "num_topics": 7,
  "total_liklihood": -32032.692398316321
}
