{
  "modality_liklihoods": [
    -13924.369849266886,
    -13223.710657277548,
    -941.52690461847703,
    -4605.5552225886622
  ],
  "num_iteration": 1000,
  "num_modalities": 4,
  "num_topics": 7,
  "total_liklihood": -32695.162633751577
}
