{
  "modality_liklihoods": [
    -13893.01106595847,
    -13239.657710428713,
    -943.72200125166773,
    -4639.413251040356
  ],
  "num_iteration": 1000,
  "num_modalities": 4,
  "num_topics": 7,
  "total_liklihood": -32715.804028679202
}
