{
  "modality_liklihoods": [
    -13377.128378515541,
    -13247.982361432645,
    -939.62239065629103,
    -4614.0582500309783
  ],
  "num_iteration": 1000,
  "num_modalities": 4,
  "num_topics": 7,
  "total_liklihood": -32178.791380635455
}
