{
  "modality_liklihoods": [
    -13300.061024640589,
    -13285.57088043562,
    -943.0292269462476,
    -4622.3359814482747
  ],
  "num_iteration": 1000,
  "num_modalities": 4,
  "num_topics": 7,
  "total_liklihood": -32150.997113470734
}
