{
  "modality_liklihoods": [
    -14129.124356901104,
    -13284.218342119526,
    -940.51689509857306,
    -4631.6454959681314
  ],
  "num_iteration": 1000,
  "num_modalities": 4,
  "num_topics": 7,
  "total_liklihood": -32985.505090087332
}
