{
  "modality_liklihoods": [
    -13913.473413061512,
    -13275.042824873015,
    -938.9547030764578,
    -4642.4021434758079
  ],
  "num_iteration": 1000,
  "num_modalities": 4,
  "num_topics": 7,
  "total_liklihood": -32769.873084486797
}
