{
  "modality_liklihoods": [
    -13383.485243506322,
    -13267.639488150755,
    -944.41333986684924,
    -4607.1573200633948
  ],
  "num_iteration": 1000,
  "num_modalities": 4,
  "num_topics": 7,
  "total_liklihood": -32202.69539158732
}
