{
  "modality_liklihoods": [
    -13758.184166924255,
    -13303.900361262136,
    -935.8496073368857,
    -4626.075717691695
  ],
  "num_iteration": 1000,
  "num_modalities": 4,
  "num_topics": 7,
  "total_liklihood": -32624.009853214971
}
