{
  "modality_liklihoods": [
    -14388.252805091413,
    -13242.057397290358,
    -935.36015960835232,
    -4591.3169101226886
  ],
  "num_iteration": 1000,
  "num_modalities": 4,
  "num_topics": 7,
  "total_liklihood": -33156.987272112812
}
