{
  "modality_liklihoods": [
    -14001.514722911515,
    -13233.394906112697,
    -948.93852899194474,
    -4622.0011612599974
  ],
  "num_iteration": 1000,
  "num_modalities": 4,
  "num_topics": 7,
  "total_liklihood": -32805.849319276153
}
