{
  "modality_liklihoods": [
    -13567.203819949462,
    -13279.171322503818,
    -933.54991079153388,
    -4603.4397714894976
  ],
  "num_iteration": 1000,
  "num_modalities": 4,
  "num_topics": 7,
  "total_liklihood": -32383.364824734315
}
