{
  "modality_liklihoods": [
    -14196.898871934418,
    -13273.664048707675,
    -941.78855846553699,
    -4647.6965502173407
  ],
  "num_iteration": 1000,
  "num_modalities": 4,
  "num_topics": 7,
  "total_liklihood": -33060.048029324971
}
