{
  "modality_liklihoods": [
    -13546.898635878266,
    -13251.422358619518,
    -941.40390517279945,
    -4651.1354093616037
  ],
  "num_iteration": 1000,
  "num_modalities": 4,
  "num_topics": 7,
  "total_liklihood": -32390.860309032189
}
