{
  "modality_liklihoods": [
    -14561.933773992983,
    -13270.962702732413,
    -938.95734228161632,
    -4634.4745167514548
  ],
  "num_iteration": 1000,
  "num_modalities": 4,
  "num_topics": 7,
  "total_liklihood": -33406.328335758466
}
