{
  "modality_liklihoods": [
    -13232.63732340173,
    -13254.445259442828,
    -936.8984225064238,
    -4668.7011096398019
  ],
  "num_iteration": 1000,
  "num_modalities": 4,
  "num_topics": 7,
  "total_liklihood": -32092.682114990785
}
