{
  "modality_liklihoods": [
    -14946.165887334111,
    -13239.900679607099,
    -944.42393661352685,
    -4645.6678098097482
  ],
  "num_iteration": 1000,
  "num_modalities": 4,
  "num_topics": 7,
  "total_liklihood": -33776.158313364489
}
