{
  "modality_liklihoods": [
    -13751.330582003153,
    -13276.574004180582,
    -939.49810750824497,
    -4633.3427679205479
  ],
  "num_iteration": 1000,
  "num_modalities": 4,
  "num_topics": 7,
  "total_liklihood": -32600.745461612529
}
