{
  "modality_liklihoods": [
    -13597.95098363738,
    -13243.942727413556,
    -944.94847554633543,
    -4621.3717077499368
  ],
  "num_iteration": 1000,
  "num_modalities": 4,
  "num_topics": 7,
  "total_liklihood": -32408.213894347209
}
