{
  "modality_liklihoods": [
    -14590.497064136789,
    -13234.333847379481,
    -944.17285873753281,
    -4633.7359763204331
  ],
  "num_iteration": 1000,
  "num_modalities": 4,
  "num_topics": 7,
  "total_liklihood": -33402.73974657424
}
