{
  "modality_liklihoods": [
    -13242.261522748648,
    -13301.591003706793,
    -941.64575782023257,
    -4665.367427680254
  ],
  "num_iteration": 1000,
  "num_modalities": 4,
  "num_topics": 7,
  "total_liklihood": -32150.865711955928
}
