{
  "modality_liklihoods": [
    -14064.328526498542,
    -13289.298567405367,
    -936.8323313052598,
    -4640.5491162489552
  ],
  "num_iteration": 1000,
  "num_modalities": 4,
  "num_topics": 7,
  "total_liklihood": -32931.008541458126
}
