{
  "modality_liklihoods": [
    -13444.195571879471,
    -13266.935627285746,
    -941.69793733322899,
    -4691.829607195823
  ],
  "num_iteration": 1000,
  "num_modalities": 4,
  "num_topics": 7,
  "total_liklihood": -32344.658743694272
}
