{
  "modality_liklihoods": [
    -13924.167251565559,
    -13282.451371004201,
    -942.80351415803034,
    -4655.5590702413529
  ],
  "num_iteration": 1000,
  "num_modalities": 4,
  "num_topics": 7,
  "total_liklihood": -32804.98120696914
}
