{
  "modality_liklihoods": [
    -14215.287175104402,
    -13255.241482568796,
    -935.67296077591459,
    -4629.5771915087998
  ],
  "num_iteration": 1000,
  "num_modalities": 4,
  "num_topics": 7,
  "total_liklihood": -33035.778809957912
}
