{
  "modality_liklihoods": [
    -13943.787385107891,
    -13271.698503460577,
    -937.92877762414946,
    -4655.6783126260707
  ],
  "num_iteration": 1000,
  "num_modalities": 4,
  "num_topics": 7,
  "total_liklihood": -32809.092978818691
}
