{
  "modality_liklihoods": [
    -13664.693898368474,
    -13243.817131198326,
    -937.70786276237277,
    -4663.0650861285985
  ],
  "num_iteration": 1000,
  "num_modalities": 4,
  "num_topics": 7,
  "total_liklihood": -32509.28397845777
}
