{
  "modality_liklihoods": [
    -13960.446810384217,
    -13261.584226397037,
    -936.62892280504195,
    -4667.8355124009577
  ],
  "num_iteration": 1000,
  "num_modalities": 4,
  "num_topics": 7,
  "total_liklihood": -32826.495471987255
}
