{
  "modality_liklihoods": [
    -13730.276069851194,
    -13265.465500462047,
    -939.42001809175963,
    -4649.6087706882345
  ],
  "num_iteration": 1000,
  "num_modalities": 4,
  "num_topics": 7,
  "total_liklihood": -32584.77035909324
}
