{
  "modality_liklihoods": [
    -14344.408058833415,
    -13260.254588795766,
    -941.27656553629981,
    -4759.0720106562458
  ],
  "num_iteration": 1000,
  "num_modalities": 4,
  "num_topics": 7,
  "total_liklihood": -33305.011223821726
}
