{
  "modality_liklihoods": [
    -14014.262337710863,
    -13225.229139566669,
    -937.97380639379605,
    -4663.0002984797839
  ],
  "num_iteration": 1000,
  "num_modalities": 4,
  "num_topics": 7,
  "total_liklihood": -32840.465582151111
}
