{
  "modality_liklihoods": [
    -13781.605200277389,
    -13270.331004866091,
    -944.66530386622901,
    -4587.3159500014208
  ],
  "num_iteration": 1000,
  "num_modalities": 4,
  "num_topics": 7,
  "total_liklihood": -32583.917459011129
}
