{
  "modality_liklihoods": [
    -13618.947069818794,
    -13252.878115976204,
    -935.93432817507937,
    -4740.9391637109575
  ],
  "num_iteration": 1000,
  "num_modalities": 4,
  "num_topics": 7,
  "total_liklihood": -32548.698677681037
}
