{
  "modality_liklihoods": [
    -13178.477805926123,
    -13276.995520695951,
    -942.39170061457071,
    -4585.3287908673183
  ],
  "num_iteration": 1000,
  "num_modalities": 4,
  "num_topics": 7,
  "total_liklihood": -31983.193818103962
}
