{
  "modality_liklihoods": [
    -13389.892663509449,
    -13251.878373417703,
    -940.97226530145576,
    -4659.2827532114306
  ],
  "num_iteration": 1000,
  "num_modalities": 4,
  "num_topics": 7,
  "total_liklihood": -32242.026055440037
}
