{
  "modality_liklihoods": [
    -13672.144005502705,
    -13223.046792087842,
    -946.2312138953597,
    -4714.0270466230277
  ],
  "num_iteration": 1000,
  "num_modalities": 4,
  "num_topics": 7,
  "total_liklihood": -32555.449058108938
}
