{
  "modality_liklihoods": [
    -13471.052257749576,
    -13246.474553998542,
    -943.05473002612973,
    -4647.6309323561536
  ],
  "num_iteration": 1000,
  "num_modalities": 4,
  "num_topics": 7,
  "total_liklihood": -32308.212474130403
}
