{
  "modality_liklihoods": [
    -13696.403588961104,
    -13282.438468745446,
    -932.87138694827001,
    -4647.012873955241
  ],
  "num_iteration": 1000,
  "num_modalities": 4,
  "num_topics": 7,
  "total_liklihood": -32558.726318610061
}
