{
  "modality_liklihoods": [
    -14223.473397116841,
    -13271.081885219373,
    -944.10053797151795,
    -4644.5568205410109
  ],
  "num_iteration": 1000,
  "num_modalities": 4,
  "num_topics": 7,
  "total_liklihood": -33083.212640848746
}
