{
  "modality_liklihoods": [
    -14025.046113009583,
    -13331.170149040967,
    -939.04131349000158,
    -4669.9077922289171
  ],
  "num_iteration": 1000,
  "num_modalities": 4,
  "num_topics": 7,
  "total_liklihood": -32965.165367769463
}
