{
  "modality_liklihoods": [
    -14434.505651139471,
    -13232.805655026927,
    -937.49520234418333,
    -4647.845712573102
  ],
  "num_iteration": 1000,
  "num_modalities": 4,
  "num_topics": 7,
  "total_liklihood": -33252.652221083685
}
