{
  "modality_liklihoods": [
    -13884.188990646198,
    -13212.898425303501,
    -942.07787418671626,
    -4636.2858264113547
  ],
  "num_iteration": 1000,
  "num_modalities": 4,
  "num_topics": 7,
  "total_liklihood": -32675.451116547774
}
