{
  "modality_liklihoods": [
    -13985.698466654261,
    -13286.551902828873,
    -934.78487894856994,
    -4640.3232256434276
  ],
  "num_iteration": 1000,
  "num_modalities": 4,
  "num_topics": 7,
  "total_liklihood": -32847.358474075125
}
