{
  "modality_liklihoods": [
    -14051.793801610103,
    -13247.472162835074,
    -947.25187162625139,
    -4648.5418698929579
  ],
  "num_iteration": 1000,
  "num_modalities": 4,
  "num_topics": 7,
  "total_liklihood": -32895.059705964391
}
