{
  "modality_liklihoods": [
    -13997.526430375465,
    -13281.84492408241,
    -940.86694623619405,
    -4613.6204622565729
  ],
  "num_iteration": 1000,
  "num_modalities": 4,
  "num_topics": 7,
  "total_liklihood": -32833.858762950644
}
