{
  "modality_liklihoods": [
    -13991.773172948526,
    -13261.366074205513,
    -942.22204485005659,
    -4647.2892367508121
  ],
  "num_iteration": 1000,
  "num_modalities": 4,
  "num_topics": 7,
  "total_liklihood": -32842.650528754908
}
