{
  "modality_liklihoods": [
    -13563.553238556713,
    -13254.662825438996,
    -933.27817242895355,
    -4655.5206140079827
  ],
  "num_iteration": 1000,
  "num_modalities": 4,
  "num_topics": 7,
  "total_liklihood": -32407.014850432643
}
