{
  "modality_liklihoods": [
    -13553.848955529862,
    -13274.283797696129,
    -941.7104527470409,
    -4606.7343024915835
  ],
  "num_iteration": 1000,
  "num_modalities": 4,
  "num_topics": 7,
  "total_liklihood": -32376.577508464612
}
