{
  "modality_liklihoods": [
    -14195.298320935071,
    -13215.789411973812,
    -935.93712487218124,
    -4666.5555870684339
  ],
  "num_iteration": 1000,
  "num_modalities": 4,
  "num_topics": 7,
  "total_liklihood": -33013.580444849496
}
