{
  "modality_liklihoods": [
    -14554.081550772136,
    -13280.579374864776,
    -937.31707986922731,
    -4627.6798519686608
  ],
  "num_iteration": 1000,
  "num_modalities": 4,
  "num_topics": 7,
  "total_liklihood": -33399.657857474798
}
