{
  "modality_liklihoods": [
    -14321.937260419074,
    -13293.765550664592,
    -942.66103724854872,
    -4671.9328853691459
  ],
  "num_iteration": 1000,
  "num_modalities": 4,
  "num_topics": 7,
  "total_liklihood": -33230.296733701362
}
