{
  "modality_liklihoods": [
    -14277.522309954949,
    -13241.805102384857,
    -943.59596905022943,
    -4613.7839012243758
  ],
  "num_iteration": 1000,
  "num_modalities": 4,
  "num_topics": 7,
  "total_liklihood": -33076.707282614414
}
