{
  "modality_liklihoods": [
    -13398.563766006728,
    -13237.549587763844,
    -945.14561361867732,
    -4635.446406904025
  ],
  "num_iteration": 1000,
  "num_modalities": 4,
  "num_topics": 7,
  "total_liklihood": -32216.705374293277
}
