{
  "modality_liklihoods": [
    -13376.506350660517,
    -13220.458466533113,
    -944.75145703500539,
    -4659.4176510898842
  ],
  "num_iteration": 1000,
  "num_modalities": 4,
  "num_topics": 7,
  "total_liklihood": -32201.133925318518
}
