{
  "modality_liklihoods": [
    -14080.628810943843,
    -13253.320730263453,
    -946.01235433531747,
    -4705.6033323080119
  ],
  "num_iteration": 1000,
  "num_modalities": 4,
  "num_topics": 7,
  "total_liklihood": -32985.565227850624
}
