{
  "modality_liklihoods": [
    -14401.436505597081,
    -13251.706212335572,
    -938.73271964981836,
    -4611.9549828272802
  ],
  "num_iteration": 1000,
  "num_modalities": 4,
  "num_topics": 7,
  "total_liklihood": -33203.830420409751
}
