{
  "modality_liklihoods": [
    -14834.260867786734,
    -13215.367132132626,
    -939.41137096908983,
    -4651.5906565810101
  ],
  "num_iteration": 1000,
  "num_modalities": 4,
  "num_topics": 7,
  "total_liklihood": -33640.630027469459
}
