{
  "modality_liklihoods": [
    -13420.760711494215,
    -13275.63617047648,
    -938.67767801379193,
    -4632.7794912732079
  ],
  "num_iteration": 1000,
  "num_modalities": 4,
  "num_topics": 7,
  "total_liklihood": -32267.854051257695
}
