{
  "modality_liklihoods": [
    -14326.505650958488,
    -13261.719577931972,
    -937.52618704525207,
    -4615.473655112437
  ],
  "num_iteration": 1000,
  "num_modalities": 4,
  "num_topics": 7,
  "total_liklihood": -33141.225071048146
}
