{
  "modality_liklihoods": [
    -13738.329549098033,
    -13289.97066566928,
    -937.02627731221173,
    -4620.9572412076886
  ],
  "num_iteration": 1000,
  "num_modalities": 4,
  "num_topics": 7,
  "total_liklihood": -32586.283733287211
}
