{
  "modality_liklihoods": [
    -15066.67932013423,
    -13246.463291760299,
    -946.08916219342814,
    -4642.6998613897704
  ],
  "num_iteration": 1000,
  "num_modalities": 4,
  "num_topics": 7,
  "total_liklihood": -33901.931635477726
}
