{
  "modality_liklihoods": [
    -13718.304103516028,
    -13226.792444961817,
    -947.97098623216948,
    -4637.3607432418494
  ],
  "num_iteration": 1000,
  "num_modalities": 4,
  "num_topics": 7,
  "total_liklihood": -32530.428277951862
}
