{
  "modality_liklihoods": [
    -13638.325600719843,
    -13249.899309518889,
    -943.84642044153679,
    -4662.5263917900902
  ],
  "num_iteration": 1000,
  "num_modalities": 4,
  "num_topics": 7,
  "total_liklihood": -32494.59772247036
}
