{
  "modality_liklihoods": [
    -14080.722169336766,
    -13234.126830322692,
    -939.03374581652645,
    -4639.6084524462476
  ],
  "num_iteration": 1000,
  "num_modalities": 4,
  "num_topics": 7,
  "total_liklihood": -32893.491197922231
}
