{
  "modality_liklihoods": [
    -14650.441308766451,
    -13272.043305945836,
    -943.91948293699022,
    -4634.0406808823655
  ],
  "num_iteration": 1000,
  "num_modalities": 4,
  "num_topics": 7,
  "total_liklihood": -33500.444778531644
}
