{
  "modality_liklihoods": [
    -13971.84009774229,
    -13252.090929755335,
    -940.15672050575006,
    -4607.1806425525147
  ],
  "num_iteration": 1000,
  "num_modalities": 4,
  "num_topics": 7,
  "total_liklihood": -32771.268390555888
}
