{
  "modality_liklihoods": [
    -13997.038968456185,
    -13292.334857807222,
    -942.09258915663565,
    -4638.0118263593558
  ],
  "num_iteration": 1000,
  "num_modalities": 4,
  "num_topics": 7,
  "total_liklihood": -32869.478241779398
}
