{
  "modality_liklihoods": [
    -14344.305234777634,
    -13212.229501017267,
    -942.03421528602837,
    -4657.4627897934406
  ],
  "num_iteration": 1000,
  "num_modalities": 4,
  "num_topics": 7,
  "total_liklihood": -33156.031740874372
}
