{
  "modality_liklihoods": [
    -13980.222776962322,
    -13244.717711336842,
    -933.70883813374576,
    -4669.1830707391709
  ],
  "num_iteration": 1000,
  "num_modalities": 4,
  "num_topics": 7,
  "total_liklihood": -32827.832397172082
}
