{
  "modality_liklihoods": [
    -15031.020416298605,
    -13259.634148417548,
    -943.0272471579209,
    -4655.4180647524981
  ],
  "num_iteration": 1000,
  "num_modalities": 4,
  "num_topics": 7,
  "total_liklihood": -33889.099876626569
}
