{
  "modality_liklihoods": [
    -14503.102026945358,
    -13279.399201470225,
    -940.03608698075607,
    -4647.2887244462936
  ],
  "num_iteration": 1000,
  "num_modalities": 4,
  "num_topics": 7,
  "total_liklihood": -33369.826039842628
}
