{
  "modality_liklihoods": [
    -13905.168168838125,
    -13247.742757646187,
    -938.71609042410012,
    -4611.3346161636382
  ],
  "num_iteration": 1000,
  "num_modalities": 4,
  "num_topics": 7,
  "total_liklihood": -32702.961633072053
}
