{
  "modality_liklihoods": [
    -14391.877589226964,
    -13307.151880109071,
    -945.00067103595097,
    -4673.7386741221508
  ],
  "num_iteration": 1000,
  "num_modalities": 4,
  "num_topics": 7,
  "total_liklihood": -33317.768814494135
}
