{
  "modality_liklihoods": [
    -13928.244289342345,
    -13276.989442650403,
    -951.95120239666346,
    -4662.5154018629519
  ],
  "num_iteration": 1000,
  "num_modalities": 4,
  "num_topics": 7,
  "total_liklihood": -32819.700336252361
}
