{
  "modality_liklihoods": [
    -13852.041978457359,
    -13280.45964083672,
    -944.59808536050957,
    -4675.1144463440287
  ],
  "num_iteration": 1000,
  "num_modalities": 4,
  "num_topics": 7,
  "total_liklihood": -32752.214150998618
}
