{
  "modality_liklihoods": [
    -13887.717678312118,
    -13289.706326865386,
    -938.97635208609506,
    -4610.600453263909
  ],
  "num_iteration": 1000,
  "num_modalities": 4,
  "num_topics": 7,
  "total_liklihood": -32727.000810527508
}
