{
  "modality_liklihoods": [
    -13878.810216772685,
    -13267.528440696438,
    -936.66393665861199,
    -4664.411657125348
  ],
  "num_iteration": 1000,
  "num_modalities": 4,
  "num_topics": 7,
  "total_liklihood": -32747.414251253085
}
