{
  "modality_liklihoods": [
    -13826.485638412061,
    -13293.14029323115,
    -947.45618653146698,
    -4610.1649193355433
  ],
  "num_iteration": 1000,
  "num_modalities": 4,
  "num_topics": 7,
  "total_liklihood": -32677.247037510224
}
