{
  "modality_liklihoods": [
    -14023.975713317057,
    -13275.752383946899,
    -941.00689768177256,
    -4645.6525679592769
  ],
  "num_iteration": 1000,
  "num_modalities": 4,
  "num_topics": 7,
  "total_liklihood": -32886.387562905002
}
