{
  "modality_liklihoods": [
    -14054.574334228291,
    -13271.980115331487,
    -941.41220012226506,
    -4635.4971764519696
  ],
  "num_iteration": 1000,
  "num_modalities": 4,
  "num_topics": 7,
  "total_liklihood": -32903.463826134015
}
