{
  "modality_liklihoods": [
    -13625.135217985075,
    -13274.995010297431,
    -944.75023915887061,
    -4740.535572785665
  ],
  "num_iteration": 1000,
  "num_modalities": 4,
  "num_topics": 7,
  "total_liklihood": -32585.416040227043
}
