{
  "modality_liklihoods": [
    -13518.201788853341,
    -13240.289842653627,
    -945.53271005533907,
    -4685.6781155795934
  ],
  "num_iteration": 1000,
  "num_modalities": 4,
  "num_topics": 7,
  "total_liklihood": -32389.702457141902
}
