{
  "modality_liklihoods": [
    -14277.446305606803,
    -13287.108627523205,
    -944.70205464582955,
    -4701.235672225348
  ],
  "num_iteration": 1000,
  "num_modalities": 4,
  "num_topics": 7,
  "total_liklihood": -33210.492660001182
}
