{
  "modality_liklihoods": [
    -13722.065368129013,
    -13243.319943559265,
    -946.08629424795583,
    -4651.1079624383547
  ],
  "num_iteration": 1000,
  "num_modalities": 4,
  "num_topics": 7,
  "total_liklihood": -32562.579568374589
}
