{
  "modality_liklihoods": [
    -13535.51843526413,
    -13271.474061439683,
    -936.22779079758732,
    -4623.3949057561276
  ],
  "num_iteration": 1000,
  "num_modalities": 4,
  "num_topics": 7,
  "total_liklihood": -32366.61519325753
}
