{
  "modality_liklihoods": [
    -14049.742813576757,
    -13316.310697984303,
    -944.428066950421,
    -4683.413960315339
  ],
  "num_iteration": 1000,
  "num_modalities": 4,
  "num_topics": 7,
  "total_liklihood": -32993.895538826822
}
