{
  "modality_liklihoods": [
    -14254.312910495935,
    -13285.435445420646,
    -940.01432633661864,
    -4636.7003024633896
  ],
  "num_iteration": 1000,
  "num_modalities": 4,
  "num_topics": 7,
  "total_liklihood": -33116.462984716592
}
