{
  "modality_liklihoods": [
    -14379.860088546411,
    -13251.071002484172,
    -939.69635879709665,
    -4621.3165100854221
  ],
  "num_iteration": 1000,
  "num_modalities": 4,
  "num_topics": 7,
  "total_liklihood": -33191.9439599131
}
