{
  "modality_liklihoods": [
    -13623.964531617241,
    -13253.706089364878,
    -952.18078632206175,
    -4647.5197620480385
  ],
  "num_iteration": 1000,
  "num_modalities": 4,
  "num_topics": 7,
  "total_liklihood": -32477.37116935222
}
