{
  "modality_liklihoods": [
    -12315.910946952001,
    -13257.263105156604,
    -938.63998073066409,
    -4691.1524212062513
  ],
  "num_iteration": 1000,
  "num_modalities": 4,
  "num_topics": 7,
  "total_liklihood": -31202.966454045516
}
