{
  "modality_liklihoods": [
    -13890.176681639416,
    -13230.474490312938,
    -944.01568388692817,
    -4682.7776010737334
  ],
  "num_iteration": 1000,
  "num_modalities": 4,
  "num_topics": 7,
  "total_liklihood": -32747.444456913017
}
