{
  "modality_liklihoods": [
    -13839.910556124451,
    -13279.816471243214,
    -938.10874364049539,
    -4643.7937971879064
  ],
  "num_iteration": 1000,
  "num_modalities": 4,
  "num_topics": 7,
  "total_liklihood": -32701.629568196066
}
