{
  "modality_liklihoods": [
    -14498.563788373427,
    -13245.188373097169,
    -941.53233860144269,
    -4605.7951171420073
  ],
  "num_iteration": 1000,
  "num_modalities": 4,
  "num_topics": 7,
  "total_liklihood": -33291.079617214047
}
