{
  "modality_liklihoods": [
    -14020.087859483394,
    -13284.724986930429,
    -939.17688584820814,
    -4693.7333285156228
  ],
  "num_iteration": 1000,
  "num_modalities": 4,
  "num_topics": 7,
  "total_liklihood": -32937.723060777651
}
