{
  "modality_liklihoods": [
    -14161.306126301602,
    -13310.608283040841,
    -939.3673947636978,
    -4627.2773387793013
  ],
  "num_iteration": 1000,
  "num_modalities": 4,
  "num_topics": 7,
  "total_liklihood": -33038.559142885439
}
