{
  "modality_liklihoods": [
    -13755.34203215962,
    -13287.259302415272,
    -946.39662815021791,
    -4631.6656558864843
  ],
  "num_iteration": 1000,
  "num_modalities": 4,
  "num_topics": 7,
  "total_liklihood": -32620.663618611597
}
