{
  "modality_liklihoods": [
    -15104.734850145898,
    -13253.865918659238,
    -940.49938536566196,
    -4604.9677911510717
  ],
  "num_iteration": 1000,
  "num_modalities": 4,
  "num_topics": 7,
  "total_liklihood": -33904.067945321869
}
