{
  "modality_liklihoods": [
    -13844.292426106886,
    -13256.488448593002,
    -936.5032263414289,
    -4568.9069001972302
  ],
  "num_iteration": 1000,
  "num_modalities": 4,
  "num_topics": 7,
  "total_liklihood": -32606.191001238545
}
