{
  "modality_liklihoods": [
    -14099.363894517981,
    -13244.147413831804,
    -937.35588231026213,
    -4636.4344092107922
  ],
  "num_iteration": 1000,
  "num_modalities": 4,
  "num_topics": 7,
  "total_liklihood": -32917.301599870836
}
