{
  "modality_liklihoods": [
    -13282.825924383887,
    -13283.871717797165,
    -935.33323911125751,
    -4669.3402694287734
  ],
  "num_iteration": 1000,
  "num_modalities": 4,
  "num_topics": 7,
  "total_liklihood": -32171.371150721083
}
