{
  "modality_liklihoods": [
    -13871.813661369844,
    -13310.862073240276,
    -942.17956394089947,
    -4620.7896481626485
  ],
  "num_iteration": 1000,
  "num_modalities": 4,
  "num_topics": 7,
  "total_liklihood": -32745.64494671367
}
