{
  "modality_liklihoods": [
    -13793.957196666734,
    -13245.51555379027,
    -944.24345687717687,
    -4632.7225439547428
  ],
  "num_iteration": 1000,
  "num_modalities": 4,
  "num_topics": 7,
  "total_liklihood": -32616.438751288926
}
