{
  "modality_liklihoods": [
    -14453.867403384878,
    -13211.033758160456,
    -942.76100757457095,
    -4649.2765515185956
  ],
  "num_iteration": 1000,
  "num_modalities": 4,
  "num_topics": 7,
  "total_liklihood": -33256.9387206385
}
