{
  "modality_liklihoods": [
    -13275.682344239814,
    -13253.705169034618,
    -943.15739242501547,
    -4606.3200730510407
  ],
  "num_iteration": 1000,
  "num_modalities": 4,
  "num_topics": 7,
  "total_liklihood": -32078.864978750487
}
