{
  "modality_liklihoods": [
    -14094.628951671299,
    -13259.733174017867,
    -945.46244232979541,
    -4645.6105132103439
  ],
  "num_iteration": 1000,
  "num_modalities": 4,
  "num_topics": 7,
  "total_liklihood": -32945.435081229298
}
