{
  "modality_liklihoods": [
    -13480.060922739123,
    -13269.165195775129,
    -943.53603281887513,
    -4618.6973017479067
  ],
  "num_iteration": 1000,
  "num_modalities": 4,
  "num_topics": 7,
  "total_liklihood": -32311.459453081035
}
