{
  "modality_liklihoods": [
    -13585.94710464779,
    -13268.679230894097,
    -934.57940175110264,
    -4600.1946305246001
  ],
  "num_iteration": 1000,
  "num_modalities": 4,
  "num_topics": 7,
  "total_liklihood": -32389.400367817587
}
