{
  "modality_liklihoods": [
    -13344.962014674615,
    -13295.370603128345,
    -935.83527860445804,
    -4593.1863569007173
  ],
  "num_iteration": 1000,
  "num_modalities": 4,
  "num_topics": 7,
  "total_liklihood": -32169.354253308138
}
