{
  "modality_liklihoods": [
    -13482.515209652218,
    -13272.270576894485,
    -942.55229165150786,
    -4608.0315964527244
  ],
  "num_iteration": 1000,
  "num_modalities": 4,
  "num_topics": 7,
  "total_liklihood": -32305.369674650934
}
