{
  "modality_liklihoods": [
    -14520.098500262704,
    -13253.327514296489,
    -943.80682139625355,
    -4709.0210032778486
  ],
  "num_iteration": 1000,
  "num_modalities": 4,
  "num_topics": 7,
  "total_liklihood": -33426.253839233294
}
