{
  "modality_liklihoods": [
    -14585.624020410554,
    -13291.329794346495,
    -937.45034816170346,
    -4695.4862174970322
  ],
  "num_iteration": 1000,
  "num_modalities": 4,
  "num_topics": 7,
  "total_liklihood": -33509.890380415782
}
