{
  "modality_liklihoods": [
    -14609.95889106926,
    -13215.43849264078,
    -944.73317377619662,
    -4678.0314176256888
  ],
  "num_iteration": 1000,
  "num_modalities": 4,
  "num_topics": 7,
  "total_liklihood": -33448.161975111929
}
