{
  "modality_liklihoods": [
    -13507.932458627172,
    -13299.247846545688,
    -936.90498450096516,
    -4619.5003637286054
  ],
  "num_iteration": 1000,
  "num_modalities": 4,
  "num_topics": 7,
  "total_liklihood": -32363.585653402431
}
