{
  "modality_liklihoods": [
    -13657.337789562907,
    -13247.599844880095,
    -939.06787435614126,
    -4588.859466869907
  ],
  "num_iteration": 1000,
  "num_modalities": 4,
  "num_topics": 7,
  "total_liklihood": -32432.86497566905
}
