{
  "modality_liklihoods": [
    -14342.693792833161,
    -13261.825227521724,
    -937.54524404340498,
    -4636.6873720819576
  ],
  "num_iteration": 1000,
  "num_modalities": 4,
  "num_topics": 7,
  "total_liklihood": -33178.75163648025
}
