{
  "modality_liklihoods": [
    -13882.100653651731,
    -13230.861195585281,
    -942.97705333508327,
    -4625.1668446599424
  ],
  "num_iteration": 1000,
  "num_modalities": 4,
  "num_topics": 7,
  "total_liklihood": -32681.105747232039
}
