{
  "modality_liklihoods": [
    -13312.689097791672,
    -13287.353717335143,
    -941.89543380259408,
    -4552.954643646166
  ],
  "num_iteration": 1000,
  "num_modalities": 4,
  "num_topics": 7,
  "total_liklihood": -32094.892892575575
}
