{
  "modality_liklihoods": [
    -13156.258462836715,
    -13256.01026511821,
    -950.56654518087566,
    -4645.8122784122079
  ],
  "num_iteration": 1000,
  "num_modalities": 4,
  "num_topics": 7,
  "total_liklihood": -32008.647551548005
}
