{
  "modality_liklihoods": [
    -13993.672864745917,
    -13295.87538283217,
    -943.24216697040254,
    -4634.1473601494254
  ],
  "num_iteration": 1000,
  "num_modalities": 4,
  "num_topics": 7,
  "total_liklihood": -32866.937774697915
}
