{
  "modality_liklihoods": [
    -14712.933304741648,
    -13271.116796576867,
    -940.27425603403549,
    -4648.9453164433653
  ],
  "num_iteration": 1000,
  "num_modalities": 4,
  "num_topics": 7,
  "total_liklihood": -33573.269673795912
}
