{
  "modality_liklihoods": [
    -14181.133866863585,
    -13256.647759140911,
    -941.92186866428108,
    -4639.0744512213641
  ],
  "num_iteration": 1000,
  "num_modalities": 4,
  "num_topics": 7,
  "total_liklihood": -33018.777945890142
}
