{
  "modality_liklihoods": [
    -13722.730528065951,
    -13264.599557417967,
    -936.82534637929109,
    -4589.1137303302903
  ],
  "num_iteration": 1000,
  "num_modalities": 4,
  "num_topics": 7,
  "total_liklihood": -32513.269162193497
}
