{
  "modality_liklihoods": [
    -15076.32247218571,
    -13252.165079267588,
    -939.75569914799348,
    -4622.5664678954345
  ],
  "num_iteration": 1000,
  "num_modalities": 4,
  "num_topics": 7,
  "total_liklihood": -33890.809718496726
}
