{
  "modality_liklihoods": [
    -13866.368067250894,
    -13286.163828918088,
    -938.89157134229561,
    -4636.2295549908049
  ],
  "num_iteration": 1000,
  "num_modalities": 4,
  "num_topics": 7,
  "total_liklihood": -32727.653022502083
}
