{
  "modality_liklihoods": [
    -13991.601481016723,
    -13252.448310371545,
    -943.61153884263115,
    -4698.5799971241813
  ],
  "num_iteration": 1000,
  "num_modalities": 4,
  "num_topics": 7,
  "total_liklihood": -32886.241327355077
}
