{
  "modality_liklihoods": [
    -13216.80787761413,
    -13279.762224091033,
    -936.35281216136514,
    -4665.6323483310052
  ],
  "num_iteration": 1000,
  "num_modalities": 4,
  "num_topics": 7,
  "total_liklihood": -32098.555262197529
}
