{
  "modality_liklihoods": [
    -13638.566337130931,
    -13206.242767902855,
    -943.56641420492633,
    -4653.4469138338327
  ],
  "num_iteration": 1000,
  "num_modalities": 4,
  "num_topics": 7,
  "total_liklihood": -32441.822433072542
}
