{
  "modality_liklihoods": [
    -14612.406844131956,
    -13253.238563510487,
    -937.80479244020466,
    -4666.6065891578655
  ],
  "num_iteration": 1000,
  "num_modalities": 4,
  "num_topics": 7,
  "total_liklihood": -33470.056789240509
}
