{
  "modality_liklihoods": [
    -14032.606379179952,
    -13281.073740104181,
    -940.95491016960909,
    -4642.2032407181487
  ],
  "num_iteration": 1000,
  "num_modalities": 4,
  "num_topics": 7,
  "total_liklihood": -32896.838270171887
}
