{
  "modality_liklihoods": [
    -13834.094898510091,
    -13295.800267257508,
    -930.47549757454897,
    -4614.5063248093566
  ],
  "num_iteration": 1000,
  "num_modalities": 4,
  "num_topics": 7,
  "total_liklihood": -32674.876988151507
}
