{
  "modality_liklihoods": [
    -13986.130003960527,
    -13255.257934569163,
    -944.95313761668342,
    -4683.5632118584954
  ],
  "num_iteration": 1000,
  "num_modalities": 4,
  "num_topics": 7,
  "total_liklihood": -32869.904288004873
}
