{
  "modality_liklihoods": [
    -13638.427756707904,
    -13272.371354233808,
    -940.80381188678098,
    -4671.9388521872188
  ],
  "num_iteration": 1000,
  "num_modalities": 4,
  "num_topics": 7,
  "total_liklihood": -32523.541775015714
}
