{
  "modality_liklihoods": [
    -13787.934878259843,
    -13205.194352689587,
    -942.01863166047031,
    -4657.8016660271396
  ],
  "num_iteration": 1000,
  "num_modalities": 4,
  "num_topics": 7,
  "total_liklihood": -32592.94952863704
}
