{
  "modality_liklihoods": [
    -13837.592046524687,
    -13222.112270778009,
    -943.50658600350096,
    -4624.262886925053
  ],
  "num_iteration": 1000,
  "num_modalities": 4,
  "num_topics": 7,
  "total_liklihood": -32627.473790231248
}
