{
  "modality_liklihoods": [
    -12604.593460628021,
    -13277.658252707961,
    -938.02853024618742,
    -4676.9811202672217
  ],
  "num_iteration": 1000,
  "num_modalities": 4,
  "num_topics": 7,
  "total_liklihood": -31497.261363849389
}
