{
  "modality_liklihoods": [
    -13311.649612158089,
    -13250.08567855669,
    -941.78937900872484,
    -4654.3020690549247
  ],
  "num_iteration": 1000,
  "num_modalities": 4,
  "num_topics": 7,
  "total_liklihood": -32157.826738778429
}
