{
  "modality_liklihoods": [
    -13612.575113564328,
    -13267.783430057167,
    -937.61323526161743,
    -4632.4122904280775
  ],
  "num_iteration": 1000,
  "num_modalities": 4,
  "num_topics": 7,
  "total_liklihood": -32450.384069311189
}
