{
  "modality_liklihoods": [
    -12939.366855692972,
    -13218.684861145264,
    -942.35002002878775,
    -4632.255972675971
  ],
  "num_iteration": 1000,
  "num_modalities": 4,
  "num_topics": 7,
  "total_liklihood": -31732.657709542997
}
