{
  "modality_liklihoods": [
    -14195.892157356924,
    -13267.012490604253,
    -937.07510439275609,
    -4664.134227620154
  ],
  "num_iteration": 1000,
  "num_modalities": 4,
  "num_topics": 7,
  "total_liklihood": -33064.113979974092
}
