{
  "modality_liklihoods": [
    -14245.459293653925,
    -13253.325841051817,
    -938.0321973606076,
    -4665.1751424375288
  ],
  "num_iteration": 1000,
  "num_modalities": 4,
  "num_topics": 7,
  "total_liklihood": -33101.992474503881
}
