{
  "modality_liklihoods": [
    -14349.649587175087,
    -13212.637982025735,
    -936.13792558369744,
    -4633.1427777223525
  ],
  "num_iteration": 1000,
  "num_modalities": 4,
  "num_topics": 7,
  "total_liklihood": -33131.568272506876
}
