{
  "modality_liklihoods": [
    -14148.04625890088,
    -13278.685115985534,
    -935.14709178460805,
    -4633.4271130825773
  ],
  "num_iteration": 1000,
  "num_modalities": 4,
  "num_topics": 7,
  "total_liklihood": -32995.3055797536
}
