{
  "modality_liklihoods": [
    -13947.283447915606,
    -13236.142966235499,
    -938.91339848126654,
    -4651.110596737064
  ],
  "num_iteration": 1000,
  "num_modalities": 4,
  "num_topics": 7,
  "total_liklihood": -32773.450409369434
}
