{
  "modality_liklihoods": [
    -14230.222062375416,
    -13282.261376943081,
    -935.65821355785192,
    -4662.4964740020559
  ],
  "num_iteration": 1000,
  "num_modalities": 4,
  "num_topics": 7,
  "total_liklihood": -33110.63812687841
}
