{
  "modality_liklihoods": [
    -13567.182072033751,
    -13238.327271181313,
    -945.50109774539692,
    -4643.5008750748375
  ],
  "num_iteration": 1000,
  "num_modalities": 4,
  "num_topics": 7,
  "total_liklihood": -32394.511316035299
}
