{
  "modality_liklihoods": [
    -14109.145677929466,
    -13245.219607612309,
    -941.52908711911596,
    -4659.8191073003336
  ],
  "num_iteration": 1000,
  "num_modalities": 4,
  "num_topics": 7,
  "total_liklihood": -32955.713479961225
}
