{
  "modality_liklihoods": [
    -14036.369018731446,
    -13260.359695104464,
    -939.32215291160298,
    -4646.9542445946499
  ],
  "num_iteration": 1000,
  "num_modalities": 4,
  "num_topics": 7,
  "total_liklihood": -32883.005111342165
}
