{
  "modality_liklihoods": [
    -14192.883351834569,
    -13238.574931180392,
    -937.29822971248871,
    -4631.1156227682377
  ],
  "num_iteration": 1000,
  "num_modalities": 4,
  "num_topics": 7,
  "total_liklihood": -32999.872135495687
}
