{
  "modality_liklihoods": [
    -13856.711245759607,
    -13274.473643743255,
    -936.29333990967473,
    -4637.0970526844521
  ],
  "num_iteration": 1000,
  "num_modalities": 4,
  "num_topics": 7,
  "total_liklihood": -32704.575282096986
}
