{
  "modality_liklihoods": [
    -14096.975157313031,
    -13269.925493870251,
    -946.14742434008758,
    -4684.978826553719
  ],
  "num_iteration": 1000,
  "num_modalities": 4,
  "num_topics": 7,
  "total_liklihood": -32998.026902077087
}
