{
  "modality_liklihoods": [
    -13715.909033204824,
    -13319.126326687987,
    -935.87316807772959,
    -4579.7211979819685
  ],
  "num_iteration": 1000,
  "num_modalities": 4,
  "num_topics": 7,
  "total_liklihood": -32550.629725952513
}
