{
  "modality_liklihoods": [
    -14132.287439861653,
    -13217.837548290301,
    -940.801596552001,
    -4626.5514012773629
  ],
  "num_iteration": 1000,
  "num_modalities": 4,
  "num_topics": 7,
  "total_liklihood": -32917.477985981321
}
