{
  "modality_liklihoods": [
    -13998.20279381868,
    -13252.545022261864,
    -939.32912705844797,
    -4659.4152611086274
  ],
  "num_iteration": 1000,
  "num_modalities": 4,
  "num_topics": 7,
  "total_liklihood": -32849.492204247617
}
