{
  "modality_liklihoods": [
    -13801.792073156215,
    -13226.145071492103,
    -946.54643607518767,
    -4643.5689652740257
  ],
  "num_iteration": 1000,
  "num_modalities": 4,
  "num_topics": 7,
  "total_liklihood": -32618.052545997532
}
