{
  "modality_liklihoods": [
    -14375.831512757186,
    -13278.232590106083,
    -941.45357847141554,
    -4649.810754406989
  ],
  "num_iteration": 1000,
  "num_modalities": 4,
  "num_topics": 7,
  "total_liklihood": -33245.328435741671
}
