{
  "modality_liklihoods": [
    -12363.886099865776,
    -13257.697875514468,
    -940.98314972286926,
    -4640.2353909152962
  ],
  "num_iteration": 1000,
  "num_modalities": 4,
  "num_topics": 7,
  "total_liklihood": -31202.802516018408
}
