{
  "modality_liklihoods": [
    -12873.339881124246,
    -13277.39008433265,
    -946.1024380902187,
    -4621.1158648866431
  ],
  "num_iteration": 1000,
  "num_modalities": 4,
  "num_topics": 7,
  "total_liklihood": -31717.94826843376
}
