{
  "modality_liklihoods": [
    -13771.197810727295,
    -13291.249505255704,
    -941.77926094152542,
    -4645.516009392637
  ],
  "num_iteration": 1000,
  "num_modalities": 4,
  "num_topics": 7,
  "total_liklihood": -32649.742586317167
}
