{
  "modality_liklihoods": [
    -13871.044227233926,
    -13233.83467930346,
    -939.91299535141411,
    -4690.3263228066999
  ],
  "num_iteration": 1000,
  "num_modalities": 4,
  "num_topics": 7,
  "total_liklihood": -32735.1182246955
}
