{
  "modality_liklihoods": [
    -14298.246475965881,
    -13245.810327555073,
    -942.7465468386772,
    -4686.1213873628776
  ],
  "num_iteration": 1000,
  "num_modalities": 4,
  "num_topics": 7,
  "total_liklihood": -33172.924737722511
}
