{
  "modality_liklihoods": [
    -14288.213574771424,
    -13245.853022828271,
    -936.06323892536898,
    -4627.2915054396772
  ],
  "num_iteration": 1000,
  "num_modalities": 4,
  "num_topics": 7,
  "total_liklihood": -33097.421341964742
}
