{
  "modality_liklihoods": [
    -12661.066036400114,
    -13282.761647268877,
    -943.06403926742018,
    -4604.3009620151533
  ],
  "num_iteration": 1000,
  "num_modalities": 4,
  "num_topics": 7,
  "total_liklihood": -31491.192684951566
}
