{
  "modality_liklihoods": [
    -13175.013982610108,
    -13245.42156781172,
    -942.82346548229384,
    -4642.2147401229877
  ],
  "num_iteration": 1000,
  "num_modalities": 4,
  "num_topics": 7,
  "total_liklihood": -32005.47375602711
}
