{
  "modality_liklihoods": [
    -14122.199566887688,
    -13281.727259837739,
    -936.61520393812521,
    -4650.4203215912275
  ],
  "num_iteration": 1000,
  "num_modalities": 4,
  "num_topics": 7,
  "total_liklihood": -32990.962352254777
}
