{
  "modality_liklihoods": [
    -13987.464841178751,
    -13298.540635941399,
    -940.23952916316284,
    -4629.7273939503721
  ],
  "num_iteration": 1000,
  "num_modalities": 4,
  "num_topics": 7,
  "total_liklihood": -32855.972400233688
}
