{
  "modality_liklihoods": [
    -13380.224315212994,
    -13247.902858057105,
    -944.97581831574098,
    -4687.5233862830064
  ],
  "num_iteration": 1000,
  "num_modalities": 4,
  "num_topics": 7,
  "total_liklihood": -32260.626377868844
}
