{
  "modality_liklihoods": [
    -14008.153418527187,
    -13233.804852056828,
    -935.59719162405361,
    -4648.9211633192544
  ],
  "num_iteration": 1000,
  "num_modalities": 4,
  "num_topics": 7,
  "total_liklihood": -32826.476625527321
}
