{
  "modality_liklihoods": [
    -14654.422655259523,
    -13268.207807166173,
    -950.15468335538174,
    -4635.1493222547788
  ],
  "num_iteration": 1000,
  "num_modalities": 4,
  "num_topics": 7,
  "total_liklihood": -33507.934468035855
}
