{
  "modality_liklihoods": [
    -13979.121724763003,
    -13219.112554225103,
    -944.64493815284459,
    -4660.7753129416178
  ],
  "num_iteration": 1000,
  "num_modalities": 4,
  "num_topics": 7,
  "total_liklihood": -32803.654530082567
}
