{
  "modality_liklihoods": [
    -14068.113175455697,
    -13300.112799818122,
    -939.55201459121099,
    -4661.0366706980376
  ],
  "num_iteration": 1000,
  "num_modalities": 4,
  "num_topics": 7,
  "total_liklihood": -32968.814660563068
}
