{
  "modality_liklihoods": [
    -14626.806642101326,
    -13215.64060784986,
    -943.92901967145701,
    -4674.925360662859
  ],
  "num_iteration": 1000,
  "num_modalities": 4,
  "num_topics": 7,
  "total_liklihood": -33461.301630285503
}
