{
  "modality_liklihoods": [
    -14051.670146320241,
    -13268.944847521068,
    -934.55744400726519,
    -4629.9391569139761
  ],
  "num_iteration": 1000,
  "num_modalities": 4,
  "num_topics": 7,
  "total_liklihood": -32885.111594762551
}
