{
  "modality_liklihoods": [
    -14964.474542445185,
    -13209.758210252534,
    -947.96417371736743,
    -4651.8176452109055
  ],
  "num_iteration": 1000,
  "num_modalities": 4,
  "num_topics": 7,
  "total_liklihood": -33774.014571625987
}
