{
  "modality_liklihoods": [
    -13470.684338319918,
    -13264.708681489352,
    -941.51619369312755,
    -4604.7413325113384
  ],
  "num_iteration": 1000,
  "num_modalities": 4,
  "num_topics": 7,
  "total_liklihood": -32281.650546013738
}
