{
  "modality_liklihoods": [
    -14474.782526181414,
    -13208.731129495127,
    -939.11399427817935,
    -4691.360312606248
  ],
  "num_iteration": 1000,
  "num_modalities": 4,
  "num_topics": 7,
  "total_liklihood": -33313.987962560976
}
