{
  "modality_liklihoods": [
    -14710.921872654286,
    -13258.740945896752,
    -944.55915910113197,
    -4652.1866884025139
  ],
  "num_iteration": 1000,
  "num_modalities": 4,
  "num_topics": 7,
  "total_liklihood": -33566.408666054682
}
