{
  "modality_liklihoods": [
    -13876.79469756547,
    -13256.144409960873,
    -933.98146909617878,
    -4670.5364369750396
  ],
  "num_iteration": 1000,
  "num_modalities": 4,
  "num_topics": 7,
  "total_liklihood": -32737.457013597559
}
