{
  "modality_liklihoods": [
    -14519.971306736003,
    -13249.838983748146,
    -951.01914064656626,
    -4755.4984929298989
  ],
  "num_iteration": 1000,
  "num_modalities": 4,
  "num_topics": 7,
  "total_liklihood": -33476.327924060621
}
