{
  "modality_liklihoods": [
    -13977.086056317889,
    -13256.749506448012,
    -945.93647101928502,
    -4633.6089964041166
  ],
  "num_iteration": 1000,
  "num_modalities": 4,
  "num_topics": 7,
  "total_liklihood": -32813.381030189303
}
