{
  "modality_liklihoods": [
    -14312.738088207318,
    -13254.383426879695,
    -945.2630641988012,
    -4664.3361539288917
  ],
  "num_iteration": 1000,
  "num_modalities": 4,
  "num_topics": 7,
  "total_liklihood": -33176.720733214701
}
