{
  "modality_liklihoods": [
    -14081.834116895148,
    -13209.363342273278,
    -946.03630165883771,
    -4735.7946147002649
  ],
  "num_iteration": 1000,
  "num_modalities": 4,
  "num_topics": 7,
  "total_liklihood": -32973.02837552753
}
