{
  "modality_liklihoods": [
    -13918.84886892887,
    -13288.05828950286,
    -932.14733072317495,
    -4625.8311889234574
  ],
  "num_iteration": 1000,
  "num_modalities": 4,
  "num_topics": 7,
  "total_liklihood": -32764.885678078361
}
