{
  "modality_liklihoods": [
    -13844.950550755852,
    -13286.532560362712,
    -937.88523326158202,
    -4593.3392543376949
  ],
  "num_iteration": 1000,
  "num_modalities": 4,
  "num_topics": 7,
  "total_liklihood": -32662.70759871784
}
