{
  "modality_liklihoods": [
    -14008.76912940426,
    -13277.087221840937,
    -936.83183281156028,
    -4642.1890978681913
  ],
  "num_iteration": 1000,
  "num_modalities": 4,
  "num_topics": 7,
  "total_liklihood": -32864.877281924943
}
