{
  "modality_liklihoods": [
    -13170.070197148319,
    -13310.236607609924,
    -949.69867284812187,
    -4673.2174682344412
  ],
  "num_iteration": 1000,
  "num_modalities": 4,
  "num_topics": 7,
  "total_liklihood": -32103.222945840804
}
