{
  "modality_liklihoods": [
    -13327.006418913004,
    -13232.095704929576,
    -943.3204635417909,
    -4573.6200553076278
  ],
  "num_iteration": 1000,
  "num_modalities": 4,
  "num_topics": 7,
  "total_liklihood": -32076.042642691998
}
