{
  "modality_liklihoods": [
    -13514.666919727977,
    -13281.499678371894,
    -941.19365269250773,
    -4678.666948759329
  ],
  "num_iteration": 1000,
  "num_modalities": 4,
  "num_topics": 7,
  "total_liklihood": -32416.027199551711
}
