{
  "modality_liklihoods": [
    -14519.407242793792,
    -13214.886431889003,
    -937.1668612736205,
    -4673.7482905685165
  ],
  "num_iteration": 1000,
  "num_modalities": 4,
  "num_topics": 7,
  "total_liklihood": -33345.208826524933
}
