{
  "modality_liklihoods": [
    -14732.429737651275,
    -13214.156509491446,
    -937.30083806554944,
    -4668.2259495944409
  ],
  "num_iteration": 1000,
  "num_modalities": 4,
  "num_topics": 7,
  "total_liklihood": -33552.113034802707
}
