{
  "modality_liklihoods": [
    -13887.35532479808,
    -13289.472922056184,
    -936.88961384380127,
    -4609.1136815032687
  ],
  "num_iteration": 1000,
  "num_modalities": 4,
  "num_topics": 7,
  "total_liklihood": -32722.831542201337
}
