{
  "modality_liklihoods": [
    -13396.445382942011,
    -13240.214370713555,
    -937.79593833861611,
    -4628.7862706116866
  ],
  "num_iteration": 1000,
  "num_modalities": 4,
  "num_topics": 7,
  "total_liklihood": -32203.241962605865
}
