{
  "modality_liklihoods": [
    -13692.275254163646,
    -13290.422164895199,
    -935.85433956861823,
    -4667.859216228022
  ],
  "num_iteration": 1000,
  "num_modalities": 4,
  "num_topics": 7,
  "total_liklihood": -32586.410974855484
}
