{
  "modality_liklihoods": [
    -13976.252551933603,
    -13218.471691410381,
    -945.21238270394372,
    -4647.7052507168446
  ],
  "num_iteration": 1000,
  "num_modalities": 4,
  "num_topics": 7,
  "total_liklihood": -32787.64187676477
}
