{
  "modality_liklihoods": [
    -13905.394505939625,
    -13257.025181083123,
    -936.52702960997499,
    -4671.8798546640455
  ],
  "num_iteration": 1000,
  "num_modalities": 4,
  "num_topics": 7,
  "total_liklihood": -32770.826571296762
}
