{
  "modality_liklihoods": [
    -13829.602490568703,
    -13299.55774460549,
    -936.77562118378944,
    -4642.825065775929
  ],
  "num_iteration": 1000,
  "num_modalities": 4,
  "num_topics": 7,
  "total_liklihood": -32708.760922133908
}
