{
  "modality_liklihoods": [
    -13618.155849673523,
    -13256.870274025034,
    -943.88205847728807,
    -4658.0481887971382
  ],
  "num_iteration": 1000,
  "num_modalities": 4,
  "num_topics": 7,
  "total_liklihood": -32476.956370972985
}
