{
  "modality_liklihoods": [
    -14182.484164742384,
    -13276.539117251743,
    -940.45161516787095,
    -4643.2220584980523
  ],
  "num_iteration": 1000,
  "num_modalities": 4,
  "num_topics": 7,
  "total_liklihood": -33042.696955660052
}
