{
  "modality_liklihoods": [
    -13788.5033322133,
    -13295.781325396434,
    -929.21579142446899,
    -4626.4277695893115
  ],
  "num_iteration": 1000,
  "num_modalities": 4,
  "num_topics": 7,
  "total_liklihood": -32639.928218623514
}
