{
  "modality_liklihoods": [
    -14202.831691289548,
    -13240.658670541414,
    -948.59576954638192,
    -4625.8167490394071
  ],
  "num_iteration": 1000,
  "num_modalities": 4,
  "num_topics": 7,
  "total_liklihood": -33017.902880416746
}
