{
  "modality_liklihoods": [
    -13597.305387611768,
    -13263.828331518927,
    -937.50396800114424,
    -4620.9752041911606
  ],
  "num_iteration": 1000,
  "num_modalities": 4,
  "num_topics": 7,
  "total_liklihood": -32419.612891322999
}
