{
  "modality_liklihoods": [
    -13763.137298659734,
    -13273.216131901745,
    -940.10759693131604,
    -4627.5326026932617
  ],
  "num_iteration": 1000,
  "num_modalities": 4,
  "num_topics": 7,
  "total_liklihood": -32603.993630186058
}
