{
  "modality_liklihoods": [
    -13294.153980592531,
    -13251.891893517475,
    -941.9336799515695,
    -4643.4957100867687
  ],
  "num_iteration": 1000,
  "num_modalities": 4,
  "num_topics": 7,
  "total_liklihood": -32131.475264148346
}
