{
  "modality_liklihoods": [
    -13227.884502128996,
    -13261.755905171358,
    -939.03058194647326,
    -4636.1429725481148
  ],
  "num_iteration": 1000,
  "num_modalities": 4,
  "num_topics": 7,
  "total_liklihood": -32064.813961794942
}
