{
  "modality_liklihoods": [
    -13930.986819264665,
    -13273.641725769259,
    -938.96440495890567,
    -4643.4211470147202
  ],
  "num_iteration": 1000,
  "num_modalities": 4,
  "num_topics": 7,
  "total_liklihood": -32787.014097007544
}
