{
  "modality_liklihoods": [
    -14289.638743967012,
    -13301.411061325087,
    -935.14436347851472,
    -4640.7480168769862
  ],
  "num_iteration": 1000,
  "num_modalities": 4,
  "num_topics": 7,
  "total_liklihood": -33166.942185647596
}
