{
  "modality_liklihoods": [
    -14033.399100261855,
    -13228.050488081833,
    -950.40161465929771,
    -4660.2948621784244
  ],
  "num_iteration": 1000,
  "num_modalities": 4,
  "num_topics": 7,
  "total_liklihood": -32872.146065181412
}
