{
  "modality_liklihoods": [
    -13413.424668254716,
    -13266.654231928062,
    -941.35378900375622,
    -4615.4980655158088
  ],
  "num_iteration": 1000,
  "num_modalities": 4,
  "num_topics": 7,
  "total_liklihood": -32236.930754702342
}
