{
  "modality_liklihoods": [
    -14150.606506795209,
    -13278.373080072088,
    -939.07574168696499,
    -4699.503984783898
  ],
  "num_iteration": 1000,
  "num_modalities": 4,
  "num_topics": 7,
  "total_liklihood": -33067.559313338155
}
