{
  "modality_liklihoods": [
    -13815.884295416188,
    -13284.899682403513,
    -940.17822156583543,
    -4644.5783379794311
  ],
  "num_iteration": 1000,
  "num_modalities": 4,
  "num_topics": 7,
  "total_liklihood": -32685.540537364966
}
