{
  "modality_liklihoods": [
    -14378.213334164357,
    -13242.233834073199,
    -939.52296909496135,
    -4678.0843860144123
  ],
  "num_iteration": 1000,
  "num_modalities": 4,
  "num_topics": 7,
  "total_liklihood": -33238.054523346931
}
