{
  "modality_liklihoods": [
    -12499.282535281753,
    -13273.783820228111,
    -932.56143377904255,
    -4627.4237752023064
  ],
  "num_iteration": 1000,
  "num_modalities": 4,
  "num_topics": 7,
  "total_liklihood": -31333.051564491216
}
