{
  "modality_liklihoods": [
    -13881.362290900453,
    -13239.727971890086,
    -938.01210985750743,
    -4623.3354302674697
  ],
  "num_iteration": 1000,
  "num_modalities": 4,
  "num_topics": 7,
  "total_liklihood": -32682.437802915516
}
