{
  "modality_liklihoods": [
    -14314.809894626613,
    -13270.708649885162,
    -948.67375424686031,
    -4721.798425428653
  ],
  "num_iteration": 1000,
  "num_modalities": 4,
  "num_topics": 7,
  "total_liklihood": -33255.990724187286
}
