{
  "modality_liklihoods": [
    -14054.30479701792,
    -13266.980485213391,
    -940.76240687583118,
    -4626.9465829882174
  ],
  "num_iteration": 1000,
  "num_modalities": 4,
  "num_topics": 7,
  "total_liklihood": -32888.994272095355
}
