{
  "modality_liklihoods": [
    -13937.15553736115,
    -13300.266896688085,
    -940.56600447637572,
    -4606.9907674282022
  ],
  "num_iteration": 1000,
  "num_modalities": 4,
  "num_topics": 7,
  "total_liklihood": -32784.979205953816
}
