{
  "modality_liklihoods": [
    -13856.48960319648,
    -13246.429599178833,
    -941.96153942353567,
    -4675.3318223174265
  ],
  "num_iteration": 1000,
  "num_modalities": 4,
  "num_topics": 7,
  "total_liklihood": -32720.212564116278
}
