{
  "modality_liklihoods": [
    -14024.181235700409,
    -13246.567838226014,
    -941.8653172099597,
    -4644.007396497781
  ],
  "num_iteration": 1000,
  "num_modalities": 4,
  "num_topics": 7,
  "total_liklihood": -32856.621787634162
}
