{
  "modality_liklihoods": [
    -13848.991766244881,
    -13227.095266726863,
    -945.42066060852051,
    -4685.9004934350432
  ],
  "num_iteration": 1000,
  "num_modalities": 4,
  "num_topics": 7,
  "total_liklihood": -32707.40818701531
}
