{
  "modality_liklihoods": [
    -14073.239302122842,
    -13227.975419625725,
    -931.56736258942453,
    -4688.3345009575678
  ],
  "num_iteration": 1000,
  "num_modalities": 4,
  "num_topics": 7,
  "total_liklihood": -32921.11658529556
}
