{
  "modality_liklihoods": [
    -13900.477168089383,
    -13262.191584254593,
    -942.37694514472082,
    -4591.0246407725972
  ],
  "num_iteration": 1000,
  "num_modalities": 4,
  "num_topics": 7,
  "total_liklihood": -32696.070338261296
}
