{
  "modality_liklihoods": [
    -13486.06111086091,
    -13293.300952618278,
    -932.34413125049093,
    -4654.535569451994
  ],
  "num_iteration": 1000,
  "num_modalities": 4,
  "num_topics": 7,
  "total_liklihood": -32366.241764181672
}
