{
  "modality_liklihoods": [
    -13532.678363813415,
    -13244.429036023534,
    -942.9215034486773,
    -4680.2347186490269
  ],
  "num_iteration": 1000,
  "num_modalities": 4,
  "num_topics": 7,
  "total_liklihood": -32400.26362193465
}
