{
  "modality_liklihoods": [
    -14065.406615742706,
    -13260.163312210419,
    -939.98377871308708,
    -4627.3710133980976
  ],
  "num_iteration": 1000,
  "num_modalities": 4,
  "num_topics": 7,
  "total_liklihood": -32892.924720064308
}
