{
  "modality_liklihoods": [
    -12161.86683194541,
    -13301.011235650461,
    -950.44441915981406,
    -4688.1210932934609
  ],
  "num_iteration": 1000,
  "num_modalities": 4,
  "num_topics": 7,
  "total_liklihood": -31101.443580049148
}
