{
  "modality_liklihoods": [
    -13990.936122275174,
    -13246.038150922084,
    -934.782652828354,
    -4676.3188633188838
  ],
  "num_iteration": 1000,
  "num_modalities": 4,
  "num_topics": 7,
  "total_liklihood": -32848.075789344497
}
