{
  "modality_liklihoods": [
    -13232.930141956653,
    -13234.877735031461,
    -935.84286727515632,
    -4692.503966461617
  ],
  "num_iteration": 1000,
  "num_modalities": 4,
  "num_topics": 7,
  "total_liklihood": -32096.154710724888
}
