{
  "modality_liklihoods": [
    -13961.930952093355,
    -13249.553986117093,
    -930.55100331268113,
    -4682.7281750764923
  ],
  "num_iteration": 1000,
  "num_modalities": 4,
  "num_topics": 7,
  "total_liklihood": -32824.764116599617
}
