{
  "modality_liklihoods": [
    -14403.459805234183,
    -13231.84865103322,
    -939.23623766513708,
    -4758.4063504938094
  ],
  "num_iteration": 1000,
  "num_modalities": 4,
  "num_topics": 7,
  "total_liklihood": -33332.951044426351
}
