{
  "modality_liklihoods": [
    -14166.768555284858,
    -13240.00618098015,
    -944.43249495859118,
    -4752.3671377013743
  ],
  "num_iteration": 1000,
  "num_modalities": 4,
  "num_topics": 7,
  "total_liklihood": -33103.574368924972
}
