{
  "modality_liklihoods": [
    -13768.897360221286,
    -13212.518959504139,
    -939.68227117298068,
    -4710.6305909042894
  ],
  "num_iteration": 1000,
  "num_modalities": 4,
  "num_topics": 7,
  "total_liklihood": -32631.729181802693
}
