{
  "modality_liklihoods": [
    -13956.863881727684,
    -13295.311127304658,
    -941.37130558936394,
    -4633.6007763121561
  ],
  "num_iteration": 1000,
  "num_modalities": 4,
  "num_topics": 7,
  "total_liklihood": -32827.14709093386
}
