{
  "modality_liklihoods": [
    -13998.223368563758,
    -13281.564549204273,
    -939.08196349941693,
    -4586.5204570464939
  ],
  "num_iteration": 1000,
  "num_modalities": 4,
  "num_topics": 7,
  "total_liklihood": -32805.39033831394
}
