{
  "modality_liklihoods": [
    -13803.456789258089,
    -13270.754094911397,
    -952.38722858636095,
    -4607.1230234189115
  ],
  "num_iteration": 1000,
  "num_modalities": 4,
  "num_topics": 7,
  "total_liklihood": -32633.721136174761
}
