{
  "modality_liklihoods": [
    -13185.122887668085,
    -13255.19444571579,
    -948.5269140444891,
    -4613.9198562151196
  ],
  "num_iteration": 1000,
  "num_modalities": 4,
  "num_topics": 7,
  "total_liklihood": -32002.764103643487
}
