{
  "modality_liklihoods": [
    -13869.157503825787,
    -13280.029634200182,
    -935.43189585101561,
    -4630.6480624388132
  ],
  "num_iteration": 1000,
  "num_modalities": 4,
  "num_topics": 7,
  "total_liklihood": -32715.267096315798
}
