{
  "modality_liklihoods": [
    -14323.69427790253,
    -13215.299692371853,
    -933.71769588128302,
    -4651.4893326180854
  ],
  "num_iteration": 1000,
  "num_modalities": 4,
  "num_topics": 7,
  "total_liklihood": -33124.200998773747
}
