{
  "modality_liklihoods": [
    -14913.545594900173,
    -13249.383606497453,
    -935.52171420769912,
    -4644.8498695368107
  ],
  "num_iteration": 1000,
  "num_modalities": 4,
  "num_topics": 7,
  "total_liklihood": -33743.300785142135
}
