{
  "modality_liklihoods": [
    -13538.296705506518,
    -13271.279822778033,
    -939.77036780165497,
    -4672.5696486513298
  ],
  "num_iteration": 1000,
  "num_modalities": 4,
  "num_topics": 7,
  "total_liklihood": -32421.916544737538
}
