{
  "modality_liklihoods": [
    -13389.721414029947,
    -13308.421365178669,
    -945.18465787849846,
    -4689.4978160946921
  ],
  "num_iteration": 1000,
  "num_modalities": 4,
  "num_topics": 7,
  "total_liklihood": -32332.825253181807
}
