{
  "modality_liklihoods": [
    -13318.75348465065,
    -13259.355739916726,
    -943.54841804418777,
    -4629.0818086844338
  ],
  "num_iteration": 1000,
  "num_modalities": 4,
  "num_topics": 7,
  "total_liklihood": -32150.739451295998
}
