{
  "modality_liklihoods": [
    -13427.874870338213,
    -13302.623541087947,
    -946.36837769426143,
    -4759.2921910821533
  ],
  "num_iteration": 1000,
  "num_modalities": 4,
  "num_topics": 7,
  "total_liklihood": -32436.158980202574
}
