{
  "modality_liklihoods": [
    -13822.322868261557,
    -13230.822644866364,
    -941.42041804979397,
    -4620.5042379653241
  ],
  "num_iteration": 1000,
  "num_modalities": 4,
  "num_topics": 7,
  "total_liklihood": -32615.07016914304
}
