{
  "modality_liklihoods": [
    -14067.692838509554,
    -13242.141632629809,
    -939.96943885228541,
    -4657.2605189782316
  ],
  "num_iteration": 1000,
  "num_modalities": 4,
  "num_topics": 7,
  "total_liklihood": -32907.064428969883
}
