{
  "modality_liklihoods": [
    -14001.469137980806,
    -13270.742642665549,
    -938.87453655734816,
    -4681.8007306931031
  ],
  "num_iteration": 1000,
  "num_modalities": 4,
  "num_topics": 7,
  "total_liklihood": -32892.887047896809
}
