{
  "modality_liklihoods": [
    -14059.260934165128,
    -13284.607784619604,
    -947.46222669778672,
    -4637.4086031015277
  ],
  "num_iteration": 1000,
  "num_modalities": 4,
  "num_topics": 7,
  "total_liklihood": -32928.739548584046
}
