{
  "modality_liklihoods": [
    -14424.016673726139,
    -13267.543418230587,
    -938.3278164816162,
    -4586.8741312094053
  ],
  "num_iteration": 1000,
  "num_modalities": 4,
  "num_topics": 7,
  "total_liklihood": -33216.762039647743
}
