{
  "modality_liklihoods": [
    -14345.874360672169,
    -13291.98993726239,
    -932.00120437713838,
    -4663.5159026573119
  ],
  "num_iteration": 1000,
  "num_modalities": 4,
  "num_topics": 7,
  "total_liklihood": -33233.381404969012
}
