{
  "modality_liklihoods": [
    -13654.037209504862,
    -13286.406065630426,
    -942.42937101361554,
    -4635.1372209203537
  ],
  "num_iteration": 1000,
  "num_modalities": 4,
  "num_topics": 7,
  "total_liklihood": -32518.009867069257
}
