{
  "modality_liklihoods": [
    -14125.27972070633,
    -13297.573143785321,
    -946.63066048622682,
    -4646.897214051568
  ],
  "num_iteration": 1000,
  "num_modalities": 4,
  "num_topics": 7,
  "total_liklihood": -33016.380739029446
}
