{
  "modality_liklihoods": [
    -13501.30353899179,
    -13299.244697175374,
    -944.50638532562277,
    -4691.7310971762054
  ],
  "num_iteration": 1000,
  "num_modalities": 4,
  "num_topics": 7,
  "total_liklihood": -32436.785718668991
}
