{
  "modality_liklihoods": [
    -14425.383844223405,
    -13235.975041322312,
    -938.08201257624501,
    -4643.3213645316628
  ],
  "num_iteration": 1000,
  "num_modalities": 4,
  "num_topics": 7,
  "total_liklihood": -33242.762262653625
}
