{
  "modality_liklihoods": [
    -13833.848544947497,
    -13260.188525011878,
    -943.28719678211223,
    -4640.0825018348423
  ],
  "num_iteration": 1000,
  "num_modalities": 4,
  "num_topics": 7,
  "total_liklihood": -32677.406768576329
}
