{
  "modality_liklihoods": [
    -14187.240634817621,
    -13254.004796574536,
    -938.80500864422663,
    -4631.4675151313168
  ],
  "num_iteration": 1000,
  "num_modalities": 4,
  "num_topics": 7,
  "total_liklihood": -33011.517955167699
}
