{
  "modality_liklihoods": [
    -13399.350638772217,
    -13263.922689510908,
    -943.60029757257382,
    -4656.2281250177239
  ],
  "num_iteration": 1000,
  "num_modalities": 4,
  "num_topics": 7,
  "total_liklihood": -32263.101750873422
}
