{
  "modality_liklihoods": [
    -13446.357750079753,
    -13291.349646269084,
    -941.91287640489463,
    -4629.8300511772231
  ],
  "num_iteration": 1000,
  "num_modalities": 4,
  "num_topics": 7,
  "total_liklihood": -32309.450323930956
}
