{
  "modality_liklihoods": [
    -14105.065518417176,
    -13265.100123707029,
    -940.34810582308148,
    -4677.8822078506328
  ],
  "num_iteration": 1000,
  "num_modalities": 4,
  "num_topics": 7,
  "total_liklihood": -32988.395955797918
}
