{
  "modality_liklihoods": [
    -14150.070219447693,
    -13292.708422119542,
    -936.37184087338801,
    -4625.7872184985408
  ],
  "num_iteration": 1000,
  "num_modalities": 4,
  "num_topics": 7,
  "total_liklihood": -33004.937700939161
}
