{
  "modality_liklihoods": [
    -14048.860015982145,
    -13249.934319341482,
    -940.5375935585347,
    -4654.0935867458429
  ],
  "num_iteration": 1000,
  "num_modalities": 4,
  "num_topics": 7,
  "total_liklihood": -32893.425515628005
}
