{
  "modality_liklihoods": [
    -14883.015467426658,
    -13224.681109018724,
    -932.30611678792286,
    -4648.6780528037934
  ],
  "num_iteration": 1000,
  "num_modalities": 4,
  "num_topics": 7,
  "total_liklihood": -33688.680746037098
}
