{
  "modality_liklihoods": [
    -13860.819286502956,
    -13273.543876063872,
    -929.98461791084196,
    -4650.7835009863838
  ],
  "num_iteration": 1000,
  "num_modalities": 4,
  "num_topics": 7,
  "total_liklihood": -32715.131281464055
}
