{
  "modality_liklihoods": [
    -14094.40704990799,
    -13236.599260814433,
    -945.42869137494222,
    -4757.8289927498035
  ],
  "num_iteration": 1000,
  "num_modalities": 4,
  "num_topics": 7,
  "total_liklihood": -33034.26399484717
}
