{
  "modality_liklihoods": [
    -13828.98250566322,
    -13263.038341314532,
    -947.69073654774706,
    -4600.0562785887814
  ],
  "num_iteration": 1000,
  "num_modalities": 4,
  "num_topics": 7,
  "total_liklihood": -32639.767862114277
}
