{
  "modality_liklihoods": [
    -14077.454483115569,
    -13292.744012024745,
    -943.15310818944283,
    -4670.2917068276229
  ],
  "num_iteration": 1000,
  "num_modalities": 4,
  "num_topics": 7,
  "total_liklihood": -32983.643310157378
}
