{
  "modality_liklihoods": [
    -13477.198077042374,
    -13283.531300331591,
    -943.58987491090954,
    -4720.8347576876258
  ],
  "num_iteration": 1000,
  "num_modalities": 4,
  "num_topics": 7,
  "total_liklihood": -32425.154009972503
}
