{
  "modality_liklihoods": [
    -14987.66927769886,
    -13236.262890564196,
    -937.69864448776104,
    -4635.1928457026497
  ],
  "num_iteration": 1000,
  "num_modalities": 4,
  "num_topics": 7,
  "total_liklihood": -33796.823658453468
}
