{
  "modality_liklihoods": [
    -14538.708840635014,
    -13294.058338081806,
    -941.63983251199113,
    -4672.5834816759334
  ],
  "num_iteration": 1000,
  "num_modalities": 4,
  "num_topics": 7,
  "total_liklihood": -33446.990492904748
}
