{
  "modality_liklihoods": [
    -13806.779184640742,
    -13267.13248773502,
    -940.56021177897651,
    -4641.5232955965412
  ],
  "num_iteration": 1000,
  "num_modalities": 4,
  "num_topics": 7,
  "total_liklihood": -32655.995179751277
}
