{
  "modality_liklihoods": [
    -14175.798464511125,
    -13265.603606774459,
    -939.55812292769065,
    -4639.3449428908953
  ],
  "num_iteration": 1000,
  "num_modalities": 4,
  "num_topics": 7,
  "total_liklihood": -33020.305137104173
}
