{
  "modality_liklihoods": [
    -13725.586165845838,
    -13250.681518473075,
    -943.44791934084844,
    -4633.7852859790082
  ],
  "num_iteration": 1000,
  "num_modalities": 4,
  "num_topics": 7,
  "total_liklihood": -32553.500889638766
}
