{
  "modality_liklihoods": [
    -14074.190908811415,
    -13255.780268439901,
    -941.6212925373153,
    -4634.8482048557507
  ],
  "num_iteration": 1000,
  "num_modalities": 4,
  "num_topics": 7,
  "total_liklihood": -32906.440674644386
}
