{
  "modality_liklihoods": [
    -14459.309931176382,
    -13289.078089282219,
    -931.8049067220212,
    -4653.618217095569
  ],
  "num_iteration": 1000,
  "num_modalities": 4,
  "num_topics": 7,
  "total_liklihood": -33333.811144276187
}
