{
  "modality_liklihoods": [
    -13286.844373103362,
    -13249.856326939534,
    -935.94241688054376,
    -4639.4160775515438
  ],
  "num_iteration": 1000,
  "num_modalities": 4,
  "num_topics": 7,
  "total_liklihood": -32112.059194474987
}
