{
  "modality_liklihoods": [
    -13604.760945307929,
    -13246.574448927317,
    -941.95566796844241,
    -4736.9634997035619
  ],
  "num_iteration": 1000,
  "num_modalities": 4,
  "num_topics": 7,
  "total_liklihood": -32530.254561907252
}
