{
  "modality_liklihoods": [
    -14927.455234038791,
    -13213.836164781771,
    -943.05018972371681,
    -4626.3472819415829
  ],
  "num_iteration": 1000,
  "num_modalities": 4,
  "num_topics": 7,
  "total_liklihood": -33710.688870485857
}
