{
  "modality_liklihoods": [
    -13548.058821511202,
    -13235.925073380376,
    -945.82239155487196,
    -4611.2719081762716
  ],
  "num_iteration": 1000,
  "num_modalities": 4,
  "num_topics": 7,
  "total_liklihood": -32341.078194622722
}
