{
  "modality_liklihoods": [
    -14275.541258957404,
    -13276.468153713371,
    -943.03906528309415,
    -4676.3464991421042
  ],
  "num_iteration": 1000,
  "num_modalities": 4,
  "num_topics": 7,
  "total_liklihood": -33171.394977095973
}
