{
  "modality_liklihoods": [
    -14332.663059278404,
    -13342.830194001297,
    -950.12835601491713,
    -4598.9911909670509
  ],
  "num_iteration": 1000,
  "num_modalities": 4,
  "num_topics": 7,
  "total_liklihood": -33224.612800261668
}
