{
  "modality_liklihoods": [
    -13947.168857869419,
    -13254.979178797113,
    -944.5046366856028,
    -4619.8277059292295
  ],
  "num_iteration": 1000,
  "num_modalities": 4,
  "num_topics": 7,
  "total_liklihood": -32766.480379281369
}
