{
  "modality_liklihoods": [
    -13480.264102866206,
    -13274.019286159488,
    -934.89413227922694,
    -4584.5524849898557
  ],
  "num_iteration": 1000,
  "num_modalities": 4,
  "num_topics": 7,
  "total_liklihood": -32273.730006294776
}
