{
  "modality_liklihoods": [
    -13594.477494354409,
    -13302.664939890834,
    -935.55736298830868,
    -4645.4508807274578
  ],
  "num_iteration": 1000,
  "num_modalities": 4,
  "num_topics": 7,
  "total_liklihood": -32478.15067796101
}
