{
  "modality_liklihoods": [
    -13971.212843016488,
    -13258.120705858877,
    -940.56186521850839,
    -4654.9630329926922
  ],
  "num_iteration": 1000,
  "num_modalities": 4,
  "num_topics": 7,
  "total_liklihood": -32824.858447086568
}
