{
  "modality_liklihoods": [
    -13785.149293589728,
    -13299.573731399207,
    -936.09820869748626,
    -4618.8650628128571
  ],
  "num_iteration": 1000,
  "num_modalities": 4,
  "num_topics": 7,
  "total_liklihood": -32639.686296499276
}
