{
  "modality_liklihoods": [
    -14007.206852268144,
    -13289.529070611656,
    -945.66401584411528,
    -4662.4739163354589
  ],
  "num_iteration": 1000,
  "num_modalities": 4,
  "num_topics": 7,
  "total_liklihood": -32904.873855059377
}
