{
  "modality_liklihoods": [
    -13989.076824027368,
    -13223.931631694153,
    -938.17820198684001,
    -4660.9509332690614
  ],
  "num_iteration": 1000,
  "num_modalities": 4,
  "num_topics": 7,
  "total_liklihood": -32812.137590977421
}
