{
  "modality_liklihoods": [
    -14064.993377711391,
    -13269.012588782378,
    -938.56355280608329,
    -4628.8932614120367
  ],
  "num_iteration": 1000,
  "num_modalities": 4,
  "num_topics": 7,
  "total_liklihood": -32901.462780711889
}
