{
  "modality_liklihoods": [
    -14250.83317123798,
    -13240.560665499657,
    -941.26256638987604,
    -4613.8131835861823
  ],
  "num_iteration": 1000,
  "num_modalities": 4,
  "num_topics": 7,
  "total_liklihood": -33046.469586713698
}
