{
  "modality_liklihoods": [
    -13350.981142159675,
    -13254.670239022102,
    -945.56410878981808,
    -4636.7769136695042
  ],
  "num_iteration": 1000,
  "num_modalities": 4,
  "num_topics": 7,
  "total_liklihood": -32187.992403641103
}
