{
  "modality_liklihoods": [
    -13391.128437160882,
    -13216.730760581073,
    -940.73802563791628,
    -4591.4572527915261
  ],
  "num_iteration": 1000,
  "num_modalities": 4,
  "num_topics": 7,
  "total_liklihood": -32140.054476171397
}
