{
  "modality_liklihoods": [
    -13762.798344385343,
    -13210.995081688803,
    -943.05517911204663,
    -4679.6136851795782
  ],
  "num_iteration": 1000,
  "num_modalities": 4,
  "num_topics": 7,
  "total_liklihood": -32596.462290365769
}
