{
  "modality_liklihoods": [
    -13545.141974223834,
    -13290.523706214186,
    -943.72281143551106,
    -4664.2452889086162
  ],
  "num_iteration": 1000,
  "num_modalities": 4,
  "num_topics": 7,
  "total_liklihood": -32443.633780782144
}
