{
  "modality_liklihoods": [
    -13808.356223018376,
    -13299.952970615208,
    -939.56220188775478,
    -4620.944253608166
  ],
  "num_iteration": 1000,
  "num_modalities": 4,
  "num_topics": 7,
  "total_liklihood": -32668.815649129505
}
