{
  "modality_liklihoods": [
    -13479.658805357152,
    -13280.860487476064,
    -931.41270191667559,
    -4657.2679679671028
  ],
  "num_iteration": 1000,
  "num_modalities": 4,
  "num_topics": 7,
  "total_liklihood": -32349.199962716997
}
