{
  "modality_liklihoods": [
    -13506.4095343767,
    -13235.336594371553,
    -947.14219281231999,
    -4642.586046996722
  ],
  "num_iteration": 1000,
  "num_modalities": 4,
  "num_topics": 7,
  "total_liklihood": -32331.474368557294
}
