{
  "modality_liklihoods": [
    -14537.530363373209,
    -13249.238509483956,
    -938.55943681989368,
    -4625.9561452543849
  ],
  "num_iteration": 1000,
  "num_modalities": 4,
  "num_topics": 7,
  "total_liklihood": -33351.284454931447
}
