{
  "modality_liklihoods": [
    -14206.19349991462,
    -13254.845417403276,
    -936.54459749391742,
    -4646.3997190928103
  ],
  "num_iteration": 1000,
  "num_modalities": 4,
  "num_topics": 7,
  "total_liklihood": -33043.983233904626
}
