{
  "modality_liklihoods": [
    -14091.378530603855,
    -13214.308478913363,
    -940.96573467366716,
    -4638.86029709177
  ],
  "num_iteration": 1000,
  "num_modalities": 4,
  "num_topics": 7,
  "total_liklihood": -32885.513041282655
}
