{
  "modality_liklihoods": [
    -14257.612688829617,
    -13273.43877699627,
    -938.02262349204852,
    -4692.0507588819764
  ],
  "num_iteration": 1000,
  "num_modalities": 4,
  "num_topics": 7,
  "total_liklihood": -33161.124848199914
}
