{
  "modality_liklihoods": [
    -13835.478544165715,
    -13290.87247616995,
    -936.41461040081833,
    -4644.9465677908956
  ],
  "num_iteration": 1000,
  "num_modalities": 4,
  "num_topics": 7,
  "total_liklihood": -32707.712198527377
}
