{
  "modality_liklihoods": [
    -13903.953129073903,
    -13292.524147565817,
    -943.56203986928017,
    -4648.9211997795401
  ],
  "num_iteration": 1000,
  "num_modalities": 4,
  "num_topics": 7,
  "total_liklihood": -32788.960516288542
}
