{
  "modality_liklihoods": [
    -14585.906112880592,
    -13207.506573098366,
    -945.05405449089142,
    -4731.3121333250292
  ],
  "num_iteration": 1000,
  "num_modalities": 4,
  "num_topics": 7,
  "total_liklihood": -33469.778873794879
}
