{
  "modality_liklihoods": [
    -14013.43576125996,
    -13302.828216707459,
    -935.65771724136755,
    -4666.3192902482469
  ],
  "num_iteration": 1000,
  "num_modalities": 4,
  "num_topics": 7,
  "total_liklihood": -32918.240985457036
}
