{
  "modality_liklihoods": [
    -13189.405820980317,
    -13235.180493843307,
    -942.84451003869106,
    -4667.6801192458352
  ],
  "num_iteration": 1000,
  "num_modalities": 4,
  "num_topics": 7,
  "total_liklihood": -32035.11094410815
}
