{
  "modality_liklihoods": [
    -13878.583261595035,
    -13258.006983046995,
    -948.65341719406842,
    -4632.0517682150676
  ],
  "num_iteration": 1000,
  "num_modalities": 4,
  "num_topics": 7,
  "total_liklihood": -32717.295430051166
}
