{
  "modality_liklihoods": [
    -14959.274489410447,
    -13228.670002493034,
    -940.25502675885627,
    -4638.3221973554646
  ],
  "num_iteration": 1000,
  "num_modalities": 4,
  "num_topics": 7,
  "total_liklihood": -33766.5217160178
}
