{
  "modality_liklihoods": [
    -14715.164672088515,
    -13224.900134430072,
    -937.65426917494108,
    -4667.7216958919889
  ],
  "num_iteration": 1000,
  "num_modalities": 4,
  "num_topics": 7,
  "total_liklihood": -33545.44077158552
}
