{
  "modality_liklihoods": [
    -13935.786449987192,
    -13235.67484025544,
    -940.35571405671476,
    -4641.2306488759532
  ],
  "num_iteration": 1000,
  "num_modalities": 4,
  "num_topics": 7,
  "total_liklihood": -32753.047653175297
}
