{
  "modality_liklihoods": [
    -14088.679297798877,
    -13273.148901782301,
    -939.59641046064894,
    -4620.752515462912
  ],
  "num_iteration": 1000,
  "num_modalities": 4,
  "num_topics": 7,
  "total_liklihood": -32922.177125504742
}
