{
  "modality_liklihoods": [
    -13900.91083286198,
    -13205.582371554248,
    -939.13138590717824,
    -4708.2620628036375
  ],
  "num_iteration": 1000,
  "num_modalities": 4,
  "num_topics": 7,
  "total_liklihood": -32753.886653127043
}
