{
  "modality_liklihoods": [
    -13935.976478699737,
    -13259.994933712447,
    -944.40620693234018,
    -4670.9525475325454
  ],
  "num_iteration": 1000,
  "num_modalities": 4,
  "num_topics": 7,
  "total_liklihood": -32811.330166877065
}
