{
  "modality_liklihoods": [
    -13993.719408515481,
    -13306.718109408301,
    -936.23410860561523,
    -4658.2984617594602
  ],
  "num_iteration": 1000,
  "num_modalities": 4,
  "num_topics": 7,
  "total_liklihood": -32894.970088288857
}
