{
  "modality_liklihoods": [
    -13818.94009765287,
    -13304.741444348643,
    -934.6288597632157,
    -4670.8076707252358
  ],
  "num_iteration": 1000,
  "num_modalities": 4,
  "num_topics": 7,
  "total_liklihood": -32729.118072489964
}
