{
  "modality_liklihoods": [
    -14003.301773205358,
    -13261.273917011884,
    -934.51219928793182,
    -4656.7018339231918
  ],
  "num_iteration": 1000,
  "num_modalities": 4,
  "num_topics": 7,
  "total_liklihood": -32855.789723428366
}
