{
  "modality_liklihoods": [
    -13042.597004482495,
    -13287.328670024597,
    -938.1551769440299,
    -4612.3925446028952
  ],
  "num_iteration": 1000,
  "num_modalities": 4,
  "num_topics": 7,
  "total_liklihood": -31880.473396054018
}
