{
  "modality_liklihoods": [
    -14568.313747766952,
    -13267.464572096145,
    -942.71999864741974,
    -4679.2066590954955
  ],
  "num_iteration": 1000,
  "num_modalities": 4,
  "num_topics": 7,
  "total_liklihood": -33457.704977606008
}
