{
  "modality_liklihoods": [
    -14702.467006122197,
    -13229.192968559524,
    -942.69830003267657,
    -4688.7880219234803
  ],
  "num_iteration": 1000,
  "num_modalities": 4,
  "num_topics": 7,
  "total_liklihood": -33563.146296637882
}
