{
  "modality_liklihoods": [
    -13919.444427544415,
    -13276.712851551409,
    -945.68317918444552,
    -4649.033344177612
  ],
  "num_iteration": 1000,
  "num_modalities": 4,
  "num_topics": 7,
  "total_liklihood": -32790.873802457878
}
