{
  "modality_liklihoods": [
    -13948.223003015841,
    -13228.090738586734,
    -936.16974361490065,
    -4633.3037795664322
  ],
  "num_iteration": 1000,
  "num_modalities": 4,
  "num_topics": 7,
  "total_liklihood": -32745.787264783907
}
