{
  "modality_liklihoods": [
    -13812.311674316887,
    -13291.404783658398,
    -930.4714337181108,
    -4615.3803563638885
  ],
  "num_iteration": 1000,
  "num_modalities": 4,
  "num_topics": 7,
  "total_liklihood": -32649.568248057287
}
