{
  "modality_liklihoods": [
    -14963.953863497836,
    -13213.963206383867,
    -942.33443424516418,
    -4599.9854443146405
  ],
  "num_iteration": 1000,
  "num_modalities": 4,
  "num_topics": 7,
  "total_liklihood": -33720.23694844151
}
