{
  "modality_liklihoods": [
    -13995.122338894385,
    -13219.382429990033,
    -937.86032149182586,
    -4657.0132807374412
  ],
  "num_iteration": 1000,
  "num_modalities": 4,
  "num_topics": 7,
  "total_liklihood": -32809.378371113686
}
