{
  "modality_liklihoods": [
    -14760.917144581959,
    -13201.06882034746,
    -935.88868571190892,
    -4681.8547105814187
  ],
  "num_iteration": 1000,
  "num_modalities": 4,
  "num_topics": 7,
  "total_liklihood": -33579.729361222751
}
