{
  "modality_liklihoods": [
    -13847.107203812006,
    -13262.127752445846,
    -940.64151811763691,
    -4558.1146841688178
  ],
  "num_iteration": 1000,
  "num_modalities": 4,
  "num_topics": 7,
  "total_liklihood": -32607.991158544308
}
