{
  "modality_liklihoods": [
    -13458.094023813717,
    -13231.097350552189,
    -946.07203116244068,
    -4646.8388855596686
  ],
  "num_iteration": 1000,
  "num_modalities": 4,
  "num_topics": 7,
  "total_liklihood": -32282.102291088013
}
