{
  "modality_liklihoods": [
    -13595.049369831671,
    -13225.455636155908,
    -945.27728410933912,
    -4676.2378239196714
  ],
  "num_iteration": 1000,
  "num_modalities": 4,
  "num_topics": 7,
  "total_liklihood": -32442.020114016588
}
