{
  "modality_liklihoods": [
    -13763.489441063766,
    -13237.175802540898,
    -937.49003660464575,
    -4619.6033845555512
  ],
  "num_iteration": 1000,
  "num_modalities": 4,
  "num_topics": 7,
  "total_liklihood": -32557.75866476486
}
