{
  "modality_liklihoods": [
    -14025.590091332562,
    -13250.013246545386,
    -939.25762824339699,
    -4662.4993465706311
  ],
  "num_iteration": 1000,
  "num_modalities": 4,
  "num_topics": 7,
  "total_liklihood": -32877.360312691977
}
