{
  "modality_liklihoods": [
    -13620.31000619981,
    -13271.157403249261,
    -941.96204976233309,
    -4707.9404744017293
  ],
  "num_iteration": 1000,
  "num_modalities": 4,
  "num_topics": 7,
  "total_liklihood": -32541.369933613132
}
