{
  "modality_liklihoods": [
    -14127.184179163596,
    -13277.906566109763,
    -933.47732635379714,
    -4652.4885423237356
  ],
  "num_iteration": 1000,
  "num_modalities": 4,
  "num_topics": 7,
  "total_liklihood": -32991.056613950888
}
