{
  "modality_liklihoods": [
    -14623.915255628823,
    -13299.525254995016,
    -939.95998074594422,
    -4674.2865972385052
  ],
  "num_iteration": 1000,
  "num_modalities": 4,
  "num_topics": 7,
  "total_liklihood": -33537.687088608291
}
