{
  "modality_liklihoods": [
    -14093.77349397565,
    -13270.74668504587,
    -943.48193329287994,
    -4630.3735056719961
  ],
  "num_iteration": 1000,
  "num_modalities": 4,
  "num_topics": 7,
  "total_liklihood": -32938.375617986399
}
