{
  "modality_liklihoods": [
    -13056.24332079661,
    -13253.415747496352,
    -939.93473223979186,
    -4615.1182905942633
  ],
  "num_iteration": 1000,
  "num_modalities": 4,
  "num_topics": 7,
  "total_liklihood": -31864.712091127014
}
