{
  "modality_liklihoods": [
    -14344.133931574725,
    -13262.248919139583,
    -936.50887081728092,
    -4604.9158997326122
  ],
  "num_iteration": 1000,
  "num_modalities": 4,
  "num_topics": 7,
  "total_liklihood": -33147.807621264204
}
