{
  "modality_liklihoods": [
    -15052.736341977596,
    -13233.165147247415,
    -936.4879105313471,
    -4616.8751248192466
  ],
  "num_iteration": 1000,
  "num_modalities": 4,
  "num_topics": 7,
  "total_liklihood": -33839.264524575607
}
