{
  "modality_liklihoods": [
    -13546.582151492203,
    -13230.13137295758,
    -945.87539514838602,
    -4702.8570448787059
  ],
  "num_iteration": 1000,
  "num_modalities": 4,
  "num_topics": 7,
  "total_liklihood": -32425.445964476876
}
