{
  "modality_liklihoods": [
    -13305.776242565224,
    -13252.153039813353,
    -938.0716906188801,
    -4655.1975549984008
  ],
  "num_iteration": 1000,
  "num_modalities": 4,
  "num_topics": 7,
  "total_liklihood": -32151.198527995857
}
