{
  "modality_liklihoods": [
    -14332.189601007718,
    -13234.328178427359,
    -939.68267966356177,
    -4645.2574630333575
  ],
  "num_iteration": 1000,
  "num_modalities": 4,
  "num_topics": 7,
  "total_liklihood": -33151.457922131995
}
