{
  "modality_liklihoods": [
    -13664.990226732576,
    -13291.13066315616,
    -941.01754978687063,
    -4660.8617288517116
  ],
  "num_iteration": 1000,
  "num_modalities": 4,
  "num_topics": 7,
  "total_liklihood": -32558.000168527316
}
