{
  "modality_liklihoods": [
    -13969.316470075215,
    -13272.237192847157,
    -940.55941299807319,
    -4625.4469004202847
  ],
  "num_iteration": 1000,
  "num_modalities": 4,
  "num_topics": 7,
  "total_liklihood": -32807.55997634073
}
