{
  "modality_liklihoods": [
    -13813.30816079511,
    -13236.42989756918,
    -940.57952071942896,
    -4691.8089274658114
  ],
  "num_iteration": 1000,
  "num_modalities": 4,
  "num_topics": 7,
  "total_liklihood": -32682.126506549528
}
