{
  "modality_liklihoods": [
    -13753.535513822759,
    -13284.038364993867,
    -942.51877094283657,
    -4585.7360635913983
  ],
  "num_iteration": 1000,
  "num_modalities": 4,
  "num_topics": 7,
  "total_liklihood": -32565.82871335086
}
