{
  "modality_liklihoods": [
    -14343.342032052289,
    -13240.195710332695,
    -942.39199423798595,
    -4652.3678681074998
  ],
  "num_iteration": 1000,
  "num_modalities": 4,
  "num_topics": 7,
  "total_liklihood": -33178.297604730469
}
