{
  "modality_liklihoods": [
    -13248.906196434888,
    -13253.723720582979,
    -944.85059954437895,
    -4660.7509489843387
  ],
  "num_iteration": 1000,
  "num_modalities": 4,
  "num_topics": 7,
  "total_liklihood": -32108.231465546585
}
