{
  "modality_liklihoods": [
    -13735.516128654446,
    -13230.735527104907,
    -937.75944312036438,
    -4605.6867066030645
  ],
  "num_iteration": 1000,
  "num_modalities": 4,
  "num_topics": 7,
  "total_liklihood": -32509.697805482785
}
