{
  "modality_liklihoods": [
    -14060.881932665792,
    -13222.891709128879,
    -939.30219257006479,
    -4627.4110712736256
  ],
  "num_iteration": 1000,
  "num_modalities": 4,
  "num_topics": 7,
  "total_liklihood": -32850.486905638361
}
