{
  "modality_liklihoods": [
    -14212.840563980943,
    -13230.276845254444,
    -937.05585689630095,
    -4639.4425251771781
  ],
  "num_iteration": 1000,
  "num_modalities": 4,
  "num_topics": 7,
  "total_liklihood": -33019.615791308868
}
