{
  "modality_liklihoods": [
    -14277.989830185683,
    -13281.882069193003,
    -934.55701511630514,
    -4649.0694485757394
  ],
  "num_iteration": 1000,
  "num_modalities": 4,
  "num_topics": 7,
  "total_liklihood": -33143.498363070728
}
