{
  "modality_liklihoods": [
    -13525.152485440673,
    -13267.125433619995,
    -941.80194943251513,
    -4594.3347078464058
  ],
  "num_iteration": 1000,
  "num_modalities": 4,
  "num_topics": 7,
  "total_liklihood": -32328.41457633959
}
