{
  "modality_liklihoods": [
    -13970.053089676247,
    -13283.869207388267,
    -944.42354106645803,
    -4666.8051249015407
  ],
  "num_iteration": 1000,
  "num_modalities": 4,
  "num_topics": 7,
  "total_liklihood": -32865.150963032516
}
