{
  "modality_liklihoods": [
    -13809.14272668442,
    -13308.742311429978,
    -932.99216554066948,
    -4620.9322843936034
  ],
  "num_iteration": 1000,
  "num_modalities": 4,
  "num_topics": 7,
  "total_liklihood": -32671.809488048671
}
