{
  "modality_liklihoods": [
    -14045.376376763144,
    -13242.09062630729,
    -940.10756574002824,
    -4719.5288775137642
  ],
  "num_iteration": 1000,
  "num_modalities": 4,
  "num_topics": 7,
  "total_liklihood": -32947.103446324232
}
