{
  "modality_liklihoods": [
    -13817.778221773548,
    -13287.39474698314,
    -934.70966590826185,
    -4627.7020144529251
  ],
  "num_iteration": 1000,
  "num_modalities": 4,
  "num_topics": 7,
  "total_liklihood": -32667.584649117875
}
