{
  "modality_liklihoods": [
    -14431.426651972748,
    -13278.996958964601,
    -938.79488103204721,
    -4624.8104338285675
  ],
  "num_iteration": 1000,
  "num_modalities": 4,
  "num_topics": 7,
  "total_liklihood": -33274.028925797968
}
