{
  "modality_liklihoods": [
    -14146.564482427089,
    -13300.04180387516,
    -935.70389872686997,
    -4645.2945566594017
  ],
  "num_iteration": 1000,
  "num_modalities": 4,
  "num_topics": 7,
  "total_liklihood": -33027.604741688519
}
