{
  "modality_liklihoods": [
    -13834.847526562431,
    -13305.288296533367,
    -938.13707390359536,
    -4635.4746723606077
  ],
  "num_iteration": 1000,
  "num_modalities": 4,
  "num_topics": 7,
  "total_liklihood": -32713.747569360003
}
