{
  "modality_liklihoods": [
    -14120.199236327038,
    -13277.715716054605,
    -932.02449877462436,
    -4646.9394277256333
  ],
  "num_iteration": 1000,
  "num_modalities": 4,
  "num_topics": 7,
  "total_liklihood": -32976.8788788819
}
