{
  "modality_liklihoods": [
    -14440.823891996411,
    -13232.373269739101,
    -938.19220982474826,
    -4665.1325048975186
  ],
  "num_iteration": 1000,
  "num_modalities": 4,
  "num_topics": 7,
  "total_liklihood": -33276.52187645778
}
