{
  "modality_liklihoods": [
    -14349.461837591409,
    -13248.350041699787,
    -937.3602675205899,
    -4610.7531793262388
  ],
  "num_iteration": 1000,
  "num_modalities": 4,
  "num_topics": 7,
  "total_liklihood": -33145.925326138022
}
