{
  "modality_liklihoods": [
    -13973.147511147248,
    -13247.326334300507,
    -940.68391724861669,
    -4663.721675811199
  ],
  "num_iteration": 1000,
  "num_modalities": 4,
  "num_topics": 7,
  "total_liklihood": -32824.879438507574
}
