{
  "modality_liklihoods": [
    -14510.039777119466,
    -13300.952371032534,
    -938.69932944687559,
    -4652.4330577062228
  ],
  "num_iteration": 1000,
  "num_modalities": 4,
  "num_topics": 7,
  "total_liklihood": -33402.124535305098
}
