{
  "modality_liklihoods": [
    -14017.700107673094,
    -13281.812281277564,
    -939.89099374331533,
    -4652.7759180897583
  ],
  "num_iteration": 1000,
  "num_modalities": 4,
  "num_topics": 7,
  "total_liklihood": -32892.179300783733
}
