{
  "modality_liklihoods": [
    -13838.173484778221,
    -13280.340976475325,
    -939.02069306411443,
    -4639.7186938782688
  ],
  "num_iteration": 1000,
  "num_modalities": 4,
  "num_topics": 7,
  "total_liklihood": -32697.253848195927
}
