{
  "modality_liklihoods": [
    -13702.339190440905,
    -13231.632402688747,
    -947.6978629256738,
    -4634.6957613438917
  ],
  "num_iteration": 1000,
  "num_modalities": 4,
  "num_topics": 7,
  "total_liklihood": -32516.365217399216
}
