{
  "modality_liklihoods": [
    -14316.343031894912,
    -13305.703711996477,
    -932.97412779935269,
    -4631.8359419398139
  ],
  "num_iteration": 1000,
  "num_modalities": 4,
  "num_topics": 7,
  "total_liklihood": -33186.856813630555
}
