{
  "modality_liklihoods": [
    -14441.493212626548,
    -13216.336751208428,
    -939.2939024140295,
    -4580.5620240429034
  ],
  "num_iteration": 1000,
  "num_modalities": 4,
  "num_topics": 7,
  "total_liklihood": -33177.685890291912
}
