{
  "modality_liklihoods": [
    -14059.266402151628,
    -13293.972590808338,
    -943.18268846252306,
    -4613.7128777731141
  ],
  "num_iteration": 1000,
  "num_modalities": 4,
  "num_topics": 7,
  "total_liklihood": -32910.134559195605
}
