{
  "modality_liklihoods": [
    -13874.467863713269,
    -13231.516730696509,
    -944.76799467213243,
    -4664.3956686171859
  ],
  "num_iteration": 1000,
  "num_modalities": 4,
  "num_topics": 7,
  "total_liklihood": -32715.148257699097
}
