{
  "modality_liklihoods": [
    -13992.582398894892,
    -13280.0494069657,
    -939.4588972273541,
    -4628.6299449243388
  ],
  "num_iteration": 1000,
  "num_modalities": 4,
  "num_topics": 7,
  "total_liklihood": -32840.720648012284
}
