{
  "modality_liklihoods": [
    -14325.973456807276,
    -13250.915144648439,
    -932.89572190957551,
    -4628.1944667238376
  ],
  "num_iteration": 1000,
  "num_modalities": 4,
  "num_topics": 7,
  "total_liklihood": -33137.978790089124
}
