{
  "modality_liklihoods": [
    -14137.007218014318,
    -13280.531500600817,
    -944.28727719595304,
    -4655.3790627955159
  ],
  "num_iteration": 1000,
  "num_modalities": 4,
  "num_topics": 7,
  "total_liklihood": -33017.205058606603
}
