{
  "modality_liklihoods": [
    -13600.889599038015,
    -13300.122979509431,
    -932.29363747949913,
    -4655.7351392953487
  ],
  "num_iteration": 1000,
  "num_modalities": 4,
  "num_topics": 7,
  "total_liklihood": -32489.041355322293
}
