{
  "modality_liklihoods": [
    -13572.224167919996,
    -13286.738157002366,
    -941.70593196005416,
    -4672.5377270420795
  ],
  "num_iteration": 1000,
  "num_modalities": 4,
  "num_topics": 7,
  "total_liklihood": -32473.205983924498
}
