{
  "modality_liklihoods": [
    -14089.849009909418,
    -13270.92985878145,
    -936.76269967375924,
    -4618.1905306932304
  ],
  "num_iteration": 1000,
  "num_modalities": 4,
  "num_topics": 7,
  "total_liklihood": -32915.732099057859
}
