{
  "modality_liklihoods": [
    -14300.071779108457,
    -13261.085671822702,
    -940.83259504439422,
    -4623.2038744625661
  ],
  "num_iteration": 1000,
  "num_modalities": 4,
  "num_topics": 7,
  "total_liklihood": -33125.19392043812
}
