{
  "modality_liklihoods": [
    -14004.246458577943,
    -13249.855862740889,
    -935.22620494208218,
    -4671.5010567879799
  ],
  "num_iteration": 1000,
  "num_modalities": 4,
  "num_topics": 7,
  "total_liklihood": -32860.829583048893
}
