{
  "modality_liklihoods": [
    -13855.943414959795,
    -13296.027817484073,
    -930.12508190027938,
    -4629.39796019611
  ],
  "num_iteration": 1000,
  "num_modalities": 4,
  "num_topics": 7,
  "total_liklihood": -32711.494274540255
}
