{
  "modality_liklihoods": [
    -14174.055948426465,
    -13268.985073113461,
    -940.04771122912246,
    -4672.2276236466705
  ],
  "num_iteration": 1000,
  "num_modalities": 4,
  "num_topics": 7,
  "total_liklihood": -33055.316356415715
}
