{
  "modality_liklihoods": [
    -14535.957093437075,
    -13223.407741333691,
    -942.82865071716435,
    -4745.1514979427448
  ],
  "num_iteration": 1000,
  "num_modalities": 4,
  "num_topics": 7,
  "total_liklihood": -33447.344983430674
}
