{
  "modality_liklihoods": [
    -12776.764655816858,
    -13254.307666563944,
    -941.97326448883427,
    -4660.8643498624651
  ],
  "num_iteration": 1000,
  "num_modalities": 4,
  "num_topics": 7,
  "total_liklihood": -31633.909936732103
}
