{
  "modality_liklihoods": [
    -14313.105900969325,
    -13253.339113528618,
    -938.63654517256441,
    -4616.433316690388
  ],
  "num_iteration": 1000,
  "num_modalities": 4,
  "num_topics": 7,
  "total_liklihood": -33121.514876360896
}
