{
  "modality_liklihoods": [
    -13383.372072954773,
    -13304.185604637123,
    -941.9455152181547,
    -4614.4813933379201
  ],
  "num_iteration": 1000,
  "num_modalities": 4,
  "num_topics": 7,
  "total_liklihood": -32243.98458614797
}
