{
  "modality_liklihoods": [
    -13984.94902883923,
    -13235.524093403475,
    -937.84334082013856,
    -4654.587925821912
  ],
  "num_iteration": 1000,
  "num_modalities": 4,
  "num_topics": 7,
  "total_liklihood": -32812.904388884759
}
