{
  "modality_liklihoods": [
    -14243.801967720674,
    -13270.614463528256,
    -929.46678107038611,
    -4653.0716369522579
  ],
  "num_iteration": 1000,
  "num_modalities": 4,
  "num_topics": 7,
  "total_liklihood": -33096.954849271577
}
