{
  "modality_liklihoods": [
    -14500.728176749635,
    -13276.207249823507,
    -940.0338849106414,
    -4649.941201545219
  ],
  "num_iteration": 1000,
  "num_modalities": 4,
  "num_topics": 7,
  "total_liklihood": -33366.910513029005
}
