{
  "modality_liklihoods": [
    -14712.247391680263,
    -13270.343662582303,
    -934.6977123499837,
    -4632.2576971705066
  ],
  "num_iteration": 1000,
  "num_modalities": 4,
  "num_topics": 7,
  "total_liklihood": -33549.546463783052
}
