{
  "modality_liklihoods": [
    -14027.760432551249,
    -13219.08950751585,
    -944.12636583308642,
    -4654.6488647406768
  ],
  "num_iteration": 1000,
  "num_modalities": 4,
  "num_topics": 7,
  "total_liklihood": -32845.625170640866
}
