{
  "modality_liklihoods": [
    -12985.155663915884,
    -13267.17717819262,
    -941.18201583304949,
    -4626.4095888256343
  ],
  "num_iteration": 1000,
  "num_modalities": 4,
  "num_topics": 7,
  "total_liklihood": -31819.924446767185
}
