{
  "modality_liklihoods": [
    -13493.368944524695,
    -13213.409468888098,
    -949.9841563459571,
    -4662.5689930623957
  ],
  "num_iteration": 1000,
  "num_modalities": 4,
  "num_topics": 7,
  "total_liklihood": -32319.331562821146
}
