{
  "modality_liklihoods": [
    -12872.296249429657,
    -13279.955922953826,
    -935.18950431227904,
    -4611.7801454694018
  ],
  "num_iteration": 1000,
  "num_modalities": 4,
  "num_topics": 7,
  "total_liklihood": -31699.221822165164
}
