{
  "modality_liklihoods": [
    -14405.903754025907,
    -13259.805285064562,
    -937.47037300183342,
    -4636.9754518628115
  ],
  "num_iteration": 1000,
  "num_modalities": 4,
  "num_topics": 7,
  "total_liklihood": -33240.154863955118
}
