{
  "modality_liklihoods": [
    -14176.169348867195,
    -13285.089072413335,
    -938.63658141802057,
    -4638.6746704854522
  ],
  "num_iteration": 1000,
  "num_modalities": 4,
  "num_topics": 7,
  "total_liklihood": -33038.569673184
}
