{
  "modality_liklihoods": [
    -14108.230465636445,
    -13257.93093713883,
    -938.85622908885478,
    -4642.2749626835575
  ],
  "num_iteration": 1000,
  "num_modalities": 4,
  "num_topics": 7,
  "total_liklihood": -32947.292594547689
}
