{
  "modality_liklihoods": [
    -14047.761366418861,
    -13254.964847855421,
    -939.82543662143996,
    -4621.6716768722617
  ],
  "num_iteration": 1000,
  "num_modalities": 4,
  "num_topics": 7,
  "total_liklihood": -32864.223327767984
}
