{
  "modality_liklihoods": [
    -13530.756328659536,
    -13288.581175827831,
    -947.86097264776379,
    -4695.4487017916308
  ],
  "num_iteration": 1000,
  "num_modalities": 4,
  "num_topics": 7,
  "total_liklihood": -32462.64717892676
}
