{
  "modality_liklihoods": [
    -13028.401135993719,
    -13314.975719080427,
    -944.44090949774738,
    -4630.4240153295423
  ],
  "num_iteration": 1000,
  "num_modalities": 4,
  "num_topics": 7,
  "total_liklihood": -31918.241779901437
}
