{
  "modality_liklihoods": [
    -14043.33850447865,
    -13285.940029046022,
    -942.20111410633251,
    -4647.6441845210047
  ],
  "num_iteration": 1000,
  "num_modalities": 4,
  "num_topics": 7,
  "total_liklihood": -32919.123832152014
}
