{
  "modality_liklihoods": [
    -13620.916876752901,
    -13204.840502992089,
    -943.27763616693494,
    -4643.382317745818
  ],
  "num_iteration": 1000,
  "num_modalities": 4,
  "num_topics": 7,
  "total_liklihood": -32412.417333657741
}
