{
  "modality_liklihoods": [
    -14286.570515214558,
    -13234.182415776662,
    -941.10941282090516,
    -4598.7231825626086
  ],
  "num_iteration": 1000,
  "num_modalities": 4,
  "num_topics": 7,
  "total_liklihood": -33060.585526374736
}
