{
  "modality_liklihoods": [
    -13981.930640113884,
    -13294.897073584181,
    -942.96520930822533,
    -4619.7590502111016
  ],
  "num_iteration": 1000,
  "num_modalities": 4,
  "num_topics": 7,
  "total_liklihood": -32839.551973217393
}
