{
  "modality_liklihoods": [
    -13551.785811230458,
    -13260.920607088101,
    -941.50137962397116,
    -4621.2453600450699
  ],
  "num_iteration": 1000,
  "num_modalities": 4,
  "num_topics": 7,
  "total_liklihood": -32375.453157987598
}
