{
  "modality_liklihoods": [
    -13530.673846346286,
    -13246.559614431359,
    -936.47946988664967,
    -4642.1273463333337
  ],
  "num_iteration": 1000,
  "num_modalities": 4,
  "num_topics": 7,
  "total_liklihood": -32355.840276997627
}
