{
  "modality_liklihoods": [
    -13871.11566382445,
    -13260.929064647024,
    -937.54348475320603,
    -4624.3518328759155
  ],
  "num_iteration": 1000,
  "num_modalities": 4,
  "num_topics": 7,
  "total_liklihood": -32693.940046100597
}
