{
  "modality_liklihoods": [
    -14012.679232819566,
    -13311.662639048163,
    -932.61813132054772,
    -4665.3979111004292
  ],
  "num_iteration": 1000,
  "num_modalities": 4,
  "num_topics": 7,
  "total_liklihood": -32922.357914288703
}
