{
  "modality_liklihoods": [
    -13518.19164503823,
    -13275.935743128917,
    -943.5097415996803,
    -4628.0617571337934
  ],
  "num_iteration": 1000,
  "num_modalities": 4,
  "num_topics": 7,
  "total_liklihood": -32365.69888690062
}
