{
  "modality_liklihoods": [
    -14515.056924708506,
    -13279.660204100766,
    -936.75833809455207,
    -4657.1504593417112
  ],
  "num_iteration": 1000,
  "num_modalities": 4,
  "num_topics": 7,
  "total_liklihood": -33388.625926245535
}
