{
  "modality_liklihoods": [
    -14440.461370741581,
    -13264.099311489268,
    -937.69566893757678,
    -4634.404657414344
  ],
  "num_iteration": 1000,
  "num_modalities": 4,
  "num_topics": 7,
  "total_liklihood": -33276.661008582771
}
