{
  "modality_liklihoods": [
    -14804.767271155237,
    -13199.167120609964,
    -937.0692147462421,
    -4690.2922994859618
  ],
  "num_iteration": 1000,
  "num_modalities": 4,
  "num_topics": 7,
  "total_liklihood": -33631.295905997409
}
