{
  "modality_liklihoods": [
    -13374.869425669962,
    -13256.09387467005,
    -936.7764988209376,
    -4645.068365120067
  ],
  "num_iteration": 1000,
  "num_modalities": 4,
  "num_topics": 7,
  "total_liklihood": -32212.808164281018
}
