{
  "modality_liklihoods": [
    -14264.928986497198,
    -13231.586803329299,
    -944.84614356931593,
    -4650.6254625094507
  ],
  "num_iteration": 1000,
  "num_modalities": 4,
  "num_topics": 7,
  "total_liklihood": -33091.987395905264
}
