{
  "modality_liklihoods": [
    -14352.443729225099,
    -13236.985060446663,
    -941.6474112316821,
    -4638.6853932284666
  ],
  "num_iteration": 1000,
  "num_modalities": 4,
  "num_topics": 7,
  "total_liklihood": -33169.761594131909
}
