{
  "modality_liklihoods": [
    -14094.748446289488,
    -13216.851426942219,
    -936.57724689736676,
    -4645.0239512128837
  ],
  "num_iteration": 1000,
  "num_modalities": 4,
  "num_topics": 7,
  "total_liklihood": -32893.201071341959
}
