{
  "modality_liklihoods": [
    -13878.040147966562,
    -13268.363626392747,
    -936.19166436156752,
    -4737.5707016529295
  ],
  "num_iteration": 1000,
  "num_modalities": 4,
  "num_topics": 7,
  "total_liklihood": -32820.166140373804
}
