{
  "modality_liklihoods": [
    -14033.111370863962,
    -13225.130817747095,
    -939.87683216447749,
    -4664.8512153377951
  ],
  "num_iteration": 1000,
  "num_modalities": 4,
  "num_topics": 7,
  "total_liklihood": -32862.970236113331
}
