{
  "modality_liklihoods": [
    -13841.847915437327,
    -13291.633466775997,
    -939.09236448285174,
    -4630.3772372334461
  ],
  "num_iteration": 1000,
  "num_modalities": 4,
  "num_topics": 7,
  "total_liklihood": -32702.950983929619
}
