{
  "modality_liklihoods": [
    -14059.892952654838,
    -13302.580576207525,
    -940.59361517542754,
    -4652.8164937588945
  ],
  "num_iteration": 1000,
  "num_modalities": 4,
  "num_topics": 7,
  "total_liklihood": -32955.883637796687
}
