{
  "modality_liklihoods": [
    -14032.275610203595,
    -13259.636602810782,
    -946.90859376786136,
    -4623.0942974482759
  ],
  "num_iteration": 1000,
  "num_modalities": 4,
  "num_topics": 7,
  "total_liklihood": -32861.915104230517
}
