{
  "modality_liklihoods": [
    -13981.975833189574,
    -13309.278570009694,
    -937.48113548107585,
    -4672.3602921009797
  ],
  "num_iteration": 1000,
  "num_modalities": 4,
  "num_topics": 7,
  "total_liklihood": -32901.09583078132
}
