{
  "modality_liklihoods": [
    -14009.869467878148,
    -13274.019639882847,
    -943.3783085453274,
    -4684.1149279503779
  ],
  "num_iteration": 1000,
  "num_modalities": 4,
  "num_topics": 7,
  "total_liklihood": -32911.382344256701
}
