{
  "modality_liklihoods": [
    -12574.804179229812,
    -13254.83679879034,
    -938.80740238907879,
    -4695.452815947966
  ],
  "num_iteration": 1000,
  "num_modalities": 4,
  "num_topics": 7,
  "total_liklihood": -31463.901196357197
}
