{
  "modality_liklihoods": [
    -13754.544910209117,
    -13267.839522290897,
    -942.640075280053,
    -4675.2572800502267
  ],
  "num_iteration": 1000,
  "num_modalities": 4,
  "num_topics": 7,
  "total_liklihood": -32640.281787830296
}
