{
  "modality_liklihoods": [
    -13847.558446883086,
    -13259.186877977234,
    -942.16968650333877,
    -4656.8535003624593
  ],
  "num_iteration": 1000,
  "num_modalities": 4,
  "num_topics": 7,
  "total_liklihood": -32705.768511726117
}
