{
  "modality_liklihoods": [
    -14496.801191847519,
    -13205.311290167829,
    -943.85824650151756,
    -4754.2124702373367
  ],
  "num_iteration": 1000,
  "num_modalities": 4,
  "num_topics": 7,
  "total_liklihood": -33400.183198754203
}
