{
  "modality_liklihoods": [
    -14195.057144456498,
    -13266.551750136419,
    -941.24719372703021,
    -4726.7390363052173
  ],
  "num_iteration": 1000,
  "num_modalities": 4,
  "num_topics": 7,
  "total_liklihood": -33129.595124625164
}
