{
  "modality_liklihoods": [
    -13439.026017525568,
    -13301.213130716515,
    -939.82372094920674,
    -4646.7857272653755
  ],
  "num_iteration": 1000,
  "num_modalities": 4,
  "num_topics": 7,
  "total_liklihood": -32326.848596456664
}
