{
  "modality_liklihoods": [
    -14329.921286095689,
    -13256.742566072744,
    -941.12430873663288,
    -4762.7625872720719
  ],
  "num_iteration": 1000,
  "num_modalities": 4,
  "num_topics": 7,
  "total_liklihood": -33290.550748177142
}
