{
  "modality_liklihoods": [
    -13831.922753743002,
    -13196.937624047418,
    -933.97455412682234,
    -4635.3114701115173
  ],
  "num_iteration": 1000,
  "num_modalities": 4,
  "num_topics": 7,
  "total_liklihood": -32598.14640202876
}
