{
  "modality_liklihoods": [
    -13978.620697121949,
    -13244.616933480198,
    -947.5785919425324,
    -4664.2205785746864
  ],
  "num_iteration": 1000,
  "num_modalities": 4,
  "num_topics": 7,
  "total_liklihood": -32835.036801119364
}
