{
  "modality_liklihoods": [
    -13174.703515614137,
    -13292.886947018718,
    -939.68768949928028,
    -4618.1523627155084
  ],
  "num_iteration": 1000,
  "num_modalities": 4,
  "num_topics": 7,
  "total_liklihood": -32025.430514847645
}
