{
  "modality_liklihoods": [
    -14230.435100407063,
    -13249.958090933213,
    -942.64361335121851,
    -4623.6215417633521
  ],
  "num_iteration": 1000,
  "num_modalities": 4,
  "num_topics": 7,
  "total_liklihood": -33046.658346454846
}
