{
  "modality_liklihoods": [
    -14052.152699088705,
    -13270.631793805633,
    -934.49058458510171,
    -4613.3133450404484
  ],
  "num_iteration": 1000,
  "num_modalities": 4,
  "num_topics": 7,
  "total_liklihood": -32870.58842251989
}
