{
  "modality_liklihoods": [
    -13438.482917886728,
    -13225.004114158199,
    -949.04914033231728,
    -4696.9530110545065
  ],
  "num_iteration": 1000,
  "num_modalities": 4,
  "num_topics": 7,
  "total_liklihood": -32309.48918343175
}
