{
  "modality_liklihoods": [
    -14355.20194403574,
    -13272.079081351483,
    -936.72400477818326,
    -4579.8969913857263
  ],
  "num_iteration": 1000,
  "num_modalities": 4,
  "num_topics": 7,
  "total_liklihood": -33143.902021551134
}
