{
  "modality_liklihoods": [
    -14172.778524704019,
    -13273.059758717913,
    -936.26517427175577,
    -4664.9634698371756
  ],
  "num_iteration": 1000,
  "num_modalities": 4,
  "num_topics": 7,
  "total_liklihood": -33047.066927530861
}
