{
  "modality_liklihoods": [
    -14313.406869924784,
    -13257.741684877337,
    -941.13245791630413,
    -4750.353072383703
  ],
  "num_iteration": 1000,
  "num_modalities": 4,
  "num_topics": 7,
  "total_liklihood": -33262.63408510213
}
