{
  "modality_liklihoods": [
    -13316.008762634803,
    -13311.312979071556,
    -931.37765223527128,
    -4733.7212997076067
  ],
  "num_iteration": 1000,
  "num_modalities": 4,
  "num_topics": 7,
  "total_liklihood": -32292.420693649234
}
