{
  "modality_liklihoods": [
    -13223.80716565446,
    -13292.293086567497,
    -939.44869312595597,
    -4641.4492924964061
  ],
  "num_iteration": 1000,
  "num_modalities": 4,
  "num_topics": 7,
  "total_liklihood": -32096.99823784432
}
