{
  "modality_liklihoods": [
    -13560.558519587941,
    -13237.174154008235,
    -944.15445784018243,
    -4671.5891421621327
  ],
  "num_iteration": 1000,
  "num_modalities": 4,
  "num_topics": 7,
  "total_liklihood": -32413.476273598491
}
