{
  "modality_liklihoods": [
    -13969.713028521144,
    -13263.111241696488,
    -939.90005692536147,
    -4637.0062752662379
  ],
  "num_iteration": 1000,
  "num_modalities": 4,
  "num_topics": 7,
  "total_liklihood": -32809.730602409232
}
