{
  "modality_liklihoods": [
    -14081.746704841213,
    -13220.472402133702,
    -937.92239420129738,
    -4632.4792697187604
  ],
  "num_iteration": 1000,
  "num_modalities": 4,
  "num_topics": 7,
  "total_liklihood": -32872.620770894973
}
