{
  "modality_liklihoods": [
    -13774.162564457356,
    -13262.301502489034,
    -941.50161933650122,
    -4579.289059477338
  ],
  "num_iteration": 1000,
  "num_modalities": 4,
  "num_topics": 7,
  "total_liklihood": -32557.25474576023
}
