{
  "modality_liklihoods": [
    -12777.062828936912,
    -13257.262209721035,
    -942.55707086406403,
    -4650.7989886534178
  ],
  "num_iteration": 1000,
  "num_modalities": 4,
  "num_topics": 7,
  "total_liklihood": -31627.681098175424
}
