{
  "modality_liklihoods": [
    -13433.240995190139,
    -13280.041265824466,
    -937.51012697539045,
    -4668.1984444328791
  ],
  "num_iteration": 1000,
  "num_modalities": 4,
  "num_topics": 7,
  "total_liklihood": -32318.990832422875
}
