{
  "modality_liklihoods": [
    -13671.815421579997,
    -13257.607136189592,
    -939.86895551937334,
    -4665.4453979347199
  ],
  "num_iteration": 1000,
  "num_modalities": 4,
  "num_topics": 7,
  "total_liklihood": -32534.736911223685
}
