{
  "modality_liklihoods": [
    -14249.170589081043,
    -13246.125062215371,
    -943.56846563575141,
    -4633.5876209043236
  ],
  "num_iteration": 1000,
  "num_modalities": 4,
  "num_topics": 7,
  "total_liklihood": -33072.451737836491
}
