{
  "modality_liklihoods": [
    -13730.637588077454,
    -13290.384327310245,
    -944.28835074412905,
    -4627.6105272046416
  ],
  "num_iteration": 1000,
  "num_modalities": 4,
  "num_topics": 7,
  "total_liklihood": -32592.920793336467
}
