{
  "modality_liklihoods": [
    -14269.351473236586,
    -13245.935528305876,
    -929.91112017852754,
    -4607.390806831876
  ],
  "num_iteration": 1000,
  "num_modalities": 4,
  "num_topics": 7,
  "total_liklihood": -33052.588928552868
}
