{
  "modality_liklihoods": [
    -14355.416315929006,
    -13247.666448195278,
    -937.50827673427591,
    -4614.6993082411645
  ],
  "num_iteration": 1000,
  "num_modalities": 4,
  "num_topics": 7,
  "total_liklihood": -33155.290349099727
}
