{
  "modality_liklihoods": [
    -14369.619101633647,
    -13268.797145035947,
    -932.71875476826369,
    -4647.411506266174
  ],
  "num_iteration": 1000,
  "num_modalities": 4,
  "num_topics": 7,
  "total_liklihood": -33218.546507704028
}
