{
  "modality_liklihoods": [
    -13894.89203159757,
    -13270.277139794684,
    -943.26817538163914,
    -4644.1954660117253
  ],
  "num_iteration": 1000,
  "num_modalities": 4,
  "num_topics": 7,
  "total_liklihood": -32752.632812785621
}
