{
  "modality_liklihoods": [
    -14097.331078640382,
    -13204.586899026148,
    -942.41790034164933,
    -4642.8685074765444
  ],
  "num_iteration": 1000,
  "num_modalities": 4,
  "num_topics": 7,
  "total_liklihood": -32887.204385484722
}
