{
  "modality_liklihoods": [
    -13217.009253342627,
    -13234.109446402968,
    -952.55247939968024,
    -4609.0230041397472
  ],
  "num_iteration": 1000,
  "num_modalities": 4,
  "num_topics": 7,
  "total_liklihood": -32012.694183285024
}
