{
  "modality_liklihoods": [
    -13251.591653346331,
    -13274.101901431142,
    -943.52008328262025,
    -4676.856612428579
  ],
  "num_iteration": 1000,
  "num_modalities": 4,
  "num_topics": 7,
  "total_liklihood": -32146.070250488672
}
