{
  "modality_liklihoods": [
    -13687.171164304536,
    -13206.874883345148,
    -941.55412283847443,
    -4678.886624125972
  ],
  "num_iteration": 1000,
  "num_modalities": 4,
  "num_topics": 7,
  "total_liklihood": -32514.486794614131
}
