{
  "modality_liklihoods": [
    -14282.639745621347,
    -13208.250572976129,
    -929.45045800212245,
    -4657.6812848617155
  ],
  "num_iteration": 1000,
  "num_modalities": 4,
  "num_topics": 7,
  "total_liklihood": -33078.022061461321
}
