{
  "modality_liklihoods": [
    -14463.149654402392,
    -13216.637716428968,
    -940.17531394221328,
    -4721.4560685491724
  ],
  "num_iteration": 1000,
  "num_modalities": 4,
  "num_topics": 7,
  "total_liklihood": -33341.418753322745
}
