{
  "modality_liklihoods": [
    -13939.115261510275,
    -13235.755988645518,
    -943.52498877113169,
    -4659.0211836229983
  ],
  "num_iteration": 1000,
  "num_modalities": 4,
  "num_topics": 7,
  "total_liklihood": -32777.417422549923
}
