{
  "modality_liklihoods": [
    -13787.951002546792,
    -13272.904391515745,
    -946.89614944074333,
    -4624.3362302465084
  ],
  "num_iteration": 1000,
  "num_modalities": 4,
  "num_topics": 7,
  "total_liklihood": -32632.087773749787
}
