{
  "modality_liklihoods": [
    -14349.391875521416,
    -13288.852072754662,
    -932.06672158245283,
    -4645.5196195198923
  ],
  "num_iteration": 1000,
  "num_modalities": 4,
  "num_topics": 7,
  "total_liklihood": -33215.830289378428
}
