{
  "modality_liklihoods": [
    -13958.639168962996,
    -13300.497272707576,
    -943.5075399014155,
    -4665.6505886241966
  ],
  "num_iteration": 1000,
  "num_modalities": 4,
  "num_topics": 7,
  "total_liklihood": -32868.294570196187
}
