{
  "modality_liklihoods": [
    -13810.01468981027,
    -13261.461444883162,
    -943.51664550797352,
    -4620.939172801628
  ],
  "num_iteration": 1000,
  "num_modalities": 4,
  "num_topics": 7,
  "total_liklihood": -32635.931953003033
}
