{
  "modality_liklihoods": [
    -14123.149521327205,
    -13254.934584830033,
    -940.85169206309547,
    -4690.7046086995342
  ],
  "num_iteration": 1000,
  "num_modalities": 4,
  "num_topics": 7,
  "total_liklihood": -33009.640406919862
}
