{
  "modality_liklihoods": [
    -14124.245216712634,
    -13220.321841746767,
    -940.6797747100419,
    -4658.4001701946909
  ],
  "num_iteration": 1000,
  "num_modalities": 4,
  "num_topics": 7,
  "total_liklihood": -32943.647003364138
}
