{
  "modality_liklihoods": [
    -14423.871405948039,
    -13258.955646376442,
    -946.74043936362057,
    -4597.1943975898839
  ],
  "num_iteration": 1000,
  "num_modalities": 4,
  "num_topics": 7,
  "total_liklihood": -33226.761889277986
}
