{
  "modality_liklihoods": [
    -13353.391767931402,
    -13217.533896669947,
    -938.36068154967143,
    -4637.7384503716276
  ],
  "num_iteration": 1000,
  "num_modalities": 4,
  "num_topics": 7,
  "total_liklihood": -32147.024796522648
}
