{
  "modality_liklihoods": [
    -13814.360407679116,
    -13242.400203835519,
    -934.01512118293499,
    -4631.8108010414717
  ],
  "num_iteration": 1000,
  "num_modalities": 4,
  "num_topics": 7,
  "total_liklihood": -32622.586533739042
}
