{
  "modality_liklihoods": [
    -13783.898003035289,
    -13250.642388191503,
    -946.39542870048183,
    -4608.282227815258
  ],
  "num_iteration": 1000,
  "num_modalities": 4,
  "num_topics": 7,
  "total_liklihood": -32589.218047742535
}
