{
  "modality_liklihoods": [
    -13777.036506340944,
    -13256.996281216158,
    -952.50542422320166,
    -4628.1198668363813
  ],
  "num_iteration": 1000,
  "num_modalities": 4,
  "num_topics": 7,
  "total_liklihood": -32614.658078616681
}
