{
  "modality_liklihoods": [
    -13837.746556756518,
    -13274.68462381809,
    -945.4709189607496,
    -4696.4580382700724
  ],
  "num_iteration": 1000,
  "num_modalities": 4,
  "num_topics": 7,
  "total_liklihood": -32754.36013780543
}
