{
  "modality_liklihoods": [
    -12546.295624792236,
    -13264.272837086906,
    -939.38340598375646,
    -4702.9010742043574
  ],
  "num_iteration": 1000,
  "num_modalities": 4,
  "num_topics": 7,
  "total_liklihood": -31452.852942067257
}
