{
  "modality_liklihoods": [
    -14322.683989283209,
    -13274.059398566042,
    -938.31928272278344,
    -4624.944396396827
  ],
  "num_iteration": 1000,
  "num_modalities": 4,
  "num_topics": 7,
  "total_liklihood": -33160.007066968865
}
