{
  "modality_liklihoods": [
    -13064.775028715123,
    -13258.071415972152,
    -937.96633452227559,
    -4660.1617236857182
  ],
  "num_iteration": 1000,
  "num_modalities": 4,
  "num_topics": 7,
  "total_liklihood": -31920.974502895268
}
