{
  "modality_liklihoods": [
    -14185.521155522107,
    -13230.636645094159,
    -936.94502173508272,
    -4652.860038875855
  ],
  "num_iteration": 1000,
  "num_modalities": 4,
  "num_topics": 7,
  "total_liklihood": -33005.962861227206
}
