{
  "modality_liklihoods": [
    -13834.531605327045,
    -13279.395433831738,
    -935.0022123810038,
    -4609.7270889833126
  ],
  "num_iteration": 1000,
  "num_modalities": 4,
  "num_topics": 7,
  "total_liklihood": -32658.656340523103
}
