{
  "modality_liklihoods": [
    -14037.364017026579,
    -13225.508096578902,
    -940.40200155546052,
    -4748.4877059249984
  ],
  "num_iteration": 1000,
  "num_modalities": 4,
  "num_topics": 7,
  "total_liklihood": -32951.761821085936
}
