{
  "modality_liklihoods": [
    -14293.771116721811,
    -13272.716269975583,
    -945.4488876137093,
    -4669.3482078472007
  ],
  "num_iteration": 1000,
  "num_modalities": 4,
  "num_topics": 7,
  "total_liklihood": -33181.284482158306
}
