{
  "modality_liklihoods": [
    -13899.492295344644,
    -13245.520209667657,
    -943.33618371719967,
    -4604.2414898505485
  ],
  "num_iteration": 1000,
  "num_modalities": 4,
  "num_topics": 7,
  "total_liklihood": -32692.590178580049
}
