{
  "modality_liklihoods": [
    -13965.737381828631,
    -13248.493586285576,
    -939.44358291669812,
    -4612.8273987154571
  ],
  "num_iteration": 1000,
  "num_modalities": 4,
  "num_topics": 7,
  "total_liklihood": -32766.501949746362
}
