{
  "modality_liklihoods": [
    -13046.948338203572,
    -13243.154120259855,
    -943.20733732111,
    -4646.0483310488808
  ],
  "num_iteration": 1000,
  "num_modalities": 4,
  "num_topics": 7,
  "total_liklihood": -31879.35812683342
}
