{
  "modality_liklihoods": [
    -13624.268636877096,
    -13299.626610933316,
    -945.82836100430825,
    -4653.1688429732903
  ],
  "num_iteration": 1000,
  "num_modalities": 4,
  "num_topics": 7,
  "total_liklihood": -32522.892451788008
}
