{
  "modality_liklihoods": [
    -13633.831555855159,
    -13254.191600651344,
    -939.69311467953935,
    -4698.9057483028255
  ],
  "num_iteration": 1000,
  "num_modalities": 4,
  "num_topics": 7,
  "total_liklihood": -32526.62201948887
}
