{
  "modality_liklihoods": [
    -14053.546703797048,
    -13218.700229255352,
    -942.30682991148899,
    -4665.7790176264098
  ],
  "num_iteration": 1000,
  "num_modalities": 4,
  "num_topics": 7,
  "total_liklihood": -32880.332780590295
}
