{
  "modality_liklihoods": [
    -13880.534179601253,
    -13290.10161808619,
    -942.77669583889394,
    -4672.9358019550282
  ],
  "num_iteration": 1000,
  "num_modalities": 4,
  "num_topics": 7,
  "total_liklihood": -32786.348295481366
}
