{
  "modality_liklihoods": [
    -14569.874181746854,
    -13250.609037246129,
    -943.05624900010923,
    -4629.4275787237721
  ],
  "num_iteration": 1000,
  "num_modalities": 4,
  "num_topics": 7,
  "total_liklihood": -33392.967046716869
}
