{
  "modality_liklihoods": [
    -14027.196185803959,
    -13300.947192980238,
    -943.07523221278382,
    -4628.7883209011889
  ],
  "num_iteration": 1000,
  "num_modalities": 4,
  "num_topics": 7,
  "total_liklihood": -32900.00693189817
}
