{
  "modality_liklihoods": [
    -13918.945120257826,
    -13258.116901244839,
    -945.03971195474082,
    -4721.9908923408275
  ],
  "num_iteration": 1000,
  "num_modalities": 4,
  "num_topics": 7,
  "total_liklihood": -32844.092625798236
}
