{
  "modality_liklihoods": [
    -13826.446284317855,
    -13238.290630144907,
    -946.91370708624402,
    -4651.4802034010236
  ],
  "num_iteration": 1000,
  "num_modalities": 4,
  "num_topics": 7,
  "total_liklihood": -32663.130824950033
}
