{
  "modality_liklihoods": [
    -13849.631958124437,
    -13268.171582587052,
    -937.85995519344874,
    -4613.8242671167209
  ],
  "num_iteration": 1000,
  "num_modalities": 4,
  "num_topics": 7,
  "total_liklihood": -32669.487763021658
}
