{
  "modality_liklihoods": [
    -13415.657158451264,
    -13261.7320579509,
    -939.2034123078713,
    -4626.9184003833161
  ],
  "num_iteration": 1000,
  "num_modalities": 4,
  "num_topics": 7,
  "total_liklihood": -32243.511029093352
}
