{
  "modality_liklihoods": [
    -14104.746410793274,
    -13261.929512571798,
    -934.09248052780902,
    -4620.1907651989686
  ],
  "num_iteration": 1000,
  "num_modalities": 4,
  "num_topics": 7,
  "total_liklihood": -32920.959169091853
}
