{
  "modality_liklihoods": [
    -14077.399798984085,
    -13268.920999874792,
    -939.35048657203549,
    -4620.8961236558998
  ],
  "num_iteration": 1000,
  "num_modalities": 4,
  "num_topics": 7,
  "total_liklihood": -32906.567409086812
}
