{
  "modality_liklihoods": [
    -13510.567888236375,
    -13211.551517475084,
    -947.57216878076963,
    -4641.5562927361434
  ],
  "num_iteration": 1000,
  "num_modalities": 4,
  "num_topics": 7,
  "total_liklihood": -32311.247867228372
}
