{
  "modality_liklihoods": [
    -13790.392731935855,
    -13257.573921104906,
    -942.19308028976445,
    -4628.2428464946133
  ],
  "num_iteration": 1000,
  "num_modalities": 4,
  "num_topics": 7,
  "total_liklihood": -32618.402579825142
}
