{
  "modality_liklihoods": [
    -13920.344728461519,
    -13264.049694259604,
    -934.07500442421326,
    -4665.3208609596732
  ],
  "num_iteration": 1000,
  "num_modalities": 4,
  "num_topics": 7,
  "total_liklihood": -32783.79028810501
}
