{
  "modality_liklihoods": [
    -14075.170164913505,
    -13274.784912797501,
    -931.09933103371213,
    -4629.2187248899299
  ],
  "num_iteration": 1000,
  "num_modalities": 4,
  "num_topics": 7,
  "total_liklihood": -32910.273133634648
}
