{
  "modality_liklihoods": [
    -13675.353142393818,
    -13230.021678123418,
    -946.76805842438387,
    -4664.9956013873843
  ],
  "num_iteration": 1000,
  "num_modalities": 4,
  "num_topics": 7,
  "total_liklihood": -32517.138480329006
}
