{
  "modality_liklihoods": [
    -13409.298459245347,
    -13321.893081524409,
    -931.981296494768,
    -4643.6696898184628
  ],
  "num_iteration": 1000,
  "num_modalities": 4,
  "num_topics": 7,
  "total_liklihood": -32306.842527082987
}
