{
  "modality_liklihoods": [
    -14144.597167089034,
    -13281.426900912047,
    -938.49781431288602,
    -4657.6404655354227
  ],
  "num_iteration": 1000,
  "num_modalities": 4,
  "num_topics": 7,
  "total_liklihood": -33022.162347849393
}
