{
  "modality_liklihoods": [
    -14965.81886655462,
    -13223.124753776929,
    -940.74099847695027,
    -4634.8559598742913
  ],
  "num_iteration": 1000,
  "num_modalities": 4,
  "num_topics": 7,
  "total_liklihood": -33764.540578682791
}
