{
  "modality_liklihoods": [
    -14116.033292118362,
    -13244.628861764026,
    -944.7113452267065,
    -4595.6636954300538
  ],
  "num_iteration": 1000,
  "num_modalities": 4,
  "num_topics": 7,
  "total_liklihood": -32901.037194539153
}
