{
  "modality_liklihoods": [
    -14285.950828620171,
    -13266.229695942691,
    -938.65427577916978,
    -4634.6201385755212
  ],
  "num_iteration": 1000,
  "num_modalities": 4,
  "num_topics": 7,
  "total_liklihood": -33125.454938917552
}
