{
  "modality_liklihoods": [
    -14742.703911082337,
    -13227.074506476334,
    -932.46886317195936,
    -4667.4464244040919
  ],
  "num_iteration": 1000,
  "num_modalities": 4,
  "num_topics": 7,
  "total_liklihood": -33569.693705134719
}
