{
  "modality_liklihoods": [
    -14320.814869643475,
    -13247.795817024127,
    -936.85296908638725,
    -4638.6708573452115
  ],
  "num_iteration": 1000,
  "num_modalities": 4,
  "num_topics": 7,
  "total_liklihood": -33144.134513099198
}
