{
  "modality_liklihoods": [
    -13293.535796342096,
    -13255.01265284062,
    -937.76687206095664,
    -4628.2398447716796
  ],
  "num_iteration": 1000,
  "num_modalities": 4,
  "num_topics": 7,
  "total_liklihood": -32114.555166015354
}
