{
  "modality_liklihoods": [
    -14279.787867564379,
    -13264.155916802292,
    -934.32656785165375,
    -4677.0159093704815
  ],
  "num_iteration": 1000,
  "num_modalities": 4,
  "num_topics": 7,
  "total_liklihood": -33155.286261588808
}
