{
  "modality_liklihoods": [
    -14229.849822778491,
    -13252.793713254625,
    -943.12839804990847,
    -4655.5883707130879
  ],
  "num_iteration": 1000,
  "num_modalities": 4,
  "num_topics": 7,
  "total_liklihood": -33081.360304796115
}
