{
  "modality_liklihoods": [
    -14141.922390310443,
    -13211.78666259015,
    -934.72959236790575,
    -4706.0589990088338
  ],
  "num_iteration": 1000,
  "num_modalities": 4,
  "num_topics": 7,
  "total_liklihood": -32994.497644277333
}
