{
  "modality_liklihoods": [
    -14091.735478360726,
    -13266.691903752251,
    -940.37470609875936,
    -4658.6509193375732
  ],
  "num_iteration": 1000,
  "num_modalities": 4,
  "num_topics": 7,
  "total_liklihood": -32957.453007549309
}
