{
  "modality_liklihoods": [
    -14117.299840262096,
    -13228.651684028438,
    -939.60516936408089,
    -4623.6590454188254
  ],
  "num_iteration": 1000,
  "num_modalities": 4,
  "num_topics": 7,
  "total_liklihood": -32909.215739073436
}
