{
  "modality_liklihoods": [
    -14589.784124207281,
    -13276.501283877449,
    -936.59730464868039,
    -4649.1733409076605
  ],
  "num_iteration": 1000,
  "num_modalities": 4,
  "num_topics": 7,
  "total_liklihood": -33452.05605364107
}
