{
  "modality_liklihoods": [
    -14160.655191553653,
    -13230.643881238446,
    -940.94186939714052,
    -4641.2100746389515
  ],
  "num_iteration": 1000,
  "num_modalities": 4,
  "num_topics": 7,
  "total_liklihood": -32973.451016828192
}
