{
  "modality_liklihoods": [
    -14072.840980255416,
    -13252.46287639917,
    -938.41562884311679,
    -4638.3775580534348
  ],
  "num_iteration": 1000,
  "num_modalities": 4,
  "num_topics": 7,
  "total_liklihood": -32902.097043551141
}
