{
  "modality_liklihoods": [
    -13806.426516174621,
    -13243.61572625368,
    -937.33593800621054,
    -4640.7238674773389
  ],
  "num_iteration": 1000,
  "num_modalities": 4,
  "num_topics": 7,
  "total_liklihood": -32628.102047911852
}
