{
  "modality_liklihoods": [
    -13838.238643919642,
    -13275.984260226847,
    -943.7856578376161,
    -4652.7000659295763
  ],
  "num_iteration": 1000,
  "num_modalities": 4,
  "num_topics": 7,
  "total_liklihood": -32710.708627913682
}
