{
  "modality_liklihoods": [
    -13211.824388805599,
    -13248.662689119712,
    -938.33151152891583,
    -4618.2220683946889
  ],
  "num_iteration": 1000,
  "num_modalities": 4,
  "num_topics": 7,
  "total_liklihood": -32017.040657848913
}
