{
  "modality_liklihoods": [
    -14008.172798274632,
    -13283.68991775537,
    -943.17921702839726,
    -4632.8159672146148
  ],
  "num_iteration": 1000,
  "num_modalities": 4,
  "num_topics": 7,
  "total_liklihood": -32867.857900273018
}
