{
  "modality_liklihoods": [
    -14109.667107889854,
    -13281.64392763355,
    -948.89739627392657,
    -4607.0002440530861
  ],
  "num_iteration": 1000,
  "num_modalities": 4,
  "num_topics": 7,
  "total_liklihood": -32947.208675850416
}
