{
  "modality_liklihoods": [
    -14518.16789591379,
    -13251.679700920065,
    -938.80730231253551,
    -4645.5566384923368
  ],
  "num_iteration": 1000,
  "num_modalities": 4,
  "num_topics": 7,
  "total_liklihood": -33354.211537638723
}
