{
  "modality_liklihoods": [
    -13806.449487955017,
    -13296.37187263068,
    -938.9087919495372,
    -4622.8362567622034
  ],
  "num_iteration": 1000,
  "num_modalities": 4,
  "num_topics": 7,
  "total_liklihood": -32664.566409297433
}
