{
  "modality_liklihoods": [
    -14275.264365430674,
    -13249.450564661985,
    -938.00423722147866,
    -4635.2675915712061
  ],
  "num_iteration": 1000,
  "num_modalities": 4,
  "num_topics": 7,
  "total_liklihood": -33097.986758885345
}
