{
  "modality_liklihoods": [
    -13640.076600982347,
    -13303.522795173243,
    -936.67398933561503,
    -4621.3086952918975
  ],
  "num_iteration": 1000,
  "num_modalities": 4,
  "num_topics": 7,
  "total_liklihood": -32501.582080783101
}
