{
  "modality_liklihoods": [
    -13296.747242609554,
    -13240.574900778673,
    -937.12704419338274,
    -4601.5596068195346
  ],
  "num_iteration": 1000,
  "num_modalities": 4,
  "num_topics": 7,
  "total_liklihood": -32076.008794401143
}
