{
  "modality_liklihoods": [
    -14515.01876049844,
    -13263.053741340773,
    -935.69338159724771,
    -4571.7950941850368
  ],
  "num_iteration": 1000,
  "num_modalities": 4,
  "num_topics": 7,
  "total_liklihood": -33285.560977621499
}
