{
  "modality_liklihoods": [
    -13856.183237482563,
    -13272.207397117516,
    -935.41603118057117,
    -4590.929810470232
  ],
  "num_iteration": 1000,
  "num_modalities": 4,
  "num_topics": 7,
  "total_liklihood": -32654.736476250884
}
