{
  "modality_liklihoods": [
    -13446.067861509762,
    -13244.682271451178,
    -948.50074059106623,
    -4616.5754633997631
  ],
  "num_iteration": 1000,
  "num_modalities": 4,
  "num_topics": 7,
  "total_liklihood": -32255.82633695177
}
