{
  "modality_liklihoods": [
    -13991.857447025086,
    -13275.829484604092,
    -944.80659027112938,
    -4638.9002604086709
  ],
  "num_iteration": 1000,
  "num_modalities": 4,
  "num_topics": 7,
  "total_liklihood": -32851.39378230898
}
