{
  "modality_liklihoods": [
    -14286.5400645434,
    -13261.908816373654,
    -942.93846813162043,
    -4665.3610379888778
  ],
  "num_iteration": 1000,
  "num_modalities": 4,
  "num_topics": 7,
  "total_liklihood": -33156.748387037551
}
