{
  "modality_liklihoods": [
    -13701.274669173348,
    -13267.872055489701,
    -940.97200302121678,
    -4687.9137692664408
  ],
  "num_iteration": 1000,
  "num_modalities": 4,
  "num_topics": 7,
  "total_liklihood": -32598.032496950706
}
