{
  "modality_liklihoods": [
    -13488.996924906884,
    -13221.332958048266,
    -943.79131159648841,
    -4623.4673131998052
  ],
  "num_iteration": 1000,
  "num_modalities": 4,
  "num_topics": 7,
  "total_liklihood": -32277.588507751443
}
