{
  "modality_liklihoods": [
    -14242.310899200593,
    -13267.063241421114,
    -944.55284736349768,
    -4689.7087302124983
  ],
  "num_iteration": 1000,
  "num_modalities": 4,
  "num_topics": 7,
  "total_liklihood": -33143.635718197707
}
