{
  "modality_liklihoods": [
    -14049.042076932326,
    -13261.002565445815,
    -940.44825085668788,
    -4606.652308941033
  ],
  "num_iteration": 1000,
  "num_modalities": 4,
  "num_topics": 7,
  "total_liklihood": -32857.14520217586
}
