{
  "modality_liklihoods": [
    -14588.375518546794,
    -13307.162768159595,
    -939.48382016278151,
    -4598.5443159727874
  ],
  "num_iteration": 1000,
  "num_modalities": 4,
  "num_topics": 7,
  "total_liklihood": -33433.566422841963
}
