{
  "modality_liklihoods": [
    -14002.003372742118,
    -13297.146791680014,
    -937.20372044995975,
    -4652.6206023173181
  ],
  "num_iteration": 1000,
  "num_modalities": 4,
  "num_topics": 7,
  "total_liklihood": -32888.974487189407
}
