{
  "modality_liklihoods": [
    -13664.261242717501,
    -13276.111380129825,
    -932.31651263930519,
    -4604.415202075892
  ],
  "num_iteration": 1000,
  "num_modalities": 4,
  "num_topics": 7,
  "total_liklihood": -32477.104337562523
}
