{
  "modality_liklihoods": [
    -13848.859831657281,
    -13292.043579962748,
    -938.53125214595741,
    -4600.715155615293
  ],
  "num_iteration": 1000,
  "num_modalities": 4,
  "num_topics": 7,
  "total_liklihood": -32680.149819381277
}
