{
  "modality_liklihoods": [
    -13991.81540920989,
    -13277.447270681361,
    -941.70970297652741,
    -4652.3108699801887
  ],
  "num_iteration": 1000,
  "num_modalities": 4,
  "num_topics": 7,
  "total_liklihood": -32863.28325284797
}
