{
  "modality_liklihoods": [
    -13804.082066004314,
    -13295.320737250289,
    -946.92561287527224,
    -4655.8771348801238
  ],
  "num_iteration": 1000,
  "num_modalities": 4,
  "num_topics": 7,
  "total_liklihood": -32702.20555101
}
