{
  "modality_liklihoods": [
    -13195.667203791827,
    -13250.435162523059,
    -941.12078981469313,
    -4587.2698906403621
  ],
  "num_iteration": 1000,
  "num_modalities": 4,
  "num_topics": 7,
  "total_liklihood": -31974.493046769945
}
