{
  "modality_liklihoods": [
    -14041.267408975236,
    -13274.951504572882,
    -944.16218781046894,
    -4630.4874866331429
  ],
  "num_iteration": 1000,
  "num_modalities": 4,
  "num_topics": 7,
  "total_liklihood": -32890.868587991732
}
