{
  "modality_liklihoods": [
    -14305.590180300809,
    -13315.223796513234,
    -936.46969343223907,
    -4663.0822594887441
  ],
  "num_iteration": 1000,
  "num_modalities": 4,
  "num_topics": 7,
  "total_liklihood": -33220.365929735024
}
