{
  "modality_liklihoods": [
    -13962.113447145986,
    -13262.316203865194,
    -936.84017107438763,
    -4605.9526592764951
  ],
  "num_iteration": 1000,
  "num_modalities": 4,
  "num_topics": 7,
  "total_liklihood": -32767.222481362067
}
