{
  "modality_liklihoods": [
    -13443.553332648053,
    -13229.312740442228,
    -944.18362804461651,
    -4642.6795002753915
  ],
  "num_iteration": 1000,
  "num_modalities": 4,
  "num_topics": 7,
  "total_liklihood": -32259.729201410286
}
