{
  "modality_liklihoods": [
    -14808.478793719441,
    -13279.422651858504,
    -936.34012264004843,
    -4639.9924399618749
  ],
  "num_iteration": 1000,
  "num_modalities": 4,
  "num_topics": 7,
  "total_liklihood": -33664.234008179868
}
