{
  "modality_liklihoods": [
    -14339.180109517776,
    -13258.893250505744,
    -936.70949960678922,
    -4626.3704325132503
  ],
  "num_iteration": 1000,
  "num_modalities": 4,
  "num_topics": 7,
  "total_liklihood": -33161.153292143557
}
