{
  "modality_liklihoods": [
    -13695.881193057574,
    -13208.166765107673,
    -941.19829317766505,
    -4651.8419604249693
  ],
  "num_iteration": 1000,
  "num_modalities": 4,
  "num_topics": 7,
  "total_liklihood": -32497.088211767881
}
