{
  "modality_liklihoods": [
    -12957.33928164996,
    -13283.722236507239,
    -943.28530001235333,
    -4632.8268943908506
  ],
  "num_iteration": 1000,
  "num_modalities": 4,
  "num_topics": 7,
  "total_liklihood": -31817.173712560405
}
