{
  "modality_liklihoods": [
    -14275.395486438583,
    -13301.224009578622,
    -939.02147454645262,
    -4652.4935834235557
  ],
  "num_iteration": 1000,
  "num_modalities": 4,
  "num_topics": 7,
  "total_liklihood": -33168.134553987213
}
