{
  "modality_liklihoods": [
    -13899.55844889266,
    -13295.4016172376,
    -939.59336570384255,
    -4662.5701050586213
  ],
  "num_iteration": 1000,
  "num_modalities": 4,
  "num_topics": 7,
  "total_liklihood": -32797.12353689273
}
