{
  "modality_liklihoods": [
    -14508.548259297999,
    -13309.639034341159,
    -943.92687177056632,
    -4676.0861983962495
  ],
  "num_iteration": 1000,
  "num_modalities": 4,
  "num_topics": 7,
  "total_liklihood": -33438.200363805976
}
