{
  "modality_liklihoods": [
    -14511.619785007621,
    -13255.105547583724,
    -935.49908528779599,
    -4602.3930503098727
  ],
  "num_iteration": 1000,
  "num_modalities": 4,
  "num_topics": 7,
  "total_liklihood": -33304.617468189012
}
