{
  "modality_liklihoods": [
    -13372.303950246491,
    -13281.19193450991,
    -931.93998224208872,
    -4617.0046331794883
  ],
  "num_iteration": 1000,
  "num_modalities": 4,
  "num_topics": 7,
  "total_liklihood": -32202.440500177978
}
