{
  "modality_liklihoods": [
    -13579.658947135575,
    -13294.91059802838,
    -940.99790808154421,
    -4645.1104669107144
  ],
  "num_iteration": 1000,
  "num_modalities": 4,
  "num_topics": 7,
  "total_liklihood": -32460.677920156213
}
