{
  "modality_liklihoods": [
    -13780.474909261409,
    -13249.278081430206,
    -941.14679077933113,
    -4622.3925431876687
  ],
  "num_iteration": 1000,
  "num_modalities": 4,
  "num_topics": 7,
  "total_liklihood": -32593.292324658614
}
