{
  "modality_liklihoods": [
    -14203.965639963631,
    -13273.43153318393,
    -937.70325452623865,
    -4673.8804656464708
  ],
  "num_iteration": 1000,
  "num_modalities": 4,
  "num_topics": 7,
  "total_liklihood": -33088.980893320273
}
