{
  "modality_liklihoods": [
    -13337.183826046947,
    -13301.279018524066,
    -929.64031974681711,
    -4631.0362119234032
  ],
  "num_iteration": 1000,
  "num_modalities": 4,
  "num_topics": 7,
  "total_liklihood": -32199.139376241234
}
