{
  "modality_liklihoods": [
    -13776.365703660811,
    -13267.759687998465,
    -935.76241752266571,
    -4633.5620815840703
  ],
  "num_iteration": 1000,
  "num_modalities": 4,
  "num_topics": 7,
  "total_liklihood": -32613.449890766013
}
