{
  "modality_liklihoods": [
    -14253.37106588174,
    -13232.996191334174,
    -936.33134376649139,
    -4688.9183258098055
  ],
  "num_iteration": 1000,
  "num_modalities": 4,
  "num_topics": 7,
  "total_liklihood": -33111.616926792209
}
