{
  "modality_liklihoods": [
    -13867.683672439029,
    -13262.453004126706,
    -940.38366856442099,
    -4627.3136905421734
  ],
  "num_iteration": 1000,
  "num_modalities": 4,
  "num_topics": 7,
  "total_liklihood": -32697.834035672331
}
