{
  "modality_liklihoods": [
    -13453.991524617588,
    -13240.314037365768,
    -941.81046949706433,
    -4642.8108690676099
  ],
  "num_iteration": 1000,
  "num_modalities": 4,
  "num_topics": 7,
  "total_liklihood": -32278.926900548027
}
