{
  "modality_liklihoods": [
    -13808.397336979306,
    -13292.37413487244,
    -933.5865075974358,
    -4612.6034020645784
  ],
  "num_iteration": 1000,
  "num_modalities": 4,
  "num_topics": 7,
  "total_liklihood": -32646.96138151376
}
