{
  "modality_liklihoods": [
    -13792.336276103584,
    -13237.935546249693,
    -939.21071060902887,
    -4674.7965680880907
  ],
  "num_iteration": 1000,
  "num_modalities": 4,
  "num_topics": 7,
  "total_liklihood": -32644.279101050401
}
