{
  "modality_liklihoods": [
    -13118.594092107267,
    -13268.303907980853,
    -938.4108484571417,
    -4605.1564979933928
  ],
  "num_iteration": 1000,
  "num_modalities": 4,
  "num_topics": 7,
  "total_liklihood": -31930.465346538655
}
