{
  "modality_liklihoods": [
    -13709.498179810607,
    -13262.146282018681,
    -934.018638120898,
    -4656.8771858540913
  ],
  "num_iteration": 1000,
  "num_modalities": 4,
  "num_topics": 7,
  "total_liklihood": -32562.54028580428
}
