{
  "modality_liklihoods": [
    -12457.94865674173,
    -13269.674183704474,
    -942.05386648578974,
    -4622.4371195161375
  ],
  "num_iteration": 1000,
  "num_modalities": 4,
  "num_topics": 7,
  "total_liklihood": -31292.113826448127
}
