{
  "modality_liklihoods": [
    -13887.453289566074,
    -13287.226697993288,
    -940.58811679737596,
    -4656.0436556758814
  ],
  "num_iteration": 1000,
  "num_modalities": 4,
  "num_topics": 7,
  "total_liklihood": -32771.311760032622
}
