{
  "modality_liklihoods": [
    -13295.377337605945,
    -13284.469751790188,
    -942.31794223797272,
    -4673.5261819018788
  ],
  "num_iteration": 1000,
  "num_modalities": 4,
  "num_topics": 7,
  "total_liklihood": -32195.691213535985
}
