{
  "modality_liklihoods": [
    -13767.316283079994,
    -13284.088983318525,
    -937.17501806110135,
    -4639.8137526639257
  ],
  "num_iteration": 1000,
  "num_modalities": 4,
  "num_topics": 7,
  "total_liklihood": -32628.394037123548
}
