{
  "modality_liklihoods": [
    -13880.953428329607,
    -13268.871738281676,
    -942.56249551204257,
    -4577.1060835661538
  ],
  "num_iteration": 1000,
  "num_modalities": 4,
  "num_topics": 7,
  "total_liklihood": -32669.493745689484
}
