{
  "modality_liklihoods": [
    -14012.243567535987,
    -13291.954929986023,
    -940.74382827139539,
    -4597.2759826263145
  ],
  "num_iteration": 1000,
  "num_modalities": 4,
  "num_topics": 7,
  "total_liklihood": -32842.218308419724
}
