{
  "modality_liklihoods": [
    -14478.556634947476,
    -13287.884166113308,
    -942.00889871604181,
    -4685.0641575681038
  ],
  "num_iteration": 1000,
  "num_modalities": 4,
  "num_topics": 7,
  "total_liklihood": -33393.513857344929
}
