{
  "modality_liklihoods": [
    -13978.341003653706,
    -13297.357652484196,
    -937.04336031013406,
    -4680.0275008975877
  ],
  "num_iteration": 1000,
  "num_modalities": 4,
  "num_topics": 7,
  "total_liklihood": -32892.769517345623
}
