{
  "modality_liklihoods": [
    -13705.167823157766,
    -13300.138473436373,
    -941.88721512270581,
    -4648.861114853481
  ],
  "num_iteration": 1000,
  "num_modalities": 4,
  "num_topics": 7,
  "total_liklihood": -32596.054626570323
}
