{
  "modality_liklihoods": [
    -13750.25565998532,
    -13279.743496153151,
    -932.44084481424125,
    -4649.4294121419434
  ],
  "num_iteration": 1000,
  "num_modalities": 4,
  "num_topics": 7,
  "total_liklihood": -32611.869413094657
}
