{
  "modality_liklihoods": [
    -14123.673258398168,
    -13267.804356537143,
    -938.87785043979829,
    -4649.2452476021372
  ],
  "num_iteration": 1000,
  "num_modalities": 4,
  "num_topics": 7,
  "total_liklihood": -32979.600712977248
}
