{
  "modality_liklihoods": [
    -13904.848604696219,
    -13295.253334928619,
    -948.16197076752871,
    -4627.3345842591289
  ],
  "num_iteration": 1000,
  "num_modalities": 4,
  "num_topics": 7,
  "total_liklihood": -32775.598494651495
}
