{
  "modality_liklihoods": [
    -14233.625541796842,
    -13268.604695065902,
    -939.05694689937127,
    -4609.1095571612723
  ],
  "num_iteration": 1000,
  "num_modalities": 4,
  "num_topics": 7,
  "total_liklihood": -33050.396740923388
}
