{
  "modality_liklihoods": [
    -14382.567844282736,
    -13279.449657010666,
    -931.85060401658609,
    -4614.2517135720118
  ],
  "num_iteration": 1000,
  "num_modalities": 4,
  "num_topics": 7,
  "total_liklihood": -33208.119818881998
}
