{
  "modality_liklihoods": [
    -14301.845533798751,
    -13289.464429118916,
    -937.1618342328112,
    -4633.0263386194292
  ],
  "num_iteration": 1000,
  "num_modalities": 4,
  "num_topics": 7,
  "total_liklihood": -33161.498135769907
}
