{
  "modality_liklihoods": [
    -14019.161747090402,
    -13244.602642916036,
    -937.43313183922669,
    -4644.9066783909875
  ],
  "num_iteration": 1000,
  "num_modalities": 4,
  "num_topics": 7,
  "total_liklihood": -32846.104200236645
}
