{
  "modality_liklihoods": [
    -14059.279212876956,
    -13240.678714984109,
    -936.10392480694782,
    -4663.4982268106332
  ],
  "num_iteration": 1000,
  "num_modalities": 4,
  "num_topics": 7,
  "total_liklihood": -32899.560079478644
}
