{
  "modality_liklihoods": [
    -13966.336143516717,
    -13301.043103157352,
    -945.50080115260903,
    -4635.4705596124122
  ],
  "num_iteration": 1000,
  "num_modalities": 4,
  "num_topics": 7,
  "total_liklihood": -32848.35060743909
}
