{
  "modality_liklihoods": [
    -14235.342523359994,
    -13258.836680420467,
    -939.3817730282916,
    -4682.3071776910119
  ],
  "num_iteration": 1000,
  "num_modalities": 4,
  "num_topics": 7,
  "total_liklihood": -33115.868154499767
}
