{
  "modality_liklihoods": [
    -13262.466465743975,
    -13253.874031376859,
    -939.6439181816163,
    -4648.7100920803905
  ],
  "num_iteration": 1000,
  "num_modalities": 4,
  "num_topics": 7,
  "total_liklihood": -32104.694507382843
}
