{
  "modality_liklihoods": [
    -13457.9666059064,
    -13227.191635799634,
    -940.15230100174495,
    -4630.427558928036
  ],
  "num_iteration": 1000,
  "num_modalities": 4,
  "num_topics": 7,
  "total_liklihood": -32255.738101635816
}
