{
  "modality_liklihoods": [
    -13989.676754792676,
    -13272.192429143433,
    -939.92138736677759,
    -4663.0749493038484
  ],
  "num_iteration": 1000,
  "num_modalities": 4,
  "num_topics": 7,
  "total_liklihood": -32864.865520606734
}
