{
  "modality_liklihoods": [
    -14377.071493411351,
    -13252.599958373799,
    -941.50784292496985,
    -4658.0182027262135
  ],
  "num_iteration": 1000,
  "num_modalities": 4,
  "num_topics": 7,
  "total_liklihood": -33229.197497436333
}
