{
  "modality_liklihoods": [
    -13615.915412356269,
    -13303.404812812911,
    -942.2335433584152,
    -4619.1086261941673
  ],
  "num_iteration": 1000,
  "num_modalities": 4,
  "num_topics": 7,
  "total_liklihood": -32480.662394721763
}
