{
  "modality_liklihoods": [
    -13625.955628582047,
    -13266.761184854609,
    -941.05919451323427,
    -4611.5116211633676
  ],
  "num_iteration": 1000,
  "num_modalities": 4,
  "num_topics": 7,
  "total_liklihood": -32445.28762911326
}
