{
  "modality_liklihoods": [
    -14038.082921907475,
    -13300.739217313576,
    -943.63350530447747,
    -4627.7308198099117
  ],
  "num_iteration": 1000,
  "num_modalities": 4,
  "num_topics": 7,
  "total_liklihood": -32910.186464335442
}
