{
  "modality_liklihoods": [
    -13777.387096044611,
    -13226.609463539664,
    -941.77434817163453,
    -4645.1189445342197
  ],
  "num_iteration": 1000,
  "num_modalities": 4,
  "num_topics": 7,
  "total_liklihood": -32590.889852290129
}
