{
  "modality_liklihoods": [
    -13952.985072656762,
    -13267.534068780156,
    -937.02381866762448,
    -4671.3353819213689
  ],
  "num_iteration": 1000,
  "num_modalities": 4,
  "num_topics": 7,
  "total_liklihood": -32828.878342025913
}
