{
  "modality_liklihoods": [
    -13836.274963696867,
    -13281.828141793911,
    -935.1911843352143,
    -4637.1368332392585
  ],
  "num_iteration": 1000,
  "num_modalities": 4,
  "num_topics": 7,
  "total_liklihood": -32690.431123065253
}
