{
  "modality_liklihoods": [
    -14054.298304747288,
    -13287.199681535725,
    -940.0881828640521,
    -4607.8835945446017
  ],
  "num_iteration": 1000,
  "num_modalities": 4,
  "num_topics": 7,
  "total_liklihood": -32889.469763691668
}
