{
  "modality_liklihoods": [
    -12836.762487155316,
    -13298.383507899734,
    -944.43319246290901,
    -4620.3465756734367
  ],
  "num_iteration": 1000,
  "num_modalities": 4,
  "num_topics": 7,
  "total_liklihood": -31699.925763191393
}
