{
  "modality_liklihoods": [
    -13463.396277912909,
    -13213.885613624576,
    -944.57071487693133,
    -4617.6208564361405
  ],
  "num_iteration": 1000,
  "num_modalities": 4,
  "num_topics": 7,
  "total_liklihood": -32239.473462850558
}
