{
  "modality_liklihoods": [
    -13466.141753268081,
    -13319.084453919282,
    -938.69789496402689,
    -4632.5655327935956
  ],
  "num_iteration": 1000,
  "num_modalities": 4,
  "num_topics": 7,
  "total_liklihood": -32356.489634944985
}
