{
  "modality_liklihoods": [
    -14419.001628123922,
    -13272.33409542996,
    -940.68740287040009,
    -4649.1527904571003
  ],
  "num_iteration": 1000,
  "num_modalities": 4,
  "num_topics": 7,
  "total_liklihood": -33281.175916881381
}
