{
  "modality_liklihoods": [
    -13800.312026857762,
    -13273.801163321727,
    -946.58493565388426,
    -4631.6196577751871
  ],
  "num_iteration": 1000,
  "num_modalities": 4,
  "num_topics": 7,
  "total_liklihood": -32652.31778360856
}
