{
  "modality_liklihoods": [
    -14163.501688997136,
    -13247.972009043429,
    -937.56443902804926,
    -4635.1998196608438
  ],
  "num_iteration": 1000,
  "num_modalities": 4,
  "num_topics": 7,
  "total_liklihood": -32984.237956729456
}
