{
  "modality_liklihoods": [
    -13563.048056752392,
    -13246.84925869686,
    -941.82150574606442,
    -4616.729526457354
  ],
  "num_iteration": 1000,
  "num_modalities": 4,
  "num_topics": 7,
  "total_liklihood": -32368.448347652673
}
