{
  "modality_liklihoods": [
    -14588.864886773626,
    -13312.928065772034,
    -946.19125343604867,
    -4637.6859618389153
  ],
  "num_iteration": 1000,
  "num_modalities": 4,
  "num_topics": 7,
  "total_liklihood": -33485.670167820623
}
