{
  "modality_liklihoods": [
    -13433.330525369307,
    -13220.611136792071,
    -941.563371652152,
    -4637.6755444110777
  ],
  "num_iteration": 1000,
  "num_modalities": 4,
  "num_topics": 7,
  "total_liklihood": -32233.180578224608
}
