{
  "modality_liklihoods": [
    -13451.953156727022,
    -13257.847392746691,
    -940.33937291811662,
    -4661.7568930708458
  ],
  "num_iteration": 1000,
  "num_modalities": 4,
  "num_topics": 7,
  "total_liklihood": -32311.896815462678
}
