{
  "modality_liklihoods": [
    -13861.448387095006,
    -13271.120371208093,
    -939.99873323218765,
    -4645.609065268528
  ],
  "num_iteration": 1000,
  "num_modalities": 4,
  "num_topics": 7,
  "total_liklihood": -32718.176556803814
}
