{
  "modality_liklihoods": [
    -13950.062770380962,
    -13263.084572904385,
    -935.85337809862938,
    -4648.6038668514184
  ],
  "num_iteration": 1000,
  "num_modalities": 4,
  "num_topics": 7,
  "total_liklihood": -32797.604588235394
}
