{
  "modality_liklihoods": [
    -13834.227212765138,
    -13213.034550256532,
    -940.28992182031868,
    -4658.7830850657174
  ],
  "num_iteration": 1000,
  "num_modalities": 4,
  "num_topics": 7,
  "total_liklihood": -32646.334769907706
}
