{
  "modality_liklihoods": [
    -14512.548500547897,
    -13301.731804962305,
    -937.62204704055591,
    -4610.3316282578335
  ],
  "num_iteration": 1000,
  "num_modalities": 4,
  "num_topics": 7,
  "total_liklihood": -33362.233980808589
}
