{
  "modality_liklihoods": [
    -13488.230636523718,
    -13284.000289025375,
    -935.33853249679453,
    -4640.7207850925806
  ],
  "num_iteration": 1000,
  "num_modalities": 4,
  "num_topics": 7,
  "total_liklihood": -32348.290243138465
}
