{
  "modality_liklihoods": [
    -13801.891915953513,
    -13264.115176572615,
    -940.84694324235807,
    -4631.3591237747542
  ],
  "num_iteration": 1000,
  "num_modalities": 4,
  "num_topics": 7,
  "total_liklihood": -32638.21315954324
}
