{
  "modality_liklihoods": [
    -14103.482130627483,
    -13294.241622590576,
    -937.40447985415676,
    -4612.7351977769695
  ],
  "num_iteration": 1000,
  "num_modalities": 4,
  "num_topics": 7,
  "total_liklihood": -32947.863430849189
}
