{
  "modality_liklihoods": [
    -13561.838340192866,
    -13269.148567546883,
    -938.6049313228682,
    -4617.5661714540056
  ],
  "num_iteration": 1000,
  "num_modalities": 4,
  "num_topics": 7,
  "total_liklihood": -32387.158010516621
}
