{
  "modality_liklihoods": [
    -13817.644323079267,
    -13279.879951075609,
    -943.16704348360281,
    -4645.5991671523889
  ],
  "num_iteration": 1000,
  "num_modalities": 4,
  "num_topics": 7,
  "total_liklihood": -32686.290484790865
}
