{
  "modality_liklihoods": [
    -13657.167944250439,
    -13337.324133093902,
    -940.35977327631167,
    -4615.8702688653675
  ],
  "num_iteration": 1000,
  "num_modalities": 4,
  "num_topics": 7,
  "total_liklihood": -32550.722119486021
}
