{
  "modality_liklihoods": [
    -14655.667876920119,
    -13288.69201772329,
    -933.73475226162623,
    -4640.4339968000313
  ],
  "num_iteration": 1000,
  "num_modalities": 4,
  "num_topics": 7,
  "total_liklihood": -33518.528643705067
}
