{
  "modality_liklihoods": [
    -13663.137461696453,
    -13292.819393667121,
    -933.55415907860527,
    -4602.5514596410667
  ],
  "num_iteration": 1000,
  "num_modalities": 4,
  "num_topics": 7,
  "total_liklihood": -32492.06247408325
}
