{
  "modality_liklihoods": [
    -14327.421867086461,
    -13249.821389849121,
    -939.17913126587905,
    -4612.947361141968
  ],
  "num_iteration": 1000,
  "num_modalities": 4,
  "num_topics": 7,
  "total_liklihood": -33129.36974934343
}
