{
  "modality_liklihoods": [
    -15030.286797103921,
    -13239.872076302343,
    -945.77153937141622,
    -4652.6590070058091
  ],
  "num_iteration": 1000,
  "num_modalities": 4,
  "num_topics": 7,
  "total_liklihood": -33868.589419783493
}
