{
  "modality_liklihoods": [
    -13824.546570169008,
    -13247.101078909567,
    -936.37748476558284,
    -4625.3369402203007
  ],
  "num_iteration": 1000,
  "num_modalities": 4,
  "num_topics": 7,
  "total_liklihood": -32633.362074064462
}
