{
  "modality_liklihoods": [
    -14530.150812130314,
    -13233.646063298822,
    -941.69389419637889,
    -4684.6851760547097
  ],
  "num_iteration": 1000,
  "num_modalities": 4,
  "num_topics": 7,
  "total_liklihood": -33390.175945680225
}
