{
  "modality_liklihoods": [
    -13940.444573166778,
    -13265.008185315524,
    -938.47999779421025,
    -4651.8400204410855
  ],
  "num_iteration": 1000,
  "num_modalities": 4,
  "num_topics": 7,
  "total_liklihood": -32795.772776717597
}
