{
  "modality_liklihoods": [
    -13969.081362924675,
    -13287.296055614033,
    -940.79332404583306,
    -4653.7429621645315
  ],
  "num_iteration": 1000,
  "num_modalities": 4,
  "num_topics": 7,
  "total_liklihood": -32850.913704749073
}
