{
  "modality_liklihoods": [
    -13359.49482753562,
    -13293.388885485356,
    -933.11075105107784,
    -4664.7642015205574
  ],
  "num_iteration": 1000,
  "num_modalities": 4,
  "num_topics": 7,
  "total_liklihood": -32250.75866559261
}
