{
  "modality_liklihoods": [
    -13963.288579977079,
    -13286.762677800421,
    -944.76936490876551,
    -4640.5074317529679
  ],
  "num_iteration": 1000,
  "num_modalities": 4,
  "num_topics": 7,
  "total_liklihood": -32835.328054439233
}
