{
  "modality_liklihoods": [
    -14126.851850647461,
    -13290.255507474669,
    -941.71937704070604,
    -4799.7842447303974
  ],
  "num_iteration": 1000,
  "num_modalities": 4,
  "num_topics": 7,
  "total_liklihood": -33158.61097989323
}
