{
  "modality_liklihoods": [
    -13183.986398914059,
    -13273.206054146753,
    -934.6909353107834,
    -4667.1573717959964
  ],
  "num_iteration": 1000,
  "num_modalities": 4,
  "num_topics": 7,
  "total_liklihood": -32059.040760167591
}
