{
  "modality_liklihoods": [
    -14190.735368479214,
    -13260.889350997015,
    -936.71573094186454,
    -4635.2591303206364
  ],
  "num_iteration": 1000,
  "num_modalities": 4,
  "num_topics": 7,
  "total_liklihood": -33023.59958073873
}
