{
  "modality_liklihoods": [
    -14143.184482828408,
    -13246.569425423122,
    -939.71779936521648,
    -4637.1801402166748
  ],
  "num_iteration": 1000,
  "num_modalities": 4,
  "num_topics": 7,
  "total_liklihood": -32966.651847833418
}
