{
  "modality_liklihoods": [
    -14337.038345081397,
    -13255.263052102167,
    -940.09124846970508,
    -4643.1991136150054
  ],
  "num_iteration": 1000,
  "num_modalities": 4,
  "num_topics": 7,
  "total_liklihood": -33175.591759268274
}
