{
  "modality_liklihoods": [
    -14559.865957657647,
    -13219.80138123791,
    -941.45121114866629,
    -4664.8147561157512
  ],
  "num_iteration": 1000,
  "num_modalities": 4,
  "num_topics": 7,
  "total_liklihood": -33385.933306159975
}
