{
  "modality_liklihoods": [
    -14246.003808334406,
    -13267.608140482689,
    -933.78915257860751,
    -4667.3445585322588
  ],
  "num_iteration": 1000,
  "num_modalities": 4,
  "num_topics": 7,
  "total_liklihood": -33114.745659927961
}
