{
  "modality_liklihoods": [
    -13846.911235962516,
    -13268.620083271286,
    -934.61059483845247,
    -4626.3650820684234
  ],
  "num_iteration": 1000,
  "num_modalities": 4,
  "num_topics": 7,
  "total_liklihood": -32676.506996140677
}
