{
  "modality_liklihoods": [
    -13991.074928060458,
    -13256.274276811871,
    -943.44039614586268,
    -4691.3270738715546
  ],
  "num_iteration": 1000,
  "num_modalities": 4,
  "num_topics": 7,
  "total_liklihood": -32882.116674889745
}
