{
  "modality_liklihoods": [
    -14130.647008958076,
    -13212.920113836575,
    -942.79487661553003,
    -4678.4082318561168
  ],
  "num_iteration": 1000,
  "num_modalities": 4,
  "num_topics": 7,
  "total_liklihood": -32964.770231266302
}
