{
  "modality_liklihoods": [
    -13653.556571736752,
    -13241.964864239619,
    -937.97472677272799,
    -4654.0587470649716
  ],
  "num_iteration": 1000,
  "num_modalities": 4,
  "num_topics": 7,
  "total_liklihood": -32487.554909814069
}
