{
  "modality_liklihoods": [
    -13778.047626788602,
    -13278.829613636241,
    -936.97678915566178,
    -4626.2687208890566
  ],
  "num_iteration": 1000,
  "num_modalities": 4,
  "num_topics": 7,
  "total_liklihood": -32620.122750469563
}
