{
  "modality_liklihoods": [
    -13439.270399147086,
    -13267.616586022639,
    -937.22340536522904,
    -4655.0160317565951
  ],
  "num_iteration": 1000,
  "num_modalities": 4,
  "num_topics": 7,
  "total_liklihood": -32299.126422291549
}
