{
  "modality_liklihoods": [
    -13440.942510410494,
    -13262.008051513174,
    -951.21619632001057,
    -4631.0401090081132
  ],
  "num_iteration": 1000,
  "num_modalities": 4,
  "num_topics": 7,
  "total_liklihood": -32285.206867251793
}
