{
  "modality_liklihoods": [
    -13556.745566461748,
    -13277.614128574896,
    -934.67180063823207,
    -4622.639573112684
  ],
  "num_iteration": 1000,
  "num_modalities": 4,
  "num_topics": 7,
  "total_liklihood": -32391.67106878756
}
