{
  "modality_liklihoods": [
    -13821.904211247069,
    -13255.53772746679,
    -937.93733662958402,
    -4651.9803275325949
  ],
  "num_iteration": 1000,
  "num_modalities": 4,
  "num_topics": 7,
  "total_liklihood": -32667.359602876037
}
