{
  "modality_liklihoods": [
    -13916.885568007288,
    -13194.003336856857,
    -941.862758355864,
    -4696.4912818891826
  ],
  "num_iteration": 1000,
  "num_modalities": 4,
  "num_topics": 7,
  "total_liklihood": -32749.242945109188
}
