{
  "modality_liklihoods": [
    -13847.034422809984,
    -13288.126330957477,
    -937.69520861189619,
    -4667.1177988790769
  ],
  "num_iteration": 1000,
  "num_modalities": 4,
  "num_topics": 7,
  "total_liklihood": -32739.973761258432
}
