{
  "modality_liklihoods": [
    -13318.334681019782,
    -13230.696408421078,
    -943.17612251980131,
    -4641.2115181261397
  ],
  "num_iteration": 1000,
  "num_modalities": 4,
  "num_topics": 7,
  "total_liklihood": -32133.418730086803
}
