{
  "modality_liklihoods": [
    -13275.546506678404,
    -13277.321838263635,
    -937.93156248916603,
    -4707.0895380834145
  ],
  "num_iteration": 1000,
  "num_modalities": 4,
  "num_topics": 7,
  "total_liklihood": -32197.889445514618
}
