{
  "modality_liklihoods": [
    -13361.133902415604,
    -13271.099074618738,
    -939.77966099517062,
    -4612.9873886863243
  ],
  "num_iteration": 1000,
  "num_modalities": 4,
  "num_topics": 7,
  "total_liklihood": -32185.000026715836
}
