{
  "modality_liklihoods": [
    -14193.958699786192,
    -13255.053369717483,
    -938.20582200571175,
    -4718.7614163747676
  ],
  "num_iteration": 1000,
  "num_modalities": 4,
  "num_topics": 7,
  "total_liklihood": -33105.979307884154
}
