{
  "modality_liklihoods": [
    -14149.770666326582,
    -13253.04436049222,
    -940.45192756974689,
    -4629.4112709026331
  ],
  "num_iteration": 1000,
  "num_modalities": 4,
  "num_topics": 7,
  "total_liklihood": -32972.67822529118
}
