{
  "modality_liklihoods": [
    -15091.566187401102,
    -13222.107131998377,
    -944.44412714673558,
    -4640.1561272985591
  ],
  "num_iteration": 1000,
  "num_modalities": 4,
  "num_topics": 7,
  "total_liklihood": -33898.273573844774
}
