{
  "modality_liklihoods": [
    -14467.661551881682,
    -13300.927673013086,
    -939.53895320656852,
    -4667.1555805798516
  ],
  "num_iteration": 1000,
  "num_modalities": 4,
  "num_topics": 7,
  "total_liklihood": -33375.283758681187
}
