{
  "modality_liklihoods": [
    -13694.47499903051,
    -13297.776028788827,
    -942.06034967416861,
    -4604.8536418212179
  ],
  "num_iteration": 1000,
  "num_modalities": 4,
  "num_topics": 7,
  "total_liklihood": -32539.165019314722
}
