{
  "modality_liklihoods": [
    -13841.114773171497,
    -13277.062359362139,
    -937.58735925289898,
    -4644.3169075530177
  ],
  "num_iteration": 1000,
  "num_modalities": 4,
  "num_topics": 7,
  "total_liklihood": -32700.081399339553
}
