{
  "modality_liklihoods": [
    -13681.281009869974,
    -13266.76632373181,
    -939.00279047907122,
    -4653.0497735928066
  ],
  "num_iteration": 1000,
  "num_modalities": 4,
  "num_topics": 7,
  "total_liklihood": -32540.099897673659
}
