{
  "modality_liklihoods": [
    -13493.450693445777,
    -13274.888182089831,
    -946.64548198749094,
    -4622.9093195732885
  ],
  "num_iteration": 1000,
  "num_modalities": 4,
  "num_topics": 7,
  "total_liklihood": -32337.893677096388
}
