{
  "modality_liklihoods": [
    -13493.956171845644,
    -13250.783497988003,
    -936.64312526834294,
    -4595.4757091210531
  ],
  "num_iteration": 1000,
  "num_modalities": 4,
  "num_topics": 7,
  "total_liklihood": -32276.858504223041
}
