{
  "modality_liklihoods": [
    -14272.420345133689,
    -13229.76623005144,
    -938.62306795047903,
    -4609.4355475271086
  ],
  "num_iteration": 1000,
  "num_modalities": 4,
  "num_topics": 7,
  "total_liklihood": -33050.245190662718
}
