{
  "modality_liklihoods": [
    -14122.763046926342,
    -13259.794981893108,
    -940.51826620626218,
    -4665.294875231185
  ],
  "num_iteration": 1000,
  "num_modalities": 4,
  "num_topics": 7,
  "total_liklihood": -32988.371170256898
}
