{
  "modality_liklihoods": [
    -13909.263934162413,
    -13245.177443148903,
    -938.40494972172201,
    -4613.7366558099284
  ],
  "num_iteration": 1000,
  "num_modalities": 4,
  "num_topics": 7,
  "total_liklihood": -32706.582982842967
}
