{
  "modality_liklihoods": [
    -14608.971581154959,
    -13299.205386280424,
    -939.71386439357252,
    -4651.5444118533314
  ],
  "num_iteration": 1000,
  "num_modalities": 4,
  "num_topics": 7,
  "total_liklihood": -33499.435243682288
}
