{
  "modality_liklihoods": [
    -13316.691745106258,
    -13291.743249090623,
    -937.82829075208008,
    -4656.4647389038591
  ],
  "num_iteration": 1000,
  "num_modalities": 4,
  "num_topics": 7,
  "total_liklihood": -32202.728023852822
}
