{
  "modality_liklihoods": [
    -13456.86127557456,
    -13293.88912165858,
    -937.29250616011223,
    -4643.4898109735923
  ],
  "num_iteration": 1000,
  "num_modalities": 4,
  "num_topics": 7,
  "total_liklihood": -32331.532714366844
}
