{
  "modality_liklihoods": [
    -13647.561772846524,
    -13245.526494177469,
    -939.60933710917197,
    -4683.1280268558294
  ],
  "num_iteration": 1000,
  "num_modalities": 4,
  "num_topics": 7,
  "total_liklihood": -32515.825630988995
}
