{
  "modality_liklihoods": [
    -13621.578808012364,
    -13233.721338823663,
    -944.53590972890663,
    -4635.1685813885824
  ],
  "num_iteration": 1000,
  "num_modalities": 4,
  "num_topics": 7,
  "total_liklihood": -32435.004637953516
}
