{
  "modality_liklihoods": [
    -13886.552681645591,
    -13218.702668431824,
    -941.09601573913665,
    -4684.9566595927054
  ],
  "num_iteration": 1000,
  "num_modalities": 4,
  "num_topics": 7,
  "total_liklihood": -32731.30802540926
}
