{
  "modality_liklihoods": [
    -13853.073291696155,
    -13275.994966057009,
    -939.47714669780953,
    -4640.5924211221063
  ],
  "num_iteration": 1000,
  "num_modalities": 4,
  "num_topics": 7,
  "total_liklihood": -32709.137825573078
}
