{
  "modality_liklihoods": [
    -13668.466779104612,
    -13257.565953649897,
    -937.69251663156081,
    -4617.9236154003993
  ],
  "num_iteration": 1000,
  "num_modalities": 4,
  "num_topics": 7,
  "total_liklihood": -32481.648864786468
}
