{
  "modality_liklihoods": [
    -13853.851185961983,
    -13284.062889381503,
    -941.47657641175476,
    -4651.8403622622818
  ],
  "num_iteration": 1000,
  "num_modalities": 4,
  "num_topics": 7,
  "total_liklihood": -32731.231014017521
}
