{
  "modality_liklihoods": [
    -13629.944029067468,
    -13270.046284482427,
    -933.43906145748963,
    -4692.4158545593855
  ],
  "num_iteration": 1000,
  "num_modalities": 4,
  "num_topics": 7,
  "total_liklihood": -32525.845229566774
}
