{
  "modality_liklihoods": [
    -13734.963989957379,
    -13291.449029488773,
    -939.81877849953116,
    -4625.581482655768
  ],
  "num_iteration": 1000,
  "num_modalities": 4,
  "num_topics": 7,
  "total_liklihood": -32591.813280601455
}
