{
  "modality_liklihoods": [
    -14141.245943559403,
    -13269.21232760119,
    -938.68651425400788,
    -4687.7952080939594
  ],
  "num_iteration": 1000,
  "num_modalities": 4,
  "num_topics": 7,
  "total_liklihood": -33036.93999350856
}
