{
  "modality_liklihoods": [
    -14024.767009044972,
    -13253.152265308896,
    -944.82951043209675,
    -4659.1601423366174
  ],
  "num_iteration": 1000,
  "num_modalities": 4,
  "num_topics": 7,
  "total_liklihood": -32881.908927122582
}
