{
  "modality_liklihoods": [
    -13493.125983161928,
    -13252.092895266152,
    -937.49155077261491,
    -4640.8991436274637
  ],
  "num_iteration": 1000,
  "num_modalities": 4,
  "num_topics": 7,
  "total_liklihood": -32323.609572828158
}
