{
  "modality_liklihoods": [
    -14137.215155508242,
    -13310.079106309744,
    -936.67083928371846,
    -4656.8693254540412
  ],
  "num_iteration": 1000,
  "num_modalities": 4,
  "num_topics": 7,
  "total_liklihood": -33040.834426555746
}
