{
  "modality_liklihoods": [
    -13357.334707210601,
    -13244.299694779826,
    -936.10646074462511,
    -4619.6222317635693
  ],
  "num_iteration": 1000,
  "num_modalities": 4,
  "num_topics": 7,
  "total_liklihood": -32157.363094498622
}
