{
  "modality_liklihoods": [
    -13592.908505317951,
    -13248.958186687049,
    -946.79852464370845,
    -4655.5866582078079
  ],
  "num_iteration": 1000,
  "num_modalities": 4,
  "num_topics": 7,
  "total_liklihood": -32444.25187485652
}
