{
  "modality_liklihoods": [
    -13294.191360628267,
    -13240.75326949155,
    -937.60957188084785,
    -4628.6675062461245
  ],
  "num_iteration": 1000,
  "num_modalities": 4,
  "num_topics": 7,
  "total_liklihood": -32101.221708246791
}
