{
  "modality_liklihoods": [
    -13794.100909409908,
    -13243.218975107082,
    -937.96263201917543,
    -4701.9978469849812
  ],
  "num_iteration": 1000,
  "num_modalities": 4,
  "num_topics": 7,
  "total_liklihood": -32677.280363521146
}
