{
  "modality_liklihoods": [
    -14084.027244623003,
    -13317.796103934823,
    -939.56654333818165,
    -4695.2997138988894
  ],
  "num_iteration": 1000,
  "num_modalities": 4,
  "num_topics": 7,
  "total_liklihood": -33036.689605794891
}
