{
  "modality_liklihoods": [
    -14026.830544301472,
    -13277.958734196267,
    -932.72579493909291,
    -4640.5254922898512
  ],
  "num_iteration": 1000,
  "num_modalities": 4,
  "num_topics": 7,
  "total_liklihood": -32878.040565726682
}
