{
  "modality_liklihoods": [
    -12710.069985225031,
    -13235.535798876486,
    -941.46288634075654,
    -4676.5232800268877
  ],
  "num_iteration": 1000,
  "num_modalities": 4,
  "num_topics": 7,
  "total_liklihood": -31563.591950469163
}
