{
  "modality_liklihoods": [
    -13957.82589102115,
    -13287.932487540194,
    -939.44544741446123,
    -4664.6045505455404
  ],
  "num_iteration": 1000,
  "num_modalities": 4,
  "num_topics": 7,
  "total_liklihood": -32849.808376521352
}
