{
  "modality_liklihoods": [
    -13437.433520790153,
    -13270.493659591304,
    -946.06766796717204,
    -4643.9075090643855
  ],
  "num_iteration": 1000,
  "num_modalities": 4,
  "num_topics": 7,
  "total_liklihood": -32297.902357413011
}
