{
  "modality_liklihoods": [
    -13939.074270272366,
    -13284.205830084213,
    -941.9755649075928,
    -4656.9054726084642
  ],
  "num_iteration": 1000,
  "num_modalities": 4,
  "num_topics": 7,
  "total_liklihood": -32822.16113787263
}
