{
  "modality_liklihoods": [
    -13782.380201552178,
    -13221.910649444699,
    -939.305226422695,
    -4598.9714281918032
  ],
  "num_iteration": 1000,
  "num_modalities": 4,
  "num_topics": 7,
  "total_liklihood": -32542.567505611372
}
