{
  "modality_liklihoods": [
    -13657.376169320723,
    -13220.867933983425,
    -945.50476955759132,
    -4649.1999836725918
  ],
  "num_iteration": 1000,
  "num_modalities": 4,
  "num_topics": 7,
  "total_liklihood": -32472.948856534331
}
