{
  "modality_liklihoods": [
    -13884.787337714151,
    -13275.917529654942,
    -941.04998161185597,
    -4657.5408505189262
  ],
  "num_iteration": 1000,
  "num_modalities": 4,
  "num_topics": 7,
  "total_liklihood": -32759.295699499879
}
