{
  "modality_liklihoods": [
    -13552.66954069729,
    -13283.950252273464,
    -939.37129944807384,
    -4609.9577025079352
  ],
  "num_iteration": 1000,
  "num_modalities": 4,
  "num_topics": 7,
  "total_liklihood": -32385.948794926764
}
