{
  "modality_liklihoods": [
    -13925.496457086794,
    -13229.333935951498,
    -948.32717276917106,
    -4633.245983130947
  ],
  "num_iteration": 1000,
  "num_modalities": 4,
  "num_topics": 7,
  "total_liklihood": -32736.403548938408
}
