{
  "modality_liklihoods": [
    -14199.696024375045,
    -13269.158706550359,
    -946.3530881151828,
    -4659.8496784426216
  ],
  "num_iteration": 1000,
  "num_modalities": 4,
  "num_topics": 7,
  "total_liklihood": -33075.057497483213
}
