{
  "modality_liklihoods": [
    -14868.775496134445,
    -13232.886109913145,
    -940.07964308665794,
    -4648.7520583493961
  ],
  "num_iteration": 1000,
  "num_modalities": 4,
  "num_topics": 7,
  "total_liklihood": -33690.493307483644
}
