{
  "modality_liklihoods": [
    -14021.422044768709,
    -13335.9844839732,
    -938.74424978666536,
    -4662.8718641220976
  ],
  "num_iteration": 1000,
  "num_modalities": 4,
  "num_topics": 7,
  "total_liklihood": -32959.022642650671
}
