{
  "modality_liklihoods": [
    -13371.865500590748,
    -13252.592475266591,
    -937.6648619821068,
    -4588.804857194189
  ],
  "num_iteration": 1000,
  "num_modalities": 4,
  "num_topics": 7,
  "total_liklihood": -32150.927695033635
}
