{
  "modality_liklihoods": [
    -14012.191769959472,
    -13287.056347945481,
    -937.60434882023958,
    -4672.4491054531363
  ],
  "num_iteration": 1000,
  "num_modalities": 4,
  "num_topics": 7,
  "total_liklihood": -32909.30157217833
}
