{
  "modality_liklihoods": [
    -14028.493695402349,
    -13251.145315578291,
    -939.17205157460216,
    -4589.3667248739093
  ],
  "num_iteration": 1000,
  "num_modalities": 4,
  "num_topics": 7,
  "total_liklihood": -32808.177787429151
}
