{
  "modality_liklihoods": [
    -14309.224507347504,
    -13270.485083296913,
    -941.23612822217024,
    -4657.7391310879402
  ],
  "num_iteration": 1000,
  "num_modalities": 4,
  "num_topics": 7,
  "total_liklihood": -33178.68484995453
}
