{
  "modality_liklihoods": [
    -13931.881801346661,
    -13289.020716480232,
    -938.15122616093834,
    -4614.179358267952
  ],
  "num_iteration": 1000,
  "num_modalities": 4,
  "num_topics": 7,
  "total_liklihood": -32773.233102255785
}
