{
  "modality_liklihoods": [
    -13755.338294752586,
    -13223.836253609092,
    -942.62038372391305,
    -4649.1135019113863
  ],
  "num_iteration": 1000,
  "num_modalities": 4,
  "num_topics": 7,
  "total_liklihood": -32570.908433996974
}
