{
  "modality_liklihoods": [
    -13704.535304525303,
    -13247.615868570791,
    -944.09691558480824,
    -4637.5297750938016
  ],
  "num_iteration": 1000,
  "num_modalities": 4,
  "num_topics": 7,
  "total_liklihood": -32533.7778637747
}
