{
  "modality_liklihoods": [
    -14079.4240877947,
    -13224.741871469179,
    -939.02708340841104,
    -4638.2851514992008
  ],
  "num_iteration": 1000,
  "num_modalities": 4,
  "num_topics": 7,
  "total_liklihood": -32881.47819417149
}
