{
  "modality_liklihoods": [
    -14098.947239329695,
    -13240.275929292859,
    -943.32293830830474,
    -4663.5126045590096
  ],
  "num_iteration": 1000,
  "num_modalities": 4,
  "num_topics": 7,
  "total_liklihood": -32946.058711489866
}
