{
  "modality_liklihoods": [
    -13913.347319694232,
    -13278.358048168118,
    -940.12435177513771,
    -4622.9921409392491
  ],
  "num_iteration": 1000,
  "num_modalities": 4,
  "num_topics": 7,
  "total_liklihood": -32754.821860576736
}
