{
  "modality_liklihoods": [
    -14070.295456680491,
    -13246.867558975717,
    -939.72103478036649,
    -4650.5909058390544
  ],
  "num_iteration": 1000,
  "num_modalities": 4,
  "num_topics": 7,
  "total_liklihood": -32907.474956275633
}
