{
  "modality_liklihoods": [
    -13902.226251609218,
    -13321.52892740702,
    -939.78325441943628,
    -4677.636559621591
  ],
  "num_iteration": 1000,
  "num_modalities": 4,
  "num_topics": 7,
  "total_liklihood": -32841.17499305727
}
