{
  "modality_liklihoods": [
    -14213.470276608914,
    -13255.278602594732,
    -938.4732712739833,
    -4615.8906011383515
  ],
  "num_iteration": 1000,
  "num_modalities": 4,
  "num_topics": 7,
  "total_liklihood": -33023.112751615976
}
