{
  "modality_liklihoods": [
    -13465.423402700819,
    -13240.550385248864,
    -946.0968099639739,
    -4630.5236274233139
  ],
  "num_iteration": 1000,
  "num_modalities": 4,
  "num_topics": 7,
  "total_liklihood": -32282.594225336969
}
