{
  "modality_liklihoods": [
    -13954.403538224484,
    -13259.425374629227,
    -939.35281228098597,
    -4637.0017504009611
  ],
  "num_iteration": 1000,
  "num_modalities": 4,
  "num_topics": 7,
  "total_liklihood": -32790.183475535661
}
