{
  "modality_liklihoods": [
    -13915.34774828779,
    -13281.127424096348,
    -933.42493747632648,
    -4638.8707328306009
  ],
  "num_iteration": 1000,
  "num_modalities": 4,
  "num_topics": 7,
  "total_liklihood": -32768.770842691069
}
