{
  "modality_liklihoods": [
    -13056.228264218576,
    -13248.551783265673,
    -941.04027598629557,
    -4605.8108801899389
  ],
  "num_iteration": 1000,
  "num_modalities": 4,
  "num_topics": 7,
  "total_liklihood": -31851.631203660487
}
