{
  "modality_liklihoods": [
    -14272.383226419917,
    -13228.29743570999,
    -943.79007428959846,
    -4767.2256018241824
  ],
  "num_iteration": 1000,
  "num_modalities": 4,
  "num_topics": 7,
  "total_liklihood": -33211.696338243688
}
