{
  "modality_liklihoods": [
    -13781.684391756058,
    -13258.889041746401,
    -942.68708726347484,
    -4617.4016328290627
  ],
  "num_iteration": 1000,
  "num_modalities": 4,
  "num_topics": 7,
  "total_liklihood": -32600.662153595
}
