{
  "modality_liklihoods": [
    -13860.880593556998,
    -13265.372351900749,
    -941.3140760437401,
    -4660.1493244179228
  ],
  "num_iteration": 1000,
  "num_modalities": 4,
  "num_topics": 7,
  "total_liklihood": -32727.716345919409
}
