{
  "modality_liklihoods": [
    -14254.920486422823,
    -13258.457435560882,
    -939.21755793313605,
    -4652.4263391469085
  ],
  "num_iteration": 1000,
  "num_modalities": 4,
  "num_topics": 7,
  "total_liklihood": -33105.021819063746
}
