{
  "modality_liklihoods": [
    -13765.864370033018,
    -13277.052584202343,
    -938.23909168919556,
    -4643.1440839320421
  ],
  "num_iteration": 1000,
  "num_modalities": 4,
  "num_topics": 7,
  "total_liklihood": -32624.300129856601
}
