{
  "modality_liklihoods": [
    -13939.346814385613,
    -13235.482104697125,
    -942.6777624819573,
    -4659.182813473577
  ],
  "num_iteration": 1000,
  "num_modalities": 4,
  "num_topics": 7,
  "total_liklihood": -32776.68949503827
}
