{
  "modality_liklihoods": [
    -14046.858876740971,
    -13279.278745278612,
    -933.93965369786872,
    -4599.3057053442044
  ],
  "num_iteration": 1000,
  "num_modalities": 4,
  "num_topics": 7,
  "total_liklihood": -32859.382981061652
}
