{
  "modality_liklihoods": [
    -13539.333079377611,
    -13227.168744340563,
    -938.34925021910533,
    -4664.6470015443792
  ],
  "num_iteration": 1000,
  "num_modalities": 4,
  "num_topics": 7,
  "total_liklihood": -32369.498075481657
}
