{
  "modality_liklihoods": [
    -14488.007799822286,
    -13272.169981018425,
    -934.4940447402422,
    -4634.9124934738338
  ],
  "num_iteration": 1000,
  "num_modalities": 4,
  "num_topics": 7,
  "total_liklihood": -33329.584319054789
}
