{
  "modality_liklihoods": [
    -13939.206539477387,
    -13231.932242627609,
    -943.84214017762179,
    -4631.2804346827934
  ],
  "num_iteration": 1000,
  "num_modalities": 4,
  "num_topics": 7,
  "total_liklihood": -32746.26135696541
}
