{
  "modality_liklihoods": [
    -14232.413511061079,
    -13273.948347006783,
    -937.42849432085336,
    -4648.7706593094317
  ],
  "num_iteration": 1000,
  "num_modalities": 4,
  "num_topics": 7,
  "total_liklihood": -33092.561011698148
}
