{
  "modality_liklihoods": [
    -14264.249633608855,
    -13269.329139557331,
    -937.36512180091279,
    -4657.2912337992884
  ],
  "num_iteration": 1000,
  "num_modalities": 4,
  "num_topics": 7,
  "total_liklihood": -33128.235128766384
}
