{
  "modality_liklihoods": [
    -14311.784311896698,
    -13258.467175740399,
    -944.17807196353283,
    -4607.1574826077494
  ],
  "num_iteration": 1000,
  "num_modalities": 4,
  "num_topics": 7,
  "total_liklihood": -33121.587042208383
}
