{
  "modality_liklihoods": [
    -13945.273690413951,
    -13232.820195748134,
    -937.12341132270899,
    -4669.2681051994214
  ],
  "num_iteration": 1000,
  "num_modalities": 4,
  "num_topics": 7,
  "total_liklihood": -32784.485402684215
}
