{
  "modality_liklihoods": [
    -13820.241362640172,
    -13270.031294287619,
    -938.65328569705628,
    -4632.6524548385214
  ],
  "num_iteration": 1000,
  "num_modalities": 4,
  "num_topics": 7,
  "total_liklihood": -32661.578397463367
}
