{
  "modality_liklihoods": [
    -13250.2080137873,
    -13304.150873959821,
    -940.22470313686767,
    -4612.6452278919824
  ],
  "num_iteration": 1000,
  "num_modalities": 4,
  "num_topics": 7,
  "total_liklihood": -32107.22881877597
}
