{
  "modality_liklihoods": [
    -13987.610708311597,
    -13250.603140239333,
    -940.38226262835337,
    -4660.5261368032998
  ],
  "num_iteration": 1000,
  "num_modalities": 4,
  "num_topics": 7,
  "total_liklihood": -32839.122247982581
}
