{
  "modality_liklihoods": [
    -14231.826016406818,
    -13305.742043176839,
    -935.48860838233486,
    -4676.2097559233307
  ],
  "num_iteration": 1000,
  "num_modalities": 4,
  "num_topics": 7,
  "total_liklihood": -33149.266423889319
}
