{
  "modality_liklihoods": [
    -13895.705144957761,
    -13271.057586172497,
    -943.45493557302893,
    -4670.3836507115911
  ],
  "num_iteration": 1000,
  "num_modalities": 4,
  "num_topics": 7,
  "total_liklihood": -32780.601317414876
}
