{
  "modality_liklihoods": [
    -13008.396708795141,
    -13262.595846075636,
    -935.14499175792946,
    -4608.0801230624957
  ],
  "num_iteration": 1000,
  "num_modalities": 4,
  "num_topics": 7,
  "total_liklihood": -31814.217669691203
}
