{
  "modality_liklihoods": [
    -14422.532252021159,
    -13291.867310336445,
    -942.61757112523651,
    -4637.4839610578729
  ],
  "num_iteration": 1000,
  "num_modalities": 4,
  "num_topics": 7,
  "total_liklihood": -33294.501094540712
}
