{
  "modality_liklihoods": [
    -13947.297600066635,
    -13241.746817361536,
    -935.48464486132468,
    -4665.9370844588793
  ],
  "num_iteration": 1000,
  "num_modalities": 4,
  "num_topics": 7,
  "total_liklihood": -32790.466146748375
}
