{
  "modality_liklihoods": [
    -14573.621327507068,
    -13279.694427251092,
    -937.27154231877626,
    -4693.3402841462957
  ],
  "num_iteration": 1000,
  "num_modalities": 4,
  "num_topics": 7,
  "total_liklihood": -33483.92758122323
}
