{
  "modality_liklihoods": [
    -13476.962932766968,
    -13297.383025821186,
    -933.95067987045695,
    -4688.9798063518438
  ],
  "num_iteration": 1000,
  "num_modalities": 4,
  "num_topics": 7,
  "total_liklihood": -32397.276444810454
}
