{
  "modality_liklihoods": [
    -13805.946318543991,
    -13252.262953301512,
    -937.80931136341405,
    -4650.9304239806261
  ],
  "num_iteration": 1000,
  "num_modalities": 4,
  "num_topics": 7,
  "total_liklihood": -32646.949007189542
}
