{
  "modality_liklihoods": [
    -13975.389065938896,
    -13289.150506552192,
    -942.89125431502919,
    -4647.598738329918
  ],
  "num_iteration": 1000,
  "num_modalities": 4,
  "num_topics": 7,
  "total_liklihood": -32855.029565136036
}
