{
  "modality_liklihoods": [
    -13833.288612652937,
    -13309.834431352489,
    -937.54204062208385,
    -4621.038611074574
  ],
  "num_iteration": 1000,
  "num_modalities": 4,
  "num_topics": 7,
  "total_liklihood": -32701.703695702086
}
