{
  "modality_liklihoods": [
    -13983.149833120606,
    -13267.263036118502,
    -935.07495511039485,
    -4601.0238443604294
  ],
  "num_iteration": 1000,
  "num_modalities": 4,
  "num_topics": 7,
  "total_liklihood": -32786.511668709936
}
