{
  "modality_liklihoods": [
    -12966.447038093045,
    -13239.16725137393,
    -947.21912189099021,
    -4677.9317348789864
  ],
  "num_iteration": 1000,
  "num_modalities": 4,
  "num_topics": 7,
  "total_liklihood": -31830.765146236954
}
