{
  "modality_liklihoods": [
    -13521.756989293328,
    -13249.152216679277,
    -937.37181174950774,
    -4621.3131494568061
  ],
  "num_iteration": 1000,
  "num_modalities": 4,
  "num_topics": 7,
  "total_liklihood": -32329.594167178919
}
