{
  "modality_liklihoods": [
    -14131.448269666727,
    -13247.698240253412,
    -942.6924285300646,
    -4611.5542271323002
  ],
  "num_iteration": 1000,
  "num_modalities": 4,
  "num_topics": 7,
  "total_liklihood": -32933.3931655825
}
