{
  "modality_liklihoods": [
    -13882.052394928121,
    -13289.746366378942,
    -942.75339002741339,
    -4662.56649278656
  ],
  "num_iteration": 1000,
  "num_modalities": 4,
  "num_topics": 7,
  "total_liklihood": -32777.118644121038
}
