{
  "modality_liklihoods": [
    -13941.503179535886,
    -13248.709889122854,
    -943.54551471407751,
    -4649.6704349180545
  ],
  "num_iteration": 1000,
  "num_modalities": 4,
  "num_topics": 7,
  "total_liklihood": -32783.429018290874
}
