{
  "modality_liklihoods": [
    -14359.038733943971,
    -13243.667988477342,
    -941.21767749564856,
    -4649.476402488488
  ],
  "num_iteration": 1000,
  "num_modalities": 4,
  "num_topics": 7,
  "total_liklihood": -33193.400802405449
}
