{
  "modality_liklihoods": [
    -14230.626910890243,
    -13219.112871469219,
    -945.10590302475021,
    -4735.2772767108954
  ],
  "num_iteration": 1000,
  "num_modalities": 4,
  "num_topics": 7,
  "total_liklihood": -33130.122962095105
}
