{
  "modality_liklihoods": [
    -13921.346532551395,
    -13276.350536661075,
    -944.57703316557104,
    -4606.93647584072
  ],
  "num_iteration": 1000,
  "num_modalities": 4,
  "num_topics": 7,
  "total_liklihood": -32749.210578218761
}
