{
  "modality_liklihoods": [
    -13087.60490050776,
    -13266.273406238508,
    -939.8187609724481,
    -4694.1167754461612
  ],
  "num_iteration": 1000,
  "num_modalities": 4,
  "num_topics": 7,
  "total_liklihood": -31987.813843164877
}
