{
  "modality_liklihoods": [
    -13992.936185276958,
    -13266.683635036137,
    -934.53454205369269,
    -4637.3654464264846
  ],
  "num_iteration": 1000,
  "num_modalities": 4,
  "num_topics": 7,
  "total_liklihood": -32831.519808793273
}
