{
  "modality_liklihoods": [
    -14062.695522952081,
    -13267.454758793972,
    -942.63267144359986,
    -4624.205315983545
  ],
  "num_iteration": 1000,
  "num_modalities": 4,
  "num_topics": 7,
  "total_liklihood": -32896.988269173198
}
