{
  "modality_liklihoods": [
    -12696.113298272599,
    -13272.202784056022,
    -941.63484275022984,
    -4617.4446507915291
  ],
  "num_iteration": 1000,
  "num_modalities": 4,
  "num_topics": 7,
  "total_liklihood": -31527.395575870381
}
