{
  "modality_liklihoods": [
    -13066.113696424864,
    -13243.40572179059,
    -943.85608430780746,
    -4664.0913655176182
  ],
  "num_iteration": 1000,
  "num_modalities": 4,
  "num_topics": 7,
  "total_liklihood": -31917.466868040879
}
