{
  "modality_liklihoods": [
    -13589.06191749511,
    -13241.165346442367,
    -943.9299198945771,
    -4640.4879984639811
  ],
  "num_iteration": 1000,
  "num_modalities": 4,
  "num_topics": 7,
  "total_liklihood": -32414.645182296037
}
