{
  "modality_liklihoods": [
    -12746.128416564849,
    -13248.302549909633,
    -944.06312900039882,
    -4656.390068343263
  ],
  "num_iteration": 1000,
  "num_modalities": 4,
  "num_topics": 7,
  "total_liklihood": -31594.88416381814
}
