{
  "modality_liklihoods": [
    -13025.892706903491,
    -13212.410686347643,
    -939.05203055471475,
    -4634.8225616458876
  ],
  "num_iteration": 1000,
  "num_modalities": 4,
  "num_topics": 7,
  "total_liklihood": -31812.177985451734
}
