{
  "modality_liklihoods": [
    -13345.17173306069,
    -13263.628360696704,
    -940.92356437991543,
    -4656.4586713851822
  ],
  "num_iteration": 1000,
  "num_modalities": 4,
  "num_topics": 7,
  "total_liklihood": -32206.182329522493
}
