{
  "modality_liklihoods": [
    -13830.711792713586,
    -13262.084628599257,
    -941.10933470954944,
    -4624.1900766233239
  ],
  "num_iteration": 1000,
  "num_modalities": 4,
  "num_topics": 7,
  "total_liklihood": -32658.095832645715
}
