{
  "modality_liklihoods": [
    -13793.909207297273,
    -13303.529271125584,
    -935.46064575077799,
    -4585.3077340100917
  ],
  "num_iteration": 1000,
  "num_modalities": 4,
  "num_topics": 7,
  "total_liklihood": -32618.20685818373
}
