{
  "modality_liklihoods": [
    -13962.166527551422,
    -13283.187108272752,
    -946.79210453441249,
    -4644.4234001979949
  ],
  "num_iteration": 1000,
  "num_modalities": 4,
  "num_topics": 7,
  "total_liklihood": -32836.569140556581
}
