{
  "modality_liklihoods": [
    -14378.550754950338,
    -13253.063200566803,
    -939.65792785174938,
    -4660.6754666604784
  ],
  "num_iteration": 1000,
  "num_modalities": 4,
  "num_topics": 7,
  "total_liklihood": -33231.947350029368
}
