{
  "modality_liklihoods": [
    -13463.567303067292,
    -13190.215661917409,
    -942.08138827089124,
    -4639.2773915060206
  ],
  "num_iteration": 1000,
  "num_modalities": 4,
  "num_topics": 7,
  "total_liklihood": -32235.141744761611
}
