{
  "modality_liklihoods": [
    -14605.736332492303,
    -13264.223435054271,
    -933.85780858175906,
    -4631.8794233836006
  ],
  "num_iteration": 1000,
  "num_modalities": 4,
  "num_topics": 7,
  "total_liklihood": -33435.696999511936
}
