{
  "modality_liklihoods": [
    -14021.511645543967,
    -13296.947148063698,
    -939.88166563029006,
    -4636.411664789618
  ],
  "num_iteration": 1000,
  "num_modalities": 4,
  "num_topics": 7,
  "total_liklihood": -32894.752124027575
}
