{
  "modality_liklihoods": [
    -13942.808743569876,
    -13243.745705451272,
    -945.55095265269335,
    -4690.7720038384305
  ],
  "num_iteration": 1000,
  "num_modalities": 4,
  "num_topics": 7,
  "total_liklihood": -32822.87740551227
}
