{
  "modality_liklihoods": [
    -13412.457881379129,
    -13279.553253600905,
    -940.03392294956677,
    -4656.1311428025529
  ],
  "num_iteration": 1000,
  "num_modalities": 4,
  "num_topics": 7,
  "total_liklihood": -32288.176200732152
}
