{
  "modality_liklihoods": [
    -14273.681256834709,
    -13253.17272259303,
    -939.56708755158161,
    -4613.587144439025
  ],
  "num_iteration": 1000,
  "num_modalities": 4,
  "num_topics": 7,
  "total_liklihood": -33080.008211418346
}
