{
  "modality_liklihoods": [
    -13894.720530609298,
    -13307.452704218893,
    -944.7688761215428,
    -4634.2567780127138
  ],
  "num_iteration": 1000,
  "num_modalities": 4,
  "num_topics": 7,
  "total_liklihood": -32781.198888962448
}
