{
  "modality_liklihoods": [
    -13501.425731649048,
    -13218.297727590554,
    -942.02198999387349,
    -4674.6839864221492
  ],
  "num_iteration": 1000,
  "num_modalities": 4,
  "num_topics": 7,
  "total_liklihood": -32336.429435655627
}
