{
  "modality_liklihoods": [
    -13085.995447573792,
    -13252.528910218807,
    -945.81265084210543,
    -4591.6764111920793
  ],
  "num_iteration": 1000,
  "num_modalities": 4,
  "num_topics": 7,
  "total_liklihood": -31876.013419826784
}
