{
  "modality_liklihoods": [
    -14360.632683885351,
    -13220.466541183469,
    -940.83206253290098,
    -4663.9714218811478
  ],
  "num_iteration": 1000,
  "num_modalities": 4,
  "num_topics": 7,
  "total_liklihood": -33185.902709482871
}
