{
  "modality_liklihoods": [
    -14118.445557970605,
    -13259.286116823516,
    -936.60330714193935,
    -4655.6371598318074
  ],
  "num_iteration": 1000,
  "num_modalities": 4,
  "num_topics": 7,
  "total_liklihood": -32969.972141767867
}
