{
  "modality_liklihoods": [
    -14591.291161571455,
    -13324.683846255317,
    -944.52362060942755,
    -4675.0853533926511
  ],
  "num_iteration": 1000,
  "num_modalities": 4,
  "num_topics": 7,
  "total_liklihood": -33535.583981828851
}
