{
  "modality_liklihoods": [
    -14303.428379088256,
    -13275.605972298212,
    -938.79569560836069,
    -4646.8979523717362
  ],
  "num_iteration": 1000,
  "num_modalities": 4,
  "num_topics": 7,
  "total_liklihood": -33164.727999366565
}
