{
  "modality_liklihoods": [
    -13529.820216474987,
    -13268.836216024371,
    -943.20421373583781,
    -4620.6697076286173
  ],
  "num_iteration": 1000,
  "num_modalities": 4,
  "num_topics": 7,
  "total_liklihood": -32362.530353863815
}
