{
  "modality_liklihoods": [
    -14631.878079273301,
    -13289.016405232996,
    -934.03045392197168,
    -4658.4203975200844
  ],
  "num_iteration": 1000,
  "num_modalities": 4,
  "num_topics": 7,
  "total_liklihood": -33513.345335948354
}
