{
  "modality_liklihoods": [
    -13539.733371110389,
    -13277.985834723313,
    -937.8997006147772,
    -4708.755784714137
  ],
  "num_iteration": 1000,
  "num_modalities": 4,
  "num_topics": 7,
  "total_liklihood": -32464.374691162615
}
