{
  "modality_liklihoods": [
    -14411.32931073771,
    -13227.013224744303,
    -945.48817745924794,
    -4756.3500447392971
  ],
  "num_iteration": 1000,
  "num_modalities": 4,
  "num_topics": 7,
  "total_liklihood": -33340.180757680559
}
