{
  "modality_liklihoods": [
    -13993.517254890316,
    -13290.686588057884,
    -934.44404788337954,
    -4649.0151279268093
  ],
  "num_iteration": 1000,
  "num_modalities": 4,
  "num_topics": 7,
  "total_liklihood": -32867.663018758387
}
