{
  "modality_liklihoods": [
    -14482.457252626969,
    -13279.16519719439,
    -935.00540172975843,
    -4629.7404296312034
  ],
  "num_iteration": 1000,
  "num_modalities": 4,
  "num_topics": 7,
  "total_liklihood": -33326.368281182324
}
