{
  "modality_liklihoods": [
    -13845.203601644473,
    -13262.377849022441,
    -938.99705336975046,
    -4680.5668649895761
  ],
  "num_iteration": 1000,
  "num_modalities": 4,
  "num_topics": 7,
  "total_liklihood": -32727.145369026235
}
