{
  "modality_liklihoods": [
    -14404.81218759104,
    -13276.588487636749,
    -932.7801782544667,
    -4597.1493450843973
  ],
  "num_iteration": 1000,
  "num_modalities": 4,
  "num_topics": 7,
  "total_liklihood": -33211.330198566655
}
