{
  "modality_liklihoods": [
    -13712.733285471197,
    -13314.17111738836,
    -940.65264801278613,
    -4583.6379516334491
  ],
  "num_iteration": 1000,
  "num_modalities": 4,
  "num_topics": 7,
  "total_liklihood": -32551.195002505792
}
