{
  "modality_liklihoods": [
    -13178.307379771781,
    -13284.075760441621,
    -941.70262185298282,
    -4630.5768181881131
  ],
  "num_iteration": 1000,
  "num_modalities": 4,
  "num_topics": 7,
  "total_liklihood": -32034.662580254499
}
