{
  "modality_liklihoods": [
    -13756.284387475185,
    -13244.053730367456,
    -938.24594576625191,
    -4676.2090956491502
  ],
  "num_iteration": 1000,
  "num_modalities": 4,
  "num_topics": 7,
  "total_liklihood": -32614.793159258043
}
