{
  "modality_liklihoods": [
    -14015.279396359912,
    -13288.934845803722,
    -942.89662490688886,
    -4586.3234948871486
  ],
  "num_iteration": 1000,
  "num_modalities": 4,
  "num_topics": 7,
  "total_liklihood": -32833.434361957668
}
