{
  "modality_liklihoods": [
    -14189.879736702182,
    -13281.241627195934,
    -944.10176837879999,
    -4580.1627013731895
  ],
  "num_iteration": 1000,
  "num_modalities": 4,
  "num_topics": 7,
  "total_liklihood": -32995.385833650107
}
