{
  "modality_liklihoods": [
    -13995.780521904278,
    -13262.718346548338,
    -942.44452860319291,
    -4670.2538158092557
  ],
  "num_iteration": 1000,
  "num_modalities": 4,
  "num_topics": 7,
  "total_liklihood": -32871.197212865067
}
