{
  "modality_liklihoods": [
    -13852.324246658078,
    -13299.32800189501,
    -940.90179062673462,
    -4630.4156216613928
  ],
  "num_iteration": 1000,
  "num_modalities": 4,
  "num_topics": 7,
  "total_liklihood": -32722.969660841216
}
