{
  "modality_liklihoods": [
    -14387.637230257373,
    -13275.751967786944,
    -933.29508363628054,
    -4598.8791843899407
  ],
  "num_iteration": 1000,
  "num_modalities": 4,
  "num_topics": 7,
  "total_liklihood": -33195.563466070533
}
