{
  "modality_liklihoods": [
    -14226.450441601204,
    -13225.123776550083,
    -934.43797094879096,
    -4630.1205345195349
  ],
  "num_iteration": 1000,
  "num_modalities": 4,
  "num_topics": 7,
  "total_liklihood": -33016.132723619616
}
