{
  "modality_liklihoods": [
    -13596.719934981675,
    -13293.62311236489,
    -941.40155343795504,
    -4606.4937636829254
  ],
  "num_iteration": 1000,
  "num_modalities": 4,
  "num_topics": 7,
  "total_liklihood": -32438.238364467441
}
