{
  "modality_liklihoods": [
    -14232.9906111646,
    -13231.266136423779,
    -942.85610657703387,
    -4705.1741383443805
  ],
  "num_iteration": 1000,
  "num_modalities": 4,
  "num_topics": 7,
  "total_liklihood": -33112.286992509791
}
