{
  "modality_liklihoods": [
    -12976.554514895859,
    -13255.992013193378,
    -942.52049604656156,
    -4636.3064959249341
  ],
  "num_iteration": 1000,
  "num_modalities": 4,
  "num_topics": 7,
  "total_liklihood": -31811.373520060733
}
