{
  "modality_liklihoods": [
    -13330.12371788872,
    -13271.715832092645,
    -948.9612561769278,
    -4693.4064459857927
  ],
  "num_iteration": 1000,
  "num_modalities": 4,
  "num_topics": 7,
  "total_liklihood": -32244.207252144086
}
