{
  "modality_liklihoods": [
    -14480.781159514207,
    -13269.31340913227,
    -937.28905950792625,
    -4667.6132278111754
  ],
  "num_iteration": 1000,
  "num_modalities": 4,
  "num_topics": 7,
  "total_liklihood": -33354.996855965575
}
