{
  "modality_liklihoods": [
    -13899.777948430532,
    -13254.596653398499,
    -938.51646593406178,
    -4653.7922556368621
  ],
  "num_iteration": 1000,
  "num_modalities": 4,
  "num_topics": 7,
  "total_liklihood": -32746.683323399957
}
