{
  "modality_liklihoods": [
    -13953.688533797826,
    -13239.956417976278,
    -938.08965569369127,
    -4663.64692412963
  ],
  "num_iteration": 1000,
  "num_modalities": 4,
  "num_topics": 7,
  "total_liklihood": -32795.381531597428
}
