{
  "modality_liklihoods": [
    -13496.661675216508,
    -13273.650835201301,
    -952.94762795876613,
    -4614.3486865775576
  ],
  "num_iteration": 1000,
  "num_modalities": 4,
  "num_topics": 7,
  "total_liklihood": -32337.608824954135
}
