{
  "modality_liklihoods": [
    -14069.690538016432,
    -13242.106690023156,
    -942.46968898169246,
    -4639.8788956898688
  ],
  "num_iteration": 1000,
  "num_modalities": 4,
  "num_topics": 7,
  "total_liklihood": -32894.145812711147
}
