{
  "modality_liklihoods": [
    -12808.449643857186,
    -13259.422665101865,
    -941.72054952078747,
    -4683.3765278182591
  ],
  "num_iteration": 1000,
  "num_modalities": 4,
  "num_topics": 7,
  "total_liklihood": -31692.969386298097
}
