{
  "modality_liklihoods": [
    -14058.696393804672,
    -13267.796990438699,
    -937.77146316442656,
    -4672.0938151746304
  ],
  "num_iteration": 1000,
  "num_modalities": 4,
  "num_topics": 7,
  "total_liklihood": -32936.358662582425
}
