{
  "modality_liklihoods": [
    -13808.128322923512,
    -13238.365729011623,
    -942.36357717111025,
    -4616.2748092515776
  ],
  "num_iteration": 1000,
  "num_modalities": 4,
  "num_topics": 7,
  "total_liklihood": -32605.132438357825
}
