{
  "modality_liklihoods": [
    -13825.023887353334,
    -13288.814480240508,
    -943.91602952772541,
    -4620.418585765653
  ],
  "num_iteration": 1000,
  "num_modalities": 4,
  "num_topics": 7,
  "total_liklihood": -32678.172982887219
}
