{
  "modality_liklihoods": [
    -14486.08328705545,
    -13284.724862045405,
    -946.01584268998135,
    -4650.4503686043481
  ],
  "num_iteration": 1000,
  "num_modalities": 4,
  "num_topics": 7,
  "total_liklihood": -33367.274360395182
}
