{
  "modality_liklihoods": [
    -14046.575674088379,
    -13224.992749157129,
    -942.19610790380148,
    -4679.2889539327434
  ],
  "num_iteration": 1000,
  "num_modalities": 4,
  "num_topics": 7,
  "total_liklihood": -32893.053485082055
}
