{
  "modality_liklihoods": [
    -14053.038819045587,
    -13223.143547080505,
    -938.12934734371765,
    -4645.0920856909252
  ],
  "num_iteration": 1000,
  "num_modalities": 4,
  "num_topics": 7,
  "total_liklihood": -32859.403799160733
}
