{
  "modality_liklihoods": [
    -14077.6995009989,
    -13203.635342018602,
    -941.62479842729874,
    -4717.2978899835698
  ],
  "num_iteration": 1000,
  "num_modalities": 4,
  "num_topics": 7,
  "total_liklihood": -32940.257531428375
}
