{
  "modality_liklihoods": [
    -14211.75577340587,
    -13243.92655950233,
    -933.78677172907771,
    -4650.1908844389764
  ],
  "num_iteration": 1000,
  "num_modalities": 4,
  "num_topics": 7,
  "total_liklihood": -33039.659989076259
}
