{
  "modality_liklihoods": [
    -13252.760262304992,
    -13249.467743866744,
    -932.90131367856077,
    -4630.0599784697069
  ],
  "num_iteration": 1000,
  "num_modalities": 4,
  "num_topics": 7,
  "total_liklihood": -32065.189298320005
}
