{
  "modality_liklihoods": [
    -13310.629626504093,
    -13266.378253742612,
    -942.20568137193766,
    -4627.9069275231004
  ],
  "num_iteration": 1000,
  "num_modalities": 4,
  "num_topics": 7,
  "total_liklihood": -32147.120489141744
}
