{
  "modality_liklihoods": [
    -14452.424711310996,
    -13283.851934314498,
    -940.17948184673389,
    -4667.5911185744708
  ],
  "num_iteration": 1000,
  "num_modalities": 4,
  "num_topics": 7,
  "total_liklihood": -33344.047246046699
}
