{
  "modality_liklihoods": [
    -13738.389695645945,
    -13295.341730538454,
    -941.89378651549009,
    -4624.1390927859065
  ],
  "num_iteration": 1000,
  "num_modalities": 4,
  "num_topics": 7,
  "total_liklihood": -32599.764305485798
}
