{
  "modality_liklihoods": [
    -13622.560149993797,
    -13191.950603507139,
    -951.39617353025983,
    -4665.1046630458677
  ],
  "num_iteration": 1000,
  "num_modalities": 4,
  "num_topics": 7,
  "total_liklihood": -32431.011590077062
}
