{
  "modality_liklihoods": [
    -13512.445527268672,
    -13281.790135025885,
    -938.77660479540759,
    -4605.9216018192228
  ],
  "num_iteration": 1000,
  "num_modalities": 4,
  "num_topics": 7,
  "total_liklihood": -32338.933868909189
}
