{
  "modality_liklihoods": [
    -13272.460344510875,
    -13221.575620501395,
    -942.35588032781118,
    -4686.5253689519659
  ],
  "num_iteration": 1000,
  "num_modalities": 4,
  "num_topics": 7,
  "total_liklihood": -32122.917214292047
}
