{
  "modality_liklihoods": [
    -13880.198129917939,
    -13287.007311168283,
    -943.49189470840406,
    -4676.9779240594535
  ],
  "num_iteration": 1000,
  "num_modalities": 4,
  "num_topics": 7,
  "total_liklihood": -32787.675259854077
}
