{
  "modality_liklihoods": [
    -13740.77644468628,
    -13270.835108880452,
    -939.49543603093809,
    -4594.6080917113186
  ],
  "num_iteration": 1000,
  "num_modalities": 4,
  "num_topics": 7,
  "total_liklihood": -32545.71508130899
}
