{
  "modality_liklihoods": [
    -14421.069689192178,
    -13275.771671526098,
    -937.14228925010195,
    -4615.3033642221189
  ],
  "num_iteration": 1000,
  "num_modalities": 4,
  "num_topics": 7,
  "total_liklihood": -33249.287014190493
}
