{
  "modality_liklihoods": [
    -12664.001573148542,
    -13260.872802095453,
    -947.42736296219027,
    -4628.8299908913941
  ],
  "num_iteration": 1000,
  "num_modalities": 4,
  "num_topics": 7,
  "total_liklihood": -31501.131729097578
}
