{
  "modality_liklihoods": [
    -14139.283482574467,
    -13321.708500441702,
    -939.18229083454605,
    -4648.1077074546092
  ],
  "num_iteration": 1000,
  "num_modalities": 4,
  "num_topics": 7,
  "total_liklihood": -33048.281981305321
}
