{
  "modality_liklihoods": [
    -14527.429636608769,
    -13268.568816486753,
    -936.89248706620322,
    -4620.8981120007775
  ],
  "num_iteration": 1000,
  "num_modalities": 4,
  "num_topics": 7,
  "total_liklihood": -33353.789052162509
}
