{
  "modality_liklihoods": [
    -14480.653159299662,
    -13209.256158139251,
    -938.57390281294329,
    -4710.4431460444403
  ],
  "num_iteration": 1000,
  "num_modalities": 4,
  "num_topics": 7,
  "total_liklihood": -33338.926366296299
}
