{
  "modality_liklihoods": [
    -14385.905770369231,
    -13283.038481103216,
    -945.58320186930212,
    -4588.3362404389145
  ],
  "num_iteration": 1000,
  "num_modalities": 4,
  "num_topics": 7,
  "total_liklihood": -33202.863693780666
}
