{
  "modality_liklihoods": [
    -14050.208399080702,
    -13226.091983535127,
    -942.41691132328469,
    -4715.9723423838814
  ],
  "num_iteration": 1000,
  "num_modalities": 4,
  "num_topics": 7,
  "total_liklihood": -32934.689636322997
}
