{
  "modality_liklihoods": [
    -14414.383243950786,
    -13254.692958106665,
    -945.19513567086085,
    -4700.2409656419841
  ],
  "num_iteration": 1000,
  "num_modalities": 4,
  "num_topics": 7,
  "total_liklihood": -33314.512303370298
}
