{
  "modality_liklihoods": [
    -13644.181921847223,
    -13300.513995204523,
    -941.5810268482993,
    -4627.0502600678192
  ],
  "num_iteration": 1000,
  "num_modalities": 4,
  "num_topics": 7,
  "total_liklihood": -32513.327203967863
}
