{
  "modality_liklihoods": [
    -14019.921156029986,
    -13227.031613947882,
    -939.66597255780687,
    -4630.3734512005822
  ],
  "num_iteration": 1000,
  "num_modalities": 4,
  "num_topics": 7,
  "total_liklihood": -32816.99219373626
}
