{
  "modality_liklihoods": [
    -14122.895119291472,
    -13272.468477431114,
    -938.2747378884884,
    -4648.3989955055613
  ],
  "num_iteration": 1000,
  "num_modalities": 4,
  "num_topics": 7,
  "total_liklihood": -32982.037330116633
}
