{
  "modality_liklihoods": [
    -13915.141408135294,
    -13254.705596383425,
    -939.70118416200648,
    -4678.0597183365599
  ],
  "num_iteration": 1000,
  "num_modalities": 4,
  "num_topics": 7,
  "total_liklihood": -32787.607907017285
}
