{
  "modality_liklihoods": [
    -12417.246373000025,
    -13296.263393845742,
    -940.64376189886616,
    -4687.8812451434042
  ],
  "num_iteration": 1000,
  "num_modalities": 4,
  "num_topics": 7,
  "total_liklihood": -31342.034773888037
}
