{
  "modality_liklihoods": [
    -14050.290822348068,
    -13203.620857562308,
    -932.45685257812374,
    -4628.741901082074
  ],
  "num_iteration": 1000,
  "num_modalities": 4,
  "num_topics": 7,
  "total_liklihood": -32815.110433570575
}
