{
  "modality_liklihoods": [
    -13620.522974693824,
    -13245.077272158429,
    -943.22020436089872,
    -4674.8822797004987
  ],
  "num_iteration": 1000,
  "num_modalities": 4,
  "num_topics": 7,
  "total_liklihood": -32483.70273091365
}
