{
  "modality_liklihoods": [
    -13652.864814989211,
    -13310.751039152021,
    -939.08201459048371,
    -4610.1517985471201
  ],
  "num_iteration": 1000,
  "num_modalities": 4,
  "num_topics": 7,
  "total_liklihood": -32512.849667278831
}
