{
  "modality_liklihoods": [
    -13860.568204443691,
    -13248.442045123476,
    -944.18885122235554,
    -4644.0933083653899
  ],
  "num_iteration": 1000,
  "num_modalities": 4,
  "num_topics": 7,
  "total_liklihood": -32697.292409154914
}
