{
  "modality_liklihoods": [
    -13683.231843567975,
    -13318.737812343812,
    -942.86227983215576,
    -4666.7036661046759
  ],
  "num_iteration": 1000,
  "num_modalities": 4,
  "num_topics": 7,
  "total_liklihood": -32611.53560184862
}
