{
  "modality_liklihoods": [
    -14179.872675213484,
    -13276.635921502761,
    -940.04375724669762,
    -4674.115027195101
  ],
  "num_iteration": 1000,
  "num_modalities": 4,
  "num_topics": 7,
  "total_liklihood": -33070.66738115804
}
