{
  "modality_liklihoods": [
    -14146.544668567038,
    -13243.642530833802,
    -933.99929065238746,
    -4636.1937348832153
  ],
  "num_iteration": 1000,
  "num_modalities": 4,
  "num_topics": 7,
  "total_liklihood": -32960.380224936445
}
