{
  "modality_liklihoods": [
    -13558.4199432159,
    -13246.573454848434,
    -937.12237068914908,
    -4600.4003484020659
  ],
  "num_iteration": 1000,
  "num_modalities": 4,
  "num_topics": 7,
  "total_liklihood": -32342.516117155548
}
