{
  "modality_liklihoods": [
    -14021.798762838825,
    -13289.583348895947,
    -947.34878276072538,
    -4634.4406142831522
  ],
  "num_iteration": 1000,
  "num_modalities": 4,
  "num_topics": 7,
  "total_liklihood": -32893.171508778651
}
