{
  "modality_liklihoods": [
    -12000.610670740127,
    -13276.796429306441,
    -940.29993591222046,
    -4665.2226218010437
  ],
  "num_iteration": 1000,
  "num_modalities": 4,
  "num_topics": 7,
  "total_liklihood": -30882.929657759832
}
