{
  "modality_liklihoods": [
    -13532.686934554231,
    -13292.701547531276,
    -934.22312354975782,
    -4700.6428758279753
  ],
  "num_iteration": 1000,
  "num_modalities": 4,
  "num_topics": 7,
  "total_liklihood": -32460.254481463242
}
