{
  "modality_liklihoods": [
    -13549.368009074678,
    -13295.918511438693,
    -940.30164700017235,
    -4626.2043195401357
  ],
  "num_iteration": 1000,
  "num_modalities": 4,
  "num_topics": 7,
  "total_liklihood": -32411.792487053677
}
