{
  "modality_liklihoods": [
    -14062.417710782271,
    -13294.710647087479,
    -940.306178956547,
    -4653.6171824179264
  ],
  "num_iteration": 1000,
  "num_modalities": 4,
  "num_topics": 7,
  "total_liklihood": -32951.05171924422
}
