{
  "modality_liklihoods": [
    -13771.229045196778,
    -13274.486860502351,
    -942.30995236228227,
    -4671.4484261885045
  ],
  "num_iteration": 1000,
  "num_modalities": 4,
  "num_topics": 7,
  "total_liklihood": -32659.474284249914
}
