{
  "modality_liklihoods": [
    -14073.116489153279,
    -13243.199233355983,
    -934.99947060207603,
    -4646.0246621578272
  ],
  "num_iteration": 1000,
  "num_modalities": 4,
  "num_topics": 7,
  "total_liklihood": -32897.339855269165
}
