{
  "modality_liklihoods": [
    -14281.943804508273,
    -13224.181895817239,
    -940.68083008117162,
    -4720.8306003257403
  ],
  "num_iteration": 1000,
  "num_modalities": 4,
  "num_topics": 7,
  "total_liklihood": -33167.637130732423
}
