{
  "modality_liklihoods": [
    -13520.347185910137,
    -13261.691745444314,
    -937.35060519992373,
    -4584.4597695381926
  ],
  "num_iteration": 1000,
  "num_modalities": 4,
  "num_topics": 7,
  "total_liklihood": -32303.849306092568
}
