{
  "modality_liklihoods": [
    -14444.002308639378,
    -13219.769765411142,
    -936.93431108045422,
    -4576.9736706554077
  ],
  "num_iteration": 1000,
  "num_modalities": 4,
  "num_topics": 7,
  "total_liklihood": -33177.680055786383
}
