{
  "modality_liklihoods": [
    -14119.989153885934,
    -13221.372119828442,
    -942.12471141090577,
    -4628.3879527765139
  ],
  "num_iteration": 1000,
  "num_modalities": 4,
  "num_topics": 7,
  "total_liklihood": -32911.873937901801
}
