{
  "modality_liklihoods": [
    -14064.618319164567,
    -13299.652763531121,
    -940.39126153477321,
    -4669.0316539064679
  ],
  "num_iteration": 1000,
  "num_modalities": 4,
  "num_topics": 7,
  "total_liklihood": -32973.693998136929
}
