{
  "modality_liklihoods": [
    -13282.687919714552,
    -13245.593962270003,
    -942.22775521240806,
    -4656.4282708286792
  ],
  "num_iteration": 1000,
  "num_modalities": 4,
  "num_topics": 7,
  "total_liklihood": -32126.93790802564
}
