{
  "modality_liklihoods": [
    -14234.247807939177,
    -13246.913191814028,
    -935.88924080790241,
    -4652.5369510227865
  ],
  "num_iteration": 1000,
  "num_modalities": 4,
  "num_topics": 7,
  "total_liklihood": -33069.587191583894
}
