{
  "modality_liklihoods": [
    -14433.246835314361,
    -13210.678279562513,
    -941.35843383542385,
    -4677.6955248936547
  ],
  "num_iteration": 1000,
  "num_modalities": 4,
  "num_topics": 7,
  "total_liklihood": -33262.979073605951
}
