{
  "modality_liklihoods": [
    -14051.073351775301,
    -13242.087685300854,
    -936.86366213322049,
    -4627.6077490572779
  ],
  "num_iteration": 1000,
  "num_modalities": 4,
  "num_topics": 7,
  "total_liklihood": -32857.632448266653
}
