{
  "modality_liklihoods": [
    -14353.105227137916,
    -13293.445269148475,
    -942.05560625016926,
    -4650.4774408201356
  ],
  "num_iteration": 1000,
  "num_modalities": 4,
  "num_topics": 7,
  "total_liklihood": -33239.083543356697
}
