{
  "modality_liklihoods": [
    -14338.348462505173,
    -13279.773347203713,
    -937.27992589849691,
    -4605.5020133382786
  ],
  "num_iteration": 1000,
  "num_modalities": 4,
  "num_topics": 7,
  "total_liklihood": -33160.90374894566
}
