{
  "modality_liklihoods": [
    -13473.958103396473,
    -13311.893038087046,
    -939.6732801230263,
    -4664.217442461586
  ],
  "num_iteration": 1000,
  "num_modalities": 4,
  "num_topics": 7,
  "total_liklihood": -32389.741864068128
}
