{
  "modality_liklihoods": [
    -13805.394825898416,
    -13223.127857222684,
    -938.06757397653246,
    -4717.0393364131778
  ],
  "num_iteration": 1000,
  "num_modalities": 4,
  "num_topics": 7,
  "total_liklihood": -32683.62959351081
}
