{
  "modality_liklihoods": [
    -14685.943538844484,
    -13282.230217448425,
    -938.04652676532237,
    -4638.5232526215968
  ],
  "num_iteration": 1000,
  "num_modalities": 4,
  "num_topics": 7,
  "total_liklihood": -33544.743535679831
}
