{
  "modality_liklihoods": [
    -13831.669482629173,
    -13246.004798383308,
    -942.44228234243042,
    -4673.0920497504903
  ],
  "num_iteration": 1000,
  "num_modalities": 4,
  "num_topics": 7,
  "total_liklihood": -32693.208613105402
}
