{
  "modality_liklihoods": [
    -13790.587377425996,
    -13276.370785047098,
    -948.68063985705726,
    -4594.0501176134803
  ],
  "num_iteration": 1000,
  "num_modalities": 4,
  "num_topics": 7,
  "total_liklihood": -32609.688919943634
}
