{
  "modality_liklihoods": [
    -13955.255095877788,
    -13279.3170652055,
    -943.61857821152432,
    -4630.2381211182174
  ],
  "num_iteration": 1000,
  "num_modalities": 4,
  "num_topics": 7,
  "total_liklihood": -32808.428860413027
}
