{
  "modality_liklihoods": [
    -13825.746298199332,
    -13275.721097282458,
    -931.46532643688818,
    -4625.1094349997002
  ],
  "num_iteration": 1000,
  "num_modalities": 4,
  "num_topics": 7,
  "total_liklihood": -32658.042156918382
}
