{
  "modality_liklihoods": [
    -13037.009035809229,
    -13258.104628361725,
    -949.98763992811075,
    -4671.153941717339
  ],
  "num_iteration": 1000,
  "num_modalities": 4,
  "num_topics": 7,
  "total_liklihood": -31916.255245816399
}
