{
  "modality_liklihoods": [
    -13698.7133478627,
    -13229.172074527807,
    -936.17800987979251,
    -4653.6033207190385
  ],
  "num_iteration": 1000,
  "num_modalities": 4,
  "num_topics": 7,
  "total_liklihood": -32517.666752989338
}
