{
  "modality_liklihoods": [
    -13625.835431738318,
    -13301.427196327353,
    -936.45227851371828,
    -4612.7925826901001
  ],
  "num_iteration": 1000,
  "num_modalities": 4,
  "num_topics": 7,
  "total_liklihood": -32476.50748926949
}
