{
  "modality_liklihoods": [
    -14032.673064368708,
    -13256.987461656305,
    -942.98184351777445,
    -4635.4680529487814
  ],
  "num_iteration": 1000,
  "num_modalities": 4,
  "num_topics": 7,
  "total_liklihood": -32868.110422491569
}
