{
  "modality_liklihoods": [
    -13324.605103605138,
    -13281.081587222525,
    -935.47986715838726,
    -4623.0214119137736
  ],
  "num_iteration": 1000,
  "num_modalities": 4,
  "num_topics": 7,
  "total_liklihood": -32164.187969899827
}
