{
  "modality_liklihoods": [
    -13986.634109205241,
    -13250.963582437234,
    -934.43401806613645,
    -4627.4740966203326
  ],
  "num_iteration": 1000,
  "num_modalities": 4,
  "num_topics": 7,
  "total_liklihood": -32799.505806328947
}
