{
  "modality_liklihoods": [
    -14009.82692059892,
    -13268.518984918446,
    -935.73162994594327,
    -4661.5435583598237
  ],
  "num_iteration": 1000,
  "num_modalities": 4,
  "num_topics": 7,
  "total_liklihood": -32875.621093823131
}
