{
  "modality_liklihoods": [
    -14053.435835411341,
    -13260.762710262623,
    -941.05955158394124,
    -4668.7381804529377
  ],
  "num_iteration": 1000,
  "num_modalities": 4,
  "num_topics": 7,
  "total_liklihood": -32923.996277710845
}
