{
  "modality_liklihoods": [
    -14266.937854965105,
    -13228.783070209465,
    -942.46791761077122,
    -4723.8508533262284
  ],
  "num_iteration": 1000,
  "num_modalities": 4,
  "num_topics": 7,
  "total_liklihood": -33162.039696111569
}
