{
  "modality_liklihoods": [
    -12691.833847617474,
    -13304.114646700948,
    -936.22609161639446,
    -4649.2041059674993
  ],
  "num_iteration": 1000,
  "num_modalities": 4,
  "num_topics": 7,
  "total_liklihood": -31581.378691902315
}
