{
  "modality_liklihoods": [
    -14697.443635923117,
    -13210.431555204375,
    -942.15441248245895,
    -4624.5769238635739
  ],
  "num_iteration": 1000,
  "num_modalities": 4,
  "num_topics": 7,
  "total_liklihood": -33474.606527473523
}
