{
  "modality_liklihoods": [
    -14194.375305453523,
    -13238.545520399379,
    -940.51864707041523,
    -4672.4256879300992
  ],
  "num_iteration": 1000,
  "num_modalities": 4,
  "num_topics": 7,
  "total_liklihood": -33045.865160853413
}
