{
  "modality_liklihoods": [
    -15001.451105141969,
    -13222.241070537288,
    -942.20070682726328,
    -4648.8783854985668
  ],
  "num_iteration": 1000,
  "num_modalities": 4,
  "num_topics": 7,
  "total_liklihood": -33814.77126800509
}
