{
  "modality_liklihoods": [
    -13490.580860363636,
    -13251.062582286419,
    -941.3512602269401,
    -4667.558755478296
  ],
  "num_iteration": 1000,
  "num_modalities": 4,
  "num_topics": 7,
  "total_liklihood": -32350.553458355294
}
