{
  "modality_liklihoods": [
    -14382.707907602084,
    -13299.636341339045,
    -941.25634473158084,
    -4623.7568411073671
  ],
  "num_iteration": 1000,
  "num_modalities": 4,
  "num_topics": 7,
  "total_liklihood": -33247.357434780075
}
