{
  "modality_liklihoods": [
    -14532.276792491333,
    -13225.88318832089,
    -944.1364120279876,
    -4761.5977390932612
  ],
  "num_iteration": 1000,
  "num_modalities": 4,
  "num_topics": 7,
  "total_liklihood": -33463.89413193347
}
