{
  "modality_liklihoods": [
    -13963.825065289291,
    -13267.35456240902,
    -948.9960694160834,
    -4647.8848902336285
  ],
  "num_iteration": 1000,
  "num_modalities": 4,
  "num_topics": 7,
  "total_liklihood": -32828.060587348024
}
