{
  "modality_liklihoods": [
    -14029.135829934632,
    -13267.482561186816,
    -937.90810122032963,
    -4683.7012153405531
  ],
  "num_iteration": 1000,
  "num_modalities": 4,
  "num_topics": 7,
  "total_liklihood": -32918.22770768233
}
