{
  "modality_liklihoods": [
    -13790.499337161889,
    -13256.648634697898,
    -944.93278387449971,
    -4738.680943216209
  ],
  "num_iteration": 1000,
  "num_modalities": 4,
  "num_topics": 7,
  "total_liklihood": -32730.761698950497
}
