{
  "modality_liklihoods": [
    -13869.482597101191,
    -13289.458595228016,
    -941.08073197079477,
    -4609.7992973708351
  ],
  "num_iteration": 1000,
  "num_modalities": 4,
  "num_topics": 7,
  "total_liklihood": -32709.821221670838
}
