{
  "modality_liklihoods": [
    -13431.169948909923,
    -13259.857011535752,
    -937.92833067592528,
    -4634.5266004563773
  ],
  "num_iteration": 1000,
  "num_modalities": 4,
  "num_topics": 7,
  "total_liklihood": -32263.48189157798
}
