{
  "modality_liklihoods": [
    -13440.629434647968,
    -13272.970406288556,
    -940.44425446100047,
    -4612.2124145091429
  ],
  "num_iteration": 1000,
  "num_modalities": 4,
  "num_topics": 7,
  "total_liklihood": -32266.256509906667
}
