{
  "modality_liklihoods": [
    -13321.156020280128,
    -13294.590291142114,
    -943.1059050776654,
    -4563.4072198345611
  ],
  "num_iteration": 1000,
  "num_modalities": 4,
  "num_topics": 7,
  "total_liklihood": -32122.259436334465
}
