{
  "modality_liklihoods": [
    -13066.355276280165,
    -13256.778207258243,
    -940.1171872704997,
    -4660.4938292333763
  ],
  "num_iteration": 1000,
  "num_modalities": 4,
  "num_topics": 7,
  "total_liklihood": -31923.744500042281
}
