{
  "modality_liklihoods": [
    -14135.665644187711,
    -13259.531565612584,
    -942.52007029628123,
    -4739.6598010558273
  ],
  "num_iteration": 1000,
  "num_modalities": 4,
  "num_topics": 7,
  "total_liklihood": -33077.377081152408
}
