{
  "modality_liklihoods": [
    -13777.764193998857,
    -13267.297996054385,
    -939.60596082007237,
    -4656.3501676204296
  ],
  "num_iteration": 1000,
  "num_modalities": 4,
  "num_topics": 7,
  "total_liklihood": -32641.018318493745
}
