{
  "modality_liklihoods": [
    -14336.812210955413,
    -13251.136517269326,
    -941.08277338412677,
    -4613.5598605083142
  ],
  "num_iteration": 1000,
  "num_modalities": 4,
  "num_topics": 7,
  "total_liklihood": -33142.591362117179
}
