{
  "modality_liklihoods": [
    -14445.716596118271,
    -13292.90818002145,
    -934.90547224255749,
    -4652.8604449223212
  ],
  "num_iteration": 1000,
  "num_modalities": 4,
  "num_topics": 7,
  "total_liklihood": -33326.390693304602
}
