{
  "modality_liklihoods": [
    -12722.204477068435,
    -13283.432374160117,
    -938.84048313186622,
    -4580.0772616218756
  ],
  "num_iteration": 1000,
  "num_modalities": 4,
  "num_topics": 7,
  "total_liklihood": -31524.554595982292
}
