{
  "modality_liklihoods": [
    -14060.776695207067,
    -13223.147699120876,
    -943.0458243775679,
    -4643.2050363163662
  ],
  "num_iteration": 1000,
  "num_modalities": 4,
  "num_topics": 7,
  "total_liklihood": -32870.175255021881
}
