{
  "modality_liklihoods": [
    -13473.116405050258,
    -13264.982691200856,
    -942.01596225545609,
    -4648.8841929966857
  ],
  "num_iteration": 1000,
  "num_modalities": 4,
  "num_topics": 7,
  "total_liklihood": -32328.999251503257
}
