{
  "modality_liklihoods": [
    -13941.635676995003,
    -13299.074312058379,
    -935.84767281996699,
    -4696.4039398981931
  ],
  "num_iteration": 1000,
  "num_modalities": 4,
  "num_topics": 7,
  "total_liklihood": -32872.961601771545
}
