{
  "modality_liklihoods": [
    -14698.719157641222,
    -13204.469658013917,
    -944.23125397099625,
    -4668.0472866445916
  ],
  "num_iteration": 1000,
  "num_modalities": 4,
  "num_topics": 7,
  "total_liklihood": -33515.467356270725
}
