{
  "modality_liklihoods": [
    -14060.930159521113,
    -13264.954776470116,
    -936.30483293610075,
    -4636.6756462420808
  ],
  "num_iteration": 1000,
  "num_modalities": 4,
  "num_topics": 7,
  "total_liklihood": -32898.865415169406
}
