{
  "modality_liklihoods": [
    -13981.74117011045,
    -13310.774967924826,
    -939.45408727681217,
    -4637.7896880408271
  ],
  "num_iteration": 1000,
  "num_modalities": 4,
  "num_topics": 7,
  "total_liklihood": -32869.759913352915
}
