{
  "modality_liklihoods": [
    -13681.241163968043,
    -13205.462805807376,
    -935.72653750701988,
    -4673.9024767632636
  ],
  "num_iteration": 1000,
  "num_modalities": 4,
  "num_topics": 7,
  "total_liklihood": -32496.332984045701
}
