{
  "modality_liklihoods": [
    -13498.231415094375,
    -13256.740527770158,
    -937.76705582247484,
    -4702.5072928789978
  ],
  "num_iteration": 1000,
  "num_modalities": 4,
  "num_topics": 7,
  "total_liklihood": -32395.246291566007
}
