{
  "modality_liklihoods": [
    -15030.152371631691,
    -13232.354996526767,
    -938.3174487534327,
    -4639.0902445118672
  ],
  "num_iteration": 1000,
  "num_modalities": 4,
  "num_topics": 7,
  "total_liklihood": -33839.915061423759
}
