{
  "modality_liklihoods": [
    -14079.999455815681,
    -13282.22433647734,
    -935.08132920014623,
    -4619.5887985713334
  ],
  "num_iteration": 1000,
  "num_modalities": 4,
  "num_topics": 7,
  "total_liklihood": -32916.893920064504
}
