{
  "modality_liklihoods": [
    -13918.279923211461,
    -13260.503442792196,
    -939.42084511735186,
    -4638.3117257465183
  ],
  "num_iteration": 1000,
  "num_modalities": 4,
  "num_topics": 7,
  "total_liklihood": -32756.515936867523
}
