{
  "modality_liklihoods": [
    -13577.381132431297,
    -13221.197372798237,
    -937.62254761344627,
    -4664.537306776926
  ],
  "num_iteration": 1000,
  "num_modalities": 4,
  "num_topics": 7,
  "total_liklihood": -32400.738359619903
}
