{
  "modality_liklihoods": [
    -13949.04170578029,
    -13235.209859429948,
    -944.03136095874902,
    -4652.9866697977568
  ],
  "num_iteration": 1000,
  "num_modalities": 4,
  "num_topics": 7,
  "total_liklihood": -32781.269595966747
}
