{
  "modality_liklihoods": [
    -13366.626852846872,
    -13258.969882286599,
    -938.65454747091565,
    -4613.7061101333284
  ],
  "num_iteration": 1000,
  "num_modalities": 4,
  "num_topics": 7,
  "total_liklihood": -32177.957392737713
}
