{
  "modality_liklihoods": [
    -14867.014066355665,
    -13240.261738899793,
    -937.92710377495393,
    -4637.0170151806378
  ],
  "num_iteration": 1000,
  "num_modalities": 4,
  "num_topics": 7,
  "total_liklihood": -33682.219924211051
}
