{
  "modality_liklihoods": [
    -14000.272183733585,
    -13260.711715188449,
    -936.68590709177079,
    -4669.401569830432
  ],
  "num_iteration": 1000,
  "num_modalities": 4,
  "num_topics": 7,
  "total_liklihood": -32867.071375844236
}
