{
  "modality_liklihoods": [
    -14233.137857404094,
    -13243.103921292059,
    -938.42506118418908,
    -4588.0334865566592
  ],
  "num_iteration": 1000,
  "num_modalities": 4,
  "num_topics": 7,
  "total_liklihood": -33002.700326437
}
