{
  "modality_liklihoods": [
    -14071.07976681774,
    -13285.283409526935,
    -939.8919666126377,
    -4638.5756330675531
  ],
  "num_iteration": 1000,
  "num_modalities": 4,
  "num_topics": 7,
  "total_liklihood": -32934.830776024864
}
