{
  "modality_liklihoods": [
    -14268.858209962376,
    -13285.939166649043,
    -934.02903324949898,
    -4634.1358375869822
  ],
  "num_iteration": 1000,
  "num_modalities": 4,
  "num_topics": 7,
  "total_liklihood": -33122.962247447897
}
