{
  "modality_liklihoods": [
    -13488.466880003525,
    -13298.60763329301,
    -928.48156001760913,
    -4662.3910328668107
  ],
  "num_iteration": 1000,
  "num_modalities": 4,
  "num_topics": 7,
  "total_liklihood": -32377.947106180953
}
