{
  "modality_liklihoods": [
    -13900.5652156747,
    -13260.886709663502,
    -939.87640180160417,
    -4689.7757710294936
  ],
  "num_iteration": 1000,
  "num_modalities": 4,
  "num_topics": 7,
  "total_liklihood": -32791.1040981693
}
