{
  "modality_liklihoods": [
    -14801.607449424046,
    -13182.885337965434,
    -934.51128234656187,
    -4655.2902358877218
  ],
  "num_iteration": 1000,
  "num_modalities": 4,
  "num_topics": 7,
  "total_liklihood": -33574.294305623756
}
