{
  "modality_liklihoods": [
    -13871.324499691478,
    -13282.412635015067,
    -936.47516158132487,
    -4684.5300287517812
  ],
  "num_iteration": 1000,
  "num_modalities": 4,
  "num_topics": 7,
  "total_liklihood": -32774.742325039653
}
