{
  "modality_liklihoods": [
    -13255.291627208117,
    -13312.911966567463,
    -935.77876095113879,
    -4635.3519072827212
  ],
  "num_iteration": 1000,
  "num_modalities": 4,
  "num_topics": 7,
  "total_liklihood": -32139.334262009441
}
