{
  "modality_liklihoods": [
    -14093.59273941669,
    -13279.639677129733,
    -942.56215041669259,
    -4654.7032330920538
  ],
  "num_iteration": 1000,
  "num_modalities": 4,
  "num_topics": 7,
  "total_liklihood": -32970.497800055171
}
