{
  "modality_liklihoods": [
    -13855.739618958101,
    -13296.026755387989,
    -946.10104656966689,
    -4645.6314254155604
  ],
  "num_iteration": 1000,
  "num_modalities": 4,
  "num_topics": 7,
  "total_liklihood": -32743.49884633132
}
