{
  "modality_liklihoods": [
    -13994.969290412633,
    -13264.33614187851,
    -937.7566506842137,
    -4682.1684303638376
  ],
  "num_iteration": 1000,
  "num_modalities": 4,
  "num_topics": 7,
  "total_liklihood": -32879.230513339193
}
