{
  "modality_liklihoods": [
    -13886.432975691978,
    -13243.032318082584,
    -941.11712002846934,
    -4655.7168957492167
  ],
  "num_iteration": 1000,
  "num_modalities": 4,
  "num_topics": 7,
  "total_liklihood": -32726.299309552251
}
