{
  "modality_liklihoods": [
    -13663.429064814025,
    -13287.453460807503,
    -937.91161766377184,
    -4611.7864317588655
  ],
  "num_iteration": 1000,
  "num_modalities": 4,
  "num_topics": 7,
  "total_liklihood": -32500.580575044165
}
