{
  "modality_liklihoods": [
    -14336.942686632081,
    -13231.448557003803,
    -934.08845724016817,
    -4602.1208099279083
  ],
  "num_iteration": 1000,
  "num_modalities": 4,
  "num_topics": 7,
  "total_liklihood": -33104.600510803961
}
