{
  "modality_liklihoods": [
    -14118.815302146626,
    -13264.019380096368,
    -936.92865736218323,
    -4624.1441093551193
  ],
  "num_iteration": 1000,
  "num_modalities": 4,
  "num_topics": 7,
  "total_liklihood": -32943.907448960301
}
