{
  "modality_liklihoods": [
    -13672.957811834998,
    -13225.382392303707,
    -938.23430392433897,
    -4662.5861192498332
  ],
  "num_iteration": 1000,
  "num_modalities": 4,
  "num_topics": 7,
  "total_liklihood": -32499.160627312878
}
