{
  "modality_liklihoods": [
    -14143.157782282151,
    -13260.589400947882,
    -938.99814315245783,
    -4605.9087318398488
  ],
  "num_iteration": 1000,
  "num_modalities": 4,
  "num_topics": 7,
  "total_liklihood": -32948.654058222339
}
