{
  "modality_liklihoods": [
    -13295.447640416009,
    -13266.648907722176,
    -940.50647374418827,
    -4649.7497641357168
  ],
  "num_iteration": 1000,
  "num_modalities": 4,
  "num_topics": 7,
  "total_liklihood": -32152.352786018091
}
