{
  "modality_liklihoods": [
    -14284.767754867535,
    -13260.619516156332,
    -936.08320843432102,
    -4640.4158356712942
  ],
  "num_iteration": 1000,
  "num_modalities": 4,
  "num_topics": 7,
  "total_liklihood": -33121.886315129479
}
