{
  "modality_liklihoods": [
    -13887.259127590349,
    -13250.802882429907,
    -940.77132611222032,
    -4648.4870857095648
  ],
  "num_iteration": 1000,
  "num_modalities": 4,
  "num_topics": 7,
  "total_liklihood": -32727.320421842043
}
