{
  "modality_liklihoods": [
    -14361.649451043675,
    -13241.071221207283,
    -940.71883087773824,
    -4673.1714006872753
  ],
  "num_iteration": 1000,
  "num_modalities": 4,
  "num_topics": 7,
  "total_liklihood": -33216.61090381597
}
