{
  "modality_liklihoods": [
    -13844.07945887005,
    -13254.430501484827,
    -940.39828207194773,
    -4622.8264709915366
  ],
  "num_iteration": 1000,
  "num_modalities": 4,
  "num_topics": 7,
  "total_liklihood": -32661.734713418358
}
