{
  "modality_liklihoods": [
    -13973.15862755281,
    -13287.752163173762,
    -938.86638230268181,
    -4620.8028268971075
  ],
  "num_iteration": 1000,
  "num_modalities": 4,
  "num_topics": 7,
  "total_liklihood": -32820.579999926362
}
