{
  "modality_liklihoods": [
    -13896.394092498573,
    -13231.325336618087,
    -944.06172413849356,
    -4661.4311081395344
  ],
  "num_iteration": 1000,
  "num_modalities": 4,
  "num_topics": 7,
  "total_liklihood": -32733.212261394689
}
