{
  "modality_liklihoods": [
    -14445.225452399831,
    -13238.604215942863,
    -940.64272476526867,
    -4591.1277594342146
  ],
  "num_iteration": 1000,
  "num_modalities": 4,
  "num_topics": 7,
  "total_liklihood": -33215.600152542182
}
