{
  "modality_liklihoods": [
    -14026.962653543844,
    -13267.657451475488,
    -936.83212619036237,
    -4645.9834348256763
  ],
  "num_iteration": 1000,
  "num_modalities": 4,
  "num_topics": 7,
  "total_liklihood": -32877.435666035373
}
