{
  "modality_liklihoods": [
    -13393.835739307549,
    -13266.0855607462,
    -937.47559213716033,
    -4686.5189550792602
  ],
  "num_iteration": 1000,
  "num_modalities": 4,
  "num_topics": 7,
  "total_liklihood": -32283.915847270171
}
