{
  "modality_liklihoods": [
    -13356.525186616951,
    -13255.071774984617,
    -939.11635020499409,
    -4662.6206883153436
  ],
  "num_iteration": 1000,
  "num_modalities": 4,
  "num_topics": 7,
  "total_liklihood": -32213.334000121904
}
