{
  "modality_liklihoods": [
    -13708.003570479343,
    -13265.297565076571,
    -938.4440871329341,
    -4632.8419176828866
  ],
  "num_iteration": 1000,
  "num_modalities": 4,
  "num_topics": 7,
  "total_liklihood": -32544.587140371736
}
