{
  "modality_liklihoods": [
    -13928.992941158815,
    -13271.314972829789,
    -934.99100481214452,
    -4641.6689411073849
  ],
  "num_iteration": 1000,
  "num_modalities": 4,
  "num_topics": 7,
  "total_liklihood": -32776.967859908131
}
