{
  "modality_liklihoods": [
    -14250.972895474859,
    -13263.104930591304,
    -934.44318798787174,
    -4607.5423800388089
  ],
  "num_iteration": 1000,
  "num_modalities": 4,
  "num_topics": 7,
  "total_liklihood": -33056.063394092838
}
