{
  "modality_liklihoods": [
    -13798.035579766378,
    -13304.398050839842,
    -945.98702115672222,
    -4547.9540522102197
  ],
  "num_iteration": 1000,
  "num_modalities": 4,
  "num_topics": 7,
  "total_liklihood": -32596.374703973161
}
