{
  "modality_liklihoods": [
    -13799.206926825018,
    -13260.539631259488,
    -944.96754022598577,
    -4717.3480297022361
  ],
  "num_iteration": 1000,
  "num_modalities": 4,
  "num_topics": 7,
  "total_liklihood": -32722.062128012727
}
