{
  "modality_liklihoods": [
    -14204.061530256253,
    -13264.844478667274,
    -942.41268405247081,
    -4647.7893278512929
  ],
  "num_iteration": 1000,
  "num_modalities": 4,
  "num_topics": 7,
  "total_liklihood": -33059.108020827291
}
