{
  "modality_liklihoods": [
    -13933.481172193247,
    -13298.243032303408,
    -937.67736976870697,
    -4595.8729329833386
  ],
  "num_iteration": 1000,
  "num_modalities": 4,
  "num_topics": 7,
  "total_liklihood": -32765.274507248701
}
