{
  "modality_liklihoods": [
    -14050.429308898412,
    -13206.198881351696,
    -937.24419131119259,
    -4659.8018686720052
  ],
  "num_iteration": 1000,
  "num_modalities": 4,
  "num_topics": 7,
  "total_liklihood": -32853.674250233307
}
