{
  "modality_liklihoods": [
    -13953.324135385194,
    -13239.976273261447,
    -936.91737968296991,
    -4645.4393700687615
  ],
  "num_iteration": 1000,
  "num_modalities": 4,
  "num_topics": 7,
  "total_liklihood": -32775.657158398375
}
