{
  "modality_liklihoods": [
    -14050.76865713949,
    -13230.314610250358,
    -940.79484384439024,
    -4698.69121590744
  ],
  "num_iteration": 1000,
  "num_modalities": 4,
  "num_topics": 7,
  "total_liklihood": -32920.569327141675
}
