{
  "modality_liklihoods": [
    -13642.719657932928,
    -13209.199925611278,
    -938.522303647066,
    -4630.9745621463262
  ],
  "num_iteration": 1000,
  "num_modalities": 4,
  "num_topics": 7,
  "total_liklihood": -32421.416449337601
}
