{
  "modality_liklihoods": [
    -14945.670550313034,
    -13212.417758465193,
    -937.84303132389982,
    -4686.8722493070863
  ],
  "num_iteration": 1000,
  "num_modalities": 4,
  "num_topics": 7,
  "total_liklihood": -33782.803589409217
}
