{
  "modality_liklihoods": [
    -14279.348639773571,
    -13264.230098680715,
    -941.13475283924151,
    -4628.6650334413325
  ],
  "num_iteration": 1000,
  "num_modalities": 4,
  "num_topics": 7,
  "total_liklihood": -33113.378524734857
}
