{
  "modality_liklihoods": [
    -13848.510905822239,
    -13208.531918353245,
    -955.99378336392317,
    -4677.8095067752793
  ],
  "num_iteration": 1000,
  "num_modalities": 4,
  "num_topics": 7,
  "total_liklihood": -32690.846114314689
}
