{
  "modality_liklihoods": [
    -14050.942152232121,
    -13252.141735827126,
    -943.57565349045956,
    -4663.0934714182895
  ],
  "num_iteration": 1000,
  "num_modalities": 4,
  "num_topics": 7,
  "total_liklihood": -32909.753012968002
}
