{
  "modality_liklihoods": [
    -13651.796314393509,
    -13271.318246498644,
    -939.16400402171075,
    -4668.2746167859386
  ],
  "num_iteration": 1000,
  "num_modalities": 4,
  "num_topics": 7,
  "total_liklihood": -32530.553181699797
}
