{
  "modality_liklihoods": [
    -13278.989710914766,
    -13238.726223720401,
    -948.80853163148834,
    -4663.7049333775094
  ],
  "num_iteration": 1000,
  "num_modalities": 4,
  "num_topics": 7,
  "total_liklihood": -32130.229399644169
}
