{
  "modality_liklihoods": [
    -14817.971415263968,
    -13214.787733071844,
    -935.8262726383773,
    -4678.6552388259197
  ],
  "num_iteration": 1000,
  "num_modalities": 4,
  "num_topics": 7,
  "total_liklihood": -33647.240659800111
}
