{
  "modality_liklihoods": [
    -13898.461817223544,
    -13271.483212904272,
    -942.35143753667103,
    -4647.3026592289225
  ],
  "num_iteration": 1000,
  "num_modalities": 4,
  "num_topics": 7,
  "total_liklihood": -32759.599126893409
}
