{
  "modality_liklihoods": [
    -14757.620095222068,
    -13237.676801021944,
    -938.86855246210098,
    -4654.6557260216423
  ],
  "num_iteration": 1000,
  "num_modalities": 4,
  "num_topics": 7,
  "total_liklihood": -33588.821174727753
}
