{
  "modality_liklihoods": [
    -14045.237363720966,
    -13241.831901191108,
    -947.92901085023891,
    -4648.4109468154993
  ],
  "num_iteration": 1000,
  "num_modalities": 4,
  "num_topics": 7,
  "total_liklihood": -32883.409222577815
}
