{
  "modality_liklihoods": [
    -13931.024612722269,
    -13268.656360381323,
    -940.46582118378387,
    -4632.8242685650375
  ],
  "num_iteration": 1000,
  "num_modalities": 4,
  "num_topics": 7,
  "total_liklihood": -32772.971062852412
}
