{
  "modality_liklihoods": [
    -14636.530413187902,
    -13274.74405862731,
    -938.43146762880542,
    -4642.4670014246649
  ],
  "num_iteration": 1000,
  "num_modalities": 4,
  "num_topics": 7,
  "total_liklihood": -33492.172940868681
}
