{
  "modality_liklihoods": [
    -13935.992352116107,
    -13268.318018376553,
    -937.77267047725513,
    -4670.8384953605373
  ],
  "num_iteration": 1000,
  "num_modalities": 4,
  "num_topics": 7,
  "total_liklihood": -32812.921536330454
}
