{
  "modality_liklihoods": [
    -14120.032457167275,
    -13284.034021399089,
    -938.03748728772769,
    -4664.631341543155
  ],
  "num_iteration": 1000,
  "num_modalities": 4,
  "num_topics": 7,
  "total_liklihood": -33006.735307397248
}
