{
  "modality_liklihoods": [
    -14506.398143089576,
    -13265.213551234476,
    -943.57017818424811,
    -4624.2575563382488
  ],
  "num_iteration": 1000,
  "num_modalities": 4,
  "num_topics": 7,
  "total_liklihood": -33339.439428846548
}
