{
  "modality_liklihoods": [
    -12414.309838528861,
    -13286.665817925146,
    -939.0945478030485,
    -4608.6342079985779
  ],
  "num_iteration": 1000,
  "num_modalities": 4,
  "num_topics": 7,
  "total_liklihood": -31248.704412255633
}
