{
  "modality_liklihoods": [
    -13887.841861321511,
    -13243.262171691984,
    -935.98168932705892,
    -4626.8627567526191
  ],
  "num_iteration": 1000,
  "num_modalities": 4,
  "num_topics": 7,
  "total_liklihood": -32693.948479093171
}
