{
  "modality_liklihoods": [
    -13893.566819927333,
    -13306.102436541227,
    -943.04846168566894,
    -4679.1604133752398
  ],
  "num_iteration": 1000,
  "num_modalities": 4,
  "num_topics": 7,
  "total_liklihood": -32821.878131529469
}
