{
  "modality_liklihoods": [
    -13682.087964124699,
    -13234.310904413687,
    -932.20843374396998,
    -4650.9333890093285
  ],
  "num_iteration": 1000,
  "num_modalities": 4,
  "num_topics": 7,
  "total_liklihood": -32499.540691291688
}
