{
  "modality_liklihoods": [
    -14392.514677755571,
    -13220.23390322448,
    -943.03605072818675,
    -4686.7063425883416
  ],
  "num_iteration": 1000,
  "num_modalities": 4,
  "num_topics": 7,
  "total_liklihood": -33242.490974296576
}
