{
  "modality_liklihoods": [
    -14152.00212675892,
    -13276.706526583386,
    -935.25415229797443,
    -4636.2858424025708
  ],
  "num_iteration": 1000,
  "num_modalities": 4,
  "num_topics": 7,
  "total_liklihood": -33000.248648042849
}
