{
  "modality_liklihoods": [
    -13798.750113572445,
    -13263.217749936042,
    -935.34062509774401,
    -4685.7093339984212
  ],
  "num_iteration": 1000,
  "num_modalities": 4,
  "num_topics": 7,
  "total_liklihood": -32683.017822604648
}
