{
  "modality_liklihoods": [
    -13567.627726300103,
    -13281.929065084722,
    -942.40644568681148,
    -4658.754851505344
  ],
  "num_iteration": 1000,
  "num_modalities": 4,
  "num_topics": 7,
  "total_liklihood": -32450.718088576978
}
