{
  "modality_liklihoods": [
    -13829.830507220311,
    -13299.453223890258,
    -940.8062443503668,
    -4710.4943779666055
  ],
  "num_iteration": 1000,
  "num_modalities": 4,
  "num_topics": 7,
  "total_liklihood": -32780.584353427541
}
