{
  "modality_liklihoods": [
    -13633.071989439259,
    -13330.807117081762,
    -941.19790995994697,
    -4573.0533297351358
  ],
  "num_iteration": 1000,
  "num_modalities": 4,
  "num_topics": 7,
  "total_liklihood": -32478.130346216105
}
