{
  "modality_liklihoods": [
    -13190.653391832682,
    -13278.003711386553,
    -937.19261768361594,
    -4650.6046498922151
  ],
  "num_iteration": 1000,
  "num_modalities": 4,
  "num_topics": 7,
  "total_liklihood": -32056.454370795069
}
