{
  "modality_liklihoods": [
    -14286.168306168831,
    -13251.699925304645,
    -935.0462242908568,
    -4650.468143999482
  ],
  "num_iteration": 1000,
  "num_modalities": 4,
  "num_topics": 7,
  "total_liklihood": -33123.38259976382
}
