{
  "modality_liklihoods": [
    -14532.336288784698,
    -13290.186931368838,
    -937.26604536594471,
    -4687.234218517302
  ],
  "num_iteration": 1000,
  "num_modalities": 4,
  "num_topics": 7,
  "total_liklihood": -33447.023484036785
}
