{
  "modality_liklihoods": [
    -13225.091284071055,
    -13271.607026706628,
    -943.57441849113388,
    -4624.9794659336749
  ],
  "num_iteration": 1000,
  "num_modalities": 4,
  "num_topics": 7,
  "total_liklihood": -32065.252195202491
}
