{
  "modality_liklihoods": [
    -14273.297023107105,
    -13238.504131430675,
    -935.31767709879318,
    -4654.840286319768
  ],
  "num_iteration": 1000,
  "num_modalities": 4,
  "num_topics": 7,
  "total_liklihood": -33101.959117956343
}
