{
  "modality_liklihoods": [
    -14023.446191896535,
    -13261.469318728059,
    -937.76177589606493,
    -4631.6943262792038
  ],
  "num_iteration": 1000,
  "num_modalities": 4,
  "num_topics": 7,
  "total_liklihood": -32854.371612799863
}
