{
  "modality_liklihoods": [
    -14260.083508388576,
    -13278.669230220707,
    -936.03484676940775,
    -4659.9709781757638
  ],
  "num_iteration": 1000,
  "num_modalities": 4,
  "num_topics": 7,
  "total_liklihood": -33134.75856355446
}
