{
  "modality_liklihoods": [
    -13708.88396323437,
    -13246.028134190688,
    -941.19202176705983,
    -4630.7348528255216
  ],
  "num_iteration": 1000,
  "num_modalities": 4,
  "num_topics": 7,
  "total_liklihood": -32526.838972017638
}
