{
  "modality_liklihoods": [
    -13453.382816032477,
    -13268.285235115327,
    -941.61866184187352,
    -4667.9548697029695
  ],
  "num_iteration": 1000,
  "num_modalities": 4,
  "num_topics": 7,
  "total_liklihood": -32331.241582692644
}
