{
  "modality_liklihoods": [
    -13392.072417627876,
    -13213.733788079773,
    -944.24741441217384,
    -4648.7475788938709
  ],
  "num_iteration": 1000,
  "num_modalities": 4,
  "num_topics": 7,
  "total_liklihood": -32198.801199013695
}
