{
  "modality_liklihoods": [
    -13724.321254556304,
    -13194.155247808591,
    -946.55668858304728,
    -4665.3252850853069
  ],
  "num_iteration": 1000,
  "num_modalities": 4,
  "num_topics": 7,
  "total_liklihood": -32530.358476033249
}
