{
  "modality_liklihoods": [
    -12939.947466694499,
    -13274.808811547004,
    -945.78072808006334,
    -4606.1218934989229
  ],
  "num_iteration": 1000,
  "num_modalities": 4,
  "num_topics": 7,
  "total_liklihood": -31766.65889982049
}
