{
  "modality_liklihoods": [
    -13956.126894192777,
    -13272.464097161521,
    -935.48023219764855,
    -4664.8160916816269
  ],
  "num_iteration": 1000,
  "num_modalities": 4,
  "num_topics": 7,
  "total_liklihood": -32828.887315233573
}
