{
  "modality_liklihoods": [
    -13654.949472745435,
    -13242.720643767492,
    -935.09933576889568,
    -4649.9296162626952
  ],
  "num_iteration": 1000,
  "num_modalities": 4,
  "num_topics": 7,
  "total_liklihood": -32482.69906854452
}
