{
  "modality_liklihoods": [
    -14294.964048809281,
    -13254.625465002202,
    -936.25260224073145,
    -4640.6182770123733
  ],
  "num_iteration": 1000,
  "num_modalities": 4,
  "num_topics": 7,
  "total_liklihood": -33126.46039306459
}
