{
  "modality_liklihoods": [
    -14070.578740007806,
    -13229.499808357818,
    -943.07760276829868,
    -4698.5853497374474
  ],
  "num_iteration": 1000,
  "num_modalities": 4,
  "num_topics": 7,
  "total_liklihood": -32941.741500871365
}
