{
  "modality_liklihoods": [
    -14223.387259235231,
    -13227.207899770588,
    -935.43502078787674,
    -4672.3864756668008
  ],
  "num_iteration": 1000,
  "num_modalities": 4,
  "num_topics": 7,
  "total_liklihood": -33058.416655460496
}
