{
  "modality_liklihoods": [
    -15027.769533181783,
    -13226.058737223715,
    -946.89243383094572,
    -4621.3162151406859
  ],
  "num_iteration": 1000,
  "num_modalities": 4,
  "num_topics": 7,
  "total_liklihood": -33822.036919377126
}
