{
  "modality_liklihoods": [
    -14560.09488458932,
    -13266.821290835385,
    -939.05517739657591,
    -4630.5356094878671
  ],
  "num_iteration": 1000,
  "num_modalities": 4,
  "num_topics": 7,
  "total_liklihood": -33396.506962309148
}
