{
  "modality_liklihoods": [
    -14165.826266255959,
    -13252.637163940124,
    -937.15802040378321,
    -4675.9780418585278
  ],
  "num_iteration": 1000,
  "num_modalities": 4,
  "num_topics": 7,
  "total_liklihood": -33031.599492458394
}
