{
  "modality_liklihoods": [
    -12173.298301047815,
    -13259.231705188035,
    -938.94410704759036,
    -4605.9785270892226
  ],
  "num_iteration": 1000,
  "num_modalities": 4,
  "num_topics": 7,
  "total_liklihood": -30977.452640372663
}
