{
  "modality_liklihoods": [
    -13577.808783483599,
    -13276.037047179081,
    -933.14734539934079,
    -4631.5125645835496
  ],
  "num_iteration": 1000,
  "num_modalities": 4,
  "num_topics": 7,
  "total_liklihood": -32418.505740645571
}
