{
  "modality_liklihoods": [
    -14008.970117774683,
    -13266.992052134472,
    -935.77286070721891,
    -4672.4651319200439
  ],
  "num_iteration": 1000,
  "num_modalities": 4,
  "num_topics": 7,
  "total_liklihood": -32884.200162536421
}
