{
  "modality_liklihoods": [
    -13447.734793158785,
    -13212.948720440307,
    -936.94781470562089,
    -4650.2622097293142
  ],
  "num_iteration": 1000,
  "num_modalities": 4,
  "num_topics": 7,
  "total_liklihood": -32247.893538034026
}
