{
  "modality_liklihoods": [
    -14490.721055399008,
    -13289.39911779407,
    -943.78712912709,
    -4651.8416534327143
  ],
  "num_iteration": 1000,
  "num_modalities": 4,
  "num_topics": 7,
  "total_liklihood": -33375.748955752882
}
