{
  "modality_liklihoods": [
    -14038.312936251819,
    -13270.18025027809,
    -939.88399781878331,
    -4661.9279198937584
  ],
  "num_iteration": 1000,
  "num_modalities": 4,
  "num_topics": 7,
  "total_liklihood": -32910.305104242449
}
