{
  "modality_liklihoods": [
    -13621.20790673901,
    -13237.866403278638,
    -942.91354281730423,
    -4644.0636451926375
  ],
  "num_iteration": 1000,
  "num_modalities": 4,
  "num_topics": 7,
  "total_liklihood": -32446.051498027588
}
