{
  "modality_liklihoods": [
    -14578.664049162655,
    -13247.833245883552,
    -943.55441425447361,
    -4686.4322247649261
  ],
  "num_iteration": 1000,
  "num_modalities": 4,
  "num_topics": 7,
  "total_liklihood": -33456.483934065611
}
