{
  "modality_liklihoods": [
    -13764.797951584416,
    -13272.641579903453,
    -936.58670738662715,
    -4688.5124426517623
  ],
  "num_iteration": 1000,
  "num_modalities": 4,
  "num_topics": 7,
  "total_liklihood": -32662.538681526261
}
