{
  "modality_liklihoods": [
    -14185.067020316363,
    -13253.045678327129,
    -936.64510658812389,
    -4597.0948960704181
  ],
  "num_iteration": 1000,
  "num_modalities": 4,
  "num_topics": 7,
  "total_liklihood": -32971.852701302028
}
