{
  "modality_liklihoods": [
    -14030.317921328196,
    -13284.661258028653,
    -935.58314666616616,
    -4660.8875445770682
  ],
  "num_iteration": 1000,
  "num_modalities": 4,
  "num_topics": 7,
  "total_liklihood": -32911.449870600089
}
