{
  "modality_liklihoods": [
    -13981.377480603998,
    -13245.766326370018,
    -935.90535198770147,
    -4658.5301361190586
  ],
  "num_iteration": 1000,
  "num_modalities": 4,
  "num_topics": 7,
  "total_liklihood": -32821.579295080781
}
