{
  "modality_liklihoods": [
    -14498.934875782845,
    -13225.296377507211,
    -948.70020219592664,
    -4722.6268302800427
  ],
  "num_iteration": 1000,
  "num_modalities": 4,
  "num_topics": 7,
  "total_liklihood": -33395.558285766027
}
