{
  "modality_liklihoods": [
    -13460.665344155899,
    -13252.850942333052,
    -936.75797338852044,
    -4644.8205980287903
  ],
  "num_iteration": 1000,
  "num_modalities": 4,
  "num_topics": 7,
  "total_liklihood": -32295.094857906261
}
