{
  "modality_liklihoods": [
    -14065.562424930882,
    -13219.928429822727,
    -942.11521568072089,
    -4680.7518512199458
  ],
  "num_iteration": 1000,
  "num_modalities": 4,
  "num_topics": 7,
  "total_liklihood": -32908.357921654278
}
