{
  "modality_liklihoods": [
    -13895.339532570288,
    -13280.352111361382,
    -938.95257835779114,
    -4629.8366543605889
  ],
  "num_iteration": 1000,
  "num_modalities": 4,
  "num_topics": 7,
  "total_liklihood": -32744.48087665005
}
