{
  "modality_liklihoods": [
    -13770.442975566615,
    -13289.37608614368,
    -942.11921694065472,
    -4621.8306114616189
  ],
  "num_iteration": 1000,
  "num_modalities": 4,
  "num_topics": 7,
  "total_liklihood": -32623.768890112566
}
