{
  "modality_liklihoods": [
    -14285.262383019935,
    -13283.480745081482,
    -938.99332416547577,
    -4644.2610604974234
  ],
  "num_iteration": 1000,
  "num_modalities": 4,
  "num_topics": 7,
  "total_liklihood": -33151.997512764319
}
