{
  "modality_liklihoods": [
    -14007.425629743055,
    -13260.09874571404,
    -939.46446665675262,
    -4635.8275928426874
  ],
  "num_iteration": 1000,
  "num_modalities": 4,
  "num_topics": 7,
  "total_liklihood": -32842.816434956534
}
