{
  "modality_liklihoods": [
    -13783.120522096626,
    -13271.179067382111,
    -937.05529598963903,
    -4638.853501486069
  ],
  "num_iteration": 1000,
  "num_modalities": 4,
  "num_topics": 7,
  "total_liklihood": -32630.208386954444
}
