{
  "modality_liklihoods": [
    -15018.409030745888,
    -13236.388981826931,
    -942.95178993358104,
    -4622.971415460268
  ],
  "num_iteration": 1000,
  "num_modalities": 4,
  "num_topics": 7,
  "total_liklihood": -33820.721217966668
}
