{
  "modality_liklihoods": [
    -13846.566557991364,
    -13252.364561863977,
    -936.76557374225069,
    -4655.9769188701575
  ],
  "num_iteration": 1000,
  "num_modalities": 4,
  "num_topics": 7,
  "total_liklihood": -32691.673612467748
}
