{
  "modality_liklihoods": [
    -13809.873846177645,
    -13236.844304406852,
    -944.82159625915699,
    -4672.177514301975
  ],
  "num_iteration": 1000,
  "num_modalities": 4,
  "num_topics": 7,
  "total_liklihood": -32663.717261145626
}
