{
  "modality_liklihoods": [
    -13925.702578598188,
    -13243.016602101688,
    -938.38699955655682,
    -4619.2766052937004
  ],
  "num_iteration": 1000,
  "num_modalities": 4,
  "num_topics": 7,
  "total_liklihood": -32726.382785550133
}
