{
  "modality_liklihoods": [
    -14246.164682184775,
    -13236.812438497012,
    -939.85528911994174,
    -4665.4199021899385
  ],
  "num_iteration": 1000,
  "num_modalities": 4,
  "num_topics": 7,
  "total_liklihood": -33088.252311991673
}
