{
  "modality_liklihoods": [
    -13988.282358883109,
    -13264.468756543944,
    -935.98460045228262,
    -4658.8242848334421
  ],
  "num_iteration": 1000,
  "num_modalities": 4,
  "num_topics": 7,
  "total_liklihood": -32847.56000071278
}
