{
  "modality_liklihoods": [
    -13789.548535964163,
    -13288.192426587224,
    -937.37928205133153,
    -4765.2201924848287
  ],
  "num_iteration": 1000,
  "num_modalities": 4,
  "num_topics": 7,
  "total_liklihood": -32780.340437087543
}
