{
  "modality_liklihoods": [
    -12944.710248658248,
    -13227.378541531365,
    -938.63898687755955,
    -4636.6352123240877
  ],
  "num_iteration": 1000,
  "num_modalities": 4,
  "num_topics": 7,
  "total_liklihood": -31747.362989391258
}
