{
  "modality_liklihoods": [
    -14053.891572943179,
    -13274.113695541399,
    -938.26908188088635,
    -4640.9310907462168
  ],
  "num_iteration": 1000,
  "num_modalities": 4,
  "num_topics": 7,
  "total_liklihood": -32907.205441111684
}
