{
  "modality_liklihoods": [
    -12990.518835268176,
    -13250.592154002325,
    -945.47660889186943,
    -4626.3018899732433
  ],
  "num_iteration": 1000,
  "num_modalities": 4,
  "num_topics": 7,
  "total_liklihood": -31812.88948813561
}
