{
  "modality_liklihoods": [
    -13810.901184725533,
    -13264.697745999567,
    -943.9011469228758,
    -4674.7713198474448
  ],
  "num_iteration": 1000,
  "num_modalities": 4,
  "num_topics": 7,
  "total_liklihood": -32694.27139749542
}
