{
  "modality_liklihoods": [
    -14429.894043220078,
    -13249.319702211989,
    -939.3691131420718,
    -4613.8968139464041
  ],
  "num_iteration": 1000,
  "num_modalities": 4,
  "num_topics": 7,
  "total_liklihood": -33232.479672520545
}
