{
  "modality_liklihoods": [
    -14090.890787594491,
    -13255.837831554954,
    -932.61294489981685,
    -4672.373041370085
  ],
  "num_iteration": 1000,
  "num_modalities": 4,
  "num_topics": 7,
  "total_liklihood": -32951.714605419351
}
