{
  "modality_liklihoods": [
    -13412.99645615784,
    -13220.447440625085,
    -944.20463763845703,
    -4670.2918029301673
  ],
  "num_iteration": 1000,
  "num_modalities": 4,
  "num_topics": 7,
  "total_liklihood": -32247.940337351552
}
