{
  "modality_liklihoods": [
    -13682.942450488632,
    -13277.167702628627,
    -937.85451508209712,
    -4621.1097492804865
  ],
  "num_iteration": 1000,
  "num_modalities": 4,
  "num_topics": 7,
  "total_liklihood": -32519.074417479846
}
