{
  "modality_liklihoods": [
    -14371.905626822812,
    -13213.312740764573,
    -939.53675471554141,
    -4743.8699798233756
  ],
  "num_iteration": 1000,
  "num_modalities": 4,
  "num_topics": 7,
  "total_liklihood": -33268.625102126301
}
