{
  "modality_liklihoods": [
    -14351.073309798528,
    -13207.986065102657,
    -936.41316188664211,
    -4691.6847513782004
  ],
  "num_iteration": 1000,
  "num_modalities": 4,
  "num_topics": 7,
  "total_liklihood": -33187.157288166025
}
