{
  "modality_liklihoods": [
    -14094.292252714251,
    -13228.056860440649,
    -942.02893261072643,
    -4648.6489390083289
  ],
  "num_iteration": 1000,
  "num_modalities": 4,
  "num_topics": 7,
  "total_liklihood": -32913.026984773955
}
