{
  "modality_liklihoods": [
    -12828.98336061026,
    -13235.66459769878,
    -941.57912303457056,
    -4617.5283444224569
  ],
  "num_iteration": 1000,
  "num_modalities": 4,
  "num_topics": 7,
  "total_liklihood": -31623.755425766067
}
