{
  "modality_liklihoods": [
    -14508.280637589018,
    -13274.27352871009,
    -944.30230008789158,
    -4661.0619888029505
  ],
  "num_iteration": 1000,
  "num_modalities": 4,
  "num_topics": 7,
  "total_liklihood": -33387.918455189953
}
