{
  "modality_liklihoods": [
    -14017.159217633231,
    -13289.324346474074,
    -937.55374844821358,
    -4639.5716648085763
  ],
  "num_iteration": 1000,
  "num_modalities": 4,
  "num_topics": 7,
  "total_liklihood": -32883.608977364092
}
