{
  "modality_liklihoods": [
    -14066.934591402674,
    -13236.540456130158,
    -938.63543555134083,
    -4649.1086114287937
  ],
  "num_iteration": 1000,
  "num_modalities": 4,
  "num_topics": 7,
  "total_liklihood": -32891.21909451297
}
