{
  "modality_liklihoods": [
    -14920.385566804316,
    -13233.961940476032,
    -940.89108978480613,
    -4651.9575886153079
  ],
  "num_iteration": 1000,
  "num_modalities": 4,
  "num_topics": 7,
  "total_liklihood": -33747.196185680463
}
