{
  "modality_liklihoods": [
    -13430.296072318786,
    -13273.464941321061,
    -942.55933469817512,
    -4678.8809678711959
  ],
  "num_iteration": 1000,
  "num_modalities": 4,
  "num_topics": 7,
  "total_liklihood": -32325.201316209219
}
