{
  "modality_liklihoods": [
    -14021.364754667089,
    -13282.143237098655,
    -942.1278592162638,
    -4667.9466061827752
  ],
  "num_iteration": 1000,
  "num_modalities": 4,
  "num_topics": 7,
  "total_liklihood": -32913.582457164783
}
