{
  "modality_liklihoods": [
    -14670.358180205672,
    -13215.220647730233,
    -937.13373980030678,
    -4683.1952249584347
  ],
  "num_iteration": 1000,
  "num_modalities": 4,
  "num_topics": 7,
  "total_liklihood": -33505.907792694641
}
