{
  "modality_liklihoods": [
    -13923.300989787289,
    -13250.290715815572,
    -938.46937630953278,
    -4602.6588563668638
  ],
  "num_iteration": 1000,
  "num_modalities": 4,
  "num_topics": 7,
  "total_liklihood": -32714.719938279257
}
