{
  "modality_liklihoods": [
    -14529.609445653683,
    -13258.574353596352,
    -943.07565726407734,
    -4593.5497245793586
  ],
  "num_iteration": 1000,
  "num_modalities": 4,
  "num_topics": 7,
  "total_liklihood": -33324.809181093471
}
