{
  "modality_liklihoods": [
    -13754.456633544272,
    -13241.328565143125,
    -940.40248385219491,
    -4652.2163178068204
  ],
  "num_iteration": 1000,
  "num_modalities": 4,
  "num_topics": 7,
  "total_liklihood": -32588.404000346411
}
