{
  "modality_liklihoods": [
    -14599.304307641207,
    -13281.294015700807,
    -940.26922891495212,
    -4655.0142613810394
  ],
  "num_iteration": 1000,
  "num_modalities": 4,
  "num_topics": 7,
  "total_liklihood": -33475.881813638007
}
