{
  "modality_liklihoods": [
    -13527.818779135538,
    -13237.133567200668,
    -938.89191766778458,
    -4578.8801790670141
  ],
  "num_iteration": 1000,
  "num_modalities": 4,
  "num_topics": 7,
  "total_liklihood": -32282.724443071005
}
