{
  "modality_liklihoods": [
    -14690.687381956985,
    -13208.095654202432,
    -942.5818760529412,
    -4668.4473836353327
  ],
  "num_iteration": 1000,
  "num_modalities": 4,
  "num_topics": 7,
  "total_liklihood": -33509.812295847689
}
