{
  "modality_liklihoods": [
    -13894.834111906885,
    -13244.459911117918,
    -942.6426526948859,
    -4636.8270322155577
  ],
  "num_iteration": 1000,
  "num_modalities": 4,
  "num_topics": 7,
  "total_liklihood": -32718.763707935246
}
