{
  "modality_liklihoods": [
    -13406.380564796917,
    -13220.0393045743,
    -943.4765466702637,
    -4667.9420761287256
  ],
  "num_iteration": 1000,
  "num_modalities": 4,
  "num_topics": 7,
  "total_liklihood": -32237.838492170205
}
