{
  "modality_liklihoods": [
    -13854.762974093906,
    -13270.401183526265,
    -939.06695804174262,
    -4649.6931378460513
  ],
  "num_iteration": 1000,
  "num_modalities": 4,
  "num_topics": 7,
  "total_liklihood": -32713.924253507965
}
