{
  "modality_liklihoods": [
    -13873.621468219426,
    -13265.01746561586,
    -938.70716353350326,
    -4685.8084536325623
  ],
  "num_iteration": 1000,
  "num_modalities": 4,
  "num_topics": 7,
  "total_liklihood": -32763.154551001353
}
