{
  "modality_liklihoods": [
    -13097.646040052297,
    -13278.373685472163,
    -938.30685836259693,
    -4629.4448676519742
  ],
  "num_iteration": 1000,
  "num_modalities": 4,
  "num_topics": 7,
  "total_liklihood": -31943.771451539033
}
