{
  "modality_liklihoods": [
    -14345.573258862485,
    -13251.316346890537,
    -939.52007059090806,
    -4665.5619287733216
  ],
  "num_iteration": 1000,
  "num_modalities": 4,
  "num_topics": 7,
  "total_liklihood": -33201.971605117251
}
