{
  "modality_liklihoods": [
    -13973.970149635821,
    -13254.636719890877,
    -941.13599473466115,
    -4587.0459115284211
  ],
  "num_iteration": 1000,
  "num_modalities": 4,
  "num_topics": 7,
  "total_liklihood": -32756.788775789781
}
