{
  "modality_liklihoods": [
    -12869.572271397999,
    -13300.827261029683,
    -946.32250531729801,
    -4610.0569331542401
  ],
  "num_iteration": 1000,
  "num_modalities": 4,
  "num_topics": 7,
  "total_liklihood": -31726.77897089922
}
