{
  "modality_liklihoods": [
    -14586.760907853995,
    -13284.781617864524,
    -938.46301120035889,
    -4633.4515157113474
  ],
  "num_iteration": 1000,
  "num_modalities": 4,
  "num_topics": 7,
  "total_liklihood": -33443.457052630227
}
