{
  "modality_liklihoods": [
    -13877.249216000277,
    -13279.095916368744,
    -938.52305078573147,
    -4681.9775628118296
  ],
  "num_iteration": 1000,
  "num_modalities": 4,
  "num_topics": 7,
  "total_liklihood": -32776.845745966581
}
