{
  "modality_liklihoods": [
    -13833.905871149203,
    -13289.588308507771,
    -939.79633010197449,
    -4631.3329168226228
  ],
  "num_iteration": 1000,
  "num_modalities": 4,
  "num_topics": 7,
  "total_liklihood": -32694.623426581573
}
