{
  "modality_liklihoods": [
    -14335.447096994727,
    -13241.436346013548,
    -932.75242642305182,
    -4653.3541538124391
  ],
  "num_iteration": 1000,
  "num_modalities": 4,
  "num_topics": 7,
  "total_liklihood": -33162.990023243765
}
