{
  "modality_liklihoods": [
    -14273.450750552101,
    -13230.559408385205,
    -941.05662393596674,
    -4740.7835075698458
  ],
  "num_iteration": 1000,
  "num_modalities": 4,
  "num_topics": 7,
  "total_liklihood": -33185.850290443123
}
