{
  "modality_liklihoods": [
    -14187.862450578883,
    -13218.234196762705,
    -939.17581802678455,
    -4611.7679851808807
  ],
  "num_iteration": 1000,
  "num_modalities": 4,
  "num_topics": 7,
  "total_liklihood": -32957.040450549255
}
