{
  "modality_liklihoods": [
    -14113.363758467454,
    -13225.538041332011,
    -946.8215184709793,
    -4709.5494680956008
  ],
  "num_iteration": 1000,
  "num_modalities": 4,
  "num_topics": 7,
  "total_liklihood": -32995.272786366048
}
