{
  "modality_liklihoods": [
    -13727.913832785491,
    -13307.278032289219,
    -946.22452810871584,
    -4616.841325102574
  ],
  "num_iteration": 1000,
  "num_modalities": 4,
  "num_topics": 7,
  "total_liklihood": -32598.257718286
}
