{
  "modality_liklihoods": [
    -14025.84485415581,
    -13250.569884543827,
    -940.62094017410266,
    -4640.0748217679256
  ],
  "num_iteration": 1000,
  "num_modalities": 4,
  "num_topics": 7,
  "total_liklihood": -32857.110500641669
}
