{
  "modality_liklihoods": [
    -14399.489165350657,
    -13239.811138838646,
    -936.08293926140107,
    -4609.3327196164555
  ],
  "num_iteration": 1000,
  "num_modalities": 4,
  "num_topics": 7,
  "total_liklihood": -33184.715963067159
}
