{
  "modality_liklihoods": [
    -13814.8349297313,
    -13268.876690274239,
    -942.13536405526952,
    -4598.3092047670661
  ],
  "num_iteration": 1000,
  "num_modalities": 4,
  "num_topics": 7,
  "total_liklihood": -32624.156188827874
}
