{
  "modality_liklihoods": [
    -14058.210173558067,
    -13275.097954056608,
    -947.52712458967721,
    -4643.8002793552005
  ],
  "num_iteration": 1000,
  "num_modalities": 4,
  "num_topics": 7,
  "total_liklihood": -32924.635531559557
}
