{
  "modality_liklihoods": [
    -14015.674960806209,
    -13276.460620852145,
    -938.26977840637187,
    -4619.8993221205792
  ],
  "num_iteration": 1000,
  "num_modalities": 4,
  "num_topics": 7,
  "total_liklihood": -32850.304682185306
}
