{
  "modality_liklihoods": [
    -13946.708747283268,
    -13240.210149225208,
    -947.52542347011024,
    -4620.3287900549785
  ],
  "num_iteration": 1000,
  "num_modalities": 4,
  "num_topics": 7,
  "total_liklihood": -32754.773110033566
}
