{
  "modality_liklihoods": [
    -14333.48536465906,
    -13242.776810896217,
    -934.8405106732082,
    -4606.7349419381499
  ],
  "num_iteration": 1000,
  "num_modalities": 4,
  "num_topics": 7,
  "total_liklihood": -33117.837628166635
}
