{
  "modality_liklihoods": [
    -12228.355232250962,
    -13266.662667580184,
    -935.5657208126064,
    -4669.5321423587629
  ],
  "num_iteration": 1000,
  "num_modalities": 4,
  "num_topics": 7,
  "total_liklihood": -31100.115763002515
}
