{
  "modality_liklihoods": [
    -14652.676838399266,
    -13265.608821279226,
    -936.34995486461128,
    -4589.735912318798
  ],
  "num_iteration": 1000,
  "num_modalities": 4,
  "num_topics": 7,
  "total_liklihood": -33444.371526861898
}
