{
  "modality_liklihoods": [
    -14310.009208925119,
    -13256.299107149176,
    -938.50570677821588,
    -4636.4471254414548
  ],
  "num_iteration": 1000,
  "num_modalities": 4,
  "num_topics": 7,
  "total_liklihood": -33141.261148293968
}
