{
  "modality_liklihoods": [
    -14886.743970576186,
    -13246.213356365388,
    -935.34465936315303,
    -4640.5141464681838
  ],
  "num_iteration": 1000,
  "num_modalities": 4,
  "num_topics": 7,
  "total_liklihood": -33708.81613277291
}
