{
  "modality_liklihoods": [
    -14472.140106952051,
    -13292.584569729353,
    -937.069425779075,
    -4614.327855880425
  ],
  "num_iteration": 1000,
  "num_modalities": 4,
  "num_topics": 7,
  "total_liklihood": -33316.121958340904
}
