{
  "modality_liklihoods": [
    -14113.608353476924,
    -13232.664807264096,
    -943.20976225941752,
    -4627.2787604739678
  ],
  "num_iteration": 1000,
  "num_modalities": 4,
  "num_topics": 7,
  "total_liklihood": -32916.761683474411
}
