{
  "modality_liklihoods": [
    -13791.65911063113,
    -13273.438505556167,
    -938.7467416906743,
    -4631.7217817882693
  ],
  "num_iteration": 1000,
  "num_modalities": 4,
  "num_topics": 7,
  "total_liklihood": -32635.56613966624
}
