{
  "modality_liklihoods": [
    -14061.285224422194,
    -13268.332925915551,
    -930.92851826153469,
    -4631.609923287735
  ],
  "num_iteration": 1000,
  "num_modalities": 4,
  "num_topics": 7,
  "total_liklihood": -32892.156591887018
}
