{
  "modality_liklihoods": [
    -12683.207131144027,
    -13267.141078491346,
    -941.19010183766432,
    -4670.4327116720797
  ],
  "num_iteration": 1000,
  "num_modalities": 4,
  "num_topics": 7,
  "total_liklihood": -31561.971023145117
}
