{
  "modality_liklihoods": [
    -13908.535423641222,
    -13270.895903932236,
    -933.8203863196311,
    -4624.0194084529539
  ],
  "num_iteration": 1000,
  "num_modalities": 4,
  "num_topics": 7,
  "total_liklihood": -32737.271122346046
}
