{
  "modality_liklihoods": [
    -14096.630544900283,
    -13297.45106109808,
    -944.39271727468736,
    -4648.4851375838216
  ],
  "num_iteration": 1000,
  "num_modalities": 4,
  "num_topics": 7,
  "total_liklihood": -32986.959460856873
}
