{
  "modality_liklihoods": [
    -14191.118503400661,
    -13270.908909383144,
    -942.89121528579005,
    -4717.8008535525669
  ],
  "num_iteration": 1000,
  "num_modalities": 4,
  "num_topics": 7,
  "total_liklihood": -33122.71948162216
}
