{
  "modality_liklihoods": [
    -14076.248766912599,
    -13249.118196090732,
    -939.56098296533833,
    -4623.6381039851731
  ],
  "num_iteration": 1000,
  "num_modalities": 4,
  "num_topics": 7,
  "total_liklihood": -32888.566049953843
}
