{
  "modality_liklihoods": [
    -14123.890917262977,
    -13264.453269656169,
    -940.50973932815828,
    -4748.6765862270695
  ],
  "num_iteration": 1000,
  "num_modalities": 4,
  "num_topics": 7,
  "total_liklihood": -33077.530512474375
}
