{
  "modality_liklihoods": [
    -14030.514023357555,
    -13271.215245931102,
    -938.56367383483041,
    -4675.0475890929702
  ],
  "num_iteration": 1000,
  "num_modalities": 4,
  "num_topics": 7,
  "total_liklihood": -32915.340532216454
}
