{
  "modality_liklihoods": [
    -13437.063175544668,
    -13263.300942258044,
    -946.96821029655928,
    -4645.2915906669332
  ],
  "num_iteration": 1000,
  "num_modalities": 4,
  "num_topics": 7,
  "total_liklihood": -32292.623918766203
}
