{
  "modality_liklihoods": [
    -13365.626703460426,
    -13240.621472720881,
    -937.1040192326268,
    -4637.2276550517408
  ],
  "num_iteration": 1000,
  "num_modalities": 4,
  "num_topics": 7,
  "total_liklihood": -32180.579850465674
}
