{
  "modality_liklihoods": [
    -14382.826414609151,
    -13250.686824442322,
    -937.92140551653858,
    -4752.6527972878202
  ],
  "num_iteration": 1000,
  "num_modalities": 4,
  "num_topics": 7,
  "total_liklihood": -33324.087441855831
}
