{
  "modality_liklihoods": [
    -13950.689174817446,
    -13261.377038621587,
    -945.80438853379007,
    -4641.4866359029593
  ],
  "num_iteration": 1000,
  "num_modalities": 4,
  "num_topics": 7,
  "total_liklihood": -32799.357237875782
}
