{
  "modality_liklihoods": [
    -13937.027908624083,
    -13289.960813859843,
    -950.08658411136162,
    -4650.1620573132132
  ],
  "num_iteration": 1000,
  "num_modalities": 4,
  "num_topics": 7,
  "total_liklihood": -32827.237363908498
}
