{
  "modality_liklihoods": [
    -13552.883577274228,
    -13248.288266935635,
    -942.15721549263719,
    -4686.2341690940966
  ],
  "num_iteration": 1000,
  "num_modalities": 4,
  "num_topics": 7,
  "total_liklihood": -32429.563228796596
}
