{
  "modality_liklihoods": [
    -13785.628367905863,
    -13279.486217645366,
    -944.11296313029095,
    -4672.9546359178457
  ],
  "num_iteration": 1000,
  "num_modalities": 4,
  "num_topics": 7,
  "total_liklihood": -32682.182184599365
}
