{
  "modality_liklihoods": [
    -13802.757632172505,
    -13236.857874240472,
    -937.76897746173097,
    -4680.7090117717944
  ],
  "num_iteration": 1000,
  "num_modalities": 4,
  "num_topics": 7,
  "total_liklihood": -32658.093495646506
}
