{
  "modality_liklihoods": [
    -14086.377988748565,
    -13271.841149493814,
    -942.20924908126347,
    -4691.8645924316943
  ],
  "num_iteration": 1000,
  "num_modalities": 4,
  "num_topics": 7,
  "total_liklihood": -32992.292979755337
}
