{
  "modality_liklihoods": [
    -14313.170599242718,
    -13218.764876841105,
    -943.83216768108116,
    -4675.5034883988528
  ],
  "num_iteration": 1000,
  "num_modalities": 4,
  "num_topics": 7,
  "total_liklihood": -33151.271132163762
}
