{
  "modality_liklihoods": [
    -13891.634892235059,
    -13283.672949645897,
    -935.54368602017871,
    -4617.0377423267837
  ],
  "num_iteration": 1000,
  "num_modalities": 4,
  "num_topics": 7,
  "total_liklihood": -32727.889270227919
}
