{
  "modality_liklihoods": [
    -13781.007063626341,
    -13319.42222231135,
    -938.28979193084933,
    -4655.2994854947465
  ],
  "num_iteration": 1000,
  "num_modalities": 4,
  "num_topics": 7,
  "total_liklihood": -32694.018563363286
}
