{
  "modality_liklihoods": [
    -14688.001826213971,
    -13254.694913571819,
    -943.69774867080139,
    -4622.6804798091398
  ],
  "num_iteration": 1000,
  "num_modalities": 4,
  "num_topics": 7,
  "total_liklihood": -33509.074968265733
}
