{
  "modality_liklihoods": [
    -14015.992958519715,
    -13324.096106165945,
    -945.08992644311411,
    -4703.9228385524275
  ],
  "num_iteration": 1000,
  "num_modalities": 4,
  "num_topics": 7,
  "total_liklihood": -32989.101829681204
}
