{
  "modality_liklihoods": [
    -13425.596374651972,
    -13248.490908491856,
    -940.99799878054307,
    -4647.1833898826217
  ],
  "num_iteration": 1000,
  "num_modalities": 4,
  "num_topics": 7,
  "total_liklihood": -32262.268671806993
}
