{
  "modality_liklihoods": [
    -13504.41049865204,
    -13227.218051937814,
    -940.57797046084386,
    -4698.0091577136627
  ],
  "num_iteration": 1000,
  "num_modalities": 4,
  "num_topics": 7,
  "total_liklihood": -32370.215678764362
}
