{
  "modality_liklihoods": [
    -13997.63887891281,
    -13251.54512674169,
    -936.20890969869083,
    -4659.1788878151201
  ],
  "num_iteration": 1000,
  "num_modalities": 4,
  "num_topics": 7,
  "total_liklihood": -32844.571803168306
}
