{
  "modality_liklihoods": [
    -13558.112980621258,
    -13217.490384406114,
    -940.84219065520597,
    -4651.2411418143383
  ],
  "num_iteration": 1000,
  "num_modalities": 4,
  "num_topics": 7,
  "total_liklihood": -32367.686697496916
}
