{
  "modality_liklihoods": [
    -12810.419511415335,
    -13294.63516545156,
    -942.19960825325506,
    -4646.1937627523212
  ],
  "num_iteration": 1000,
  "num_modalities": 4,
  "num_topics": 7,
  "total_liklihood": -31693.448047872473
}
