{
  "modality_liklihoods": [
    -13761.221351948139,
    -13260.794004858357,
    -935.69415367583213,
    -4685.0093582455966
  ],
  "num_iteration": 1000,
  "num_modalities": 4,
  "num_topics": 7,
  "total_liklihood": -32642.718868727923
}
