{
  "modality_liklihoods": [
    -14442.261049102219,
    -13280.359220993709,
    -940.63901874707585,
    -4628.7762149570499
  ],
  "num_iteration": 1000,
  "num_modalities": 4,
  "num_topics": 7,
  "total_liklihood": -33292.035503800049
}
