{
  "modality_liklihoods": [
    -13598.694323318381,
    -13223.998455997191,
    -937.56150702830951,
    -4677.7864802103168
  ],
  "num_iteration": 1000,
  "num_modalities": 4,
  "num_topics": 7,
  "total_liklihood": -32438.040766554197
}
