{
  "modality_liklihoods": [
    -12534.493121724414,
    -13276.250635275655,
    -939.25185197881478,
    -4595.8418884906887
  ],
  "num_iteration": 1000,
  "num_modalities": 4,
  "num_topics": 7,
  "total_liklihood": -31345.837497469573
}
