{
  "modality_liklihoods": [
    -14043.36365487552,
    -13297.795107732285,
    -940.82069234218,
    -4709.3088053434603
  ],
  "num_iteration": 1000,
  "num_modalities": 4,
  "num_topics": 7,
  "total_liklihood": -32991.288260293441
}
