{
  "modality_liklihoods": [
    -13837.08909024238,
    -13262.690967644119,
    -940.05432244476651,
    -4715.4093558021023
  ],
  "num_iteration": 1000,
  "num_modalities": 4,
  "num_topics": 7,
  "total_liklihood": -32755.243736133369
}
