{
  "modality_liklihoods": [
    -14099.762112900013,
    -13283.436469129061,
    -940.72312874615568,
    -4617.720763261349
  ],
  "num_iteration": 1000,
  "num_modalities": 4,
  "num_topics": 7,
  "total_liklihood": -32941.642474036576
}
