{
  "modality_liklihoods": [
    -13830.530042051907,
    -13277.715703088779,
    -940.61668703733017,
    -4613.0748663012473
  ],
  "num_iteration": 1000,
  "num_modalities": 4,
  "num_topics": 7,
  "total_liklihood": -32661.937298479264
}
