{
  "modality_liklihoods": [
    -13943.122148347667,
    -13262.799668684289,
    -941.22854847300607,
    -4650.5794233642137
  ],
  "num_iteration": 1000,
  "num_modalities": 4,
  "num_topics": 7,
  "total_liklihood": -32797.729788869176
}
