{
  "modality_liklihoods": [
    -14438.439265199884,
    -13214.514809699462,
    -944.2038012809785,
    -4754.8371685641305
  ],
  "num_iteration": 1000,
  "num_modalities": 4,
  "num_topics": 7,
  "total_liklihood": -33351.995044744457
}
