{
  "modality_liklihoods": [
    -13415.126099273826,
    -13278.734254647896,
    -935.31659413341708,
    -4618.6612294140814
  ],
  "num_iteration": 1000,
  "num_modalities": 4,
  "num_topics": 7,
  "total_liklihood": -32247.838177469217
}
