{
  "modality_liklihoods": [
    -13442.088999112964,
    -13261.324173910167,
    -945.32346491851627,
    -4604.4482812402666
  ],
  "num_iteration": 1000,
  "num_modalities": 4,
  "num_topics": 7,
  "total_liklihood": -32253.184919181916
}
