{
  "modality_liklihoods": [
    -14386.470945168536,
    -13195.82857635984,
    -939.0679684311084,
    -4699.4878333828128
  ],
  "num_iteration": 1000,
  "num_modalities": 4,
  "num_topics": 7,
  "total_liklihood": -33220.855323342294
}
