{
  "modality_liklihoods": [
    -14507.445242253529,
    -13280.178536716503,
    -935.82768006558217,
    -4650.0260715823333
  ],
  "num_iteration": 1000,
  "num_modalities": 4,
  "num_topics": 7,
  "total_liklihood": -33373.477530617944
}
