{
  "modality_liklihoods": [
    -13984.316025179705,
    -13288.965331934345,
    -940.55249812980674,
    -4638.0321712926134
  ],
  "num_iteration": 1000,
  "num_modalities": 4,
  "num_topics": 7,
  "total_liklihood": -32851.866026536474
}
