{
  "modality_liklihoods": [
    -14339.927418616502,
    -13234.054833627553,
    -929.97483702791726,
    -4645.6339450466976
  ],
  "num_iteration": 1000,
  "num_modalities": 4,
  "num_topics": 7,
  "total_liklihood": -33149.59103431867
}
