{
  "modality_liklihoods": [
    -14398.567153952943,
    -13218.917526674182,
    -949.11014952756477,
    -4735.0611611707682
  ],
  "num_iteration": 1000,
  "num_modalities": 4,
  "num_topics": 7,
  "total_liklihood": -33301.65599132546
}
