{
  "modality_liklihoods": [
    -14320.192676386165,
    -13225.034341286333,
    -935.98613906855712,
    -4632.9584914191955
  ],
  "num_iteration": 1000,
  "num_modalities": 4,
  "num_topics": 7,
  "total_liklihood": -33114.171648160256
}
