{
  "modality_liklihoods": [
    -14463.841063764701,
    -13247.652869200843,
    -934.59108979265761,
    -4696.9160485246057
  ],
  "num_iteration": 1000,
  "num_modalities": 4,
  "num_topics": 7,
  "total_liklihood": -33343.001071282808
}
