{
  "modality_liklihoods": [
    -13597.872311831945,
    -13273.07913208496,
    -934.35843451555024,
    -4623.1249450752948
  ],
  "num_iteration": 1000,
  "num_modalities": 4,
  "num_topics": 7,
  "total_liklihood": -32428.434823507752
}
