{
  "modality_liklihoods": [
    -14112.16961580679,
    -13292.978121504068,
    -935.26535352054736,
    -4640.6862309806984
  ],
  "num_iteration": 1000,
  "num_modalities": 4,
  "num_topics": 7,
  "total_liklihood": -32981.0993218121
}
