{
  "modality_liklihoods": [
    -14024.991793534497,
    -13259.628168641029,
    -937.34207821419204,
    -4623.8417637521889
  ],
  "num_iteration": 1000,
  "num_modalities": 4,
  "num_topics": 7,
  "total_liklihood": -32845.803804141906
}
