{
  "modality_liklihoods": [
    -14098.5605853211,
    -13237.818511207122,
    -945.85967829783749,
    -4635.9674103959424
  ],
  "num_iteration": 1000,
  "num_modalities": 4,
  "num_topics": 7,
  "total_liklihood": -32918.206185222007
}
