{
  "modality_liklihoods": [
    -14387.274356578075,
    -13216.556779715855,
    -930.49165923841963,
    -4645.6338331388533
  ],
  "num_iteration": 1000,
  "num_modalities": 4,
  "num_topics": 7,
  "total_liklihood": -33179.9566286712
}
