{
  "modality_liklihoods": [
    -13718.667443326347,
    -13271.005817390887,
    -939.86840116779479,
    -4573.5365740424641
  ],
  "num_iteration": 1000,
  "num_modalities": 4,
  "num_topics": 7,
  "total_liklihood": -32503.078235927493
}
