{
  "modality_liklihoods": [
    -12268.397615591333,
    -13214.765596970596,
    -938.9457236688412,
    -4659.445615288897
  ],
  "num_iteration": 1000,
  "num_modalities": 4,
  "num_topics": 7,
  "total_liklihood": -31081.554551519665
}
