{
  "modality_liklihoods": [
    -13551.977247986628,
    -13245.003891314856,
    -936.75136748329271,
    -4675.4691260031741
  ],
  "num_iteration": 1000,
  "num_modalities": 4,
  "num_topics": 7,
  "total_liklihood": -32409.201632787946
}
