{
  "modality_liklihoods": [
    -14072.448463616742,
    -13274.182540995374,
    -938.40866100134815,
    -4628.1767418787176
  ],
  "num_iteration": 1000,
  "num_modalities": 4,
  "num_topics": 7,
  "total_liklihood": -32913.216407492182
}
