{
  "modality_liklihoods": [
    -14261.17969483289,
    -13239.86984365589,
    -937.85029924948344,
    -4655.7966144842494
  ],
  "num_iteration": 1000,
  "num_modalities": 4,
  "num_topics": 7,
  "total_liklihood": -33094.69645222251
}
