{
  "modality_liklihoods": [
    -14211.261762871416,
    -13272.738826117011,
    -940.15797929328221,
    -4620.2302642934073
  ],
  "num_iteration": 1000,
  "num_modalities": 4,
  "num_topics": 7,
  "total_liklihood": -33044.388832575118
}
