{
  "modality_liklihoods": [
    -13563.269087071487,
    -13314.491664668561,
    -936.7698386670487,
    -4596.7326263296754
  ],
  "num_iteration": 1000,
  "num_modalities": 4,
  "num_topics": 7,
  "total_liklihood": -32411.26321673677
}
