{
  "modality_liklihoods": [
    -13993.969539082158,
    -13256.721500889031,
    -941.13430140423156,
    -4651.0531555023445
  ],
  "num_iteration": 1000,
  "num_modalities": 4,
  "num_topics": 7,
  "total_liklihood": -32842.878496877762
}
