{
  "modality_liklihoods": [
    -14889.695228604136,
    -13209.793003594996,
    -948.78327801754051,
    -4647.14561373368
  ],
  "num_iteration": 1000,
  "num_modalities": 4,
  "num_topics": 7,
  "total_liklihood": -33695.417123950356
}
