{
  "modality_liklihoods": [
    -14284.669187976227,
    -13212.153895874097,
    -943.19108365602722,
    -4674.9763032295396
  ],
  "num_iteration": 1000,
  "num_modalities": 4,
  "num_topics": 7,
  "total_liklihood": -33114.990470735887
}
