{
  "modality_liklihoods": [
    -14041.325911991857,
    -13260.39706424836,
    -940.03948221983808,
    -4692.1194555345573
  ],
  "num_iteration": 1000,
  "num_modalities": 4,
  "num_topics": 7,
  "total_liklihood": -32933.881913994614
}
