{
  "modality_liklihoods": [
    -14395.81425124154,
    -13285.671822465038,
    -933.755453339013,
    -4664.097490114189
  ],
  "num_iteration": 1000,
  "num_modalities": 4,
  "num_topics": 7,
  "total_liklihood": -33279.339017159778
}
