{
  "modality_liklihoods": [
    -13810.233216773237,
    -13260.576680129012,
    -938.03808333193501,
    -4625.7412007437979
  ],
  "num_iteration": 1000,
  "num_modalities": 4,
  "num_topics": 7,
  "total_liklihood": -32634.589180977979
}
