{
  "modality_liklihoods": [
    -14103.429433816595,
    -13230.794402810079,
    -941.56223061780156,
    -4710.4089944463049
  ],
  "num_iteration": 1000,
  "num_modalities": 4,
  "num_topics": 7,
  "total_liklihood": -32986.195061690785
}
