{
  "modality_liklihoods": [
    -11271.324635340614,
    -13299.44006049834,
    -946.26133402630649,
    -4646.8644044405146
  ],
  "num_iteration": 1000,
  "num_modalities": 4,
  "num_topics": 7,
  "total_liklihood": -30163.890434305773
}
