{
  "modality_liklihoods": [
    -13880.797315227637,
    -13255.063445368509,
    -939.30604655633704,
    -4598.1193480433512
  ],
  "num_iteration": 1000,
  "num_modalities": 4,
  "num_topics": 7,
  "total_liklihood": -32673.28615519583
}
