{
  "modality_liklihoods": [
    -13910.748300965603,
    -13241.851688282721,
    -937.88844944143023,
    -4617.4136600828024
  ],
  "num_iteration": 1000,
  "num_modalities": 4,
  "num_topics": 7,
  "total_liklihood": -32707.902098772556
}
