{
  "modality_liklihoods": [
    -13996.197742280823,
    -13241.811839745194,
    -937.06250212553516,
    -4622.22570310638
  ],
  "num_iteration": 1000,
  "num_modalities": 4,
  "num_topics": 7,
  "total_liklihood": -32797.297787257936
}
