{
  "modality_liklihoods": [
    -13493.522749807495,
    -13291.776613576574,
    -939.50208203183843,
    -4655.3123795230931
  ],
  "num_iteration": 1000,
  "num_modalities": 4,
  "num_topics": 7,
  "total_liklihood": -32380.113824938999
}
