{
  "modality_liklihoods": [
    -13422.154614270972,
    -13252.707604863857,
    -943.40532414363724,
    -4602.6295150062906
  ],
  "num_iteration": 1000,
  "num_modalities": 4,
  "num_topics": 7,
  "total_liklihood": -32220.897058284758
}
