{
  "modality_liklihoods": [
    -13838.890350819469,
    -13250.870629641066,
    -940.6388749647499,
    -4645.4586541294966
  ],
  "num_iteration": 1000,
  "num_modalities": 4,
  "num_topics": 7,
  "total_liklihood": -32675.858509554779
}
