{
  "modality_liklihoods": [
    -14533.632482690478,
    -13318.079819428962,
    -940.52021021189864,
    -4677.6778596917129
  ],
  "num_iteration": 1000,
  "num_modalities": 4,
  "num_topics": 7,
  "total_liklihood": -33469.910372023056
}
