{
  "modality_liklihoods": [
    -13893.382623188836,
    -13283.598934100539,
    -939.01062869688303,
    -4626.7805986087687
  ],
  "num_iteration": 1000,
  "num_modalities": 4,
  "num_topics": 7,
  "total_liklihood": -32742.772784595028
}
