{
  "modality_liklihoods": [
    -14349.95109879134,
    -13227.726089432983,
    -943.8084754932413,
    -4722.7284860760128
  ],
  "num_iteration": 1000,
  "num_modalities": 4,
  "num_topics": 7,
  "total_liklihood": -33244.214149793581
}
