{
  "modality_liklihoods": [
    -14418.57438047321,
    -13237.800769215915,
    -937.62772026087066,
    -4598.1939072761061
  ],
  "num_iteration": 1000,
  "num_modalities": 4,
  "num_topics": 7,
  "total_liklihood": -33192.196777226105
}
