{
  "modality_liklihoods": [
    -13766.371196809925,
    -13283.728020925553,
    -940.68987792889357,
    -4650.6392126270393
  ],
  "num_iteration": 1000,
  "num_modalities": 4,
  "num_topics": 7,
  "total_liklihood": -32641.428308291412
}
