{
  "modality_liklihoods": [
    -14984.327999341638,
    -13241.727296681007,
    -934.52945203316813,
    -4682.0540002950665
  ],
  "num_iteration": 1000,
  "num_modalities": 4,
  "num_topics": 7,
  "total_liklihood": -33842.638748350881
}
