{
  "modality_liklihoods": [
    -13831.650340394624,
    -13315.341533012424,
    -938.46347225382021,
    -4638.8538447129376
  ],
  "num_iteration": 1000,
  "num_modalities": 4,
  "num_topics": 7,
  "total_liklihood": -32724.30919037381
}
