{
  "modality_liklihoods": [
    -14524.698878383204,
    -13276.348389387904,
    -933.00793818618411,
    -4643.9845068858403
  ],
  "num_iteration": 1000,
  "num_modalities": 4,
  "num_topics": 7,
  "total_liklihood": -33378.039712843129
}
