{
  "modality_liklihoods": [
    -13291.162847305201,
    -13261.535828624401,
    -935.44775640809371,
    -4632.3688325156663
  ],
  "num_iteration": 1000,
  "num_modalities": 4,
  "num_topics": 7,
  "total_liklihood": -32120.515264853362
}
