{
  "modality_liklihoods": [
    -14149.040375840581,
    -13244.02124566728,
    -940.31977022841886,
    -4668.2863266910117
  ],
  "num_iteration": 1000,
  "num_modalities": 4,
  "num_topics": 7,
  "total_liklihood": -33001.667718427292
}
