{
  "modality_liklihoods": [
    -13354.352384904425,
    -13253.15117908291,
    -943.1891122392733,
    -4614.3309495750545
  ],
  "num_iteration": 1000,
  "num_modalities": 4,
  "num_topics": 7,
  "total_liklihood": -32165.023625801663
}
