{
  "modality_liklihoods": [
    -14380.729726490637,
    -13240.266794007932,
    -941.60240036346488,
    -4558.8721365403626
  ],
  "num_iteration": 1000,
  "num_modalities": 4,
  "num_topics": 7,
  "total_liklihood": -33121.471057402399
}
