{
  "modality_liklihoods": [
    -15017.364771884006,
    -13241.576075099714,
    -945.43791561374883,
    -4630.2264482497967
  ],
  "num_iteration": 1000,
  "num_modalities": 4,
  "num_topics": 7,
  "total_liklihood": -33834.605210847265
}
