{
  "modality_liklihoods": [
    -13498.125507473644,
    -13313.675395157401,
    -954.04359187423859,
    -4626.1122832509418
  ],
  "num_iteration": 1000,
  "num_modalities": 4,
  "num_topics": 7,
  "total_liklihood": -32391.956777756226
}
