{
  "modality_liklihoods": [
    -13635.468429489025,
    -13232.604420085319,
    -946.2536716687664,
    -4620.2381571155629
  ],
  "num_iteration": 1000,
  "num_modalities": 4,
  "num_topics": 7,
  "total_liklihood": -32434.564678358678
}
