{
  "modality_liklihoods": [
    -13064.892355007951,
    -13283.976457685569,
    -937.5330009253862,
    -4620.4397300854107
  ],
  "num_iteration": 1000,
  "num_modalities": 4,
  "num_topics": 7,
  "total_liklihood": -31906.841543704315
}
