{
  "modality_liklihoods": [
    -14192.837118316094,
    -13207.497299025845,
    -938.20281452647623,
    -4694.5747344119463
  ],
  "num_iteration": 1000,
  "num_modalities": 4,
  "num_topics": 7,
  "total_liklihood": -33033.111966280361
}
