{
  "modality_liklihoods": [
    -13668.880303238026,
    -13243.106519829795,
    -943.81209024754003,
    -4642.2339236352173
  ],
  "num_iteration": 1000,
  "num_modalities": 4,
  "num_topics": 7,
  "total_liklihood": -32498.032836950573
}
