{
  "modality_liklihoods": [
    -13814.217107347924,
    -13275.651778294208,
    -936.79453039577515,
    -4627.5135533937873
  ],
  "num_iteration": 1000,
  "num_modalities": 4,
  "num_topics": 7,
  "total_liklihood": -32654.176969431694
}
