{
  "modality_liklihoods": [
    -13879.988055654418,
    -13261.986002105661,
    -941.90459423928894,
    -4663.4142830368264
  ],
  "num_iteration": 1000,
  "num_modalities": 4,
  "num_topics": 7,
  "total_liklihood": -32747.292935036192
}
