{
  "modality_liklihoods": [
    -13633.191437618678,
    -13255.172674251913,
    -938.78933922763326,
    -4714.8474506434832
  ],
  "num_iteration": 1000,
  "num_modalities": 4,
  "num_topics": 7,
  "total_liklihood": -32542.000901741711
}
