{
  "modality_liklihoods": [
    -13737.154368992462,
    -13295.945535826766,
    -940.12391369794841,
    -4670.0081671784174
  ],
  "num_iteration": 1000,
  "num_modalities": 4,
  "num_topics": 7,
  "total_liklihood": -32643.231985695595
}
