{
  "modality_liklihoods": [
    -13709.781476506663,
    -13290.879869461491,
    -936.55898646567573,
    -4679.7281911244972
  ],
  "num_iteration": 1000,
  "num_modalities": 4,
  "num_topics": 7,
  "total_liklihood": -32616.948523558327
}
