{
  "modality_liklihoods": [
    -13409.848164282635,
    -13278.810579058654,
    -942.78761293855064,
    -4637.8087734979927
  ],
  "num_iteration": 1000,
  "num_modalities": 4,
  "num_topics": 7,
  "total_liklihood": -32269.255129777834
}
