{
  "modality_liklihoods": [
    -14031.462896258166,
    -13263.354195807469,
    -937.99160633729525,
    -4677.2641557620218
  ],
  "num_iteration": 1000,
  "num_modalities": 4,
  "num_topics": 7,
  "total_liklihood": -32910.072854164951
}
