{
  "modality_liklihoods": [
    -13435.792343995816,
    -13254.21315236531,
    -949.43137293586335,
    -4700.1751576273555
  ],
  "num_iteration": 1000,
  "num_modalities": 4,
  "num_topics": 7,
  "total_liklihood": -32339.612026924344
}
