{
  "modality_liklihoods": [
    -12507.952000871861,
    -13259.469676996043,
    -939.90819185493945,
    -4590.0355588108159
  ],
  "num_iteration": 1000,
  "num_modalities": 4,
  "num_topics": 7,
  "total_liklihood": -31297.36542853366
}
