{
  "modality_liklihoods": [
    -13511.337449220544,
    -13287.021170125816,
    -940.37869971812188,
    -4577.0233683302295
  ],
  "num_iteration": 1000,
  "num_modalities": 4,
  "num_topics": 7,
  "total_liklihood": -32315.760687394712
}
