{
  "modality_liklihoods": [
    -13959.029678202931,
    -13254.912820721154,
    -933.50383214039982,
    -4622.5413739599626
  ],
  "num_iteration": 1000,
  "num_modalities": 4,
  "num_topics": 7,
  "total_liklihood": -32769.987705024447
}
