{
  "modality_liklihoods": [
    -13036.776364205562,
    -13275.297078301894,
    -939.27307637982722,
    -4607.6439178129058
  ],
  "num_iteration": 1000,
  "num_modalities": 4,
  "num_topics": 7,
  "total_liklihood": -31858.990436700187
}
