{
  "modality_liklihoods": [
    -14007.668508688403,
    -13247.78786905529,
    -938.86021759772223,
    -4658.4685419121015
  ],
  "num_iteration": 1000,
  "num_modalities": 4,
  "num_topics": 7,
  "total_liklihood": -32852.785137253515
}
