{
  "modality_liklihoods": [
    -15109.195813828392,
    -13234.398193751906,
    -944.97019353477276,
    -4688.0466167463183
  ],
  "num_iteration": 1000,
  "num_modalities": 4,
  "num_topics": 7,
  "total_liklihood": -33976.610817861387
}
