{
  "modality_liklihoods": [
    -14172.471997018121,
    -13215.534440473182,
    -943.22201560126666,
    -4774.9767865910908
  ],
  "num_iteration": 1000,
  "num_modalities": 4,
  "num_topics": 7,
  "total_liklihood": -33106.205239683666
}
