{
  "modality_liklihoods": [
    -14356.29196281061,
    -13261.170431468892,
    -942.60804133856641,
    -4685.5156055969028
  ],
  "num_iteration": 1000,
  "num_modalities": 4,
  "num_topics": 7,
  "total_liklihood": -33245.58604121497
}
