{
  "modality_liklihoods": [
    -13260.828929002459,
    -13275.384020109081,
    -942.48298161089542,
    -4678.7408244119251
  ],
  "num_iteration": 1000,
  "num_modalities": 4,
  "num_topics": 7,
  "total_liklihood": -32157.43675513436
}
