{
  "modality_liklihoods": [
    -15015.482096962472,
    -13213.16542867828,
    -943.59151156420057,
    -4676.3187765493049
  ],
  "num_iteration": 1000,
  "num_modalities": 4,
  "num_topics": 7,
  "total_liklihood": -33848.557813754254
}
