{
  "modality_liklihoods": [
    -14386.387650698121,
    -13268.015512022313,
    -937.05706721461468,
    -4578.6072331672012
  ],
  "num_iteration": 1000,
  "num_modalities": 4,
  "num_topics": 7,
  "total_liklihood": -33170.067463102248
}
