{
  "modality_liklihoods": [
    -14127.097081787033,
    -13297.563164507928,
    -940.98859858031358,
    -4623.9801224691946
  ],
  "num_iteration": 1000,
  "num_modalities": 4,
  "num_topics": 7,
  "total_liklihood": -32989.62896734447
}
