{
  "modality_liklihoods": [
    -13928.932424371085,
    -13264.974350471555,
    -938.74611098481216,
    -4653.9429912589158
  ],
  "num_iteration": 1000,
  "num_modalities": 4,
  "num_topics": 7,
  "total_liklihood": -32786.595877086365
}
