{
  "modality_liklihoods": [
    -13976.322902385682,
    -13248.435436031108,
    -941.83194308822272,
    -4649.812533979828
  ],
  "num_iteration": 1000,
  "num_modalities": 4,
  "num_topics": 7,
  "total_liklihood": -32816.402815484835
}
