{
  "modality_liklihoods": [
    -14009.035098067236,
    -13283.179039899682,
    -941.44333053991477,
    -4669.1417091718413
  ],
  "num_iteration": 1000,
  "num_modalities": 4,
  "num_topics": 7,
  "total_liklihood": -32902.799177678673
}
