{
  "modality_liklihoods": [
    -14316.192577813303,
    -13239.583177677674,
    -939.94447413087823,
    -4620.2492147105668
  ],
  "num_iteration": 1000,
  "num_modalities": 4,
  "num_topics": 7,
  "total_liklihood": -33115.969444332426
}
