{
  "modality_liklihoods": [
    -13943.840394059225,
    -13254.663346827085,
    -942.89371766136856,
    -4674.9697353971551
  ],
  "num_iteration": 1000,
  "num_modalities": 4,
  "num_topics": 7,
  "total_liklihood": -32816.367193944832
}
