{
  "modality_liklihoods": [
    -13736.899138134244,
    -13261.852093872696,
    -943.7769261584466,
    -4665.1313372083532
  ],
  "num_iteration": 1000,
  "num_modalities": 4,
  "num_topics": 7,
  "total_liklihood": -32607.65949537374
}
