{
  "modality_liklihoods": [
    -14066.311544145237,
    -13268.780555579269,
    -941.83568587655998,
    -4710.765266757604
  ],
  "num_iteration": 1000,
  "num_modalities": 4,
  "num_topics": 7,
  "total_liklihood": -32987.693052358663
}
