{
  "modality_liklihoods": [
    -13465.837745148665,
    -13252.007736088537,
    -936.37849785942399,
    -4638.9158951384679
  ],
  "num_iteration": 1000,
  "num_modalities": 4,
  "num_topics": 7,
  "total_liklihood": -32293.13987423509
}
