{
  "modality_liklihoods": [
    -14400.785791783142,
    -13251.728684059686,
    -934.6607269993234,
    -4697.2449715368139
  ],
  "num_iteration": 1000,
  "num_modalities": 4,
  "num_topics": 7,
  "total_liklihood": -33284.420174378967
}
