{
  "modality_liklihoods": [
    -13696.216351529294,
    -13274.000769329108,
    -945.54133187991272,
    -4670.1350933161129
  ],
  "num_iteration": 1000,
  "num_modalities": 4,
  "num_topics": 7,
  "total_liklihood": -32585.893546054427
}
