{
  "modality_liklihoods": [
    -13514.705782633595,
    -13251.095138876988,
    -946.09326581911148,
    -4651.844280685782
  ],
  "num_iteration": 1000,
  "num_modalities": 4,
  "num_topics": 7,
  "total_liklihood": -32363.738468015479
}
