{
  "modality_liklihoods": [
    -13889.579834983902,
    -13267.312229138835,
    -948.8400543739956,
    -4679.4748341234381
  ],
  "num_iteration": 1000,
  "num_modalities": 4,
  "num_topics": 7,
  "total_liklihood": -32785.206952620174
}
