{
  "modality_liklihoods": [
    -11491.989375373596,
    -13241.862178811429,
    -947.16125565501079,
    -4719.3794353487474
  ],
  "num_iteration": 1000,
  "num_modalities": 4,
  "num_topics": 7,
  "total_liklihood": -30400.392245188781
}
