{
  "modality_liklihoods": [
    -13802.333270223429,
    -13217.648741682538,
    -942.78250505418521,
    -4692.5274640730586
  ],
  "num_iteration": 1000,
  "num_modalities": 4,
  "num_topics": 7,
  "total_liklihood": -32655.29198103321
}
