{
  "modality_liklihoods": [
    -13426.967278927543,
    -13240.614740103982,
    -941.15257939512344,
    -4621.2043127642009
  ],
  "num_iteration": 1000,
  "num_modalities": 4,
  "num_topics": 7,
  "total_liklihood": -32229.938911190846
}
