{
  "modality_liklihoods": [
    -13601.735171887094,
    -13240.589995395776,
    -944.03092842066167,
    -4677.7030516017576
  ],
  "num_iteration": 1000,
  "num_modalities": 4,
  "num_topics": 7,
  "total_liklihood": -32464.059147305292
}
