{
  "modality_liklihoods": [
    -13330.248423133327,
    -13223.514571477002,
    -947.3701183208625,
    -4613.0876783621925
  ],
  "num_iteration": 1000,
  "num_modalities": 4,
  "num_topics": 7,
  "total_liklihood": -32114.220791293385
}
