{
  "modality_liklihoods": [
    -13711.588142921988,
    -13244.327932375756,
    -941.77431282767361,
    -4609.2249319434732
  ],
  "num_iteration": 1000,
  "num_modalities": 4,
  "num_topics": 7,
  "total_liklihood": -32506.915320068892
}
