{
  "modality_liklihoods": [
    -13831.65776207771,
    -13245.563455787524,
    -943.96774182373701,
    -4674.1109582531026
  ],
  "num_iteration": 1000,
  "num_modalities": 4,
  "num_topics": 7,
  "total_liklihood": -32695.299917942073
}
