{
  "modality_liklihoods": [
    -14047.22536269876,
    -13248.501816609538,
    -936.99632470073993,
    -4586.8650546084191
  ],
  "num_iteration": 1000,
  "num_modalities": 4,
  "num_topics": 7,
  "total_liklihood": -32819.588558617455
}
