{
  "modality_liklihoods": [
    -14584.768628951882,
    -13258.183461960258,
    -941.5207292490594,
    -4676.075826810089
  ],
  "num_iteration": 1000,
  "num_modalities": 4,
  "num_topics": 7,
  "total_liklihood": -33460.548646971292
}
