{
  "modality_liklihoods": [
    -13498.905027503726,
    -13242.076520821061,
    -936.56587890022786,
    -4694.8665891609662
  ],
  "num_iteration": 1000,
  "num_modalities": 4,
  "num_topics": 7,
  "total_liklihood": -32372.414016385981
}
