{
  "modality_liklihoods": [
    -14060.68161346506,
    -13303.110456140539,
    -933.16562620363095,
    -4608.596027855483
  ],
  "num_iteration": 1000,
  "num_modalities": 4,
  "num_topics": 7,
  "total_liklihood": -32905.553723664714
}
