{
  "modality_liklihoods": [
    -13956.561008858689,
    -13284.358731614659,
    -931.46304538485913,
    -4625.6618347431622
  ],
  "num_iteration": 1000,
  "num_modalities": 4,
  "num_topics": 7,
  "total_liklihood": -32798.044620601373
}
