{
  "modality_liklihoods": [
    -13815.754636908561,
    -13270.658852484381,
    -934.69687255843905,
    -4650.8918814488106
  ],
  "num_iteration": 1000,
  "num_modalities": 4,
  "num_topics": 7,
  "total_liklihood": -32672.002243400191
}
