{
  "modality_liklihoods": [
    -13071.058547248531,
    -13306.998685529958,
    -938.59411908935863,
    -4706.5286327538624
  ],
  "num_iteration": 1000,
  "num_modalities": 4,
  "num_topics": 7,
  "total_liklihood": -32023.179984621711
}
