{
  "modality_liklihoods": [
    -13964.520563200113,
    -13275.878016961657,
    -936.23361357749639,
    -4623.7558717528746
  ],
  "num_iteration": 1000,
  "num_modalities": 4,
  "num_topics": 7,
  "total_liklihood": -32800.388065492138
}
