{
  "modality_liklihoods": [
    -14031.482077259676,
    -13276.151150047132,
    -938.09051770795452,
    -4635.5562443319404
  ],
  "num_iteration": 1000,
  "num_modalities": 4,
  "num_topics": 7,
  "total_liklihood": -32881.279989346702
}
