{
  "modality_liklihoods": [
    -13579.764462288642,
    -13276.872230661256,
    -939.48382955446311,
    -4614.6602053373072
  ],
  "num_iteration": 1000,
  "num_modalities": 4,
  "num_topics": 7,
  "total_liklihood": -32410.780727841666
}
