{
  "modality_liklihoods": [
    -14358.491823932161,
    -13199.328158749213,
    -935.94267142420313,
    -4670.99747729306
  ],
  "num_iteration": 1000,
  "num_modalities": 4,
  "num_topics": 7,
  "total_liklihood": -33164.760131398638
}
