{
  "modality_liklihoods": [
    -14037.672288831902,
    -13287.748118004287,
    -932.84636498958309,
    -4659.0745004103801
  ],
  "num_iteration": 1000,
  "num_modalities": 4,
  "num_topics": 7,
  "total_liklihood": -32917.341272236146
}
