{
  "modality_liklihoods": [
    -13525.67871620971,
    -13288.086255620996,
    -939.3669908799319,
    -4628.5158320468936
  ],
  "num_iteration": 1000,
  "num_modalities": 4,
  "num_topics": 7,
  "total_liklihood": -32381.647794757533
}
