{
  "modality_liklihoods": [
    -14395.470871272119,
    -13284.146284443288,
    -934.48128205082776,
    -4637.4569986623119
  ],
  "num_iteration": 1000,
  "num_modalities": 4,
  "num_topics": 7,
  "total_liklihood": -33251.555436428549
}
