{
  "modality_liklihoods": [
    -14283.219939174787,
    -13270.8678995839,
    -935.60839722396986,
    -4638.9168146092643
  ],
  "num_iteration": 1000,
  "num_modalities": 4,
  "num_topics": 7,
  "total_liklihood": -33128.613050591921
}
