{
  "modality_liklihoods": [
    -13990.93918943947,
    -13231.652728135519,
    -940.89770588176111,
    -4672.0540335863907
  ],
  "num_iteration": 1000,
  "num_modalities": 4,
  "num_topics": 7,
  "total_liklihood": -32835.543657043141
}
