{
  "modality_liklihoods": [
    -14066.847230288507,
    -13222.15546214061,
    -940.94195014513957,
    -4659.3234119472218
  ],
  "num_iteration": 1000,
  "num_modalities": 4,
  "num_topics": 7,
  "total_liklihood": -32889.268054521483
}
