{
  "modality_liklihoods": [
    -14008.785707612067,
    -13264.383572584054,
    -939.57218817443641,
    -4576.4513375916822
  ],
  "num_iteration": 1000,
  "num_modalities": 4,
  "num_topics": 7,
  "total_liklihood": -32789.192805962237
}
