{
  "modality_liklihoods": [
    -14556.452176868303,
    -13257.214879327896,
    -936.13384755903894,
    -4638.9032185754413
  ],
  "num_iteration": 1000,
  "num_modalities": 4,
  "num_topics": 7,
  "total_liklihood": -33388.704122330681
}
