{
  "modality_liklihoods": [
    -13913.005701438793,
    -13276.833075248711,
    -939.93676178881674,
    -4682.290695273884
  ],
  "num_iteration": 1000,
  "num_modalities": 4,
  "num_topics": 7,
  "total_liklihood": -32812.0662337502
}
