{
  "modality_liklihoods": [
    -14033.509715711365,
    -13275.705614843902,
    -935.83762545846719,
    -4600.3849381491382
  ],
  "num_iteration": 1000,
  "num_modalities": 4,
  "num_topics": 7,
  "total_liklihood": -32845.437894162867
}
