{
  "modality_liklihoods": [
    -14045.533274619291,
    -13253.214716036409,
    -941.89299194581918,
    -4646.9148842667219
  ],
  "num_iteration": 1000,
  "num_modalities": 4,
  "num_topics": 7,
  "total_liklihood": -32887.555866868242
}
