{
  "modality_liklihoods": [
    -13813.384897143551,
    -13277.157438166609,
    -936.88323427440616,
    -4614.5874762836156
  ],
  "num_iteration": 1000,
  "num_modalities": 4,
  "num_topics": 7,
  "total_liklihood": -32642.013045868182
}
