{
  "modality_liklihoods": [
    -12890.246890758872,
    -13234.509325507392,
    -938.58993195710889,
    -4638.1495183775578
  ],
  "num_iteration": 1000,
  "num_modalities": 4,
  "num_topics": 7,
  "total_liklihood": -31701.495666600931
}
