{
  "modality_liklihoods": [
    -13188.357327402575,
    -13272.633556563909,
    -933.37954939883855,
    -4669.4540019043998
  ],
  "num_iteration": 1000,
  "num_modalities": 4,
  "num_topics": 7,
  "total_liklihood": -32063.824435269726
}
