{
  "modality_liklihoods": [
    -13413.042482706307,
    -13283.11002661991,
    -938.52931468608176,
    -4638.9915447793701
  ],
  "num_iteration": 1000,
  "num_modalities": 4,
  "num_topics": 7,
  "total_liklihood": -32273.673368791671
}
