{
  "modality_liklihoods": [
    -13754.040349264627,
    -13291.088171100824,
    -938.73306634589039,
    -4612.8210954833603
  ],
  "num_iteration": 1000,
  "num_modalities": 4,
  "num_topics": 7,
  "total_liklihood": -32596.6826821947
}
