{
  "modality_liklihoods": [
    -13119.95953830412,
    -13287.818687884406,
    -941.95719738212199,
    -4615.4436984626218
  ],
  "num_iteration": 1000,
  "num_modalities": 4,
  "num_topics": 7,
  "total_liklihood": -31965.179122033271
}
