{
  "modality_liklihoods": [
    -14357.702629271889,
    -13242.192508127553,
    -934.2107085329618,
    -4620.0060534177619
  ],
  "num_iteration": 1000,
  "num_modalities": 4,
  "num_topics": 7,
  "total_liklihood": -33154.111899350166
}
