{
  "modality_liklihoods": [
    -14087.417503051023,
    -13209.3798121199,
    -934.95125505866292,
    -4610.9445526712507
  ],
  "num_iteration": 1000,
  "num_modalities": 4,
  "num_topics": 7,
  "total_liklihood": -32842.693122900833
}
