{
  "modality_liklihoods": [
    -13683.648502439333,
    -13321.513665041077,
    -947.20024890863738,
    -4607.0613378126418
  ],
  "num_iteration": 1000,
  "num_modalities": 4,
  "num_topics": 7,
  "total_liklihood": -32559.423754201693
}
