{
  "modality_liklihoods": [
    -14355.909295723262,
    -13264.329158332979,
    -936.25005134755418,
    -4630.9648054316904
  ],
  "num_iteration": 1000,
  "num_modalities": 4,
  "num_topics": 7,
  "total_liklihood": -33187.453310835488
}
