{
  "modality_liklihoods": [
    -13674.879395437365,
    -13252.813532332606,
    -944.62525526509853,
    -4627.9353707864066
  ],
  "num_iteration": 1000,
  "num_modalities": 4,
  "num_topics": 7,
  "total_liklihood": -32500.253553821476
}
