{
  "modality_liklihoods": [
    -14385.23609322463,
    -13221.039405476233,
    -945.29688815627492,
    -4709.2217578604914
  ],
  "num_iteration": 1000,
  "num_modalities": 4,
  "num_topics": 7,
  "total_liklihood": -33260.794144717627
}
