{
  "modality_liklihoods": [
    -14066.030803962762,
    -13285.391346993136,
    -932.52780230365704,
    -4617.312823381495
  ],
  "num_iteration": 1000,
  "num_modalities": 4,
  "num_topics": 7,
  "total_liklihood": -32901.262776641051
}
