{
  "modality_liklihoods": [
    -14424.990844643964,
    -13275.2596985331,
    -939.18169623674112,
    -4651.0440016212633
  ],
  "num_iteration": 1000,
  "num_modalities": 4,
  "num_topics": 7,
  "total_liklihood": -33290.476241035067
}
