{
  "modality_liklihoods": [
    -13955.55448649907,
    -13254.271303364585,
    -941.98891683342731,
    -4640.3414800699675
  ],
  "num_iteration": 1000,
  "num_modalities": 4,
  "num_topics": 7,
  "total_liklihood": -32792.156186767046
}
