{
  "modality_liklihoods": [
    -14441.137507430405,
    -13264.134406631731,
    -945.59956850157494,
    -4635.2758333708161
  ],
  "num_iteration": 1000,
  "num_modalities": 4,
  "num_topics": 7,
  "total_liklihood": -33286.147315934526
}
