{
  "modality_liklihoods": [
    -13539.683075560713,
    -13224.790658160984,
    -946.01074035935108,
    -4637.5138604681142
  ],
  "num_iteration": 1000,
  "num_modalities": 4,
  "num_topics": 7,
  "total_liklihood": -32347.998334549164
}
