{
  "modality_liklihoods": [
    -14352.890706210374,
    -13298.112107821504,
    -937.30683499721545,
    -4626.916967705828
  ],
  "num_iteration": 1000,
  "num_modalities": 4,
  "num_topics": 7,
  "total_liklihood": -33215.226616734923
}
