{
  "modality_liklihoods": [
    -14242.764182155397,
    -13209.482412045596,
    -936.19595493697329,
    -4664.0692854437402
  ],
  "num_iteration": 1000,
  "num_modalities": 4,
  "num_topics": 7,
  "total_liklihood": -33052.51183458171
}
