{
  "modality_liklihoods": [
    -13486.646692273653,
    -13219.63796029653,
    -940.59741130518671,
    -4684.2618926075938
  ],
  "num_iteration": 1000,
  "num_modalities": 4,
  "num_topics": 7,
  "total_liklihood": -32331.143956482963
}
