{
  "modality_liklihoods": [
    -13862.163846100169,
    -13240.340369078092,
    -947.33422906581461,
    -4672.5039708320701
  ],
  "num_iteration": 1000,
  "num_modalities": 4,
  "num_topics": 7,
  "total_liklihood": -32722.342415076146
}
