{
  "modality_liklihoods": [
    -14240.581294873562,
    -13267.131415826814,
    -944.63750225059141,
    -4627.60907149993
  ],
  "num_iteration": 1000,
  "num_modalities": 4,
  "num_topics": 7,
  "total_liklihood": -33079.959284450902
}
