{
  "modality_liklihoods": [
    -13552.485464028241,
    -13243.687731451624,
    -939.66184411580912,
    -4627.3564335167866
  ],
  "num_iteration": 1000,
  "num_modalities": 4,
  "num_topics": 7,
  "total_liklihood": -32363.191473112463
}
