{
  "modality_liklihoods": [
    -13955.677622819043,
    -13232.643136684375,
    -940.04456672667527,
    -4632.9945079093886
  ],
  "num_iteration": 1000,
  "num_modalities": 4,
  "num_topics": 7,
  "total_liklihood": -32761.359834139483
}
