{
  "modality_liklihoods": [
    -13801.066309019287,
    -13287.052904663966,
    -942.58035550480633,
    -4643.1998551703145
  ],
  "num_iteration": 1000,
  "num_modalities": 4,
  "num_topics": 7,
  "total_liklihood": -32673.899424358377
}
