{
  "modality_liklihoods": [
    -14323.898305844428,
    -13279.434550868382,
    -937.01965289439681,
    -4577.0269321194837
  ],
  "num_iteration": 1000,
  "num_modalities": 4,
  "num_topics": 7,
  "total_liklihood": -33117.379441726691
}
