{
  "modality_liklihoods": [
    -13924.398031895807,
    -13270.431947932755,
    -945.59178186308475,
    -4641.6624707729743
  ],
  "num_iteration": 1000,
  "num_modalities": 4,
  "num_topics": 7,
  "total_liklihood": -32782.084232464622
}
