{
  "modality_liklihoods": [
    -13790.682224919836,
    -13251.748636257667,
    -935.50876096232059,
    -4647.2729157795138
  ],
  "num_iteration": 1000,
  "num_modalities": 4,
  "num_topics": 7,
  "total_liklihood": -32625.212537919342
}
