{
  "modality_liklihoods": [
    -14094.600402166729,
    -13302.53803069379,
    -940.72166659551499,
    -4626.6419821551508
  ],
  "num_iteration": 1000,
  "num_modalities": 4,
  "num_topics": 7,
  "total_liklihood": -32964.502081611186
}
