{
  "modality_liklihoods": [
    -14253.263943619913,
    -13261.356416238301,
    -939.75940299126592,
    -4627.9255218373237
  ],
  "num_iteration": 1000,
  "num_modalities": 4,
  "num_topics": 7,
  "total_liklihood": -33082.305284686801
}
