{
  "modality_liklihoods": [
    -14194.047156317105,
    -13276.603428218068,
    -940.84108398476462,
    -4669.1985142831281
  ],
  "num_iteration": 1000,
  "num_modalities": 4,
  "num_topics": 7,
  "total_liklihood": -33080.69018280306
}
