{
  "modality_liklihoods": [
    -13648.060041511948,
    -13264.719059796573,
    -931.84041647490074,
    -4654.6726878009658
  ],
  "num_iteration": 1000,
  "num_modalities": 4,
  "num_topics": 7,
  "total_liklihood": -32499.292205584388
}
