{
  "modality_liklihoods": [
    -14089.085876270459,
    -13207.320909735345,
    -941.57010012568821,
    -4716.9434707705732
  ],
  "num_iteration": 1000,
  "num_modalities": 4,
  "num_topics": 7,
  "total_liklihood": -32954.920356902068
}
