{
  "modality_liklihoods": [
    -14065.249747232334,
    -13289.031674716989,
    -936.37086325131668,
    -4677.4131108843048
  ],
  "num_iteration": 1000,
  "num_modalities": 4,
  "num_topics": 7,
  "total_liklihood": -32968.065396084945
}
