{
  "modality_liklihoods": [
    -14223.757052178626,
    -13274.090598198838,
    -935.72085125372018,
    -4591.9152398714641
  ],
  "num_iteration": 1000,
  "num_modalities": 4,
  "num_topics": 7,
  "total_liklihood": -33025.483741502649
}
