{
  "modality_liklihoods": [
    -13866.582140278479,
    -13253.161762401893,
    -943.61781005937962,
    -4640.5656183496585
  ],
  "num_iteration": 1000,
  "num_modalities": 4,
  "num_topics": 7,
  "total_liklihood": -32703.927331089406
}
