{
  "modality_liklihoods": [
    -13114.95260798506,
    -13293.217420286868,
    -942.77873582268933,
    -4637.5764119005835
  ],
  "num_iteration": 1000,
  "num_modalities": 4,
  "num_topics": 7,
  "total_liklihood": -31988.525175995201
}
