{
  "modality_liklihoods": [
    -14010.365144384952,
    -13271.241042208705,
    -939.22306419069378,
    -4664.726285105593
  ],
  "num_iteration": 1000,
  "num_modalities": 4,
  "num_topics": 7,
  "total_liklihood": -32885.555535889944
}
