{
  "modality_liklihoods": [
    -14480.376325526957,
    -13273.806093082834,
    -946.45919332407016,
    -4678.3429957295466
  ],
  "num_iteration": 1000,
  "num_modalities": 4,
  "num_topics": 7,
  "total_liklihood": -33378.984607663406
}
