{
  "modality_liklihoods": [
    -14062.390012273536,
    -13243.155756675642,
    -943.60495051425414,
    -4651.1629718147969
  ],
  "num_iteration": 1000,
  "num_modalities": 4,
  "num_topics": 7,
  "total_liklihood": -32900.313691278228
}
