{
  "modality_liklihoods": [
    -13746.264425412555,
    -13303.303214979745,
    -938.44328247655187,
    -4616.1213644649824
  ],
  "num_iteration": 1000,
  "num_modalities": 4,
  "num_topics": 7,
  "total_liklihood": -32604.132287333836
}
