{
  "modality_liklihoods": [
    -13455.254017975825,
    -13231.277933132809,
    -940.28404853536301,
    -4609.8268080643393
  ],
  "num_iteration": 1000,
  "num_modalities": 4,
  "num_topics": 7,
  "total_liklihood": -32236.642807708336
}
