{
  "modality_liklihoods": [
    -14725.07167403799,
    -13210.031541964647,
    -941.85115386744917,
    -4656.6622551459423
  ],
  "num_iteration": 1000,
  "num_modalities": 4,
  "num_topics": 7,
  "total_liklihood": -33533.616625016031
}
