{
  "modality_liklihoods": [
    -13898.81633237777,
    -13296.462269630827,
    -939.88601333099916,
    -4672.6975471680926
  ],
  "num_iteration": 1000,
  "num_modalities": 4,
  "num_topics": 7,
  "total_liklihood": -32807.862162507692
}
