{
  "modality_liklihoods": [
    -14088.086831212029,
    -13263.557562111468,
    -937.37629325130729,
    -4630.8452383872491
  ],
  "num_iteration": 1000,
  "num_modalities": 4,
  "num_topics": 7,
  "total_liklihood": -32919.865924962054
}
