{
  "modality_liklihoods": [
    -14003.106143380835,
    -13279.373690707394,
    -942.71056697621566,
    -4642.9404406154745
  ],
  "num_iteration": 1000,
  "num_modalities": 4,
  "num_topics": 7,
  "total_liklihood": -32868.130841679922
}
