{
  "modality_liklihoods": [
    -13665.389401869857,
    -13232.150501676913,
    -937.86889198387223,
    -4673.7354646473186
  ],
  "num_iteration": 1000,
  "num_modalities": 4,
  "num_topics": 7,
  "total_liklihood": -32509.14426017796
}
