{
  "modality_liklihoods": [
    -14091.435898972617,
    -13305.695753537217,
    -930.46106841563858,
    -4631.458066651182
  ],
  "num_iteration": 1000,
  "num_modalities": 4,
  "num_topics": 7,
  "total_liklihood": -32959.050787576656
}
