{
  "modality_liklihoods": [
    -14033.98711564141,
    -13264.686045688393,
    -942.8688059016124,
    -4668.5640010619027
  ],
  "num_iteration": 1000,
  "num_modalities": 4,
  "num_topics": 7,
  "total_liklihood": -32910.105968293319
}
