{
  "modality_liklihoods": [
    -13847.043355708647,
    -13235.950606978042,
    -941.13318642971672,
    -4659.4804222549528
  ],
  "num_iteration": 1000,
  "num_modalities": 4,
  "num_topics": 7,
  "total_liklihood": -32683.607571371362
}
