{
  "modality_liklihoods": [
    -14468.817548184197,
    -13242.948546889871,
    -942.00772373875714,
    -4624.5017217298637
  ],
  "num_iteration": 1000,
  "num_modalities": 4,
  "num_topics": 7,
  "total_liklihood": -33278.275540542687
}
