{
  "modality_liklihoods": [
    -14058.598191403406,
    -13261.821660037323,
    -937.83971139782409,
    -4639.4999371634613
  ],
  "num_iteration": 1000,
  "num_modalities": 4,
  "num_topics": 7,
  "total_liklihood": -32897.759500002016
}
