{
  "modality_liklihoods": [
    -14138.172660454375,
    -13299.467838137085,
    -936.79782062577749,
    -4719.3210064793766
  ],
  "num_iteration": 1000,
  "num_modalities": 4,
  "num_topics": 7,
  "total_liklihood": -33093.759325696614
}
