{
  "modality_liklihoods": [
    -14472.642403836842,
    -13285.357374394742,
    -939.17709396609291,
    -4686.3889187312761
  ],
  "num_iteration": 1000,
  "num_modalities": 4,
  "num_topics": 7,
  "total_liklihood": -33383.565790928951
}
