{
  "modality_liklihoods": [
    -14511.51400550389,
    -13288.158787683442,
    -939.96079095886569,
    -4656.7948619926183
  ],
  "num_iteration": 1000,
  "num_modalities": 4,
  "num_topics": 7,
  "total_liklihood": -33396.428446138816
}
