{
  "modality_liklihoods": [
    -13526.908502935175,
    -13241.810178667385,
    -945.06622776673566,
    -4655.3041490271798
  ],
  "num_iteration": 1000,
  "num_modalities": 4,
  "num_topics": 7,
  "total_liklihood": -32369.089058396476
}
