{
  "modality_liklihoods": [
    -14547.984772374453,
    -13296.205330401477,
    -943.34023122112694,
    -4625.803171994603
  ],
  "num_iteration": 1000,
  "num_modalities": 4,
  "num_topics": 7,
  "total_liklihood": -33413.333505991657
}
