{
  "modality_liklihoods": [
    -14350.379346464118,
    -13320.443684853115,
    -944.37907014232383,
    -4698.6465480462421
  ],
  "num_iteration": 1000,
  "num_modalities": 4,
  "num_topics": 7,
  "total_liklihood": -33313.848649505795
}
