{
  "modality_liklihoods": [
    -13751.662368194351,
    -13251.511098481571,
    -942.47211176075052,
    -4654.0216208579377
  ],
  "num_iteration": 1000,
  "num_modalities": 4,
  "num_topics": 7,
  "total_liklihood": -32599.66719929461
}
