{
  "modality_liklihoods": [
    -13209.65389050371,
    -13253.350728974861,
    -942.97845193271655,
    -4680.5676558444975
  ],
  "num_iteration": 1000,
  "num_modalities": 4,
  "num_topics": 7,
  "total_liklihood": -32086.550727255784
}
