{
  "modality_liklihoods": [
    -14240.258174462992,
    -13196.079165913143,
    -938.25393717316297,
    -4683.6239153117622
  ],
  "num_iteration": 1000,
  "num_modalities": 4,
  "num_topics": 7,
  "total_liklihood": -33058.215192861062
}
