{
  "modality_liklihoods": [
    -14225.689580445825,
    -13282.430935322704,
    -937.77863162916378,
    -4631.9685646932339
  ],
  "num_iteration": 1000,
  "num_modalities": 4,
  "num_topics": 7,
  "total_liklihood": -33077.867712090927
}
