{
  "modality_liklihoods": [
    -14001.635059370408,
    -13255.745841898241,
    -935.87489114752884,
    -4664.047721622961
  ],
  "num_iteration": 1000,
  "num_modalities": 4,
  "num_topics": 7,
  "total_liklihood": -32857.303514039137
}
