{
  "modality_liklihoods": [
    -13441.01700999358,
    -13243.455622295784,
    -936.38495178142909,
    -4675.3378482404914
  ],
  "num_iteration": 1000,
  "num_modalities": 4,
  "num_topics": 7,
  "total_liklihood": -32296.195432311284
}
