{
  "modality_liklihoods": [
    -13791.110162347872,
    -13306.820835977174,
    -937.10376155983727,
    -4643.6697140223914
  ],
  "num_iteration": 1000,
  "num_modalities": 4,
  "num_topics": 7,
  "total_liklihood": -32678.704473907273
}
