{
  "modality_liklihoods": [
    -13098.801092703092,
    -13266.697214707519,
    -943.65331118299923,
    -4621.5202085342407
  ],
  "num_iteration": 1000,
  "num_modalities": 4,
  "num_topics": 7,
  "total_liklihood": -31930.671827127851
}
