{
  "modality_liklihoods": [
    -14265.195663522862,
    -13277.749887415121,
    -942.97784559526372,
    -4634.4606560199718
  ],
  "num_iteration": 1000,
  "num_modalities": 4,
  "num_topics": 7,
  "total_liklihood": -33120.384052553214
}
