{
  "modality_liklihoods": [
    -13803.406970863345,
    -13257.125480743125,
    -941.89094598754173,
    -4630.6430146598159
  ],
  "num_iteration": 1000,
  "num_modalities": 4,
  "num_topics": 7,
  "total_liklihood": -32633.066412253829
}
