{
  "modality_liklihoods": [
    -14522.523183966667,
    -13270.100970185826,
    -950.32965321980032,
    -4658.6183005264875
  ],
  "num_iteration": 1000,
  "num_modalities": 4,
  "num_topics": 7,
  "total_liklihood": -33401.572107898784
}
