{
  "modality_liklihoods": [
    -14029.227545418198,
    -13269.97193860038,
    -941.7262913971997,
    -4635.7842380261718
  ],
  "num_iteration": 1000,
  "num_modalities": 4,
  "num_topics": 7,
  "total_liklihood": -32876.710013441952
}
