{
  "modality_liklihoods": [
    -13512.983526069736,
    -13263.323987204081,
    -945.55762696317151,
    -4657.4397778669027
  ],
  "num_iteration": 1000,
  "num_modalities": 4,
  "num_topics": 7,
  "total_liklihood": -32379.304918103888
}
