{
  "modality_liklihoods": [
    -13509.460914495508,
    -13271.887578904054,
    -941.88752212517329,
    -4631.2469680903532
  ],
  "num_iteration": 1000,
  "num_modalities": 4,
  "num_topics": 7,
  "total_liklihood": -32354.482983615089
}
