{
  "modality_liklihoods": [
    -13735.153963519942,
    -13278.061868011209,
    -940.78090782168238,
    -4652.0304576018007
  ],
  "num_iteration": 1000,
  "num_modalities": 4,
  "num_topics": 7,
  "total_liklihood": -32606.027196954637
}
