{
  "modality_liklihoods": [
    -14112.796260094503,
    -13250.565966897506,
    -936.01531969047051,
    -4626.1145904124332
  ],
  "num_iteration": 1000,
  "num_modalities": 4,
  "num_topics": 7,
  "total_liklihood": -32925.492137094916
}
