{
  "modality_liklihoods": [
    -13816.8566540837,
    -13244.858525201698,
    -937.71617566819646,
    -4654.9881084310309
  ],
  "num_iteration": 1000,
  "num_modalities": 4,
  "num_topics": 7,
  "total_liklihood": -32654.419463384627
}
