{
  "modality_liklihoods": [
    -13893.416123197258,
    -13284.369353873373,
    -933.56081802041251,
    -4625.3357013496889
  ],
  "num_iteration": 1000,
  "num_modalities": 4,
  "num_topics": 7,
  "total_liklihood": -32736.681996440733
}
