{
  "modality_liklihoods": [
    -14004.867625988229,
    -13254.054998988178,
    -939.86628226411403,
    -4653.3353070392423
  ],
  "num_iteration": 1000,
  "num_modalities": 4,
  "num_topics": 7,
  "total_liklihood": -32852.124214279764
}
