{
  "modality_liklihoods": [
    -14353.67814557036,
    -13269.020892189707,
    -935.89287317350022,
    -4643.3906316877492
  ],
  "num_iteration": 1000,
  "num_modalities": 4,
  "num_topics": 7,
  "total_liklihood": -33201.982542621314
}
