{
  "modality_liklihoods": [
    -14295.322882710103,
    -13260.865454141567,
    -940.21713251079166,
    -4660.2488931046819
  ],
  "num_iteration": 1000,
  "num_modalities": 4,
  "num_topics": 7,
  "total_liklihood": -33156.654362467147
}
