{
  "modality_liklihoods": [
    -14049.197321387066,
    -13286.940935977196,
    -939.27709784751107,
    -4636.7388193160432
  ],
  "num_iteration": 1000,
  "num_modalities": 4,
  "num_topics": 7,
  "total_liklihood": -32912.154174527815
}
