{
  "modality_liklihoods": [
    -14943.523789369268,
    -13254.255245618726,
    -947.74329646750653,
    -4635.135371533137
  ],
  "num_iteration": 1000,
  "num_modalities": 4,
  "num_topics": 7,
  "total_liklihood": -33780.657702988639
}
