{
  "modality_liklihoods": [
    -14110.358511406133,
    -13267.463126338762,
    -949.41471339303087,
    -4652.6202591613355
  ],
  "num_iteration": 1000,
  "num_modalities": 4,
  "num_topics": 7,
  "total_liklihood": -32979.856610299263
}
