{
  "modality_liklihoods": [
    -14026.121006995028,
    -13289.537978315073,
    -938.41754607792859,
    -4615.0475786356574
  ],
  "num_iteration": 1000,
  "num_modalities": 4,
  "num_topics": 7,
  "total_liklihood": -32869.124110023688
}
