{
  "modality_liklihoods": [
    -14285.208858874155,
    -13256.536577167697,
    -935.84249851374454,
    -4607.5877306114999
  ],
  "num_iteration": 1000,
  "num_modalities": 4,
  "num_topics": 7,
  "total_liklihood": -33085.175665167102
}
