{
  "modality_liklihoods": [
    -13685.485691923257,
    -13305.998236550124,
    -939.2186899241774,
    -4618.9078105907438
  ],
  "num_iteration": 1000,
  "num_modalities": 4,
  "num_topics": 7,
  "total_liklihood": -32549.610428988304
}
