{
  "modality_liklihoods": [
    -14737.87542718755,
    -13251.554440799109,
    -937.12417825010141,
    -4620.4192500469198
  ],
  "num_iteration": 1000,
  "num_modalities": 4,
  "num_topics": 7,
  "total_liklihood": -33546.973296283679
}
