{
  "modality_liklihoods": [
    -13845.111619403078,
    -13207.571161655604,
    -942.42829868521289,
    -4664.5722412505993
  ],
  "num_iteration": 1000,
  "num_modalities": 4,
  "num_topics": 7,
  "total_liklihood": -32659.683320994496
}
