{
  "modality_liklihoods": [
    -13789.855405503222,
    -13258.133120746446,
    -944.40751273975422,
    -4634.2394896510395
  ],
  "num_iteration": 1000,
  "num_modalities": 4,
  "num_topics": 7,
  "total_liklihood": -32626.635528640465
}
