{
  "modality_liklihoods": [
    -13582.517965190224,
    -13251.740735157935,
    -941.68350710560628,
    -4688.4178489058986
  ],
  "num_iteration": 1000,
  "num_modalities": 4,
  "num_topics": 7,
  "total_liklihood": -32464.360056359663
}
