{
  "modality_liklihoods": [
    -13733.363569394542,
    -13253.560052705032,
    -938.36722326353458,
    -4634.310636346665
  ],
  "num_iteration": 1000,
  "num_modalities": 4,
  "num_topics": 7,
  "total_liklihood": -32559.601481709775
}
