{
  "modality_liklihoods": [
    -13800.190337595703,
    -13250.212825353658,
    -935.06653201488916,
    -4660.4479728215047
  ],
  "num_iteration": 1000,
  "num_modalities": 4,
  "num_topics": 7,
  "total_liklihood": -32645.917667785758
}
