{
  "modality_liklihoods": [
    -13975.735952435729,
    -13278.458021971161,
    -946.15220172466877,
    -4677.5227697843193
  ],
  "num_iteration": 1000,
  "num_modalities": 4,
  "num_topics": 7,
  "total_liklihood": -32877.868945915878
}
