{
  "modality_liklihoods": [
    -14037.81743743138,
    -13223.859698814002,
    -943.31609874394553,
    -4642.9777548899974
  ],
  "num_iteration": 1000,
  "num_modalities": 4,
  "num_topics": 7,
  "total_liklihood": -32847.970989879323
}
