{
  "modality_liklihoods": [
    -13948.991200914674,
    -13299.517868858024,
    -944.48642797835396,
    -4671.7709762967652
  ],
  "num_iteration": 1000,
  "num_modalities": 4,
  "num_topics": 7,
  "total_liklihood": -32864.766474047821
}
