{
  "modality_liklihoods": [
    -13569.304929101692,
    -13251.588117003363,
    -939.3116771097358,
    -4695.7866185917364
  ],
  "num_iteration": 1000,
  "num_modalities": 4,
  "num_topics": 7,
  "total_liklihood": -32455.99134180653
}
