{
  "modality_liklihoods": [
    -13376.50296610427,
    -13264.560836484978,
    -942.34208912880706,
    -4620.7986138191281
  ],
  "num_iteration": 1000,
  "num_modalities": 4,
  "num_topics": 7,
  "total_liklihood": -32204.204505537185
}
