{
  "modality_liklihoods": [
    -13439.790420336145,
    -13210.086620435613,
    -947.38775924534343,
    -4598.2602557784703
  ],
  "num_iteration": 1000,
  "num_modalities": 4,
  "num_topics": 7,
  "total_liklihood": -32195.525055795573
}
