{
  "modality_liklihoods": [
    -13850.358684911713,
    -13264.746097175237,
    -945.95393327329623,
    -4627.4686648588913
  ],
  "num_iteration": 1000,
  "num_modalities": 4,
  "num_topics": 7,
  "total_liklihood": -32688.527380219137
}
