{
  "modality_liklihoods": [
    -13759.02407698248,
    -13267.885313298959,
    -943.62368246849269,
    -4652.8294898166532
  ],
  "num_iteration": 1000,
  "num_modalities": 4,
  "num_topics": 7,
  "total_liklihood": -32623.362562566585
}
