{
  "modality_liklihoods": [
    -14019.950878248903,
    -13301.552190078664,
    -938.60967595647639,
    -4676.1558640031708
  ],
  "num_iteration": 1000,
  "num_modalities": 4,
  "num_topics": 7,
  "total_liklihood": -32936.268608287217
}
