{
  "modality_liklihoods": [
    -13977.047513628248,
    -13252.14065458697,
    -947.28770950498745,
    -4622.4619532526795
  ],
  "num_iteration": 1000,
  "num_modalities": 4,
  "num_topics": 7,
  "total_liklihood": -32798.937830972885
}
