{
  "modality_liklihoods": [
    -13648.742631669538,
    -13281.502448402089,
    -943.58337008294382,
    -4596.9900121795654
  ],
  "num_iteration": 1000,
  "num_modalities": 4,
  "num_topics": 7,
  "total_liklihood": -32470.818462334133
}
