{
  "modality_liklihoods": [
    -14062.623458991457,
    -13277.118043168504,
    -940.3136696745762,
    -4624.6444700760267
  ],
  "num_iteration": 1000,
  "num_modalities": 4,
  "num_topics": 7,
  "total_liklihood": -32904.699641910564
}
