{
  "modality_liklihoods": [
    -13781.886467863944,
    -13274.743179721052,
    -943.53064846351413,
    -4624.8510733978883
  ],
  "num_iteration": 1000,
  "num_modalities": 4,
  "num_topics": 7,
  "total_liklihood": -32625.011369446398
}
