{
  "modality_liklihoods": [
    -13898.819540690685,
    -13259.117218969373,
    -945.36009538261703,
    -4649.1413154668162
  ],
  "num_iteration": 1000,
  "num_modalities": 4,
  "num_topics": 7,
  "total_liklihood": -32752.438170509489
}
