{
  "modality_liklihoods": [
    -13384.467723809887,
    -13230.371832845613,
    -941.11697856807075,
    -4632.1773653992987
  ],
  "num_iteration": 1000,
  "num_modalities": 4,
  "num_topics": 7,
  "total_liklihood": -32188.133900622866
}
