{
  "modality_liklihoods": [
    -13520.427344640917,
    -13300.62537311123,
    -941.78246659079844,
    -4655.0486729415488
  ],
  "num_iteration": 1000,
  "num_modalities": 4,
  "num_topics": 7,
  "total_liklihood": -32417.883857284494
}
