{
  "modality_liklihoods": [
    -13815.581497923675,
    -13289.403253031684,
    -932.08844298461997,
    -4539.7180507868998
  ],
  "num_iteration": 1000,
  "num_modalities": 4,
  "num_topics": 7,
  "total_liklihood": -32576.791244726875
}
