{
  "modality_liklihoods": [
    -14032.180930860428,
    -13250.355250284709,
    -935.74428433873061,
    -4636.8093157781041
  ],
  "num_iteration": 1000,
  "num_modalities": 4,
  "num_topics": 7,
  "total_liklihood": -32855.089781261966
}
