{
  "modality_liklihoods": [
    -12625.015489288087,
    -13297.651432243978,
    -934.50659651430544,
    -4661.1904834137449
  ],
  "num_iteration": 1000,
  "num_modalities": 4,
  "num_topics": 7,
  "total_liklihood": -31518.364001460115
}
