{
  "modality_liklihoods": [
    -14592.523805124943,
    -13294.396082854755,
    -946.15775894511296,
    -4620.3883522494034
  ],
  "num_iteration": 1000,
  "num_modalities": 4,
  "num_topics": 7,
  "total_liklihood": -33453.465999174208
}
