{
  "modality_liklihoods": [
    -14173.656783167053,
    -13197.783795029374,
    -939.02244275092028,
    -4629.5798799438298
  ],
  "num_iteration": 1000,
  "num_modalities": 4,
  "num_topics": 7,
  "total_liklihood": -32940.042900891174
}
