{
  "modality_liklihoods": [
    -14488.180720852284,
    -13232.504689603511,
    -936.74903607312842,
    -4601.1359868270902
  ],
  "num_iteration": 1000,
  "num_modalities": 4,
  "num_topics": 7,
  "total_liklihood": -33258.570433356013
}
