{
  "modality_liklihoods": [
    -14332.967772584545,
    -13267.704450060945,
    -934.7954215362148,
    -4679.8889651152267
  ],
  "num_iteration": 1000,
  "num_modalities": 4,
  "num_topics": 7,
  "total_liklihood": -33215.356609296927
}
