{
  "modality_liklihoods": [
    -14103.128745386102,
    -13222.387236379136,
    -939.83070372267821,
    -4665.7845608506241
  ],
  "num_iteration": 1000,
  "num_modalities": 4,
  "num_topics": 7,
  "total_liklihood": -32931.13124633854
}
