{
  "modality_liklihoods": [
    -14158.182850310766,
    -13252.409410251379,
    -937.32058565969919,
    -4655.8556430715917
  ],
  "num_iteration": 1000,
  "num_modalities": 4,
  "num_topics": 7,
  "total_liklihood": -33003.768489293434
}
