{
  "modality_liklihoods": [
    -13258.280978547416,
    -13225.800130875545,
    -941.62072546874913,
    -4642.8190019081858
  ],
  "num_iteration": 1000,
  "num_modalities": 4,
  "num_topics": 7,
  "total_liklihood": -32068.520836799897
}
