{
  "modality_liklihoods": [
    -13369.608520911543,
    -13276.593890352096,
    -948.14082339518745,
    -4625.5135449551581
  ],
  "num_iteration": 1000,
  "num_modalities": 4,
  "num_topics": 7,
  "total_liklihood": -32219.856779613983
}
