{
  "modality_liklihoods": [
    -13600.962259580132,
    -13217.362999772242,
    -935.02838235680292,
    -4686.8737088798462
  ],
  "num_iteration": 1000,
  "num_modalities": 4,
  "num_topics": 7,
  "total_liklihood": -32440.227350589019
}
