{
  "modality_liklihoods": [
    -13545.759678816295,
    -13270.379723107384,
    -941.27372816717377,
    -4602.1209230143331
  ],
  "num_iteration": 1000,
  "num_modalities": 4,
  "num_topics": 7,
  "total_liklihood": -32359.534053105184
}
