{
  "modality_liklihoods": [
    -13913.55099473522,
    -13267.314322799411,
    -943.09654316750459,
    -4633.0455513495735
  ],
  "num_iteration": 1000,
  "num_modalities": 4,
  "num_topics": 7,
  "total_liklihood": -32757.007412051709
}
