{
  "modality_liklihoods": [
    -11935.14512121957,
    -13241.905068512053,
    -941.78937855729828,
    -4672.4172598132036
  ],
  "num_iteration": 1000,
  "num_modalities": 4,
  "num_topics": 7,
  "total_liklihood": -30791.256828102123
}
