{
  "modality_liklihoods": [
    -13913.044718699521,
    -13290.934248709002,
    -944.97586244625086,
    -4634.0425198375669
  ],
  "num_iteration": 1000,
  "num_modalities": 4,
  "num_topics": 7,
  "total_liklihood": -32782.997349692341
}
