{
  "modality_liklihoods": [
    -14257.219463022699,
    -13223.438866388762,
    -936.47368798167338,
    -4652.1886631087255
  ],
  "num_iteration": 1000,
  "num_modalities": 4,
  "num_topics": 7,
  "total_liklihood": -33069.320680501856
}
