{
  "modality_liklihoods": [
    -13874.743445057391,
    -13284.470989297291,
    -941.73834178238826,
    -4629.805792625385
  ],
  "num_iteration": 1000,
  "num_modalities": 4,
  "num_topics": 7,
  "total_liklihood": -32730.758568762456
}
