{
  "modality_liklihoods": [
    -13953.455970784942,
    -13286.84555838085,
    -942.99747839484132,
    -4638.719517605552
  ],
  "num_iteration": 1000,
  "num_modalities": 4,
  "num_topics": 7,
  "total_liklihood": -32822.01852516619
}
