{
  "modality_liklihoods": [
    -13767.453122847517,
    -13251.776537251666,
    -947.32570808844798,
    -4604.8616460870044
  ],
  "num_iteration": 1000,
  "num_modalities": 4,
  "num_topics": 7,
  "total_liklihood": -32571.417014274633
}
