{
  "modality_liklihoods": [
    -13472.351992550755,
    -13219.056850145847,
    -936.28958450484697,
    -4673.4002100618727
  ],
  "num_iteration": 1000,
  "num_modalities": 4,
  "num_topics": 7,
  "total_liklihood": -32301.098637263327
}
