{
  "modality_liklihoods": [
    -13961.94691327898,
    -13262.853255434167,
    -936.86245229785493,
    -4629.6070684848501
  ],
  "num_iteration": 1000,
  "num_modalities": 4,
  "num_topics": 7,
  "total_liklihood": -32791.26968949585
}
