{
  "modality_liklihoods": [
    -14172.414916372314,
    -13258.775827093828,
    -942.48157511001261,
    -4640.3573275799909
  ],
  "num_iteration": 1000,
  "num_modalities": 4,
  "num_topics": 7,
  "total_liklihood": -33014.029646156145
}
