{
  "modality_liklihoods": [
    -13219.155827148033,
    -13257.483537829599,
    -937.5225836825847,
    -4630.4874140605125
  ],
  "num_iteration": 1000,
  "num_modalities": 4,
  "num_topics": 7,
  "total_liklihood": -32044.649362720731
}
