{
  "modality_liklihoods": [
    -13943.081437060135,
    -13267.078645898788,
    -946.5042727792345,
    -4634.0171923451871
  ],
  "num_iteration": 1000,
  "num_modalities": 4,
  "num_topics": 7,
  "total_liklihood": -32790.681548083347
}
