{
  "modality_liklihoods": [
    -14117.366156820874,
    -13229.166234446178,
    -933.13794400116217,
    -4663.8094824016453
  ],
  "num_iteration": 1000,
  "num_modalities": 4,
  "num_topics": 7,
  "total_liklihood": -32943.47981766986
}
