{
  "modality_liklihoods": [
    -13499.839197433441,
    -13278.944723100785,
    -938.70737034006743,
    -4643.2242108963374
  ],
  "num_iteration": 1000,
  "num_modalities": 4,
  "num_topics": 7,
  "total_liklihood": -32360.715501770628
}
