{
  "modality_liklihoods": [
    -14638.563984108892,
    -13307.390483824041,
    -939.46379385651062,
    -4648.5437884308676
  ],
  "num_iteration": 1000,
  "num_modalities": 4,
  "num_topics": 7,
  "total_liklihood": -33533.962050220311
}
