{
  "modality_liklihoods": [
    -14347.368856072197,
    -13257.634232860835,
    -942.92159036697615,
    -4617.6326361903593
  ],
  "num_iteration": 1000,
  "num_modalities": 4,
  "num_topics": 7,
  "total_liklihood": -33165.557315490369
}
