{
  "modality_liklihoods": [
    -13814.635858322583,
    -13298.412051728066,
    -935.35384680562606,
    -4646.8037459988755
  ],
  "num_iteration": 1000,
  "num_modalities": 4,
  "num_topics": 7,
  "total_liklihood": -32695.205502855148
}
