{
  "modality_liklihoods": [
    -13673.437104004784,
    -13278.107953473751,
    -942.60712562886374,
    -4631.9665881701667
  ],
  "num_iteration": 1000,
  "num_modalities": 4,
  "num_topics": 7,
  "total_liklihood": -32526.118771277565
}
