{
  "modality_liklihoods": [
    -13825.455462761354,
    -13257.340637233312,
    -939.53888759151732,
    -4625.2754347483296
  ],
  "num_iteration": 1000,
  "num_modalities": 4,
  "num_topics": 7,
  "total_liklihood": -32647.61042233451
}
