{
  "modality_liklihoods": [
    -14014.130495402544,
    -13260.217939116634,
    -939.78025233765129,
    -4633.324777922985
  ],
  "num_iteration": 1000,
  "num_modalities": 4,
  "num_topics": 7,
  "total_liklihood": -32847.453464779814
}
