{
  "modality_liklihoods": [
    -13899.805971921076,
    -13230.18580114581,
    -947.39511788333016,
    -4663.450547030513
  ],
  "num_iteration": 1000,
  "num_modalities": 4,
  "num_topics": 7,
  "total_liklihood": -32740.837437980728
}
