{
  "modality_liklihoods": [
    -14224.283177037634,
    -13260.151274298862,
    -939.23152629021752,
    -4595.9528219724525
  ],
  "num_iteration": 1000,
  "num_modalities": 4,
  "num_topics": 7,
  "total_liklihood": -33019.618799599164
}
