{
  "modality_liklihoods": [
    -14041.019553471324,
    -13237.155006381401,
    -943.51733211125168,
    -4668.7768056956138
  ],
  "num_iteration": 1000,
  "num_modalities": 4,
  "num_topics": 7,
  "total_liklihood": -32890.468697659591
}
