{
  "modality_liklihoods": [
    -14023.835889164446,
    -13289.416994397501,
    -940.81498596758343,
    -4638.1254299582288
  ],
  "num_iteration": 1000,
  "num_modalities": 4,
  "num_topics": 7,
  "total_liklihood": -32892.193299487757
}
