{
  "modality_liklihoods": [
    -13958.462705543576,
    -13249.365368872133,
    -941.77279213896907,
    -4648.8744757662507
  ],
  "num_iteration": 1000,
  "num_modalities": 4,
  "num_topics": 7,
  "total_liklihood": -32798.475342320933
}
