{
  "modality_liklihoods": [
    -13710.655304635497,
    -13271.121380965518,
    -935.01575816709158,
    -4644.3967958223184
  ],
  "num_iteration": 1000,
  "num_modalities": 4,
  "num_topics": 7,
  "total_liklihood": -32561.189239590421
}
