{
  "modality_liklihoods": [
    -13031.916537365252,
    -13293.366599405181,
    -936.0462864744743,
    -4630.236847105627
  ],
  "num_iteration": 1000,
  "num_modalities": 4,
  "num_topics": 7,
  "total_liklihood": -31891.566270350537
}
