{
  "modality_liklihoods": [
    -14472.114900596522,
    -13285.8460169831,
    -941.16426082015641,
    -4620.190194984455
  ],
  "num_iteration": 1000,
  "num_modalities": 4,
  "num_topics": 7,
  "total_liklihood": -33319.315373384234
}
