{
  "modality_liklihoods": [
    -14266.93203557868,
    -13199.325599263242,
    -935.02131989562383,
    -4592.2920339320262
  ],
  "num_iteration": 1000,
  "num_modalities": 4,
  "num_topics": 7,
  "total_liklihood": -32993.570988669569
}
