{
  "modality_liklihoods": [
    -14051.013155428447,
    -13243.377237439463,
    -943.04683758561191,
    -4666.4188882874241
  ],
  "num_iteration": 1000,
  "num_modalities": 4,
  "num_topics": 7,
  "total_liklihood": -32903.856118740943
}
