{
  "modality_liklihoods": [
    -13832.800531289935,
    -13283.135967957511,
    -949.00451435699733,
    -4592.6744644339115
  ],
  "num_iteration": 1000,
  "num_modalities": 4,
  "num_topics": 7,
  "total_liklihood": -32657.615478038355
}
