{
  "modality_liklihoods": [
    -11438.897506959729,
    -13258.43702423542,
    -937.21156276419845,
    -4639.209808911537
  ],
  "num_iteration": 1000,
  "num_modalities": 4,
  "num_topics": 7,
  "total_liklihood": -30273.755902870886
}
