{
  "modality_liklihoods": [
    -13487.864701843313,
    -13255.640562738796,
    -937.62037565542346,
    -4632.349995729679
  ],
  "num_iteration": 1000,
  "num_modalities": 4,
  "num_topics": 7,
  "total_liklihood": -32313.47563596721
}
