{
  "modality_liklihoods": [
    -14091.199743088082,
    -13238.699592444516,
    -941.68072494028877,
    -4641.0484149701706
  ],
  "num_iteration": 1000,
  "num_modalities": 4,
  "num_topics": 7,
  "total_liklihood": -32912.62847544306
}
