{
  "modality_liklihoods": [
    -14238.649116836037,
    -13277.137432909267,
    -942.73115148021611,
    -4660.1181036087364
  ],
  "num_iteration": 1000,
  "num_modalities": 4,
  "num_topics": 7,
  "total_liklihood": -33118.635804834252
}
