{
  "modality_liklihoods": [
    -13489.619923338265,
    -13239.478158896933,
    -939.5526264769652,
    -4581.7318542730372
  ],
  "num_iteration": 1000,
  "num_modalities": 4,
  "num_topics": 7,
  "total_liklihood": -32250.3825629852
}
