{
  "modality_liklihoods": [
    -14059.161960346615,
    -13263.256793228051,
    -938.77266001582632,
    -4628.2396339391025
  ],
  "num_iteration": 1000,
  "num_modalities": 4,
  "num_topics": 7,
  "total_liklihood": -32889.431047529601
}
