{
  "modality_liklihoods": [
    -14195.966889581034,
    -13244.91813281495,
    -941.85784657877991,
    -4637.1451086158095
  ],
  "num_iteration": 1000,
  "num_modalities": 4,
  "num_topics": 7,
  "total_liklihood": -33019.887977590573
}
