{
  "modality_liklihoods": [
    -13292.227359481656,
    -13209.938159017769,
    -941.41354617598813,
    -4659.2888405104841
  ],
  "num_iteration": 1000,
  "num_modalities": 4,
  "num_topics": 7,
  "total_liklihood": -32102.867905185893
}
