{
  "modality_liklihoods": [
    -13858.224555486784,
    -13290.261356344801,
    -941.8786698838818,
    -4643.5657505158042
  ],
  "num_iteration": 1000,
  "num_modalities": 4,
  "num_topics": 7,
  "total_liklihood": -32733.930332231273
}
