{
  "modality_liklihoods": [
    -13971.207584671003,
    -13258.116462233374,
    -941.6837027180552,
    -4644.677236052732
  ],
  "num_iteration": 1000,
  "num_modalities": 4,
  "num_topics": 7,
  "total_liklihood": -32815.684985675165
}
