{
  "modality_liklihoods": [
    -14050.031243777643,
    -13253.862741554902,
    -935.76937279753213,
    -4614.6483976550053
  ],
  "num_iteration": 1000,
  "num_modalities": 4,
  "num_topics": 7,
  "total_liklihood": -32854.311755785078
}
