{
  "modality_liklihoods": [
    -13753.266141687282,
    -13232.623132935862,
    -946.52373824788162,
    -4741.8619319901245
  ],
  "num_iteration": 1000,
  "num_modalities": 4,
  "num_topics": 7,
  "total_liklihood": -32674.27494486115
}
