{
  "modality_liklihoods": [
    -13064.578032523046,
    -13273.467086156681,
    -940.62134056687194,
    -4629.7416392794212
  ],
  "num_iteration": 1000,
  "num_modalities": 4,
  "num_topics": 7,
  "total_liklihood": -31908.408098526023
}
