{
  "modality_liklihoods": [
    -13500.875342255542,
    -13241.604984948484,
    -948.31805335113302,
    -4665.8664568243339
  ],
  "num_iteration": 1000,
  "num_modalities": 4,
  "num_topics": 7,
  "total_liklihood": -32356.664837379492
}
