{
  "modality_liklihoods": [
    -14099.333406376561,
    -13229.39985904555,
    -942.25569010850006,
    -4665.2955630234437
  ],
  "num_iteration": 1000,
  "num_modalities": 4,
  "num_topics": 7,
  "total_liklihood": -32936.284518554057
}
