{
  "modality_liklihoods": [
    -13446.731548385547,
    -13232.443695533395,
    -943.59856614277555,
    -4658.6604947603701
  ],
  "num_iteration": 1000,
  "num_modalities": 4,
  "num_topics": 7,
  "total_liklihood": -32281.434304822091
}
