{
  "modality_liklihoods": [
    -14135.80195598842,
    -13269.003642044916,
    -940.07320260092388,
    -4652.425014051777
  ],
  "num_iteration": 1000,
  "num_modalities": 4,
  "num_topics": 7,
  "total_liklihood": -32997.303814686042
}
