{
  "modality_liklihoods": [
    -14453.190468559116,
    -13281.543942014188,
    -940.57951619400819,
    -4692.1963412505738
  ],
  "num_iteration": 1000,
  "num_modalities": 4,
  "num_topics": 7,
  "total_liklihood": -33367.51026801789
}
