{
  "modality_liklihoods": [
    -14001.063682886053,
    -13212.705265606652,
    -941.08689726165983,
    -4666.8782172881056
  ],
  "num_iteration": 1000,
  "num_modalities": 4,
  "num_topics": 7,
  "total_liklihood": -32821.734063042466
}
