{
  "modality_liklihoods": [
    -13787.175792085089,
    -13284.396126711035,
    -940.5537518949094,
    -4763.0157379620505
  ],
  "num_iteration": 1000,
  "num_modalities": 4,
  "num_topics": 7,
  "total_liklihood": -32775.141408653086
}
