{
  "modality_liklihoods": [
    -13177.614046889405,
    -13287.528426231211,
    -943.45115140724442,
    -4681.2198739814894
  ],
  "num_iteration": 1000,
  "num_modalities": 4,
  "num_topics": 7,
  "total_liklihood": -32089.813498509346
}
