{
  "modality_liklihoods": [
    -14055.82529705848,
    -13235.694771970224,
    -941.56226672865671,
    -4686.8044197879526
  ],
  "num_iteration": 1000,
  "num_modalities": 4,
  "num_topics": 7,
  "total_liklihood": -32919.886755545311
}
