{
  "modality_liklihoods": [
    -13890.29814144185,
    -13285.677071933205,
    -941.33040955443266,
    -4662.0805206813648
  ],
  "num_iteration": 1000,
  "num_modalities": 4,
  "num_topics": 7,
  "total_liklihood": -32779.386143610856
}
