{
  "modality_liklihoods": [
    -13426.18544716249,
    -13207.156806771929,
    -936.75926739846898,
    -4685.6681900416424
  ],
  "num_iteration": 1000,
  "num_modalities": 4,
  "num_topics": 7,
  "total_liklihood": -32255.769711374531
}
