{
  "modality_liklihoods": [
    -14308.400492744193,
    -13206.777546678804,
    -936.50440250825955,
    -4646.4250032270438
  ],
  "num_iteration": 1000,
  "num_modalities": 4,
  "num_topics": 7,
  "total_liklihood": -33098.107445158304
}
