{
  "modality_liklihoods": [
    -13932.12276868843,
    -13284.150254009584,
    -943.38257020443916,
    -4685.8348816669595
  ],
  "num_iteration": 1000,
  "num_modalities": 4,
  "num_topics": 7,
  "total_liklihood": -32845.490474569408
}
