{
  "modality_liklihoods": [
    -13980.360947082714,
    -13266.677294320967,
    -939.68719477630282,
    -4627.6367014060879
  ],
  "num_iteration": 1000,
  "num_modalities": 4,
  "num_topics": 7,
  "total_liklihood": -32814.362137586068
}
