{
  "modality_liklihoods": [
    -13656.518495890323,
    -13261.968137062853,
    -940.5823200652286,
    -4606.4508983480719
  ],
  "num_iteration": 1000,
  "num_modalities": 4,
  "num_topics": 7,
  "total_liklihood": -32465.51985136648
}
