{
  "modality_liklihoods": [
    -13945.858355566643,
    -13266.830291266342,
    -933.60903708361343,
    -4664.5679726189792
  ],
  "num_iteration": 1000,
  "num_modalities": 4,
  "num_topics": 7,
  "total_liklihood": -32810.865656535578
}
