{
  "modality_liklihoods": [
    -12972.892231926588,
    -13262.902974937191,
    -944.6577213299604,
    -4603.231789534826
  ],
  "num_iteration": 1000,
  "num_modalities": 4,
  "num_topics": 7,
  "total_liklihood": -31783.684717728567
}
