{
  "modality_liklihoods": [
    -13702.260312422935,
    -13273.247347609673,
    -937.81086090391977,
    -4672.8096135361711
  ],
  "num_iteration": 1000,
  "num_modalities": 4,
  "num_topics": 7,
  "total_liklihood": -32586.128134472696
}
