{
  "modality_liklihoods": [
    -14222.031254397194,
    -13296.059589862152,
    -938.1183992598136,
    -4634.5641313796314
  ],
  "num_iteration": 1000,
  "num_modalities": 4,
  "num_topics": 7,
  "total_liklihood": -33090.773374898788
}
