{
  "modality_liklihoods": [
    -13799.489858219869,
    -13250.965085315938,
    -943.60664049507568,
    -4643.859816453144
  ],
  "num_iteration": 1000,
  "num_modalities": 4,
  "num_topics": 7,
  "total_liklihood": -32637.921400484025
}
