{
  "modality_liklihoods": [
    -13604.7835361744,
    -13273.713940940812,
    -949.2346888088274,
    -4583.5713199200654
  ],
  "num_iteration": 1000,
  "num_modalities": 4,
  "num_topics": 7,
  "total_liklihood": -32411.303485844106
}
