{
  "modality_liklihoods": [
    -13249.349088142433,
    -13258.184579112105,
    -941.4793455060792,
    -4604.0876164683468
  ],
  "num_iteration": 1000,
  "num_modalities": 4,
  "num_topics": 7,
  "total_liklihood": -32053.100629228964
}
