{
  "modality_liklihoods": [
    -13460.971061131493,
    -13253.187485507515,
    -942.16256610843197,
    -4646.7095049484533
  ],
  "num_iteration": 1000,
  "num_modalities": 4,
  "num_topics": 7,
  "total_liklihood": -32303.030617695895
}
