{
  "modality_liklihoods": [
    -13634.429492003048,
    -13252.065825856291,
    -943.35275929445311,
    -4645.2909268540334
  ],
  "num_iteration": 1000,
  "num_modalities": 4,
  "num_topics": 7,
  "total_liklihood": -32475.139004007826
}
