{
  "modality_liklihoods": [
    -13648.99658822335,
    -13315.374622769919,
    -932.04899063265179,
    -4636.1997366249452
  ],
  "num_iteration": 1000,
  "num_modalities": 4,
  "num_topics": 7,
  "total_liklihood": -32532.619938250864
}
