{
  "modality_liklihoods": [
    -14302.491219585867,
    -13284.608931120383,
    -935.84254640434074,
    -4677.7241993973948
  ],
  "num_iteration": 1000,
  "num_modalities": 4,
  "num_topics": 7,
  "total_liklihood": -33200.666896507988
}
