{
  "modality_liklihoods": [
    -13670.221375606568,
    -13247.044024414023,
    -940.17047923508505,
    -4662.1528624783587
  ],
  "num_iteration": 1000,
  "num_modalities": 4,
  "num_topics": 7,
  "total_liklihood": -32519.588741734035
}
