{
  "modality_liklihoods": [
    -14489.427407143814,
    -13239.310393067966,
    -943.34830831523186,
    -4743.0611366628227
  ],
  "num_iteration": 1000,
  "num_modalities": 4,
  "num_topics": 7,
  "total_liklihood": -33415.147245189837
}
