{
  "modality_liklihoods": [
    -13887.397211770269,
    -13283.894636310009,
    -935.42104692153521,
    -4643.292341942215
  ],
  "num_iteration": 1000,
  "num_modalities": 4,
  "num_topics": 7,
  "total_liklihood": -32750.005236944027
}
