{
  "modality_liklihoods": [
    -15012.201916250511,
    -13228.543440729984,
    -943.26012870452371,
    -4658.3455818409739
  ],
  "num_iteration": 1000,
  "num_modalities": 4,
  "num_topics": 7,
  "total_liklihood": -33842.351067525989
}
