{
  "modality_liklihoods": [
    -13789.16190868748,
    -13267.714849812473,
    -942.18796911138497,
    -4624.0606995090502
  ],
  "num_iteration": 1000,
  "num_modalities": 4,
  "num_topics": 7,
  "total_liklihood": -32623.125427120387
}
