{
  "modality_liklihoods": [
    -13995.564377596516,
    -13296.000625819146,
    -935.31660683826158,
    -4640.4396849096802
  ],
  "num_iteration": 1000,
  "num_modalities": 4,
  "num_topics": 7,
  "total_liklihood": -32867.321295163609
}
