{
  "modality_liklihoods": [
    -13987.075159612246,
    -13257.419713052177,
    -939.88512374410607,
    -4684.9638473296191
  ],
  "num_iteration": 1000,
  "num_modalities": 4,
  "num_topics": 7,
  "total_liklihood": -32869.343843738148
}
