{
  "modality_liklihoods": [
    -13530.396087777486,
    -13225.816670280976,
    -936.17661486275551,
    -4677.1547891450491
  ],
  "num_iteration": 1000,
  "num_modalities": 4,
  "num_topics": 7,
  "total_liklihood": -32369.544162066268
}
