{
  "modality_liklihoods": [
    -13747.768455683603,
    -13261.90144814624,
    -947.7052768382207,
    -4666.9247714147123
  ],
  "num_iteration": 1000,
  "num_modalities": 4,
  "num_topics": 7,
  "total_liklihood": -32624.299952082776
}
