{
  "modality_liklihoods": [
    -13863.898060807594,
    -13199.942254424544,
    -934.81489218596414,
    -4693.4405331529215
  ],
  "num_iteration": 1000,
  "num_modalities": 4,
  "num_topics": 7,
  "total_liklihood": -32692.095740571029
}
