{
  "modality_liklihoods": [
    -12917.819528895252,
    -13218.96239722284,
    -940.42062709669074,
    -4647.0991217530836
  ],
  "num_iteration": 1000,
  "num_modalities": 4,
  "num_topics": 7,
  "total_liklihood": -31724.301674967865
}
