{
  "modality_liklihoods": [
    -13957.816503284374,
    -13245.022118284749,
    -938.9793302825509,
    -4662.808620282759
  ],
  "num_iteration": 1000,
  "num_modalities": 4,
  "num_topics": 7,
  "total_liklihood": -32804.626572134432
}
