{
  "modality_liklihoods": [
    -14456.483195709316,
    -13271.508274477006,
    -944.04301936140257,
    -4633.3326969517911
  ],
  "num_iteration": 1000,
  "num_modalities": 4,
  "num_topics": 7,
  "total_liklihood": -33305.367186499512
}
