{
  "modality_liklihoods": [
    -14017.129842197235,
    -13233.415707417245,
    -941.30109162612905,
    -4661.2264575013769
  ],
  "num_iteration": 1000,
  "num_modalities": 4,
  "num_topics": 7,
  "total_liklihood": -32853.073098741988
}
