{
  "modality_liklihoods": [
    -14004.263259713605,
    -13278.385000889937,
    -943.40073172942721,
    -4678.2881820478688
  ],
  "num_iteration": 1000,
  "num_modalities": 4,
  "num_topics": 7,
  "total_liklihood": -32904.337174380838
}
