{
  "modality_liklihoods": [
    -13290.904683405601,
    -13236.768502635523,
    -944.86711942891736,
    -4625.3701529667487
  ],
  "num_iteration": 1000,
  "num_modalities": 4,
  "num_topics": 7,
  "total_liklihood": -32097.910458436789
}
