{
  "modality_liklihoods": [
    -14257.107951190765,
    -13195.467847936123,
    -937.82630560148289,
    -4672.1997510212559
  ],
  "num_iteration": 1000,
  "num_modalities": 4,
  "num_topics": 7,
  "total_liklihood": -33062.601855749628
}
