{
  "modality_liklihoods": [
    -14031.72937402229,
    -13278.38965692704,
    -940.00602161325799,
    -4657.6930085195627
  ],
  "num_iteration": 1000,
  "num_modalities": 4,
  "num_topics": 7,
  "total_liklihood": -32907.818061082151
}
