{
  "modality_liklihoods": [
    -14027.797369080698,
    -13269.472316281539,
    -936.88156948948142,
    -4614.6143811403708
  ],
  "num_iteration": 1000,
  "num_modalities": 4,
  "num_topics": 7,
  "total_liklihood": -32848.765635992087
}
