{
  "modality_liklihoods": [
    -12698.314791207875,
    -13250.931477699927,
    -938.20401258214645,
    -4634.1256359776435
  ],
  "num_iteration": 1000,
  "num_modalities": 4,
  "num_topics": 7,
  "total_liklihood": -31521.575917467591
}
