{
  "modality_liklihoods": [
    -14388.013450353637,
    -13259.961727929031,
    -941.29156155708586,
    -4633.8438973604843
  ],
  "num_iteration": 1000,
  "num_modalities": 4,
  "num_topics": 7,
  "total_liklihood": -33223.11063720024
}
