{
  "modality_liklihoods": [
    -14003.414073983917,
    -13253.986071029876,
    -935.67840816934779,
    -4643.2202634856685
  ],
  "num_iteration": 1000,
  "num_modalities": 4,
  "num_topics": 7,
  "total_liklihood": -32836.298816668808
}
