{
  "modality_liklihoods": [
    -13252.452707057682,
    -13303.108863876991,
    -936.85426713478273,
    -4639.546564593742
  ],
  "num_iteration": 1000,
  "num_modalities": 4,
  "num_topics": 7,
  "total_liklihood": -32131.962402663201
}
