{
  "modality_liklihoods": [
    -13924.500608861066,
    -13194.582270626357,
    -940.38749630918005,
    -4704.7770000000946
  ],
  "num_iteration": 1000,
  "num_modalities": 4,
  "num_topics": 7,
  "total_liklihood": -32764.247375796702
}
