{
  "modality_liklihoods": [
    -14209.918415934044,
    -13231.512712215857,
    -940.60608658209742,
    -4649.5721819855726
  ],
  "num_iteration": 1000,
  "num_modalities": 4,
  "num_topics": 7,
  "total_liklihood": -33031.609396717577
}
