{
  "modality_liklihoods": [
    -14554.387604245345,
    -13305.491206976263,
    -937.09018128758805,
    -4634.3839527307118
  ],
  "num_iteration": 1000,
  "num_modalities": 4,
  "num_topics": 7,
  "total_liklihood": -33431.352945239909
}
