{
  "modality_liklihoods": [
    -14073.009179581453,
    -13273.658364136982,
    -943.63949397350541,
    -4627.8136730703764
  ],
  "num_iteration": 1000,
  "num_modalities": 4,
  "num_topics": 7,
  "total_liklihood": -32918.120710762312
}
