{
  "modality_liklihoods": [
    -13455.301254309084,
    -13254.758374331386,
    -942.06841923230536,
    -4619.7649628143208
  ],
  "num_iteration": 1000,
  "num_modalities": 4,
  "num_topics": 7,
  "total_liklihood": -32271.893010687098
}
