{
  "modality_liklihoods": [
    -15015.748915269811,
    -13228.450460008549,
    -937.10546240478584,
    -4647.0016095176461
  ],
  "num_iteration": 1000,
  "num_modalities": 4,
  "num_topics": 7,
  "total_liklihood": -33828.30644720079
}
