{
  "modality_liklihoods": [
    -13809.609691176747,
    -13263.020066211142,
    -943.45989515682061,
    -4657.4812253663049
  ],
  "num_iteration": 1000,
  "num_modalities": 4,
  "num_topics": 7,
  "total_liklihood": -32673.570877911017
}
