{
  "modality_liklihoods": [
    -14111.552662858085,
    -13279.530441921488,
    -939.47083378873208,
    -4635.7638642314905
  ],
  "num_iteration": 1000,
  "num_modalities": 4,
  "num_topics": 7,
  "total_liklihood": -32966.317802799793
}
