{
  "modality_liklihoods": [
    -14004.379546900216,
    -13275.402121835739,
    -935.764174665886,
    -4632.1681067500358
  ],
  "num_iteration": 1000,
  "num_modalities": 4,
  "num_topics": 7,
  "total_liklihood": -32847.713950151876
}
