{
  "modality_liklihoods": [
    -13863.971139802645,
    -13270.338464799819,
    -930.57758494145799,
    -4616.5695291902912
  ],
  "num_iteration": 1000,
  "num_modalities": 4,
  "num_topics": 7,
  "total_liklihood": -32681.456718734215
}
