{
  "modality_liklihoods": [
    -14395.624284569238,
    -13287.40537584083,
    -937.05662750031297,
    -4597.6699428504344
  ],
  "num_iteration": 1000,
  "num_modalities": 4,
  "num_topics": 7,
  "total_liklihood": -33217.756230760817
}
