{
  "modality_liklihoods": [
    -13445.005053391676,
    -13238.102463973997,
    -945.82225398748392,
    -4690.4965232455388
  ],
  "num_iteration": 1000,
  "num_modalities": 4,
  "num_topics": 7,
  "total_liklihood": -32319.426294598696
}
