{
  "modality_liklihoods": [
    -13484.570820321236,
    -13232.728685777707,
    -943.24997625835329,
    -4640.7890630476668
  ],
  "num_iteration": 1000,
  "num_modalities": 4,
  "num_topics": 7,
  "total_liklihood": -32301.338545404964
}
