{
  "modality_liklihoods": [
    -14069.907146388392,
    -13268.303661249261,
    -946.33308302841453,
    -4674.533287137906
  ],
  "num_iteration": 1000,
  "num_modalities": 4,
  "num_topics": 7,
  "total_liklihood": -32959.077177803971
}
