{
  "modality_liklihoods": [
    -13809.611600496533,
    -13232.844827212613,
    -938.63664826388242,
    -4650.2110316642238
  ],
  "num_iteration": 1000,
  "num_modalities": 4,
  "num_topics": 7,
  "total_liklihood": -32631.304107637257
}
