{
  "modality_liklihoods": [
    -13856.529679792728,
    -13249.629134348139,
    -941.45824586998754,
    -4646.3465266371895
  ],
  "num_iteration": 1000,
  "num_modalities": 4,
  "num_topics": 7,
  "total_liklihood": -32693.963586648042
}
