{
  "modality_liklihoods": [
    -13703.549821699855,
    -13263.858619345423,
    -948.51319467464373,
    -4647.1926463444142
  ],
  "num_iteration": 1000,
  "num_modalities": 4,
  "num_topics": 7,
  "total_liklihood": -32563.114282064336
}
