{
  "modality_liklihoods": [
    -12345.903444889758,
    -13262.009618351496,
    -944.37557761522407,
    -4641.7734633039054
  ],
  "num_iteration": 1000,
  "num_modalities": 4,
  "num_topics": 7,
  "total_liklihood": -31194.062104160388
}
