{
  "modality_liklihoods": [
    -14226.232181526193,
    -13266.573023942534,
    -936.71527860941433,
    -4715.2672892578166
  ],
  "num_iteration": 1000,
  "num_modalities": 4,
  "num_topics": 7,
  "total_liklihood": -33144.787773335964
}
