{
  "modality_liklihoods": [
    -14222.271664715663,
    -13258.481912931511,
    -934.6069014950582,
    -4630.3761226849774
  ],
  "num_iteration": 1000,
  "num_modalities": 4,
  "num_topics": 7,
  "total_liklihood": -33045.736601827208
}
