{
  "modality_liklihoods": [
    -12558.56345047865,
    -13261.479152281243,
    -942.27242057372189,
    -4610.0473299615905
  ],
  "num_iteration": 1000,
  "num_modalities": 4,
  "num_topics": 7,
  "total_liklihood": -31372.362353295208
}
