{
  "modality_liklihoods": [
    -14146.921469962866,
    -13254.191857241236,
    -945.53427684553026,
    -4623.5230701616902
  ],
  "num_iteration": 1000,
  "num_modalities": 4,
  "num_topics": 7,
  "total_liklihood": -32970.170674211324
}
