{
  "modality_liklihoods": [
    -13752.245584175798,
    -13222.006863788629,
    -941.00458814846593,
    -4641.8199760329635
  ],
  "num_iteration": 1000,
  "num_modalities": 4,
  "num_topics": 7,
  "total_liklihood": -32557.077012145855
}
