{
  "modality_liklihoods": [
    -14877.14245144433,
    -13235.086629145604,
    -939.03341561851266,
    -4645.3783255390799
  ],
  "num_iteration": 1000,
  "num_modalities": 4,
  "num_topics": 7,
  "total_liklihood": -33696.640821747525
}
