{
  "modality_liklihoods": [
    -14225.493669612821,
    -13251.213713877485,
    -939.28734831359372,
    -4672.0233712411082
  ],
  "num_iteration": 1000,
  "num_modalities": 4,
  "num_topics": 7,
  "total_liklihood": -33088.018103045011
}
