{
  "modality_liklihoods": [
    -14050.051340269723,
    -13196.146424020293,
    -942.03992871981166,
    -4713.1540539028765
  ],
  "num_iteration": 1000,
  "num_modalities": 4,
  "num_topics": 7,
  "total_liklihood": -32901.391746912705
}
