{
  "modality_liklihoods": [
    -13468.58234294541,
    -13325.783951291585,
    -943.53620499523527,
    -4621.2138462316643
  ],
  "num_iteration": 1000,
  "num_modalities": 4,
  "num_topics": 7,
  "total_liklihood": -32359.116345463895
}
