{
  "modality_liklihoods": [
    -14061.601254806215,
    -13258.607657950895,
    -935.980672495146,
    -4601.595492158589
  ],
  "num_iteration": 1000,
  "num_modalities": 4,
  "num_topics": 7,
  "total_liklihood": -32857.785077410845
}
