{
  "modality_liklihoods": [
    -13574.259152260976,
    -13241.999572903935,
    -935.04599675122324,
    -4647.2720837963852
  ],
  "num_iteration": 1000,
  "num_modalities": 4,
  "num_topics": 7,
  "total_liklihood": -32398.576805712517
}
