{
  "modality_liklihoods": [
    -13908.946517971455,
    -13234.688181976471,
    -945.57626712240904,
    -4662.5622642544204
  ],
  "num_iteration": 1000,
  "num_modalities": 4,
  "num_topics": 7,
  "total_liklihood": -32751.773231324754
}
