{
  "modality_liklihoods": [
    -13735.390231444415,
    -13260.243453920257,
    -940.46209524393385,
    -4601.4601685013386
  ],
  "num_iteration": 1000,
  "num_modalities": 4,
  "num_topics": 7,
  "total_liklihood": -32537.555949109941
}
