{
  "modality_liklihoods": [
    -13602.226175678312,
    -13255.822333361166,
    -942.86531862383504,
    -4636.9901709696087
  ],
  "num_iteration": 1000,
  "num_modalities": 4,
  "num_topics": 7,
  "total_liklihood": -32437.903998632923
}
