{
  "modality_liklihoods": [
    -13924.424895353282,
    -13276.157932427635,
    -937.45694941465854,
    -4625.299329875711
  ],
  "num_iteration": 1000,
  "num_modalities": 4,
  "num_topics": 7,
  "total_liklihood": -32763.33910707129
}
