{
  "modality_liklihoods": [
    -14651.997399214113,
    -13296.581659316294,
    -940.89394507264581,
    -4624.6096362703547
  ],
  "num_iteration": 1000,
  "num_modalities": 4,
  "num_topics": 7,
  "total_liklihood": -33514.082639873406
}
