{
  "modality_liklihoods": [
    -14600.183131343054,
    -13273.230592573271,
    -935.2312358608657,
    -4636.9301582435719
  ],
  "num_iteration": 1000,
  "num_modalities": 4,
  "num_topics": 7,
  "total_liklihood": -33445.575118020759
}
