{
  "modality_liklihoods": [
    -13702.93612487694,
    -13265.415499130839,
    -946.63772620075304,
    -4626.3711089870703
  ],
  "num_iteration": 1000,
  "num_modalities": 4,
  "num_topics": 7,
  "total_liklihood": -32541.360459195603
}
