{
  "modality_liklihoods": [
    -13567.025098461248,
    -13285.660852709432,
    -934.56842478853935,
    -4630.4681229896623
  ],
  "num_iteration": 1000,
  "num_modalities": 4,
  "num_topics": 7,
  "total_liklihood": -32417.722498948882
}
