{
  "modality_liklihoods": [
    -13791.855705579943,
    -13301.110466365728,
    -941.79263637747067,
    -4623.1211503187988
  ],
  "num_iteration": 1000,
  "num_modalities": 4,
  "num_topics": 7,
  "total_liklihood": -32657.879958641941
}
