{
  "modality_liklihoods": [
    -13331.638954846303,
    -13264.566774647872,
    -938.77528494398405,
    -4614.4214212237921
  ],
  "num_iteration": 1000,
  "num_modalities": 4,
  "num_topics": 7,
  "total_liklihood": -32149.402435661956
}
