{
  "modality_liklihoods": [
    -13091.650857602599,
    -13271.679914223398,
    -936.93968233240935,
    -4655.8555381041033
  ],
  "num_iteration": 1000,
  "num_modalities": 4,
  "num_topics": 7,
  "total_liklihood": -31956.12599226251
}
