{
  "modality_liklihoods": [
    -13821.120496396825,
    -13238.729665392899,
    -940.46528891243406,
    -4644.6300411811826
  ],
  "num_iteration": 1000,
  "num_modalities": 4,
  "num_topics": 7,
  "total_liklihood": -32644.94549188334
}
