{
  "modality_liklihoods": [
    -13906.670053791942,
    -13264.688472454263,
    -938.04191918446281,
    -4615.5339615921757
  ],
  "num_iteration": 1000,
  "num_modalities": 4,
  "num_topics": 7,
  "total_liklihood": -32724.934407022847
}
