{
  "modality_liklihoods": [
    -13536.531353480468,
    -13238.499261614956,
    -948.02743811997891,
    -4612.814760355408
  ],
  "num_iteration": 1000,
  "num_modalities": 4,
  "num_topics": 7,
  "total_liklihood": -32335.872813570808
}
