{
  "modality_liklihoods": [
    -14607.64939064881,
    -13264.776837913221,
    -949.55148324271374,
    -4688.0530325987011
  ],
  "num_iteration": 1000,
  "num_modalities": 4,
  "num_topics": 7,
  "total_liklihood": -33510.030744403448
}
