{
  "modality_liklihoods": [
    -13885.906026492741,
    -13249.943915804894,
    -929.9316878290565,
    -4704.3895786405146
  ],
  "num_iteration": 1000,
  "num_modalities": 4,
  "num_topics": 7,
  "total_liklihood": -32770.171208767206
}
