{
  "modality_liklihoods": [
    -14916.592516350736,
    -13219.979507051812,
    -933.96069723657706,
    -4679.3110828073468
  ],
  "num_iteration": 1000,
  "num_modalities": 4,
  "num_topics": 7,
  "total_liklihood": -33749.843803446471
}
