{
  "modality_liklihoods": [
    -13837.291608381098,
    -13287.588988536116,
    -939.1367198164337,
    -4645.8716312358738
  ],
  "num_iteration": 1000,
  "num_modalities": 4,
  "num_topics": 7,
  "total_liklihood": -32709.888947969521
}
