{
  "modality_liklihoods": [
    -13844.435631631593,
    -13246.500349399967,
    -939.73024859672671,
    -4705.0870080161631
  ],
  "num_iteration": 1000,
  "num_modalities": 4,
  "num_topics": 7,
  "total_liklihood": -32735.753237644447
}
