{
  "modality_liklihoods": [
    -13980.917421393699,
    -13267.575852015694,
    -945.37687719062876,
    -4647.5404127339716
  ],
  "num_iteration": 1000,
  "num_modalities": 4,
  "num_topics": 7,
  "total_liklihood": -32841.410563333993
}
