{
  "modality_liklihoods": [
    -14508.402529598243,
    -13230.933100446508,
    -936.76791140682246,
    -4645.218884770441
  ],
  "num_iteration": 1000,
  "num_modalities": 4,
  "num_topics": 7,
  "total_liklihood": -33321.32242622201
}
