{
  "modality_liklihoods": [
    -14097.495304028893,
    -13240.985291749008,
    -943.52741099269122,
    -4663.2147874367411
  ],
  "num_iteration": 1000,
  "num_modalities": 4,
  "num_topics": 7,
  "total_liklihood": -32945.222794207337
}
