{
  "modality_liklihoods": [
    -13352.426026362868,
    -13259.897448652766,
    -935.94757905064489,
    -4639.2862196408605
  ],
  "num_iteration": 1000,
  "num_modalities": 4,
  "num_topics": 7,
  "total_liklihood": -32187.557273707138
}
