{
  "modality_liklihoods": [
    -14126.15328833374,
    -13230.343518210952,
    -939.33119500294822,
    -4659.9918817278967
  ],
  "num_iteration": 1000,
  "num_modalities": 4,
  "num_topics": 7,
  "total_liklihood": -32955.819883275537
}
