{
  "modality_liklihoods": [
    -14633.806398617689,
    -13270.622390229793,
    -942.32891435279669,
    -4644.7343560462195
  ],
  "num_iteration": 1000,
  "num_modalities": 4,
  "num_topics": 7,
  "total_liklihood": -33491.492059246499
}
