{
  "modality_liklihoods": [
    -13673.067748464284,
    -13261.460758209585,
    -943.40631860684687,
    -4661.2166158619902
  ],
  "num_iteration": 1000,
  "num_modalities": 4,
  "num_topics": 7,
  "total_liklihood": -32539.151441142705
}
