{
  "modality_liklihoods": [
    -15012.479030204009,
    -13214.761866076034,
    -944.15224460441266,
    -4612.8223843209907
  ],
  "num_iteration": 1000,
  "num_modalities": 4,
  "num_topics": 7,
  "total_liklihood": -33784.215525205444
}
