{
  "modality_liklihoods": [
    -14507.875705413888,
    -13266.501773229225,
    -944.3294084884908,
    -4642.9568522649661
  ],
  "num_iteration": 1000,
  "num_modalities": 4,
  "num_topics": 7,
  "total_liklihood": -33361.663739396572
}
