{
  "modality_liklihoods": [
    -14938.268367078703,
    -13239.617037688753,
    -934.78653989557085,
    -4646.9658632921764
  ],
  "num_iteration": 1000,
  "num_modalities": 4,
  "num_topics": 7,
  "total_liklihood": -33759.637807955201
}
