{
  "modality_liklihoods": [
    -13004.313463657578,
    -13272.59599401663,
    -941.26871734155895,
    -4574.3342524314248
  ],
  "num_iteration": 1000,
  "num_modalities": 4,
  "num_topics": 7,
  "total_liklihood": -31792.512427447189
}
