{
  "modality_liklihoods": [
    -13838.827782117389,
    -13270.188919166198,
    -940.84396579553152,
    -4709.9964422355233
  ],
  "num_iteration": 1000,
  "num_modalities": 4,
  "num_topics": 7,
  "total_liklihood": -32759.857109314642
}
