{
  "modality_liklihoods": [
    -13793.737314752434,
    -13252.65653535515,
    -941.18860003224336,
    -4601.311071004221
  ],
  "num_iteration": 1000,
  "num_modalities": 4,
  "num_topics": 7,
  "total_liklihood": -32588.893521144048
}
