{
  "modality_liklihoods": [
    -14396.344617370623,
    -13267.012478859744,
    -943.06326166851443,
    -4586.5401494743701
  ],
  "num_iteration": 1000,
  "num_modalities": 4,
  "num_topics": 7,
  "total_liklihood": -33192.960507373253
}
