{
  "modality_liklihoods": [
    -14050.126769350838,
    -13283.196062060884,
    -943.53371422055966,
    -4664.488086614856
  ],
  "num_iteration": 1000,
  "num_modalities": 4,
  "num_topics": 7,
  "total_liklihood": -32941.344632247143
}
