{
  "modality_liklihoods": [
    -14723.784178308479,
    -13213.174574870716,
    -932.943373402107,
    -4674.0400419911603
  ],
  "num_iteration": 1000,
  "num_modalities": 4,
  "num_topics": 7,
  "total_liklihood": -33543.942168572466
}
