{
  "modality_liklihoods": [
    -13463.444155100447,
    -13287.106122099702,
    -942.29256607522439,
    -4712.2403015763466
  ],
  "num_iteration": 1000,
  "num_modalities": 4,
  "num_topics": 7,
  "total_liklihood": -32405.08314485172
}
