{
  "modality_liklihoods": [
    -13931.364738114939,
    -13271.746068450268,
    -937.41513430806754,
    -4628.4895784024429
  ],
  "num_iteration": 1000,
  "num_modalities": 4,
  "num_topics": 7,
  "total_liklihood": -32769.015519275716
}
