{
  "modality_liklihoods": [
    -15001.737468767284,
    -13233.533301029012,
    -941.58996882091253,
    -4626.6590408655047
  ],
  "num_iteration": 1000,
  "num_modalities": 4,
  "num_topics": 7,
  "total_liklihood": -33803.519779482718
}
