{
  "modality_liklihoods": [
    -12849.294030122113,
    -13235.432728735646,
    -942.49770477562765,
    -4643.1597464220431
  ],
  "num_iteration": 1000,
  "num_modalities": 4,
  "num_topics": 7,
  "total_liklihood": -31670.384210055432
}
