{
  "modality_liklihoods": [
    -13941.791191498298,
    -13224.319940492944,
    -941.05860998081346,
    -4713.706876591511
  ],
  "num_iteration": 1000,
  "num_modalities": 4,
  "num_topics": 7,
  "total_liklihood": -32820.876618563569
}
