{
  "modality_liklihoods": [
    -14485.788291072275,
    -13291.520121984055,
    -941.15552745131947,
    -4681.0964414922237
  ],
  "num_iteration": 1000,
  "num_modalities": 4,
  "num_topics": 7,
  "total_liklihood": -33399.560381999872
}
