{
  "modality_liklihoods": [
    -13745.239884817853,
    -13292.093039585141,
    -940.43657409105197,
    -4652.7227171628756
  ],
  "num_iteration": 1000,
  "num_modalities": 4,
  "num_topics": 7,
  "total_liklihood": -32630.492215656923
}
