{
  "modality_liklihoods": [
    -13685.410146414562,
    -13217.148102652052,
    -943.45988961793205,
    -4658.9726288206612
  ],
  "num_iteration": 1000,
  "num_modalities": 4,
  "num_topics": 7,
  "total_liklihood": -32504.990767505205
}
