{
  "modality_liklihoods": [
    -14255.615173072887,
    -13225.618346701192,
    -935.23765126589001,
    -4627.9875580708776
  ],
  "num_iteration": 1000,
  "num_modalities": 4,
  "num_topics": 7,
  "total_liklihood": -33044.458729110847
}
