{
  "modality_liklihoods": [
    -13893.724478256276,
    -13277.937035316081,
    -934.91362615048445,
    -4631.2177206739016
  ],
  "num_iteration": 1000,
  "num_modalities": 4,
  "num_topics": 7,
  "total_liklihood": -32737.792860396738
}
