{
  "modality_liklihoods": [
    -14114.267897640706,
    -13247.511193554648,
    -944.30229092114394,
    -4603.7156911643406
  ],
  "num_iteration": 1000,
  "num_modalities": 4,
  "num_topics": 7,
  "total_liklihood": -32909.797073280839
}
