{
  "modality_liklihoods": [
    -14253.592709675519,
    -13264.419070956184,
    -940.53068261745716,
    -4668.6980157921998
  ],
  "num_iteration": 1000,
  "num_modalities": 4,
  "num_topics": 7,
  "total_liklihood": -33127.240479041357
}
