{
  "modality_liklihoods": [
    -13995.27072056655,
    -13256.878502571761,
    -936.43406441112313,
    -4641.5992171273683
  ],
  "num_iteration": 1000,
  "num_modalities": 4,
  "num_topics": 7,
  "total_liklihood": -32830.182504676799
}
