{
  "modality_liklihoods": [
    -13794.852316684915,
    -13290.928564199114,
    -938.46445198449487,
    -4642.3426445009836
  ],
  "num_iteration": 1000,
  "num_modalities": 4,
  "num_topics": 7,
  "total_liklihood": -32666.587977369505
}
