{
  "modality_liklihoods": [
    -13539.158760210112,
    -13235.888352842376,
    -937.83336528460359,
    -4691.9937045335146
  ],
  "num_iteration": 1000,
  "num_modalities": 4,
  "num_topics": 7,
  "total_liklihood": -32404.874182870608
}
