{
  "modality_liklihoods": [
    -13531.141054915972,
    -13270.694062945073,
    -944.30646607226845,
    -4620.530705060437
  ],
  "num_iteration": 1000,
  "num_modalities": 4,
  "num_topics": 7,
  "total_liklihood": -32366.672288993752
}
