{
  "modality_liklihoods": [
    -14160.749632187717,
    -13269.960627435354,
    -938.40192154066938,
    -4661.0098975493211
  ],
  "num_iteration": 1000,
  "num_modalities": 4,
  "num_topics": 7,
  "total_liklihood": -33030.122078713059
}
