{
  "modality_liklihoods": [
    -14314.139379747556,
    -13262.221648822295,
    -944.78099455351128,
    -4592.1371250315933
  ],
  "num_iteration": 1000,
  "num_modalities": 4,
  "num_topics": 7,
  "total_liklihood": -33113.279148154958
}
