{
  "modality_liklihoods": [
    -13778.77764196022,
    -13305.550638953302,
    -937.48458920418591,
    -4622.7072206570228
  ],
  "num_iteration": 1000,
  "num_modalities": 4,
  "num_topics": 7,
  "total_liklihood": -32644.520090774728
}
