{
  "modality_liklihoods": [
    -13833.041589885586,
    -13286.319881802925,
    -940.32770774840287,
    -4641.2819597756097
  ],
  "num_iteration": 1000,
  "num_modalities": 4,
  "num_topics": 7,
  "total_liklihood": -32700.971139212525
}
