{
  "modality_liklihoods": [
    -14564.975022193683,
    -13281.747611053337,
    -940.26452534593398,
    -4626.7675571547816
  ],
  "num_iteration": 1000,
  "num_modalities": 4,
  "num_topics": 7,
  "total_liklihood": -33413.754715747738
}
