{
  "modality_liklihoods": [
    -13955.91890910847,
    -13232.864979909697,
    -941.70031090257316,
    -4658.6796465895504
  ],
  "num_iteration": 1000,
  "num_modalities": 4,
  "num_topics": 7,
  "total_liklihood": -32789.163846510288
}
