{
  "modality_liklihoods": [
    -13204.279131773612,
    -13265.270462215194,
    -940.91789040128003,
    -4585.0406991824239
  ],
  "num_iteration": 1000,
  "num_modalities": 4,
  "num_topics": 7,
  "total_liklihood": -31995.50818357251
}
