{
  "modality_liklihoods": [
    -14087.888390649547,
    -13291.280081243762,
    -938.03465136571776,
    -4589.097453847352
  ],
  "num_iteration": 1000,
  "num_modalities": 4,
  "num_topics": 7,
  "total_liklihood": -32906.300577106376
}
