{
  "modality_liklihoods": [
    -14085.983861133223,
    -13252.551112594372,
    -935.91119227820764,
    -4714.6570526350306
  ],
  "num_iteration": 1000,
  "num_modalities": 4,
  "num_topics": 7,
  "total_liklihood": -32989.103218640834
}
