{
  "modality_liklihoods": [
    -14026.449948610491,
    -13274.857636666811,
    -946.8760021645478,
    -4653.4046498884445
  ],
  "num_iteration": 1000,
  "num_modalities": 4,
  "num_topics": 7,
  "total_liklihood": -32901.588237330296
}
