{
  "modality_liklihoods": [
    -14086.047957778035,
    -13218.967739276297,
    -944.60177162934224,
    -4620.9846023059272
  ],
  "num_iteration": 1000,
  "num_modalities": 4,
  "num_topics": 7,
  "total_liklihood": -32870.602070989604
}
