{
  "modality_liklihoods": [
    -15081.871119114579,
    -13250.809414393631,
    -938.27317518292318,
    -4632.1573044057777
  ],
  "num_iteration": 1000,
  "num_modalities": 4,
  "num_topics": 7,
  "total_liklihood": -33903.11101309691
}
