{
  "modality_liklihoods": [
    -14124.976869379208,
    -13313.150885139416,
    -934.57026604575583,
    -4631.649802367062
  ],
  "num_iteration": 1000,
  "num_modalities": 4,
  "num_topics": 7,
  "total_liklihood": -33004.347822931442
}
