{
  "modality_liklihoods": [
    -14046.050939096074,
    -13252.217901468815,
    -934.7822492092962,
    -4686.7063157505727
  ],
  "num_iteration": 1000,
  "num_modalities": 4,
  "num_topics": 7,
  "total_liklihood": -32919.757405524753
}
