{
  "modality_liklihoods": [
    -14313.46661181775,
    -13251.491070021546,
    -935.2621534827814,
    -4620.5295669115649
  ],
  "num_iteration": 1000,
  "num_modalities": 4,
  "num_topics": 7,
  "total_liklihood": -33120.74940223364
}
