{
  "modality_liklihoods": [
    -13998.502229412403,
    -13249.060756751642,
    -935.16442441472941,
    -4674.4204849342277
  ],
  "num_iteration": 1000,
  "num_modalities": 4,
  "num_topics": 7,
  "total_liklihood": -32857.147895513001
}
