{
  "modality_liklihoods": [
    -13735.610552020988,
    -13321.157207040016,
    -936.92727770780346,
    -4623.8939401187072
  ],
  "num_iteration": 1000,
  "num_modalities": 4,
  "num_topics": 7,
  "total_liklihood": -32617.588976887513
}
