{
  "modality_liklihoods": [
    -14013.560105380597,
    -13283.671199963641,
    -943.83719607198123,
    -4576.3539908656403
  ],
  "num_iteration": 1000,
  "num_modalities": 4,
  "num_topics": 7,
  "total_liklihood": -32817.422492281861
}
