{
  "modality_liklihoods": [
    -14214.146370275683,
    -13241.252420088691,
    -947.74140150611299,
    -4641.7976080823846
  ],
  "num_iteration": 1000,
  "num_modalities": 4,
  "num_topics": 7,
  "total_liklihood": -33044.937799952866
}
