{
  "modality_liklihoods": [
    -14138.294044611524,
    -13289.766120623481,
    -937.49866808698982,
    -4641.754620121108
  ],
  "num_iteration": 1000,
  "num_modalities": 4,
  "num_topics": 7,
  "total_liklihood": -33007.313453443101
}
