{
  "modality_liklihoods": [
    -13019.515351525291,
    -13241.342727205971,
    -944.73686466839263,
    -4648.6760978525481
  ],
  "num_iteration": 1000,
  "num_modalities": 4,
  "num_topics": 7,
  "total_liklihood": -31854.271041252203
}
