{
  "modality_liklihoods": [
    -14215.642998334994,
    -13190.151903653101,
    -933.21290925478047,
    -4644.1238918634017
  ],
  "num_iteration": 1000,
  "num_modalities": 4,
  "num_topics": 7,
  "total_liklihood": -32983.131703106279
}
