{
  "modality_liklihoods": [
    -13887.474827646187,
    -13282.328805258385,
    -938.06356311142849,
    -4616.6803748486082
  ],
  "num_iteration": 1000,
  "num_modalities": 4,
  "num_topics": 7,
  "total_liklihood": -32724.547570864608
}
