{
  "modality_liklihoods": [
    -14407.707418037053,
    -13290.656033288267,
    -927.44935317938427,
    -4627.3180159011499
  ],
  "num_iteration": 1000,
  "num_modalities": 4,
  "num_topics": 7,
  "total_liklihood": -33253.130820405859
}
