{
  "modality_liklihoods": [
    -14155.789554049859,
    -13281.262129658462,
    -935.77876437249063,
    -4588.8846491495997
  ],
  "num_iteration": 1000,
  "num_modalities": 4,
  "num_topics": 7,
  "total_liklihood": -32961.715097230408
}
