{
  "modality_liklihoods": [
    -13437.98680488778,
    -13252.982074842826,
    -935.0025421676213,
    -4633.0929054109165
  ],
  "num_iteration": 1000,
  "num_modalities": 4,
  "num_topics": 7,
  "total_liklihood": -32259.064327309148
}
