{
  "modality_liklihoods": [
    -14054.104424113952,
    -13275.61172884866,
    -943.6251759448254,
    -4659.6681596281296
  ],
  "num_iteration": 1000,
  "num_modalities": 4,
  "num_topics": 7,
  "total_liklihood": -32933.009488535565
}
