{
  "modality_liklihoods": [
    -13692.142082315937,
    -13272.869814328238,
    -940.06518680429315,
    -4647.6754648353462
  ],
  "num_iteration": 1000,
  "num_modalities": 4,
  "num_topics": 7,
  "total_liklihood": -32552.75254828381
}
