{
  "modality_liklihoods": [
    -13711.563587558696,
    -13245.238405875032,
    -944.76539987354977,
    -4614.7700510409186
  ],
  "num_iteration": 1000,
  "num_modalities": 4,
  "num_topics": 7,
  "total_liklihood": -32516.337444348199
}
