{
  "modality_liklihoods": [
    -14324.609135721808,
    -13249.457673930599,
    -930.77581698691688,
    -4646.3431642596524
  ],
  "num_iteration": 1000,
  "num_modalities": 4,
  "num_topics": 7,
  "total_liklihood": -33151.185790898977
}
