{
  "modality_liklihoods": [
    -13798.650186433335,
    -13248.911840579764,
    -937.86665541343109,
    -4605.5222051047649
  ],
  "num_iteration": 1000,
  "num_modalities": 4,
  "num_topics": 7,
  "total_liklihood": -32590.950887531293
}
