{
  "modality_liklihoods": [
    -13476.976904955027,
    -13270.596919460226,
    -934.71798176231994,
    -4598.5174258265815
  ],
  "num_iteration": 1000,
  "num_modalities": 4,
  "num_topics": 7,
  "total_liklihood": -32280.809232004154
}
