{
  "modality_liklihoods": [
    -14462.140926965674,
    -13257.149252840605,
    -940.77979903460709,
    -4652.2490398383507
  ],
  "num_iteration": 1000,
  "num_modalities": 4,
  "num_topics": 7,
  "total_liklihood": -33312.319018679242
}
