{
  "modality_liklihoods": [
    -13489.039138035487,
    -13214.175302643334,
    -943.32791589565227,
    -4644.3647182137793
  ],
  "num_iteration": 1000,
  "num_modalities": 4,
  "num_topics": 7,
  "total_liklihood": -32290.907074788254
}
