{
  "modality_liklihoods": [
    -13699.951710150566,
    -13277.724041315741,
    -936.41494984257076,
    -4613.8277950423135
  ],
  "num_iteration": 1000,
  "num_modalities": 4,
  "num_topics": 7,
  "total_liklihood": -32527.918496351194
}
