{
  "modality_liklihoods": [
    -14612.393331930762,
    -13204.377302810934,
    -941.90267327998845,
    -4662.2115740646896
  ],
  "num_iteration": 1000,
  "num_modalities": 4,
  "num_topics": 7,
  "total_liklihood": -33420.884882086379
}
