{
  "modality_liklihoods": [
    -14216.088870962561,
    -13247.771019955111,
    -940.27822640160571,
    -4670.4961642939197
  ],
  "num_iteration": 1000,
  "num_modalities": 4,
  "num_topics": 7,
  "total_liklihood": -33074.634281613195
}
