{
  "modality_liklihoods": [
    -14041.04323379943,
    -13256.927780493266,
    -938.03185360357099,
    -4614.4334699643714
  ],
  "num_iteration": 1000,
  "num_modalities": 4,
  "num_topics": 7,
  "total_liklihood": -32850.436337860636
}
