{
  "modality_liklihoods": [
    -13901.072325448755,
    -13283.848559842905,
    -941.68468423214415,
    -4624.1529413835533
  ],
  "num_iteration": 1000,
  "num_modalities": 4,
  "num_topics": 7,
  "total_liklihood": -32750.758510907355
}
