{
  "modality_liklihoods": [
    -14364.971701732396,
    -13217.136068056958,
    -934.65638126695262,
    -4616.5589142222707
  ],
  "num_iteration": 1000,
  "num_modalities": 4,
  "num_topics": 7,
  "total_liklihood": -33133.323065278579
}
