{
  "modality_liklihoods": [
    -13865.244680389913,
    -13265.630846880873,
    -935.88436110666157,
    -4625.9846837943996
  ],
  "num_iteration": 1000,
  "num_modalities": 4,
  "num_topics": 7,
  "total_liklihood": -32692.744572171847
}
