{
  "modality_liklihoods": [
    -13804.556818747507,
    -13255.317588241238,
    -939.20233896830121,
    -4668.0990870829637
  ],
  "num_iteration": 1000,
  "num_modalities": 4,
  "num_topics": 7,
  "total_liklihood": -32667.175833040012
}
