{
  "modality_liklihoods": [
    -12988.211681501749,
    -13253.152899785129,
    -942.55767368628869,
    -4617.2627944842416
  ],
  "num_iteration": 1000,
  "num_modalities": 4,
  "num_topics": 7,
  "total_liklihood": -31801.18504945741
}
