{
  "modality_liklihoods": [
    -14190.873389312894,
    -13273.303704613825,
    -936.52903985774117,
    -4601.7455620455912
  ],
  "num_iteration": 1000,
  "num_modalities": 4,
  "num_topics": 7,
  "total_liklihood": -33002.451695830052
}
