{
  "modality_liklihoods": [
    -13712.441648408831,
    -13246.693766374745,
    -935.57303340618853,
    -4743.6360026982647
  ],
  "num_iteration": 1000,
  "num_modalities": 4,
  "num_topics": 7,
  "total_liklihood": -32638.344450888027
}
