{
  "modality_liklihoods": [
    -14510.158504052692,
    -13314.539220502467,
    -937.07552878904767,
    -4647.0230890840839
  ],
  "num_iteration": 1000,
  "num_modalities": 4,
  "num_topics": 7,
  "total_liklihood": -33408.796342428293
}
