{
  "modality_liklihoods": [
    -14113.834240725073,
    -13292.558423640216,
    -942.81770522215709,
    -4587.3545504004405
  ],
  "num_iteration": 1000,
  "num_modalities": 4,
  "num_topics": 7,
  "total_liklihood": -32936.56491998789
}
