{
  "modality_liklihoods": [
    -13594.300165698136,
    -13277.527146232491,
    -937.2536288781738,
    -4587.7781332011409
  ],
  "num_iteration": 1000,
  "num_modalities": 4,
  "num_topics": 7,
  "total_liklihood": -32396.859074009939
}
