{
  "modality_liklihoods": [
    -13551.030113101713,
    -13274.791591983103,
    -949.31284374936763,
    -4627.8722563994015
  ],
  "num_iteration": 1000,
  "num_modalities": 4,
  "num_topics": 7,
  "total_liklihood": -32403.006805233588
}
