{
  "modality_liklihoods": [
    -13514.160836401605,
    -13234.374782167213,
    -938.87407812299932,
    -4669.8696861212393
  ],
  "num_iteration": 1000,
  "num_modalities": 4,
  "num_topics": 7,
  "total_liklihood": -32357.27938281306
}
