{
  "modality_liklihoods": [
    -13986.490822060929,
    -13241.498484404328,
    -935.81932991510541,
    -4640.0925872472426
  ],
  "num_iteration": 1000,
  "num_modalities": 4,
  "num_topics": 7,
  "total_liklihood": -32803.901223627603
}
