{
  "modality_liklihoods": [
    -14092.63801331453,
    -13247.55154012411,
    -935.75994687477294,
    -4653.0948312767296
  ],
  "num_iteration": 1000,
  "num_modalities": 4,
  "num_topics": 7,
  "total_liklihood": -32929.044331590143
}
