{
  "modality_liklihoods": [
    -13850.744324045914,
    -13271.97506418438,
    -933.86082974184342,
    -4653.5681618377857
  ],
  "num_iteration": 1000,
  "num_modalities": 4,
  "num_topics": 7,
  "total_liklihood": -32710.148379809925
}
