{
  "modality_liklihoods": [
    -13499.291424407318,
    -13230.916800962535,
    -941.92637433406753,
    -4653.0488246583127
  ],
  "num_iteration": 1000,
  "num_modalities": 4,
  "num_topics": 7,
  "total_liklihood": -32325.183424362232
}
