{
  "modality_liklihoods": [
    -13337.222952288894,
    -13228.318675826917,
    -939.14735364473677,
    -4636.540272045936
  ],
  "num_iteration": 1000,
  "num_modalities": 4,
  "num_topics": 7,
  "total_liklihood": -32141.229253806483
}
