{
  "modality_liklihoods": [
    -13693.547640085704,
    -13298.311228559429,
    -934.062800517293,
    -4623.595572666356
  ],
  "num_iteration": 1000,
  "num_modalities": 4,
  "num_topics": 7,
  "total_liklihood": -32549.51724182878
}
