{
  "modality_liklihoods": [
    -14066.454103581233,
    -13272.30588249866,
    -936.03073561414271,
    -4635.5121567566212
  ],
  "num_iteration": 1000,
  "num_modalities": 4,
  "num_topics": 7,
  "total_liklihood": -32910.302878450661
}
