{
  "modality_liklihoods": [
    -14439.390315607121,
    -13282.030498341266,
    -938.48488340632696,
    -4616.0219119148269
  ],
  "num_iteration": 1000,
  "num_modalities": 4,
  "num_topics": 7,
  "total_liklihood": -33275.927609269544
}
