{
  "modality_liklihoods": [
    -13130.101774136052,
    -13262.071421759083,
    -941.98371650475383,
    -4679.2253003780361
  ],
  "num_iteration": 1000,
  "num_modalities": 4,
  "num_topics": 7,
  "total_liklihood": -32013.382212777924
}
