{
  "modality_liklihoods": [
    -13251.177155827163,
    -13277.290816231445,
    -940.42363149322489,
    -4683.8860997947813
  ],
  "num_iteration": 1000,
  "num_modalities": 4,
  "num_topics": 7,
  "total_liklihood": -32152.777703346612
}
