{
  "modality_liklihoods": [
    -13830.818510049941,
    -13309.647946158913,
    -935.56537062956397,
    -4662.0897379527414
  ],
  "num_iteration": 1000,
  "num_modalities": 4,
  "num_topics": 7,
  "total_liklihood": -32738.121564791159
}
