{
  "modality_liklihoods": [
    -14067.023543151749,
    -13305.270897169896,
    -940.55542723740416,
    -4606.175180239462
  ],
  "num_iteration": 1000,
  "num_modalities": 4,
  "num_topics": 7,
  "total_liklihood": -32919.02504779851
}
