{
  "modality_liklihoods": [
    -14142.415878043143,
    -13259.355825532313,
    -940.10289638052245,
    -4636.5069934649127
  ],
  "num_iteration": 1000,
  "num_modalities": 4,
  "num_topics": 7,
  "total_liklihood": -32978.381593420891
}
