{
  "modality_liklihoods": [
    -13947.003576516809,
    -13286.642460381827,
    -939.2692902611484,
    -4685.3713380335048
  ],
  "num_iteration": 1000,
  "num_modalities": 4,
  "num_topics": 7,
  "total_liklihood": -32858.286665193293
}
