{
  "modality_liklihoods": [
    -13115.099858355106,
    -13274.349747240205,
    -941.12297953932296,
    -4613.305330176755
  ],
  "num_iteration": 1000,
  "num_modalities": 4,
  "num_topics": 7,
  "total_liklihood": -31943.87791531139
}
