{
  "modality_liklihoods": [
    -13946.457574458002,
    -13263.182171941273,
    -936.53204748405335,
    -4641.6797719562055
  ],
  "num_iteration": 1000,
  "num_modalities": 4,
  "num_topics": 7,
  "total_liklihood": -32787.851565839534
}
