{
  "modality_liklihoods": [
    -14617.380829796153,
    -13295.229299920547,
    -942.2796249428784,
    -4603.6373164443094
  ],
  "num_iteration": 1000,
  "num_modalities": 4,
  "num_topics": 7,
  "total_liklihood": -33458.52707110389
}
