{
  "modality_liklihoods": [
    -13985.081817071858,
    -13223.597162740018,
    -946.10655857430993,
    -4636.0338861930913
  ],
  "num_iteration": 1000,
  "num_modalities": 4,
  "num_topics": 7,
  "total_liklihood": -32790.819424579277
}
