{
  "modality_liklihoods": [
    -13863.374825743493,
    -13273.905075283768,
    -934.14429751833916,
    -4651.9791245962924
  ],
  "num_iteration": 1000,
  "num_modalities": 4,
  "num_topics": 7,
  "total_liklihood": -32723.403323141891
}
