{
  "modality_liklihoods": [
    -14349.899814929151,
    -13287.992888294899,
    -939.61410663607819,
    -4611.5126077122359
  ],
  "num_iteration": 1000,
  "num_modalities": 4,
  "num_topics": 7,
  "total_liklihood": -33189.019417572366
}
