{
  "modality_liklihoods": [
    -13951.47873073665,
    -13294.464981515011,
    -936.06913484668814,
    -4681.008557488125
  ],
  "num_iteration": 1000,
  "num_modalities": 4,
  "num_topics": 7,
  "total_liklihood": -32863.021404586478
}
