{
  "modality_liklihoods": [
    -14775.813121760895,
    -13198.21261289018,
    -935.38171212687917,
    -4667.5152245229638
  ],
  "num_iteration": 1000,
  "num_modalities": 4,
  "num_topics": 7,
  "total_liklihood": -33576.922671300919
}
