{
  "modality_liklihoods": [
    -14193.261372494404,
    -13235.498237316595,
    -936.19266557807441,
    -4637.7543517645736
  ],
  "num_iteration": 1000,
  "num_modalities": 4,
  "num_topics": 7,
  "total_liklihood": -33002.706627153646
}
