{
  "modality_liklihoods": [
    -13962.610824698544,
    -13315.144305862648,
    -947.79263012279466,
    -4620.7099694098697
  ],
  "num_iteration": 1000,
  "num_modalities": 4,
  "num_topics": 7,
  "total_liklihood": -32846.257730093857
}
