{
  "modality_liklihoods": [
    -14218.669581474987,
    -13273.896373726066,
    -942.78119412075785,
    -4625.6337593356166
  ],
  "num_iteration": 1000,
  "num_modalities": 4,
  "num_topics": 7,
  "total_liklihood": -33060.980908657431
}
