{
  "modality_liklihoods": [
    -14284.384966351459,
    -13216.629650223234,
    -936.33330645837827,
    -4730.1806369978749
  ],
  "num_iteration": 1000,
  "num_modalities": 4,
  "num_topics": 7,
  "total_liklihood": -33167.528560030943
}
