{
  "modality_liklihoods": [
    -13504.64303896126,
    -13258.156051278822,
    -940.6353660154947,
    -4699.8932572618032
  ],
  "num_iteration": 1000,
  "num_modalities": 4,
  "num_topics": 7,
  "total_liklihood": -32403.327713517381
}
