{
  "modality_liklihoods": [
    -14484.728960439936,
    -13245.533872210524,
    -939.26797830285182,
    -4753.7653868315201
  ],
  "num_iteration": 1000,
  "num_modalities": 4,
  "num_topics": 7,
  "total_liklihood": -33423.296197784832
}
