{
  "modality_liklihoods": [
    -13871.940236301511,
    -13208.220460018669,
    -937.99774085665194,
    -4688.9174718477234
  ],
  "num_iteration": 1000,
  "num_modalities": 4,
  "num_topics": 7,
  "total_liklihood": -32707.075909024552
}
