{
  "modality_liklihoods": [
    -14026.590107169794,
    -13274.108091097045,
    -939.51638068132786,
    -4665.4821191656138
  ],
  "num_iteration": 1000,
  "num_modalities": 4,
  "num_topics": 7,
  "total_liklihood": -32905.696698113781
}
