{
  "modality_liklihoods": [
    -13428.376969089815,
    -13277.908488636709,
    -945.34396091459701,
    -4622.1304602405198
  ],
  "num_iteration": 1000,
  "num_modalities": 4,
  "num_topics": 7,
  "total_liklihood": -32273.759878881639
}
