{
  "modality_liklihoods": [
    -13549.706213706422,
    -13248.666028160158,
    -946.59600420223023,
    -4667.9419957730988
  ],
  "num_iteration": 1000,
  "num_modalities": 4,
  "num_topics": 7,
  "total_liklihood": -32412.910241841906
}
