{
  "modality_liklihoods": [
    -14230.04341553855,
    -13239.712096574605,
    -942.06414769381672,
    -4614.1237681152206
  ],
  "num_iteration": 1000,
  "num_modalities": 4,
  "num_topics": 7,
  "total_liklihood": -33025.943427922197
}
