{
  "modality_liklihoods": [
    -13796.157603531945,
    -13268.943540443724,
    -940.67300590849788,
    -4616.1785107491378
  ],
  "num_iteration": 1000,
  "num_modalities": 4,
  "num_topics": 7,
  "total_liklihood": -32621.952660633306
}
