{
  "modality_liklihoods": [
    -13995.562661987811,
    -13261.280881775887,
    -940.1366939418325,
    -4648.6336911401377
  ],
  "num_iteration": 1000,
  "num_modalities": 4,
  "num_topics": 7,
  "total_liklihood": -32845.613928845669
}
