{
  "modality_liklihoods": [
    -13834.355982987949,
    -13290.657331137929,
    -931.35745268686321,
    -4627.3177630201253
  ],
  "num_iteration": 1000,
  "num_modalities": 4,
  "num_topics": 7,
  "total_liklihood": -32683.688529832863
}
