{
  "modality_liklihoods": [
    -13296.049670268098,
    -13261.076255141332,
    -941.94549663000419,
    -4633.2659404193992
  ],
  "num_iteration": 1000,
  "num_modalities": 4,
  "num_topics": 7,
  "total_liklihood": -32132.337362458831
}
