{
  "modality_liklihoods": [
    -13612.240280192711,
    -13246.617827232676,
    -943.94988223796884,
    -4657.3680179018274
  ],
  "num_iteration": 1000,
  "num_modalities": 4,
  "num_topics": 7,
  "total_liklihood": -32460.176007565184
}
