{
  "modality_liklihoods": [
    -14008.30969054512,
    -13258.625738136407,
    -934.59510899111854,
    -4664.4016295725332
  ],
  "num_iteration": 1000,
  "num_modalities": 4,
  "num_topics": 7,
  "total_liklihood": -32865.932167245177
}
