{
  "modality_liklihoods": [
    -14428.802801835007,
    -13261.612454354423,
    -941.07388667341991,
    -4668.6518845724913
  ],
  "num_iteration": 1000,
  "num_modalities": 4,
  "num_topics": 7,
  "total_liklihood": -33300.14102743534
}
