{
  "modality_liklihoods": [
    -14258.744756513939,
    -13242.859447253995,
    -934.77776337501575,
    -4616.226316275206
  ],
  "num_iteration": 1000,
  "num_modalities": 4,
  "num_topics": 7,
  "total_liklihood": -33052.608283418158
}
