{
  "modality_liklihoods": [
    -15089.296705557173,
    -13207.553460654442,
    -942.54914314410064,
    -4662.9582380066922
  ],
  "num_iteration": 1000,
  "num_modalities": 4,
  "num_topics": 7,
  "total_liklihood": -33902.357547362408
}
