{
  "modality_liklihoods": [
    -13940.041304112237,
    -13234.94891624802,
    -941.63137625842126,
    -4700.0947407314643
  ],
  "num_iteration": 1000,
  "num_modalities": 4,
  "num_topics": 7,
  "total_liklihood": -32816.716337350146
}
