{
  "modality_liklihoods": [
    -13901.731762325597,
    -13276.085286224963,
    -940.7586521589576,
    -4632.3840791033117
  ],
  "num_iteration": 1000,
  "num_modalities": 4,
  "num_topics": 7,
  "total_liklihood": -32750.959779812831
}
