{
  "modality_liklihoods": [
    -13839.845676814004,
    -13273.095878228129,
    -947.8584375947612,
    -4626.2078125954022
  ],
  "num_iteration": 1000,
  "num_modalities": 4,
  "num_topics": 7,
  "total_liklihood": -32687.007805232297
}
