{
  "modality_liklihoods": [
    -13993.017480364069,
    -13243.238293435279,
    -938.63849791153734,
    -4683.6586126851926
  ],
  "num_iteration": 1000,
  "num_modalities": 4,
  "num_topics": 7,
  "total_liklihood": -32858.552884396078
}
