{
  "modality_liklihoods": [
    -13944.797285252229,
    -13257.760015615157,
    -938.52959289308126,
    -4608.1737084968991
  ],
  "num_iteration": 1000,
  "num_modalities": 4,
  "num_topics": 7,
  "total_liklihood": -32749.260602257367
}
