{
  "modality_liklihoods": [
    -14512.866751029695,
    -13180.293191592385,
    -943.10612799289083,
    -4630.7822118354416
  ],
  "num_iteration": 1000,
  "num_modalities": 4,
  "num_topics": 7,
  "total_liklihood": -33267.048282450414
}
