{
  "modality_liklihoods": [
    -11661.270471604892,
    -13283.079053072284,
    -939.04541634055749,
    -4663.7948649235623
  ],
  "num_iteration": 1000,
  "num_modalities": 4,
  "num_topics": 7,
  "total_liklihood": -30547.1898059413
}
