{
  "modality_liklihoods": [
    -13914.36928077499,
    -13333.743987242611,
    -939.17927453066989,
    -4570.2376605965283
  ],
  "num_iteration": 1000,
  "num_modalities": 4,
  "num_topics": 7,
  "total_liklihood": -32757.530203144801
}
