{
  "modality_liklihoods": [
    -14445.729955134106,
    -13244.798806648962,
    -934.09507992561259,
    -4640.4364618893051
  ],
  "num_iteration": 1000,
  "num_modalities": 4,
  "num_topics": 7,
  "total_liklihood": -33265.060303597988
}
