{
  "modality_liklihoods": [
    -14078.406403577006,
    -13249.702679208762,
    -940.95246310821165,
    -4643.1205749926075
  ],
  "num_iteration": 1000,
  "num_modalities": 4,
  "num_topics": 7,
  "total_liklihood": -32912.182120886588
}
