{
  "modality_liklihoods": [
    -13514.184328642385,
    -13266.275315265566,
    -950.43962179305584,
    -4564.8567315377441
  ],
  "num_iteration": 1000,
  "num_modalities": 4,
  "num_topics": 7,
  "total_liklihood": -32295.75599723875
}
