{
  "modality_liklihoods": [
    -13994.523815317129,
    -13242.043457179532,
    -938.1948809640005,
    -4647.8045579350874
  ],
  "num_iteration": 1000,
  "num_modalities": 4,
  "num_topics": 7,
  "total_liklihood": -32822.566711395746
}
