{
  "modality_liklihoods": [
    -14930.869487210222,
    -13207.275588444541,
    -937.09977385553475,
    -4669.1517637557445
  ],
  "num_iteration": 1000,
  "num_modalities": 4,
  "num_topics": 7,
  "total_liklihood": -33744.396613266043
}
