{
  "modality_liklihoods": [
    -14571.832451003369,
    -13270.681303856505,
    -941.58992861326101,
    -4617.9897901082595
  ],
  "num_iteration": 1000,
  "num_modalities": 4,
  "num_topics": 7,
  "total_liklihood": -33402.093473581393
}
