{
  "modality_liklihoods": [
    -13455.02546898724,
    -13262.394501201346,
    -942.0307324322589,
    -4648.1262333351324
  ],
  "num_iteration": 1000,
  "num_modalities": 4,
  "num_topics": 7,
  "total_liklihood": -32307.576935955982
}
