{
  "modality_liklihoods": [
    -12064.935352363098,
    -13224.766655503419,
    -947.45673070881833,
    -4687.3638380083294
  ],
  "num_iteration": 1000,
  "num_modalities": 4,
  "num_topics": 7,
  "total_liklihood": -30924.522576583662
}
