{
  "modality_liklihoods": [
    -13991.864156806709,
    -13262.672124909603,
    -943.29359656426368,
    -4622.576868438673
  ],
  "num_iteration": 1000,
  "num_modalities": 4,
  "num_topics": 7,
  "total_liklihood": -32820.406746719251
}
