{
  "modality_liklihoods": [
    -14588.259311338183,
    -13254.847140282229,
    -936.66416565700683,
    -4627.842168555544
  ],
  "num_iteration": 1000,
  "num_modalities": 4,
  "num_topics": 7,
  "total_liklihood": -33407.612785832964
}
