{
  "modality_liklihoods": [
    -14595.593940185936,
    -13257.521796999188,
    -942.22251019914529,
    -4617.8534671778862
  ],
  "num_iteration": 1000,
  "num_modalities": 4,
  "num_topics": 7,
  "total_liklihood": -33413.191714562156
}
