{
  "modality_liklihoods": [
    -13903.270089456508,
    -13299.37659209274,
    -938.70001905583251,
    -4649.9777880686943
  ],
  "num_iteration": 1000,
  "num_modalities": 4,
  "num_topics": 7,
  "total_liklihood": -32791.324488673774
}
