{
  "modality_liklihoods": [
    -14048.973105759535,
    -13262.871804355775,
    -942.27041811295783,
    -4631.4855137022269
  ],
  "num_iteration": 1000,
  "num_modalities": 4,
  "num_topics": 7,
  "total_liklihood": -32885.600841930493
}
