{
  "modality_liklihoods": [
    -14626.847787033474,
    -13282.62908050176,
    -939.86837241758269,
    -4697.8445421915067
  ],
  "num_iteration": 1000,
  "num_modalities": 4,
  "num_topics": 7,
  "total_liklihood": -33547.18978214432
}
