{
  "modality_liklihoods": [
    -14975.807497278487,
    -13217.427825388306,
    -947.06261015871166,
    -4680.6395721781073
  ],
  "num_iteration": 1000,
  "num_modalities": 4,
  "num_topics": 7,
  "total_liklihood": -33820.937505003611
}
