{
  "modality_liklihoods": [
    -13727.685219128023,
    -13254.854839489348,
    -937.99743653657879,
    -4677.0732338769913
  ],
  "num_iteration": 1000,
  "num_modalities": 4,
  "num_topics": 7,
  "total_liklihood": -32597.610729030941
}
