{
  "modality_liklihoods": [
    -13896.264355084013,
    -13277.518855306576,
    -936.97359053021398,
    -4643.4159078343318
  ],
  "num_iteration": 1000,
  "num_modalities": 4,
  "num_topics": 7,
  "total_liklihood": -32754.172708755137
}
