{
  "modality_liklihoods": [
    -13331.712234576044,
    -13246.200281139729,
    -935.99453628448407,
    -4581.3286239931322
  ],
  "num_iteration": 1000,
  "num_modalities": 4,
  "num_topics": 7,
  "total_liklihood": -32095.23567599339
}
