{
  "modality_liklihoods": [
    -13867.183998635428,
    -13265.914699309573,
    -945.77655414963897,
    -4631.9661078427089
  ],
  "num_iteration": 1000,
  "num_modalities": 4,
  "num_topics": 7,
  "total_liklihood": -32710.841359937349
}
