{
  "modality_liklihoods": [
    -14103.193748271304,
    -13227.837298883711,
    -934.43882044403506,
    -4645.9289368041455
  ],
  "num_iteration": 1000,
  "num_modalities": 4,
  "num_topics": 7,
  "total_liklihood": -32911.398804403194
}
