{
  "modality_liklihoods": [
    -13946.207825614736,
    -13303.938425672241,
    -932.51388358999475,
    -4638.5796009209753
  ],
  "num_iteration": 1000,
  "num_modalities": 4,
  "num_topics": 7,
  "total_liklihood": -32821.23973579795
}
