{
  "modality_liklihoods": [
    -14347.168387416095,
    -13287.650257848016,
    -939.29068254125366,
    -4630.8346422406985
  ],
  "num_iteration": 1000,
  "num_modalities": 4,
  "num_topics": 7,
  "total_liklihood": -33204.943970046064
}
