{
  "modality_liklihoods": [
    -14141.505318255482,
    -13217.484640793735,
    -943.20901267233148,
    -4697.6686543181577
  ],
  "num_iteration": 1000,
  "num_modalities": 4,
  "num_topics": 7,
  "total_liklihood": -32999.867626039704
}
