{
  "modality_liklihoods": [
    -14426.831350082728,
    -13228.247033480573,
    -950.22811615750163,
    -4719.1484539886114
  ],
  "num_iteration": 1000,
  "num_modalities": 4,
  "num_topics": 7,
  "total_liklihood": -33324.454953709414
}
