{
  "modality_liklihoods": [
    -14305.445420974387,
    -13199.639511372634,
    -940.87091533133241,
    -4689.4797078678521
  ],
  "num_iteration": 1000,
  "num_modalities": 4,
  "num_topics": 7,
  "total_liklihood": -33135.435555546203
}
