{
  "modality_liklihoods": [
    -14208.138552783692,
    -13273.726614498537,
    -935.04331467254792,
    -4666.7994668996771
  ],
  "num_iteration": 1000,
  "num_modalities": 4,
  "num_topics": 7,
  "total_liklihood": -33083.707948854455
}
