{
  "modality_liklihoods": [
    -14390.01925773002,
    -13245.157928443186,
    -939.35044082167428,
    -4699.2603868522792
  ],
  "num_iteration": 1000,
  "num_modalities": 4,
  "num_topics": 7,
  "total_liklihood": -33273.788013847159
}
