{
  "modality_liklihoods": [
    -13111.711243781278,
    -13259.061115899241,
    -937.43952796223573,
    -4655.8392229878536
  ],
  "num_iteration": 1000,
  "num_modalities": 4,
  "num_topics": 7,
  "total_liklihood": -31964.051110630608
}
