{
  "modality_liklihoods": [
    -13772.673601139828,
    -13297.038907095019,
    -934.06535516177792,
    -4616.5344523822369
  ],
  "num_iteration": 1000,
  "num_modalities": 4,
  "num_topics": 7,
  "total_liklihood": -32620.312315778858
}
