{
  "modality_liklihoods": [
    -13768.25111178324,
    -13272.829670356437,
    -944.95048233280943,
    -4610.9542700948514
  ],
  "num_iteration": 1000,
  "num_modalities": 4,
  "num_topics": 7,
  "total_liklihood": -32596.985534567339
}
