{
  "modality_liklihoods": [
    -13500.130191912021,
    -13243.642287216508,
    -940.01857260796999,
    -4604.7227512614818
  ],
  "num_iteration": 1000,
  "num_modalities": 4,
  "num_topics": 7,
  "total_liklihood": -32288.513802997979
}
