{
  "modality_liklihoods": [
    -13896.202551288756,
    -13275.089843259238,
    -944.02326736095483,
    -4625.3758250067922
  ],
  "num_iteration": 1000,
  "num_modalities": 4,
  "num_topics": 7,
  "total_liklihood": -32740.691486915737
}
