{
  "modality_liklihoods": [
    -14398.171784024536,
    -13238.841575307293,
    -931.98553809404416,
    -4580.9286561199124
  ],
  "num_iteration": 1000,
  "num_modalities": 4,
  "num_topics": 7,
  "total_liklihood": -33149.927553545785
}
