{
  "modality_liklihoods": [
    -13285.574018907701,
    -13215.478844518948,
    -938.29559399447112,
    -4667.5192226556983
  ],
  "num_iteration": 1000,
  "num_modalities": 4,
  "num_topics": 7,
  "total_liklihood": -32106.867680076815
}
