{
  "modality_liklihoods": [
    -13397.293389974138,
    -13272.793703505569,
    -943.70138639719232,
    -4615.1368920378827
  ],
  "num_iteration": 1000,
  "num_modalities": 4,
  "num_topics": 7,
  "total_liklihood": -32228.925371914782
}
