{
  "modality_liklihoods": [
    -13963.353317541832,
    -13308.213626543014,
    -941.33243086149469,
    -4609.5673194375477
  ],
  "num_iteration": 1000,
  "num_modalities": 4,
  "num_topics": 7,
  "total_liklihood": -32822.466694383889
}
