{
  "modality_liklihoods": [
    -14336.261122397766,
    -13259.777191584468,
    -940.6506884201832,
    -4675.090209180943
  ],
  "num_iteration": 1000,
  "num_modalities": 4,
  "num_topics": 7,
  "total_liklihood": -33211.779211583358
}
