{
  "modality_liklihoods": [
    -13247.676085831659,
    -13261.315876077486,
    -939.67816372123775,
    -4635.3726148698806
  ],
  "num_iteration": 1000,
  "num_modalities": 4,
  "num_topics": 7,
  "total_liklihood": -32084.042740500263
}
