{
  "modality_liklihoods": [
    -13625.931271319192,
    -13213.063752138498,
    -947.23636650971025,
    -4648.9994480326641
  ],
  "num_iteration": 1000,
  "num_modalities": 4,
  "num_topics": 7,
  "total_liklihood": -32435.230838000065
}
