{
  "modality_liklihoods": [
    -13054.532655382814,
    -13271.424584475761,
    -941.26242783533269,
    -4647.5516837489349
  ],
  "num_iteration": 1000,
  "num_modalities": 4,
  "num_topics": 7,
  "total_liklihood": -31914.77135144284
}
