{
  "modality_liklihoods": [
    -13516.442637171585,
    -13264.632203953746,
    -934.44007820211186,
    -4617.4947984393375
  ],
  "num_iteration": 1000,
  "num_modalities": 4,
  "num_topics": 7,
  "total_liklihood": -32333.009717766778
}
