{
  "modality_liklihoods": [
    -14042.542781509712,
    -13223.059872888925,
    -940.27250115607626,
    -4669.7788595535239
  ],
  "num_iteration": 1000,
  "num_modalities": 4,
  "num_topics": 7,
  "total_liklihood": -32875.654015108237
}
