{
  "modality_liklihoods": [
    -14191.723589858306,
    -13233.414820050491,
    -939.26580826590498,
    -4629.4106885466717
  ],
  "num_iteration": 1000,
  "num_modalities": 4,
  "num_topics": 7,
  "total_liklihood": -32993.814906721367
}
