{
  "modality_liklihoods": [
    -15067.830406038682,
    -13204.702660423005,
    -944.93397347704183,
    -4593.1701242141553
  ],
  "num_iteration": 1000,
  "num_modalities": 4,
  "num_topics": 7,
  "total_liklihood": -33810.637164152882
}
