{
  "modality_liklihoods": [
    -14461.484228647989,
    -13234.820009107327,
    -941.30650892749406,
    -4583.1093017503445
  ],
  "num_iteration": 1000,
  "num_modalities": 4,
  "num_topics": 7,
  "total_liklihood": -33220.720048433155
}
