{
  "modality_liklihoods": [
    -14047.946366947212,
    -13220.289841725231,
    -941.1110771816617,
    -4712.899404918644
  ],
  "num_iteration": 1000,
  "num_modalities": 4,
  "num_topics": 7,
  "total_liklihood": -32922.24669077275
}
