{
  "modality_liklihoods": [
    -13907.522981106227,
    -13280.715010828151,
    -933.71089976512678,
    -4648.5141724026089
  ],
  "num_iteration": 1000,
  "num_modalities": 4,
  "num_topics": 7,
  "total_liklihood": -32770.463064102114
}
