{
  "modality_liklihoods": [
    -13788.526420700089,
    -13272.548857013186,
    -942.38461672815288,
    -4634.0186587201142
  ],
  "num_iteration": 1000,
  "num_modalities": 4,
  "num_topics": 7,
  "total_liklihood": -32637.478553161538
}
