{
  "modality_liklihoods": [
    -13919.799771058944,
    -13237.38704096847,
    -943.85353202740578,
    -4657.3875793349016
  ],
  "num_iteration": 1000,
  "num_modalities": 4,
  "num_topics": 7,
  "total_liklihood": -32758.427923389725
}
