{
  "modality_liklihoods": [
    -13960.383731669252,
    -13267.015047646972,
    -943.17995274729901,
    -4607.1704469491515
  ],
  "num_iteration": 1000,
  "num_modalities": 4,
  "num_topics": 7,
  "total_liklihood": -32777.749179012673
}
