{
  "modality_liklihoods": [
    -14638.808967771922,
    -13255.586074630886,
    -940.24332995996519,
    -4587.8236029381187
  ],
  "num_iteration": 1000,
  "num_modalities": 4,
  "num_topics": 7,
  "total_liklihood": -33422.461975300888
}
