{
  "modality_liklihoods": [
    -14140.630413499708,
    -13213.459174290567,
    -937.6485421784206,
    -4693.635856105122
  ],
  "num_iteration": 1000,
  "num_modalities": 4,
  "num_topics": 7,
  "total_liklihood": -32985.373986073813
}
