{
  "modality_liklihoods": [
    -14302.938945734102,
    -13250.043878370028,
    -936.65637599137597,
    -4759.5005415050209
  ],
  "num_iteration": 1000,
  "num_modalities": 4,
  "num_topics": 7,
  "total_liklihood": -33249.139741600527
}
