{
  "modality_liklihoods": [
    -14054.338229728095,
    -13193.499258038941,
    -937.90270433729677,
    -4651.8936261002427
  ],
  "num_iteration": 1000,
  "num_modalities": 4,
  "num_topics": 7,
  "total_liklihood": -32837.633818204573
}
