{
  "modality_liklihoods": [
    -12796.485241548815,
    -13243.566629762117,
    -940.48838992312153,
    -4662.8006559247242
  ],
  "num_iteration": 1000,
  "num_modalities": 4,
  "num_topics": 7,
  "total_liklihood": -31643.340917158777
}
