{
  "modality_liklihoods": [
    -14075.565131769739,
    -13265.636872893603,
    -942.63342683660073,
    -4630.265751474597
  ],
  "num_iteration": 1000,
  "num_modalities": 4,
  "num_topics": 7,
  "total_liklihood": -32914.10118297454
}
