{
  "modality_liklihoods": [
    -14391.225700625908,
    -13267.248390374858,
    -942.7892048229287,
    -4630.8690682076276
  ],
  "num_iteration": 1000,
  "num_modalities": 4,
  "num_topics": 7,
  "total_liklihood": -33232.132364031328
}
