{
  "modality_liklihoods": [
    -13591.383297311528,
    -13193.070844102516,
    -938.8115180358393,
    -4680.5605190903816
  ],
  "num_iteration": 1000,
  "num_modalities": 4,
  "num_topics": 7,
  "total_liklihood": -32403.826178540265
}
