{
  "modality_liklihoods": [
    -14154.544335471737,
    -13201.902556694175,
    -937.85485856194623,
    -4689.065832826479
  ],
  "num_iteration": 1000,
  "num_modalities": 4,
  "num_topics": 7,
  "total_liklihood": -32983.36758355434
}
