{
  "modality_liklihoods": [
    -13989.315402446133,
    -13269.113670845951,
    -935.82146626601752,
    -4642.6088932142129
  ],
  "num_iteration": 1000,
  "num_modalities": 4,
  "num_topics": 7,
  "total_liklihood": -32836.859432772319
}
