{
  "modality_liklihoods": [
    -14493.629278798522,
    -13246.843671187244,
    -942.8226849989577,
    -4589.487964139601
  ],
  "num_iteration": 1000,
  "num_modalities": 4,
  "num_topics": 7,
  "total_liklihood": -33272.783599124326
}
