{
  "modality_liklihoods": [
    -13889.431415267274,
    -13239.867338123973,
    -937.50621806134131,
    -4649.1046502388945
  ],
  "num_iteration": 1000,
  "num_modalities": 4,
  "num_topics": 7,
  "total_liklihood": -32715.909621691484
}
