{
  "modality_liklihoods": [
    -13601.948647785179,
    -13224.881803134716,
    -945.81396497997275,
    -4612.1520481566813
  ],
  "num_iteration": 1000,
  "num_modalities": 4,
  "num_topics": 7,
  "total_liklihood": -32384.796464056548
}
