{
  "modality_liklihoods": [
    -14168.80841922318,
    -13220.706822841443,
    -941.08707583370585,
    -4626.0564048859096
  ],
  "num_iteration": 1000,
  "num_modalities": 4,
  "num_topics": 7,
  "total_liklihood": -32956.658722784239
}
