{
  "modality_liklihoods": [
    -13348.739149821949,
    -13282.587085156947,
    -935.91713493772102,
    -4640.8045559284801
  ],
  "num_iteration": 1000,
  "num_modalities": 4,
  "num_topics": 7,
  "total_liklihood": -32208.047925845098
}
