{
  "modality_liklihoods": [
    -14020.098173641611,
    -13286.584422465918,
    -939.08850481588377,
    -4610.452736809104
  ],
  "num_iteration": 1000,
  "num_modalities": 4,
  "num_topics": 7,
  "total_liklihood": -32856.223837732519
}
