{
  "modality_liklihoods": [
    -13652.398642601504,
    -13248.92982273385,
    -941.30065035765188,
    -4632.5632031166124
  ],
  "num_iteration": 1000,
  "num_modalities": 4,
  "num_topics": 7,
  "total_liklihood": -32475.192318809619
}
