{
  "modality_liklihoods": [
    -13976.448805528038,
    -13247.808762113611,
    -940.54687096024668,
    -4648.69918588366
  ],
  "num_iteration": 1000,
  "num_modalities": 4,
  "num_topics": 7,
  "total_liklihood": -32813.503624485558
}
