{
  "modality_liklihoods": [
    -14351.670286720277,
    -13250.533027713578,
    -940.28006386763445,
    -4641.9394876872275
  ],
  "num_iteration": 1000,
  "num_modalities": 4,
  "num_topics": 7,
  "total_liklihood": -33184.422865988716
}
