{
  "modality_liklihoods": [
    -14741.247928579922,
    -13218.181029245785,
    -935.71013569091394,
    -4673.8055033299506
  ],
  "num_iteration": 1000,
  "num_modalities": 4,
  "num_topics": 7,
  "total_liklihood": -33568.944596846573
}
