{
  "modality_liklihoods": [
    -14241.187904197372,
    -13223.23155114451,
    -937.44575338570428,
    -4631.9820536831103
  ],
  "num_iteration": 1000,
  "num_modalities": 4,
  "num_topics": 7,
  "total_liklihood": -33033.847262410694
}
