{
  "modality_liklihoods": [
    -12617.178401792642,
    -13249.909525505711,
    -939.8677796796768,
    -4673.4375702097423
  ],
  "num_iteration": 1000,
  "num_modalities": 4,
  "num_topics": 7,
  "total_liklihood": -31480.39327718777
}
