{
  "modality_liklihoods": [
    -13930.318990525941,
    -13245.25277082389,
    -938.36728449969632,
    -4688.3494223539183
  ],
  "num_iteration": 1000,
  "num_modalities": 4,
  "num_topics": 7,
  "total_liklihood": -32802.288468203442
}
