{
  "modality_liklihoods": [
    -14120.449595704611,
    -13296.007530659055,
    -946.39330892038299,
    -4673.7066132713635
  ],
  "num_iteration": 1000,
  "num_modalities": 4,
  "num_topics": 7,
  "total_liklihood": -33036.557048555413
}
