{
  "modality_liklihoods": [
    -13643.691805945151,
    -13271.293864830392,
    -936.76004974696798,
    -4666.6277472219599
  ],
  "num_iteration": 1000,
  "num_modalities": 4,
  "num_topics": 7,
  "total_liklihood": -32518.37346774447
}
