{
  "modality_liklihoods": [
    -13909.19465332971,
    -13305.075448064264,
    -933.96914118098994,
    -4621.4345055062076
  ],
  "num_iteration": 1000,
  "num_modalities": 4,
  "num_topics": 7,
  "total_liklihood": -32769.673748081172
}
