{
  "modality_liklihoods": [
    -13728.894059369892,
    -13279.500782207462,
    -935.27846970856683,
    -4619.3385910498255
  ],
  "num_iteration": 1000,
  "num_modalities": 4,
  "num_topics": 7,
  "total_liklihood": -32563.011902335747
}
