{
  "modality_liklihoods": [
    -14512.551366872811,
    -13287.332726277,
    -941.5662007992463,
    -4647.0508408621281
  ],
  "num_iteration": 1000,
  "num_modalities": 4,
  "num_topics": 7,
  "total_liklihood": -33388.501134811188
}
