{
  "modality_liklihoods": [
    -13996.021829116911,
    -13270.098680389436,
    -942.42697675796182,
    -4626.3842736400456
  ],
  "num_iteration": 1000,
  "num_modalities": 4,
  "num_topics": 7,
  "total_liklihood": -32834.931759904357
}
