{
  "modality_liklihoods": [
    -13961.468201567975,
    -13238.109009536362,
    -943.86205753163415,
    -4661.8026314203707
  ],
  "num_iteration": 1000,
  "num_modalities": 4,
  "num_topics": 7,
  "total_liklihood": -32805.241900056339
}
