{
  "modality_liklihoods": [
    -14450.978750365584,
    -13258.873900887831,
    -932.42772505051721,
    -4706.196332347462
  ],
  "num_iteration": 1000,
  "num_modalities": 4,
  "num_topics": 7,
  "total_liklihood": -33348.476708651397
}
