{
  "modality_liklihoods": [
    -14052.173918523882,
    -13301.494186953434,
    -936.11614589516159,
    -4672.3933006093548
  ],
  "num_iteration": 1000,
  "num_modalities": 4,
  "num_topics": 7,
  "total_liklihood": -32962.177551981833
}
