{
  "modality_liklihoods": [
    -13409.685062687475,
    -13228.527913503596,
    -941.90130363917331,
    -4650.4472013144468
  ],
  "num_iteration": 1000,
  "num_modalities": 4,
  "num_topics": 7,
  "total_liklihood": -32230.56148114469
}
