{
  "modality_liklihoods": [
    -14402.594791185171,
    -13269.62235966029,
    -939.99572278085861,
    -4634.4108118690438
  ],
  "num_iteration": 1000,
  "num_modalities": 4,
  "num_topics": 7,
  "total_liklihood": -33246.623685495368
}
