{
  "modality_liklihoods": [
    -14162.588789581434,
    -13267.236293821017,
    -932.97699493515574,
    -4650.6061820692848
  ],
  "num_iteration": 1000,
  "num_modalities": 4,
  "num_topics": 7,
  "total_liklihood": -33013.40826040689
}
