{
  "modality_liklihoods": [
    -14155.26008995882,
    -13215.84076787123,
    -939.57960486780394,
    -4721.6094348752977
  ],
  "num_iteration": 1000,
  "num_modalities": 4,
  "num_topics": 7,
  "total_liklihood": -33032.289897573151
}
