{
  "modality_liklihoods": [
    -15013.067303787484,
    -13237.834280903215,
    -937.36761280343273,
    -4597.074124851415
  ],
  "num_iteration": 1000,
  "num_modalities": 4,
  "num_topics": 7,
  "total_liklihood": -33785.343322345543
}
