{
  "modality_liklihoods": [
    -13935.56641469012,
    -13244.485276923022,
    -935.97111892298369,
    -4596.834658683244
  ],
  "num_iteration": 1000,
  "num_modalities": 4,
  "num_topics": 7,
  "total_liklihood": -32712.857469219369
}
