{
  "modality_liklihoods": [
    -14046.175918204823,
    -13249.361859999033,
    -940.84207727962246,
    -4662.7068585068109
  ],
  "num_iteration": 1000,
  "num_modalities": 4,
  "num_topics": 7,
  "total_liklihood": -32899.086713990291
}
