{
  "modality_liklihoods": [
    -13864.265097513824,
    -13279.252072981159,
    -936.69492011308478,
    -4644.1075171626135
  ],
  "num_iteration": 1000,
  "num_modalities": 4,
  "num_topics": 7,
  "total_liklihood": -32724.319607770682
}
