{
  "modality_liklihoods": [
    -14393.171369195115,
    -13261.011334049954,
    -944.16881087733839,
    -4608.980773010403
  ],
  "num_iteration": 1000,
  "num_modalities": 4,
  "num_topics": 7,
  "total_liklihood": -33207.332287132806
}
