{
  "modality_liklihoods": [
    -14033.959177639719,
    -13234.701726697156,
    -939.48403820960391,
    -4659.0362582985117
  ],
  "num_iteration": 1000,
  "num_modalities": 4,
  "num_topics": 7,
  "total_liklihood": -32867.181200844992
}
