{
  "modality_liklihoods": [
    -13952.028049808243,
    -13213.701726302663,
    -941.72868444447317,
    -4719.3069787029099
  ],
  "num_iteration": 1000,
  "num_modalities": 4,
  "num_topics": 7,
  "total_liklihood": -32826.765439258292
}
