{
  "modality_liklihoods": [
    -14413.548617622493,
    -13256.882701268258,
    -939.63137841505147,
    -4623.5360796573923
  ],
  "num_iteration": 1000,
  "num_modalities": 4,
  "num_topics": 7,
  "total_liklihood": -33233.598776963197
}
