{
  "modality_liklihoods": [
    -13954.811627170215,
    -13218.480123494897,
    -941.59316891080789,
    -4664.5823732476538
  ],
  "num_iteration": 1000,
  "num_modalities": 4,
  "num_topics": 7,
  "total_liklihood": -32779.467292823574
}
