{
  "modality_liklihoods": [
    -14067.114657146507,
    -13270.047186658818,
    -934.05727459318916,
    -4590.8493247964843
  ],
  "num_iteration": 1000,
  "num_modalities": 4,
  "num_topics": 7,
  "total_liklihood": -32862.068443194999
}
