{
  "modality_liklihoods": [
    -13779.855689115993,
    -13222.852281842395,
    -943.89554484720429,
    -4649.1720167575913
  ],
  "num_iteration": 1000,
  "num_modalities": 4,
  "num_topics": 7,
  "total_liklihood": -32595.775532563184
}
