{
  "modality_liklihoods": [
    -13565.700732901458,
    -13253.692410057129,
    -943.47491836848747,
    -4685.5054356971168
  ],
  "num_iteration": 1000,
  "num_modalities": 4,
  "num_topics": 7,
  "total_liklihood": -32448.373497024189
}
