{
  "modality_liklihoods": [
    -13881.15073262467,
    -13266.534254784963,
    -934.19228130183785,
    -4672.3629659154949
  ],
  "num_iteration": 1000,
  "num_modalities": 4,
  "num_topics": 7,
  "total_liklihood": -32754.240234626966
}
