{
  "modality_liklihoods": [
    -13590.53262033379,
    -13265.730355695654,
    -943.58952360579519,
    -4645.9028762947428
  ],
  "num_iteration": 1000,
  "num_modalities": 4,
  "num_topics": 7,
  "total_liklihood": -32445.755375929981
}
