{
  "modality_liklihoods": [
    -13363.574991369042,
    -13287.187400647765,
    -954.26209279147122,
    -4582.2631695783894
  ],
  "num_iteration": 1000,
  "num_modalities": 4,
  "num_topics": 7,
  "total_liklihood": -32187.287654386666
}
