{
  "modality_liklihoods": [
    -13433.935391895446,
    -13241.764939632947,
    -941.20376949421666,
    -4625.2266953743501
  ],
  "num_iteration": 1000,
  "num_modalities": 4,
  "num_topics": 7,
  "total_liklihood": -32242.130796396959
}
