{
  "modality_liklihoods": [
    -14282.754733706379,
    -13280.379101901388,
    -936.31145935041297,
    -4621.7577821754567
  ],
  "num_iteration": 1000,
  "num_modalities": 4,
  "num_topics": 7,
  "total_liklihood": -33121.203077133643
}
