{
  "modality_liklihoods": [
    -13661.703674469005,
    -13290.537669590183,
    -940.85189623593328,
    -4630.0445344573409
  ],
  "num_iteration": 1000,
  "num_modalities": 4,
  "num_topics": 7,
  "total_liklihood": -32523.137774752464
}
