{
  "modality_liklihoods": [
    -13777.100269709244,
    -13260.240633090014,
    -939.83143567714626,
    -4620.2137339506735
  ],
  "num_iteration": 1000,
  "num_modalities": 4,
  "num_topics": 7,
  "total_liklihood": -32597.386072427082
}
