{
  "modality_liklihoods": [
    -14354.213698692574,
    -13261.512224898914,
    -941.62649901655323,
    -4785.8862937966887
  ],
  "num_iteration": 1000,
  "num_modalities": 4,
  "num_topics": 7,
  "total_liklihood": -33343.238716404732
}
