{
  "modality_liklihoods": [
    -14054.235104976005,
    -13242.431765751584,
    -934.76666013709894,
    -4608.6465371676522
  ],
  "num_iteration": 1000,
  "num_modalities": 4,
  "num_topics": 7,
  "total_liklihood": -32840.080068032337
}
