{
  "modality_liklihoods": [
    -14125.554723249987,
    -13249.800176912038,
    -944.22700421214893,
    -4623.6239349188963
  ],
  "num_iteration": 1000,
  "num_modalities": 4,
  "num_topics": 7,
  "total_liklihood": -32943.20583929307
}
