{
  "modality_liklihoods": [
    -13408.707686546335,
    -13251.145386036751,
    -942.91836848232981,
    -4588.0335811675195
  ],
  "num_iteration": 1000,
  "num_modalities": 4,
  "num_topics": 7,
  "total_liklihood": -32190.805022232933
}
