{
  "modality_liklihoods": [
    -12811.69151167091,
    -13213.739091190093,
    -950.30443918092737,
    -4610.9122663882417
  ],
  "num_iteration": 1000,
  "num_modalities": 4,
  "num_topics": 7,
  "total_liklihood": -31586.647308430169
}
