{
  "modality_liklihoods": [
    -14364.103997856981,
    -13237.978430568708,
    -941.07476245949374,
    -4638.5572220600116
  ],
  "num_iteration": 1000,
  "num_modalities": 4,
  "num_topics": 7,
  "total_liklihood": -33181.714412945192
}
