{
  "modality_liklihoods": [
    -13949.589663696619,
    -13258.745105187894,
    -938.14990954282325,
    -4666.4359457068913
  ],
  "num_iteration": 1000,
  "num_modalities": 4,
  "num_topics": 7,
  "total_liklihood": -32812.920624134225
}
