{
  "modality_liklihoods": [
    -13693.874745499881,
    -13269.744984802543,
    -947.19090573250969,
    -4612.3667786538444
  ],
  "num_iteration": 1000,
  "num_modalities": 4,
  "num_topics": 7,
  "total_liklihood": -32523.177414688776
}
