{
  "modality_liklihoods": [
    -13714.288679622916,
    -13298.567908949057,
    -939.40024578975817,
    -4661.1303351631323
  ],
  "num_iteration": 1000,
  "num_modalities": 4,
  "num_topics": 7,
  "total_liklihood": -32613.387169524864
}
