{
  "modality_liklihoods": [
    -13107.839490765382,
    -13255.137566720397,
    -933.96749867774611,
    -4642.43646364083
  ],
  "num_iteration": 1000,
  "num_modalities": 4,
  "num_topics": 7,
  "total_liklihood": -31939.381019804357
}
