{
  "modality_liklihoods": [
    -14240.892944496656,
    -13210.626561573152,
    -946.58789573787817,
    -4729.7075574100254
  ],
  "num_iteration": 1000,
  "num_modalities": 4,
  "num_topics": 7,
  "total_liklihood": -33127.814959217714
}
