{
  "modality_liklihoods": [
    -13530.739353857623,
    -13238.750711372137,
    -942.3705139310149,
    -4633.3208731954091
  ],
  "num_iteration": 1000,
  "num_modalities": 4,
  "num_topics": 7,
  "total_liklihood": -32345.181452356184
}
