{
  "modality_liklihoods": [
    -14400.006771564094,
    -13275.026962550559,
    -936.35930318655903,
    -4598.5391621282997
  ],
  "num_iteration": 1000,
  "num_modalities": 4,
  "num_topics": 7,
  "total_liklihood": -33209.93219942951
}
