{
  "modality_liklihoods": [
    -13753.109600213014,
    -13276.942312166962,
    -943.10649323982182,
    -4628.9674750460817
  ],
  "num_iteration": 1000,
  "num_modalities": 4,
  "num_topics": 7,
  "total_liklihood": -32602.125880665881
}
