{
  "modality_liklihoods": [
    -13643.428036224956,
    -13258.871872064126,
    -940.21572290405084,
    -4684.5064942877088
  ],
  "num_iteration": 1000,
  "num_modalities": 4,
  "num_topics": 7,
  "total_liklihood": -32527.022125480842
}
