{
  "modality_liklihoods": [
    -13533.275070234005,
    -13248.310988851334,
    -943.64865170806036,
    -4625.8689020528573
  ],
  "num_iteration": 1000,
  "num_modalities": 4,
  "num_topics": 7,
  "total_liklihood": -32351.103612846258
}
