{
  "modality_liklihoods": [
    -14222.048628645329,
    -13263.290309984044,
    -943.77497357556126,
    -4664.6525394600085
  ],
  "num_iteration": 1000,
  "num_modalities": 4,
  "num_topics": 7,
  "total_liklihood": -33093.766451664938
}
