{
  "modality_liklihoods": [
    -13608.014983035999,
    -13307.248277651201,
    -951.98717296165523,
    -4625.06910784093
  ],
  "num_iteration": 1000,
  "num_modalities": 4,
  "num_topics": 7,
  "total_liklihood": -32492.319541489785
}
