{
  "modality_liklihoods": [
    -14117.607831605197,
    -13267.412676075197,
    -941.07121737433226,
    -4647.1227035633419
  ],
  "num_iteration": 1000,
  "num_modalities": 4,
  "num_topics": 7,
  "total_liklihood": -32973.21442861807
}
