{
  "modality_liklihoods": [
    -13963.467257752971,
    -13236.936439956353,
    -937.83017839538661,
    -4662.7811200468532
  ],
  "num_iteration": 1000,
  "num_modalities": 4,
  "num_topics": 7,
  "total_liklihood": -32801.014996151564
}
