{
  "modality_liklihoods": [
    -14159.490801187017,
    -13283.528247157072,
    -937.3922984739969,
    -4642.2842282355841
  ],
  "num_iteration": 1000,
  "num_modalities": 4,
  "num_topics": 7,
  "total_liklihood": -33022.695575053673
}
