{
  "modality_liklihoods": [
    -14069.288871787467,
    -13236.816265352532,
    -930.67335143073899,
    -4630.1263578632288
  ],
  "num_iteration": 1000,
  "num_modalities": 4,
  "num_topics": 7,
  "total_liklihood": -32866.904846433965
}
