{
  "modality_liklihoods": [
    -14382.185157827646,
    -13219.012788086748,
    -933.56468377168608,
    -4581.5589436561195
  ],
  "num_iteration": 1000,
  "num_modalities": 4,
  "num_topics": 7,
  "total_liklihood": -33116.321573342197
}
