{
  "modality_liklihoods": [
    -14076.637279132223,
    -13221.761994782602,
    -943.34026573502456,
    -4728.0215663086938
  ],
  "num_iteration": 1000,
  "num_modalities": 4,
  "num_topics": 7,
  "total_liklihood": -32969.76110595854
}
