{
  "modality_liklihoods": [
    -13974.172296361081,
    -13252.250753164111,
    -938.19322377796038,
    -4654.7297404017281
  ],
  "num_iteration": 1000,
  "num_modalities": 4,
  "num_topics": 7,
  "total_liklihood": -32819.346013704882
}
