{
  "modality_liklihoods": [
    -14030.425830435373,
    -13276.072750499996,
    -950.75152835330562,
    -4683.5045364831913
  ],
  "num_iteration": 1000,
  "num_modalities": 4,
  "num_topics": 7,
  "total_liklihood": -32940.754645771864
}
