{
  "modality_liklihoods": [
    -14373.292081907799,
    -13234.113270332753,
    -935.98111163759427,
    -4721.3212249827639
  ],
  "num_iteration": 1000,
  "num_modalities": 4,
  "num_topics": 7,
  "total_liklihood": -33264.707688860908
}
