{
  "modality_liklihoods": [
    -13969.400358766739,
    -13264.923057319724,
    -939.75738716748208,
    -4690.0091448073072
  ],
  "num_iteration": 1000,
  "num_modalities": 4,
  "num_topics": 7,
  "total_liklihood": -32864.089948061257
}
