{
  "modality_liklihoods": [
    -13541.014658121228,
    -13215.469575079427,
    -940.52291066956309,
    -4675.3786359023343
  ],
  "num_iteration": 1000,
  "num_modalities": 4,
  "num_topics": 7,
  "total_liklihood": -32372.38577977255
}
