{
  "modality_liklihoods": [
    -14085.440995534871,
    -13235.731324396267,
    -944.6768815745512,
    -4652.4650397005043
  ],
  "num_iteration": 1000,
  "num_modalities": 4,
  "num_topics": 7,
  "total_liklihood": -32918.314241206193
}
