{
  "modality_liklihoods": [
    -13505.083139016757,
    -13232.03303351089,
    -941.77534124130568,
    -4667.344112675778
  ],
  "num_iteration": 1000,
  "num_modalities": 4,
  "num_topics": 7,
  "total_liklihood": -32346.23562644473
}
