{
  "modality_liklihoods": [
    -13901.52300465197,
    -13259.571300119947,
    -938.70754331127523,
    -4683.8872442623124
  ],
  "num_iteration": 1000,
  "num_modalities": 4,
  "num_topics": 7,
  "total_liklihood": -32783.689092345507
}
