{
  "modality_liklihoods": [
    -14119.317543237165,
    -13304.117095531275,
    -943.5096568162287,
    -4678.0973130014281
  ],
  "num_iteration": 1000,
  "num_modalities": 4,
  "num_topics": 7,
  "total_liklihood": -33045.0416085861
}
