{
  "modality_liklihoods": [
    -14359.186903682941,
    -13241.983713125506,
    -940.31544086602776,
    -4755.4504134150066
  ],
  "num_iteration": 1000,
  "num_modalities": 4,
  "num_topics": 7,
  "total_liklihood": -33296.936471089481
}
