{
  "modality_liklihoods": [
    -14474.271405046135,
    -13295.139194873103,
    -944.37388942903453,
    -4630.6881424818903
  ],
  "num_iteration": 1000,
  "num_modalities": 4,
  "num_topics": 7,
  "total_liklihood": -33344.472631830169
}
