{
  "modality_liklihoods": [
    -14371.799576647083,
    -13237.058021378747,
    -936.50431199111358,
    -4640.3081903245038
  ],
  "num_iteration": 1000,
  "num_modalities": 4,
  "num_topics": 7,
  "total_liklihood": -33185.670100341449
}
