{
  "modality_liklihoods": [
    -14035.075658291129,
    -13293.239878359485,
    -939.87386520844177,
    -4622.4480201657743
  ],
  "num_iteration": 1000,
  "num_modalities": 4,
  "num_topics": 7,
  "total_liklihood": -32890.637422024833
}
