{
  "modality_liklihoods": [
    -14353.253448942447,
    -13262.030811032666,
    -940.00869193682445,
    -4648.5450459378926
  ],
  "num_iteration": 1000,
  "num_modalities": 4,
  "num_topics": 7,
  "total_liklihood": -33203.837997849834
}
