{
  "modality_liklihoods": [
    -12981.006121492899,
    -13270.009913928641,
    -944.98824860497541,
    -4621.5112186777269
  ],
  "num_iteration": 1000,
  "num_modalities": 4,
  "num_topics": 7,
  "total_liklihood": -31817.515502704242
}
