{
  "modality_liklihoods": [
    -14977.098107070142,
    -13233.546634582857,
    -939.67598675911142,
    -4668.3765488060808
  ],
  "num_iteration": 1000,
  "num_modalities": 4,
  "num_topics": 7,
  "total_liklihood": -33818.697277218191
}
