{
  "modality_liklihoods": [
    -13848.403576015531,
    -13221.223418527839,
    -948.84613232067591,
    -4675.1356740837118
  ],
  "num_iteration": 1000,
  "num_modalities": 4,
  "num_topics": 7,
  "total_liklihood": -32693.608800947757
}
