{
  "modality_liklihoods": [
    -14024.639664599374,
    -13268.551582618313,
    -935.5020227708136,
    -4625.8064342629523
  ],
  "num_iteration": 1000,
  "num_modalities": 4,
  "num_topics": 7,
  "total_liklihood": -32854.499704251451
}
