{
  "modality_liklihoods": [
    -14016.89630564674,
    -13266.440686230191,
    -946.64186588222026,
    -4574.5739731185085
  ],
  "num_iteration": 1000,
  "num_modalities": 4,
  "num_topics": 7,
  "total_liklihood": -32804.552830877656
}
