{
  "modality_liklihoods": [
    -13999.61845013025,
    -13268.121066029724,
    -934.29792617530677,
    -4652.1906167349762
  ],
  "num_iteration": 1000,
  "num_modalities": 4,
  "num_topics": 7,
  "total_liklihood": -32854.228059070258
}
