{
  "modality_liklihoods": [
    -14571.357200838262,
    -13301.201226524163,
    -936.52657483214182,
    -4636.7090092950502
  ],
  "num_iteration": 1000,
  "num_modalities": 4,
  "num_topics": 7,
  "total_liklihood": -33445.794011489619
}
