{
  "modality_liklihoods": [
    -13505.447507116327,
    -13253.489356242204,
    -946.71491622367239,
    -4605.3749301801518
  ],
  "num_iteration": 1000,
  "num_modalities": 4,
  "num_topics": 7,
  "total_liklihood": -32311.026709762355
}
