{
  "modality_liklihoods": [
    -14144.330458100099,
    -13252.512976128155,
    -938.69767102375442,
    -4593.4324811634078
  ],
  "num_iteration": 1000,
  "num_modalities": 4,
  "num_topics": 7,
  "total_liklihood": -32928.973586415421
}
