{
  "modality_liklihoods": [
    -12800.775880343617,
    -13242.872546291965,
    -938.8001955451781,
    -4650.4426673718081
  ],
  "num_iteration": 1000,
  "num_modalities": 4,
  "num_topics": 7,
  "total_liklihood": -31632.891289552568
}
