{
  "modality_liklihoods": [
    -14330.664103112345,
    -13272.694796092961,
    -933.84766889623893,
    -4723.4852741217919
  ],
  "num_iteration": 1000,
  "num_modalities": 4,
  "num_topics": 7,
  "total_liklihood": -33260.691842223336
}
