{
  "modality_liklihoods": [
    -14453.335846634329,
    -13269.522165997179,
    -937.93547291885636,
    -4597.6432056316817
  ],
  "num_iteration": 1000,
  "num_modalities": 4,
  "num_topics": 7,
  "total_liklihood": -33258.436691182047
}
