{
  "modality_liklihoods": [
    -14066.17514593699,
    -13265.932821008002,
    -938.46748409723887,
    -4621.9758216413202
  ],
  "num_iteration": 1000,
  "num_modalities": 4,
  "num_topics": 7,
  "total_liklihood": -32892.551272683551
}
