{
  "modality_liklihoods": [
    -14198.324072352159,
    -13322.846426671922,
    -942.88803363678096,
    -4668.8936655150846
  ],
  "num_iteration": 1000,
  "num_modalities": 4,
  "num_topics": 7,
  "total_liklihood": -33132.952198175946
}
