{
  "modality_liklihoods": [
    -13748.191907631952,
    -13271.129208290276,
    -943.67795148928496,
    -4610.4039090446695
  ],
  "num_iteration": 1000,
  "num_modalities": 4,
  "num_topics": 7,
  "total_liklihood": -32573.402976456178
}
