{
  "modality_liklihoods": [
    -13581.458766880785,
    -13276.927132655375,
    -939.14501211109314,
    -4663.5269331699647
  ],
  "num_iteration": 1000,
  "num_modalities": 4,
  "num_topics": 7,
  "total_liklihood": -32461.057844817216
}
