{
  "modality_liklihoods": [
    -13424.984508598545,
    -13263.098214457237,
    -939.67061714653721,
    -4644.6386587929528
  ],
  "num_iteration": 1000,
  "num_modalities": 4,
  "num_topics": 7,
  "total_liklihood": -32272.391998995274
}
