{
  "modality_liklihoods": [
    -13658.475101064223,
    -13251.11959774655,
    -940.9098822458667,
    -4617.2727317462113
  ],
  "num_iteration": 1000,
  "num_modalities": 4,
  "num_topics": 7,
  "total_liklihood": -32467.777312802853
}
