{
  "modality_liklihoods": [
    -13959.175843810273,
    -13263.746244264541,
    -937.63759223375405,
    -4667.4813272677238
  ],
  "num_iteration": 1000,
  "num_modalities": 4,
  "num_topics": 7,
  "total_liklihood": -32828.041007576292
}
