{
  "modality_liklihoods": [
    -13602.874535049516,
    -13287.155834565587,
    -940.15716820115665,
    -4620.5571386362535
  ],
  "num_iteration": 1000,
  "num_modalities": 4,
  "num_topics": 7,
  "total_liklihood": -32450.744676452512
}
