{
  "modality_liklihoods": [
    -13859.923056765983,
    -13246.349195742478,
    -945.9909145359145,
    -4696.96432008802
  ],
  "num_iteration": 1000,
  "num_modalities": 4,
  "num_topics": 7,
  "total_liklihood": -32749.227487132397
}
