{
  "modality_liklihoods": [
    -13856.881887677479,
    -13303.685509184903,
    -939.44214545870125,
    -4617.7819383544411
  ],
  "num_iteration": 1000,
  "num_modalities": 4,
  "num_topics": 7,
  "total_liklihood": -32717.791480675525
}
