{
  "modality_liklihoods": [
    -13483.078286786138,
    -13227.618229419297,
    -942.78632687085042,
    -4631.2471880646817
  ],
  "num_iteration": 1000,
  "num_modalities": 4,
  "num_topics": 7,
  "total_liklihood": -32284.730031140964
}
