{
  "modality_liklihoods": [
    -14360.575442596275,
    -13257.108293327326,
    -941.50519924617993,
    -4628.8312144963083
  ],
  "num_iteration": 1000,
  "num_modalities": 4,
  "num_topics": 7,
  "total_liklihood": -33188.020149666088
}
