{
  "modality_liklihoods": [
    -14386.402704394497,
    -13259.420775268565,
    -939.98827066435217,
    -4638.9004076827841
  ],
  "num_iteration": 1000,
  "num_modalities": 4,
  "num_topics": 7,
  "total_liklihood": -33224.712158010196
}
