{
  "modality_liklihoods": [
    -14022.561509455743,
    -13243.944411630038,
    -941.558000492215,
    -4664.5429500842511
  ],
  "num_iteration": 1000,
  "num_modalities": 4,
  "num_topics": 7,
  "total_liklihood": -32872.606871662247
}
