{
  "modality_liklihoods": [
    -13965.381451565549,
    -13269.938587397854,
    -934.68374437450564,
    -4595.863307486341
  ],
  "num_iteration": 1000,
  "num_modalities": 4,
  "num_topics": 7,
  "total_liklihood": -32765.867090824249
}
