{
  "modality_liklihoods": [
    -11655.529987474016,
    -13284.63218239189,
    -946.18805440832341,
    -4615.5252909348465
  ],
  "num_iteration": 1000,
  "num_modalities": 4,
  "num_topics": 7,
  "total_liklihood": -30501.875515209078
}
