{
  "modality_liklihoods": [
    -15140.235923327356,
    -13221.637409193174,
    -939.9118082349562,
    -4632.6431650837039
  ],
  "num_iteration": 1000,
  "num_modalities": 4,
  "num_topics": 7,
  "total_liklihood": -33934.428305839188
}
