{
  "modality_liklihoods": [
    -14407.626583693713,
    -13286.494290061848,
    -947.54424289831832,
    -4725.8027800059199
  ],
  "num_iteration": 1000,
  "num_modalities": 4,
  "num_topics": 7,
  "total_liklihood": -33367.4678966598
}
