{
  "modality_liklihoods": [
    -13557.211849097524,
    -13240.822010149166,
    -938.49431758604226,
    -4686.3517509153598
  ],
  "num_iteration": 1000,
  "num_modalities": 4,
  "num_topics": 7,
  "total_liklihood": -32422.879927748094
}
