{
  "modality_liklihoods": [
    -14195.712423604227,
    -13242.331095495299,
    -937.9593321150561,
    -4720.2795096373902
  ],
  "num_iteration": 1000,
  "num_modalities": 4,
  "num_topics": 7,
  "total_liklihood": -33096.282360851976
}
