{
  "modality_liklihoods": [
    -13679.012473149025,
    -13251.820778519366,
    -947.19737906195951,
    -4663.5608768799675
  ],
  "num_iteration": 1000,
  "num_modalities": 4,
  "num_topics": 7,
  "total_liklihood": -32541.591507610319
}
