{
  "modality_liklihoods": [
    -14968.548227668523,
    -13218.32156173005,
    -940.96828768564171,
    -4666.6876651135608
  ],
  "num_iteration": 1000,
  "num_modalities": 4,
  "num_topics": 7,
  "total_liklihood": -33794.525742197773
}
