{
  "modality_liklihoods": [
    -13958.404333611714,
    -13298.519210697761,
    -945.06704323791882,
    -4673.1565146370276
  ],
  "num_iteration": 1000,
  "num_modalities": 4,
  "num_topics": 7,
  "total_liklihood": -32875.147102184419
}
