{
  "modality_liklihoods": [
    -14001.818929098979,
    -13285.313989245506,
    -938.07141165407666,
    -4628.3066154586613
  ],
  "num_iteration": 1000,
  "num_modalities": 4,
  "num_topics": 7,
  "total_liklihood": -32853.510945457223
}
