{
  "modality_liklihoods": [
    -14118.188762469015,
    -13265.901262122135,
    -940.12877301466074,
    -4646.8079025432016
  ],
  "num_iteration": 1000,
  "num_modalities": 4,
  "num_topics": 7,
  "total_liklihood": -32971.026700149014
}
