{
  "modality_liklihoods": [
    -13853.02737335957,
    -13250.707160661232,
    -940.20031457630148,
    -4652.9336585670853
  ],
  "num_iteration": 1000,
  "num_modalities": 4,
  "num_topics": 7,
  "total_liklihood": -32696.868507164188
}
