{
  "modality_liklihoods": [
    -13608.024108301424,
    -13234.851172954575,
    -944.1407713979246,
    -4635.7333832526265
  ],
  "num_iteration": 1000,
  "num_modalities": 4,
  "num_topics": 7,
  "total_liklihood": -32422.749435906549
}
