{
  "modality_liklihoods": [
    -14070.136515326229,
    -13291.621392763471,
    -946.08951622270399,
    -4636.9396513531128
  ],
  "num_iteration": 1000,
  "num_modalities": 4,
  "num_topics": 7,
  "total_liklihood": -32944.78707566551
}
