{
  "modality_liklihoods": [
    -13827.694401527269,
    -13241.977099583077,
    -941.54949939015989,
    -4642.1530906367252
  ],
  "num_iteration": 1000,
  "num_modalities": 4,
  "num_topics": 7,
  "total_liklihood": -32653.37409113723
}
