{
  "modality_liklihoods": [
    -13265.528832804874,
    -13280.468731999879,
    -936.67297346587532,
    -4624.1510266266041
  ],
  "num_iteration": 1000,
  "num_modalities": 4,
  "num_topics": 7,
  "total_liklihood": -32106.821564897236
}
