{
  "modality_liklihoods": [
    -14005.056193678589,
    -13258.589698502985,
    -940.43432943171229,
    -4640.6423915941623
  ],
  "num_iteration": 1000,
  "num_modalities": 4,
  "num_topics": 7,
  "total_liklihood": -32844.722613207443
}
