{
  "modality_liklihoods": [
    -12997.06563582231,
    -13253.82347051384,
    -939.357414445568,
    -4592.3876488507758
  ],
  "num_iteration": 1000,
  "num_modalities": 4,
  "num_topics": 7,
  "total_liklihood": -31782.634169632496
}
