{
  "modality_liklihoods": [
    -13705.91636325686,
    -13304.129115078626,
    -935.01075643713284,
    -4647.1220620352296
  ],
  "num_iteration": 1000,
  "num_modalities": 4,
  "num_topics": 7,
  "total_liklihood": -32592.178296807848
}
