{
  "modality_liklihoods": [
    -13936.463988480487,
    -13282.209699382651,
    -940.64846057200293,
    -4647.5644932644709
  ],
  "num_iteration": 1000,
  "num_modalities": 4,
  "num_topics": 7,
  "total_liklihood": -32806.88664169961
}
