{
  "modality_liklihoods": [
    -13996.375472771842,
    -13274.848666259217,
    -939.043913845362,
    -4667.266075649386
  ],
  "num_iteration": 1000,
  "num_modalities": 4,
  "num_topics": 7,
  "total_liklihood": -32877.534128525804
}
