{
  "modality_liklihoods": [
    -13834.59088859538,
    -13255.822454303991,
    -945.50398373287635,
    -4625.6378980457548
  ],
  "num_iteration": 1000,
  "num_modalities": 4,
  "num_topics": 7,
  "total_liklihood": -32661.555224678003
}
