{
  "modality_liklihoods": [
    -13728.884388484999,
    -13205.756611424275,
    -944.13176414180168,
    -4697.3058404673857
  ],
  "num_iteration": 1000,
  "num_modalities": 4,
  "num_topics": 7,
  "total_liklihood": -32576.078604518461
}
