{
  "modality_liklihoods": [
    -13514.170432769308,
    -13249.80407733139,
    -946.40648777240767,
    -4598.3850553366383
  ],
  "num_iteration": 1000,
  "num_modalities": 4,
  "num_topics": 7,
  "total_liklihood": -32308.766053209747
}
