{
  "modality_liklihoods": [
    -14110.453247193844,
    -13239.983952184151,
    -943.99849966609941,
    -4722.7481041196406
  ],
  "num_iteration": 1000,
  "num_modalities": 4,
  "num_topics": 7,
  "total_liklihood": -33017.183803163731
}
