{
  "modality_liklihoods": [
    -13967.809445404313,
    -13239.73477328935,
    -939.83103162588327,
    -4685.6175563177576
  ],
  "num_iteration": 1000,
  "num_modalities": 4,
  "num_topics": 7,
  "total_liklihood": -32832.992806637303
}
