{
  "modality_liklihoods": [
    -14404.438599954585,
    -13241.465586817339,
    -942.04929002231881,
    -4754.228159427741
  ],
  "num_iteration": 1000,
  "num_modalities": 4,
  "num_topics": 7,
  "total_liklihood": -33342.181636221983
}
