{
  "modality_liklihoods": [
    -14085.305321283613,
    -13232.824397791683,
    -943.10581465564087,
    -4657.4354326230186
  ],
  "num_iteration": 1000,
  "num_modalities": 4,
  "num_topics": 7,
  "total_liklihood": -32918.670966353959
}
