{
  "modality_liklihoods": [
    -13754.22344423066,
    -13283.720436024589,
    -941.41893750587576,
    -4674.0842967043473
  ],
  "num_iteration": 1000,
  "num_modalities": 4,
  "num_topics": 7,
  "total_liklihood": -32653.447114465467
}
