{
  "modality_liklihoods": [
    -14360.603619197749,
    -13213.572276647992,
    -945.22894903934957,
    -4678.4515336525546
  ],
  "num_iteration": 1000,
  "num_modalities": 4,
  "num_topics": 7,
  "total_liklihood": -33197.856378537646
}
