{
  "modality_liklihoods": [
    -14619.227367720048,
    -13265.837933508812,
    -941.42019070524861,
    -4620.7257463485021
  ],
  "num_iteration": 1000,
  "num_modalities": 4,
  "num_topics": 7,
  "total_liklihood": -33447.211238282609
}
