{
  "modality_liklihoods": [
    -14649.321319031895,
    -13189.293523970766,
    -936.00612429769546,
    -4689.0102014986878
  ],
  "num_iteration": 1000,
  "num_modalities": 4,
  "num_topics": 7,
  "total_liklihood": -33463.631168799038
}
