{
  "modality_liklihoods": [
    -14302.619163493317,
    -13243.407611086781,
    -938.93046694994007,
    -4639.9935868408802
  ],
  "num_iteration": 1000,
  "num_modalities": 4,
  "num_topics": 7,
  "total_liklihood": -33124.950828370915
}
