{
  "modality_liklihoods": [
    -14383.810719693794,
    -13268.953618709404,
    -937.88736570827757,
    -4628.1407185784628
  ],
  "num_iteration": 1000,
  "num_modalities": 4,
  "num_topics": 7,
  "total_liklihood": -33218.792422689934
}
