{
  "modality_liklihoods": [
    -13870.463542034948,
    -13280.767758878364,
    -938.60785152647179,
    -4613.9250699567874
  ],
  "num_iteration": 1000,
  "num_modalities": 4,
  "num_topics": 7,
  "total_liklihood": -32703.764222396574
}
