{
  "modality_liklihoods": [
    -13790.190020460897,
    -13261.200833805657,
    -945.00539322924863,
    -4635.8911742360979
  ],
  "num_iteration": 1000,
  "num_modalities": 4,
  "num_topics": 7,
  "total_liklihood": -32632.2874217319
}
