{
  "modality_liklihoods": [
    -13059.947251551319,
    -13300.334501987139,
    -943.24550520440084,
    -4620.186543967563
  ],
  "num_iteration": 1000,
  "num_modalities": 4,
  "num_topics": 7,
  "total_liklihood": -31923.713802710427
}
