{
  "modality_liklihoods": [
    -13522.154123562064,
    -13237.511522025925,
    -947.6227527897164,
    -4647.0694151903472
  ],
  "num_iteration": 1000,
  "num_modalities": 4,
  "num_topics": 7,
  "total_liklihood": -32354.357813568055
}
