{
  "modality_liklihoods": [
    -13927.90809430672,
    -13259.631913657191,
    -939.26583116818847,
    -4632.893518295692
  ],
  "num_iteration": 1000,
  "num_modalities": 4,
  "num_topics": 7,
  "total_liklihood": -32759.699357427791
}
