{
  "modality_liklihoods": [
    -13575.853251177334,
    -13294.376036238584,
    -936.37695444561712,
    -4625.1711163726177
  ],
  "num_iteration": 1000,
  "num_modalities": 4,
  "num_topics": 7,
  "total_liklihood": -32431.777358234151
}
