{
  "modality_liklihoods": [
    -13768.001278628228,
    -13210.704005568117,
    -945.21810175754308,
    -4669.0373297128126
  ],
  "num_iteration": 1000,
  "num_modalities": 4,
  "num_topics": 7,
  "total_liklihood": -32592.960715666701
}
