{
  "modality_liklihoods": [
    -13872.601406520846,
    -13210.801504937772,
    -938.78422352478401,
    -4661.6635328698676
  ],
  "num_iteration": 1000,
  "num_modalities": 4,
  "num_topics": 7,
  "total_liklihood": -32683.850667853269
}
