{
  "modality_liklihoods": [
    -13498.98192251631,
    -13296.67945494342,
    -936.2660166253653,
    -4633.6392478588587
  ],
  "num_iteration": 1000,
  "num_modalities": 4,
  "num_topics": 7,
  "total_liklihood": -32365.566641943951
}
