{
  "modality_liklihoods": [
    -13352.112097488847,
    -13258.307663965426,
    -941.9233839889373,
    -4605.9569038628078
  ],
  "num_iteration": 1000,
  "num_modalities": 4,
  "num_topics": 7,
  "total_liklihood": -32158.300049306017
}
