{
  "modality_liklihoods": [
    -13385.97065924687,
    -13311.474634751166,
    -937.80881373902594,
    -4633.2645058259977
  ],
  "num_iteration": 1000,
  "num_modalities": 4,
  "num_topics": 7,
  "total_liklihood": -32268.518613563061
}
