{
  "modality_liklihoods": [
    -14073.055127531861,
    -13232.214381059681,
    -940.48045284855789,
    -4640.3412506711356
  ],
  "num_iteration": 1000,
  "num_modalities": 4,
  "num_topics": 7,
  "total_liklihood": -32886.091212111234
}
