{
  "modality_liklihoods": [
    -13601.033989810383,
    -13244.963780039456,
    -932.83876440563438,
    -4655.5222159068971
  ],
  "num_iteration": 1000,
  "num_modalities": 4,
  "num_topics": 7,
  "total_liklihood": -32434.358750162373
}
