{
  "modality_liklihoods": [
    -14073.868736061364,
    -13224.124595938671,
    -935.78854472584555,
    -4630.156517275951
  ],
  "num_iteration": 1000,
  "num_modalities": 4,
  "num_topics": 7,
  "total_liklihood": -32863.938394001831
}
