{
  "modality_liklihoods": [
    -13396.488539765014,
    -13231.027489161341,
    -937.28813570572811,
    -4650.4923070189816
  ],
  "num_iteration": 1000,
  "num_modalities": 4,
  "num_topics": 7,
  "total_liklihood": -32215.296471651061
}
