{
  "modality_liklihoods": [
    -12475.276009415606,
    -13287.812839619199,
    -940.13637544149219,
    -4641.0282477756273
  ],
  "num_iteration": 1000,
  "num_modalities": 4,
  "num_topics": 7,
  "total_liklihood": -31344.253472251923
}
