{
  "modality_liklihoods": [
    -13529.162199309292,
    -13219.891196088913,
    -937.88434420060526,
    -4668.8622844008041
  ],
  "num_iteration": 1000,
  "num_modalities": 4,
  "num_topics": 7,
  "total_liklihood": -32355.800023999611
}
