{
  "modality_liklihoods": [
    -14404.581341952317,
    -13226.354726974418,
    -938.962870550758,
    -4644.4323603749554
  ],
  "num_iteration": 1000,
  "num_modalities": 4,
  "num_topics": 7,
  "total_liklihood": -33214.331299852449
}
