{
  "modality_liklihoods": [
    -12803.860231458362,
    -13246.131430980593,
    -942.63783449431696,
    -4606.3069868622542
  ],
  "num_iteration": 1000,
  "num_modalities": 4,
  "num_topics": 7,
  "total_liklihood": -31598.936483795529
}
