{
  "modality_liklihoods": [
    -14593.059992681658,
    -13276.158694292568,
    -937.41469675662404,
    -4646.0248194225715
  ],
  "num_iteration": 1000,
  "num_modalities": 4,
  "num_topics": 7,
  "total_liklihood": -33452.65820315342
}
