{
  "modality_liklihoods": [
    -13703.186122855945,
    -13263.980392515065,
    -941.90732142673107,
    -4669.9323115090656
  ],
  "num_iteration": 1000,
  "num_modalities": 4,
  "num_topics": 7,
  "total_liklihood": -32579.006148306806
}
