{
  "modality_liklihoods": [
    -13977.089960600155,
    -13305.966708716825,
    -939.82594084720404,
    -4661.6673029798339
  ],
  "num_iteration": 1000,
  "num_modalities": 4,
  "num_topics": 7,
  "total_liklihood": -32884.549913144023
}
