{
  "modality_liklihoods": [
    -13682.590981712548,
    -13298.207529796315,
    -941.29780555998923,
    -4642.8565826386712
  ],
  "num_iteration": 1000,
  "num_modalities": 4,
  "num_topics": 7,
  "total_liklihood": -32564.952899707525
}
