{
  "modality_liklihoods": [
    -14356.450346150414,
    -13216.772802648295,
    -937.04535327399333,
    -4627.3260349247284
  ],
  "num_iteration": 1000,
  "num_modalities": 4,
  "num_topics": 7,
  "total_liklihood": -33137.594536997429
}
