{
  "modality_liklihoods": [
    -13766.102205204057,
    -13308.079231104672,
    -942.16440362287517,
    -4640.5526297996657
  ],
  "num_iteration": 1000,
  "num_modalities": 4,
  "num_topics": 7,
  "total_liklihood": -32656.89846973127
}
