{
  "modality_liklihoods": [
    -14077.998603621605,
    -13246.046862640151,
    -938.28948721443123,
    -4640.5767886343074
  ],
  "num_iteration": 1000,
  "num_modalities": 4,
  "num_topics": 7,
  "total_liklihood": -32902.911742110497
}
