{
  "modality_liklihoods": [
    -14137.562436432883,
    -13258.949725251094,
    -934.88609889879206,
    -4638.9903653692072
  ],
  "num_iteration": 1000,
  "num_modalities": 4,
  "num_topics": 7,
  "total_liklihood": -32970.388625951971
}
