{
  "modality_liklihoods": [
    -14112.149658293874,
    -13260.64328147426,
    -941.35423247265567,
    -4621.4655362726917
  ],
  "num_iteration": 1000,
  "num_modalities": 4,
  "num_topics": 7,
  "total_liklihood": -32935.612708513479
}
