{
  "modality_liklihoods": [
    -13561.815922451198,
    -13221.967603820553,
    -940.98476573600522,
    -4658.9673512623258
  ],
  "num_iteration": 1000,
  "num_modalities": 4,
  "num_topics": 7,
  "total_liklihood": -32383.73564327008
}
