{
  "modality_liklihoods": [
    -13998.700992841457,
    -13303.645276613966,
    -944.66016877727759,
    -4657.192809831402
  ],
  "num_iteration": 1000,
  "num_modalities": 4,
  "num_topics": 7,
  "total_liklihood": -32904.199248064106
}
