{
  "modality_liklihoods": [
    -14588.693125327256,
    -13255.016357132576,
    -938.39462855866805,
    -4650.9761987251404
  ],
  "num_iteration": 1000,
  "num_modalities": 4,
  "num_topics": 7,
  "total_liklihood": -33433.080309743644
}
