{
  "modality_liklihoods": [
    -14176.31805049427,
    -13271.327831636994,
    -939.70206831159453,
    -4620.1898000368847
  ],
  "num_iteration": 1000,
  "num_modalities": 4,
  "num_topics": 7,
  "total_liklihood": -33007.537750479743
}
