{
  "modality_liklihoods": [
    -12290.098160175936,
    -13285.146231872601,
    -948.3279344821317,
    -4647.4046362172576
  ],
  "num_iteration": 1000,
  "num_modalities": 4,
  "num_topics": 7,
  "total_liklihood": -31170.976962747925
}
