{
  "modality_liklihoods": [
    -15057.329651693237,
    -13207.524321115552,
    -942.33689614395928,
    -4684.3071948155339
  ],
  "num_iteration": 1000,
  "num_modalities": 4,
  "num_topics": 7,
  "total_liklihood": -33891.498063768282
}
