{
  "modality_liklihoods": [
    -14291.759817790424,
    -13219.145207437119,
    -944.08913003050566,
    -4714.7965548705615
  ],
  "num_iteration": 1000,
  "num_modalities": 4,
  "num_topics": 7,
  "total_liklihood": -33169.790710128611
}
