{
  "modality_liklihoods": [
    -12999.970143026421,
    -13238.683748361231,
    -938.79118832723498,
    -4608.0041385246132
  ],
  "num_iteration": 1000,
  "num_modalities": 4,
  "num_topics": 7,
  "total_liklihood": -31785.449218239497
}
