{
  "modality_liklihoods": [
    -13984.232361360315,
    -13299.587962820635,
    -938.59024886537838,
    -4643.0301114546428
  ],
  "num_iteration": 1000,
  "num_modalities": 4,
  "num_topics": 7,
  "total_liklihood": -32865.440684500973
}
