{
  "modality_liklihoods": [
    -14758.00268390028,
    -13275.599381577653,
    -936.91532677270789,
    -4623.2395551531326
  ],
  "num_iteration": 1000,
  "num_modalities": 4,
  "num_topics": 7,
  "total_liklihood": -33593.756947403774
}
