{
  "modality_liklihoods": [
    -14385.077161079083,
    -13262.698175465146,
    -937.42483010072169,
    -4655.4501301263763
  ],
  "num_iteration": 1000,
  "num_modalities": 4,
  "num_topics": 7,
  "total_liklihood": -33240.650296771324
}
