{
  "modality_liklihoods": [
    -13508.828586731432,
    -13251.331724227373,
    -940.5671770849915,
    -4604.3529952133104
  ],
  "num_iteration": 1000,
  "num_modalities": 4,
  "num_topics": 7,
  "total_liklihood": -32305.080483257105
}
