{
  "modality_liklihoods": [
    -14277.209598562971,
    -13228.057658642878,
    -941.29091205882037,
    -4615.8618662661011
  ],
  "num_iteration": 1000,
  "num_modalities": 4,
  "num_topics": 7,
  "total_liklihood": -33062.420035530769
}
