{
  "modality_liklihoods": [
    -13867.216911917063,
    -13283.344729824139,
    -942.22200123831556,
    -4708.7697922066836
  ],
  "num_iteration": 1000,
  "num_modalities": 4,
  "num_topics": 7,
  "total_liklihood": -32801.553435186201
}
