{
  "modality_liklihoods": [
    -13795.014035709473,
    -13242.430979270915,
    -940.75026193671465,
    -4624.244653542607
  ],
  "num_iteration": 1000,
  "num_modalities": 4,
  "num_topics": 7,
  "total_liklihood": -32602.43993045971
}
