{
  "modality_liklihoods": [
    -13943.576264161684,
    -13275.188613235125,
    -939.93238012461666,
    -4621.1027420929577
  ],
  "num_iteration": 1000,
  "num_modalities": 4,
  "num_topics": 7,
  "total_liklihood": -32779.799999614384
}
