{
  "modality_liklihoods": [
    -13257.236200167732,
    -13247.534224295216,
    -939.65719371247883,
    -4627.9154804087893
  ],
  "num_iteration": 1000,
  "num_modalities": 4,
  "num_topics": 7,
  "total_liklihood": -32072.343098584217
}
