{
  "modality_liklihoods": [
    -13439.314426937377,
    -13258.944531307494,
    -935.74149018605385,
    -4666.5986450261025
  ],
  "num_iteration": 1000,
  "num_modalities": 4,
  "num_topics": 7,
  "total_liklihood": -32300.599093457029
}
