{
  "modality_liklihoods": [
    -13885.723647006889,
    -13266.191287824406,
    -938.24343834726324,
    -4645.3616482453745
  ],
  "num_iteration": 1000,
  "num_modalities": 4,
  "num_topics": 7,
  "total_liklihood": -32735.52002142393
}
