{
  "modality_liklihoods": [
    -13570.962277121935,
    -13251.072266872441,
    -943.08625590317297,
    -4644.6245541321505
  ],
  "num_iteration": 1000,
  "num_modalities": 4,
  "num_topics": 7,
  "total_liklihood": -32409.745354029703
}
