{
  "modality_liklihoods": [
    -14292.369847939151,
    -13260.728700060423,
    -942.51707508538391,
    -4621.4572574596232
  ],
  "num_iteration": 1000,
  "num_modalities": 4,
  "num_topics": 7,
  "total_liklihood": -33117.072880544576
}
