{
  "modality_liklihoods": [
    -14192.528073777563,
    -13257.085497725313,
    -938.3292100215632,
    -4631.1228434396789
  ],
  "num_iteration": 1000,
  "num_modalities": 4,
  "num_topics": 7,
  "total_liklihood": -33019.065624964118
}
