{
  "modality_liklihoods": [
    -13205.377614109275,
    -13251.177491380629,
    -935.8286664125776,
    -4619.6601360118766
  ],
  "num_iteration": 1000,
  "num_modalities": 4,
  "num_topics": 7,
  "total_liklihood": -32012.043907914358
}
