{
  "modality_liklihoods": [
    -13956.972665927704,
    -13188.325829085108,
    -942.89044422766926,
    -4668.1894110275734
  ],
  "num_iteration": 1000,
  "num_modalities": 4,
  "num_topics": 7,
  "total_liklihood": -32756.378350268053
}
