{
  "modality_liklihoods": [
    -13425.289073961318,
    -13232.275219291472,
    -941.65825037774812,
    -4634.9469563772318
  ],
  "num_iteration": 1000,
  "num_modalities": 4,
  "num_topics": 7,
  "total_liklihood": -32234.169500007771
}
