{
  "modality_liklihoods": [
    -13968.692965363607,
    -13263.182471184384,
    -938.9883283955761,
    -4658.910441244182
  ],
  "num_iteration": 1000,
  "num_modalities": 4,
  "num_topics": 7,
  "total_liklihood": -32829.774206187751
}
