{
  "modality_liklihoods": [
    -13815.251561814945,
    -13216.183701420923,
    -943.54428757371841,
    -4643.1851446101928
  ],
  "num_iteration": 1000,
  "num_modalities": 4,
  "num_topics": 7,
  "total_liklihood": -32618.164695419779
}
