{
  "modality_liklihoods": [
    -14378.226871463561,
    -13286.610363254522,
    -940.91343020619615,
    -4626.5294578841886
  ],
  "num_iteration": 1000,
  "num_modalities": 4,
  "num_topics": 7,
  "total_liklihood": -33232.280122808472
}
