{
  "modality_liklihoods": [
    -14082.117706132754,
    -13282.889422335955,
    -935.43380236133203,
    -4655.0493377967623
  ],
  "num_iteration": 1000,
  "num_modalities": 4,
  "num_topics": 7,
  "total_liklihood": -32955.490268626803
}
