{
  "modality_liklihoods": [
    -14456.221277257158,
    -13254.332238765377,
    -935.68459198910705,
    -4623.1339584631796
  ],
  "num_iteration": 1000,
  "num_modalities": 4,
  "num_topics": 7,
  "total_liklihood": -33269.372066474818
}
