{
  "modality_liklihoods": [
    -14142.698659548261,
    -13249.471686199369,
    -940.74956910309402,
    -4619.7606355717562
  ],
  "num_iteration": 1000,
  "num_modalities": 4,
  "num_topics": 7,
  "total_liklihood": -32952.680550422483
}
