{
  "modality_liklihoods": [
    -14036.939676965812,
    -13254.839148355066,
    -940.04416418167023,
    -4644.2893091051274
  ],
  "num_iteration": 1000,
  "num_modalities": 4,
  "num_topics": 7,
  "total_liklihood": -32876.112298607673
}
