{
  "modality_liklihoods": [
    -14088.023176865878,
    -13224.199623361243,
    -948.15629114424928,
    -4700.170053068874
  ],
  "num_iteration": 1000,
  "num_modalities": 4,
  "num_topics": 7,
  "total_liklihood": -32960.549144440243
}
