{
  "modality_liklihoods": [
    -14364.395068092512,
    -13274.863181667308,
    -935.07275692484131,
    -4743.7987744379097
  ],
  "num_iteration": 1000,
  "num_modalities": 4,
  "num_topics": 7,
  "total_liklihood": -33318.129781122567
}
