{
  "modality_liklihoods": [
    -14368.847736090054,
    -13256.943833865422,
    -940.14183550949576,
    -4648.0094355872698
  ],
  "num_iteration": 1000,
  "num_modalities": 4,
  "num_topics": 7,
  "total_liklihood": -33213.942841052245
}
