{
  "modality_liklihoods": [
    -14975.97169408294,
    -13202.289327418108,
    -951.04738980698812,
    -4612.5230493051986
  ],
  "num_iteration": 1000,
  "num_modalities": 4,
  "num_topics": 7,
  "total_liklihood": -33741.831460613234
}
