{
  "modality_liklihoods": [
    -14019.069100596527,
    -13283.946302479608,
    -933.91621674661178,
    -4656.4888689194886
  ],
  "num_iteration": 1000,
  "num_modalities": 4,
  "num_topics": 7,
  "total_liklihood": -32893.420488742238
}
