{
  "modality_liklihoods": [
    -14096.105768430409,
    -13238.07530018521,
    -941.55421351547409,
    -4711.7602238153604
  ],
  "num_iteration": 1000,
  "num_modalities": 4,
  "num_topics": 7,
  "total_liklihood": -32987.495505946456
}
