{
  "modality_liklihoods": [
    -13711.083223361262,
    -13270.159496371858,
    -938.46305098728715,
    -4546.0704499806125
  ],
  "num_iteration": 1000,
  "num_modalities": 4,
  "num_topics": 7,
  "total_liklihood": -32465.77622070102
}
