{
  "modality_liklihoods": [
    -13398.92856293709,
    -13276.836970665941,
    -936.86800965668147,
    -4612.0866567527928
  ],
  "num_iteration": 1000,
  "num_modalities": 4,
  "num_topics": 7,
  "total_liklihood": -32224.720200012503
}
