{
  "modality_liklihoods": [
    -14028.933446773024,
    -13292.104973044734,
    -936.95292486471021,
    -4661.294888913214
  ],
  "num_iteration": 1000,
  "num_modalities": 4,
  "num_topics": 7,
  "total_liklihood": -32919.286233595682
}
