{
  "modality_liklihoods": [
    -14217.804088873205,
    -13254.666441373933,
    -935.55641434899769,
    -4611.2391513652328
  ],
  "num_iteration": 1000,
  "num_modalities": 4,
  "num_topics": 7,
  "total_liklihood": -33019.266095961371
}
