{
  "modality_liklihoods": [
    -13294.329117144011,
    -13282.10483696661,
    -934.73501896580456,
    -4626.7083199715862
  ],
  "num_iteration": 1000,
  "num_modalities": 4,
  "num_topics": 7,
  "total_liklihood": -32137.877293048012
}
