{
  "modality_liklihoods": [
    -13846.920506721632,
    -13281.097860501281,
    -943.59300289284181,
    -4668.966550876532
  ],
  "num_iteration": 1000,
  "num_modalities": 4,
  "num_topics": 7,
  "total_liklihood": -32740.577920992284
}
