{
  "modality_liklihoods": [
    -14028.588276421093,
    -13330.393577111387,
    -945.43656843577367,
    -4636.4364756236064
  ],
  "num_iteration": 1000,
  "num_modalities": 4,
  "num_topics": 7,
  "total_liklihood": -32940.85489759186
}
