{
  "modality_liklihoods": [
    -13252.113101980569,
    -13296.3877362326,
    -933.03490828305621,
    -4627.1307197465649
  ],
  "num_iteration": 1000,
  "num_modalities": 4,
  "num_topics": 7,
  "total_liklihood": -32108.666466242794
}
