{
  "modality_liklihoods": [
    -13818.929939646445,
    -13244.411461331605,
    -940.7824076815599,
    -4700.631117945919
  ],
  "num_iteration": 1000,
  "num_modalities": 4,
  "num_topics": 7,
  "total_liklihood": -32704.754926605528
}
