{
  "modality_liklihoods": [
    -14133.761249401441,
    -13241.762616568558,
    -940.23211763443442,
    -4704.8317381667039
  ],
  "num_iteration": 1000,
  "num_modalities": 4,
  "num_topics": 7,
  "total_liklihood": -33020.587721771139
}
