{
  "modality_liklihoods": [
    -13793.390942276093,
    -13310.715391829648,
    -934.87514776893079,
    -4632.4724274011278
  ],
  "num_iteration": 1000,
  "num_modalities": 4,
  "num_topics": 7,
  "total_liklihood": -32671.453909275799
}
