{
  "modality_liklihoods": [
    -13464.711129111874,
    -13226.917800432871,
    -939.43773718130217,
    -4667.3475310100202
  ],
  "num_iteration": 1000,
  "num_modalities": 4,
  "num_topics": 7,
  "total_liklihood": -32298.41419773607
}
