{
  "modality_liklihoods": [
    -13729.858637785006,
    -13216.735023037421,
    -944.54362906029326,
    -4629.2861946935291
  ],
  "num_iteration": 1000,
  "num_modalities": 4,
  "num_topics": 7,
  "total_liklihood": -32520.423484576251
}
