{
  "modality_liklihoods": [
    -13772.247859398589,
    -13295.088589359277,
    -941.36257321433254,
    -4653.9689188566044
  ],
  "num_iteration": 1000,
  "num_modalities": 4,
  "num_topics": 7,
  "total_liklihood": -32662.667940828804
}
