{
  "modality_liklihoods": [
    -13359.090344235845,
    -13261.984035408908,
    -944.89142892277619,
    -4616.9548978142202
  ],
  "num_iteration": 1000,
  "num_modalities": 4,
  "num_topics": 7,
  "total_liklihood": -32182.920706381748
}
