{
  "modality_liklihoods": [
    -13716.483795811579,
    -13278.926481524582,
    -929.42850382710299,
    -4639.8096300915031
  ],
  "num_iteration": 1000,
  "num_modalities": 4,
  "num_topics": 7,
  "total_liklihood": -32564.648411254766
}
