{
  "modality_liklihoods": [
    -13919.007966799552,
    -13317.793024866622,
    -940.1066089326838,
    -4651.7588112675667
  ],
  "num_iteration": 1000,
  "num_modalities": 4,
  "num_topics": 7,
  "total_liklihood": -32828.666411866427
}
