{
  "modality_liklihoods": [
    -13758.69005271375,
    -13321.311052246358,
    -939.7609622731253,
    -4620.2117186276482
  ],
  "num_iteration": 1000,
  "num_modalities": 4,
  "num_topics": 7,
  "total_liklihood": -32639.973785860882
}
