{
  "modality_liklihoods": [
    -14243.055831152982,
    -13286.094636366915,
    -941.87787791242658,
    -4623.9239431474825
  ],
  "num_iteration": 1000,
  "num_modalities": 4,
  "num_topics": 7,
  "total_liklihood": -33094.952288579807
}
