{
  "modality_liklihoods": [
    -14310.697134380922,
    -13257.333435334293,
    -941.21248108025895,
    -4659.9341654906839
  ],
  "num_iteration": 1000,
  "num_modalities": 4,
  "num_topics": 7,
  "total_liklihood": -33169.17721628616
}
