{
  "modality_liklihoods": [
    -12601.208563854418,
    -13229.169198212787,
    -940.78112284994734,
    -4665.0845441658676
  ],
  "num_iteration": 1000,
  "num_modalities": 4,
  "num_topics": 7,
  "total_liklihood": -31436.243429083021
}
