{
  "modality_liklihoods": [
    -13333.990074385505,
    -13281.966989859946,
    -942.28531555307507,
    -4637.1617818893501
  ],
  "num_iteration": 1000,
  "num_modalities": 4,
  "num_topics": 7,
  "total_liklihood": -32195.404161687875
}
