{
  "modality_liklihoods": [
    -14374.381988837191,
    -13262.454949097904,
    -934.77850830881175,
    -4610.9420420486822
  ],
  "num_iteration": 1000,
  "num_modalities": 4,
  "num_topics": 7,
  "total_liklihood": -33182.557488292587
}
