{
  "modality_liklihoods": [
    -13956.915222501131,
    -13260.834489045765,
    -944.34657277141207,
    -4668.0656223459409
  ],
  "num_iteration": 1000,
  "num_modalities": 4,
  "num_topics": 7,
  "total_liklihood": -32830.161906664245
}
