{
  "modality_liklihoods": [
    -14069.631461864521,
    -13310.299685406977,
    -939.00138783075931,
    -4671.9212614161161
  ],
  "num_iteration": 1000,
  "num_modalities": 4,
  "num_topics": 7,
  "total_liklihood": -32990.853796518371
}
