{
  "modality_liklihoods": [
    -13820.104898436957,
    -13281.621552824616,
    -939.41262346234032,
    -4605.5139920249831
  ],
  "num_iteration": 1000,
  "num_modalities": 4,
  "num_topics": 7,
  "total_liklihood": -32646.653066748895
}
