{
  "modality_liklihoods": [
    -13975.159291634945,
    -13249.81684259157,
    -940.72919878623713,
    -4675.4441495816991
  ],
  "num_iteration": 1000,
  "num_modalities": 4,
  "num_topics": 7,
  "total_liklihood": -32841.149482594454
}
