{
  "modality_liklihoods": [
    -13568.222384174467,
    -13276.671775757206,
    -936.15285749589248,
    -4614.2477939513592
  ],
  "num_iteration": 1000,
  "num_modalities": 4,
  "num_topics": 7,
  "total_liklihood": -32395.294811378928
}
