{
  "modality_liklihoods": [
    -13096.687908922648,
    -13239.537047373766,
    -940.95226026910427,
    -4763.3334683203811
  ],
  "num_iteration": 1000,
  "num_modalities": 4,
  "num_topics": 7,
  "total_liklihood": -32040.5106848859
}
