{
  "modality_liklihoods": [
    -14219.544191488978,
    -13277.277423233574,
    -936.1524134933818,
    -4670.6482481915773
  ],
  "num_iteration": 1000,
  "num_modalities": 4,
  "num_topics": 7,
  "total_liklihood": -33103.622276407514
}
