{
  "modality_liklihoods": [
    -13810.681706965466,
    -13256.412416042467,
    -945.39743686023849,
    -4633.9384894996747
  ],
  "num_iteration": 1000,
  "num_modalities": 4,
  "num_topics": 7,
  "total_liklihood": -32646.430049367846
}
