{
  "modality_liklihoods": [
    -14143.089902994723,
    -13206.090077795994,
    -937.42505603285213,
    -4663.4765494344001
  ],
  "num_iteration": 1000,
  "num_modalities": 4,
  "num_topics": 7,
  "total_liklihood": -32950.081586257969
}
