{
  "modality_liklihoods": [
    -13560.204669728326,
    -13282.809288314,
    -943.84927450927682,
    -4673.2410630917357
  ],
  "num_iteration": 1000,
  "num_modalities": 4,
  "num_topics": 7,
  "total_liklihood": -32460.104295643341
}
