{
  "modality_liklihoods": [
    -14250.827792720625,
    -13184.616087025963,
    -939.65190666650096,
    -4713.8872431585314
  ],
  "num_iteration": 1000,
  "num_modalities": 4,
  "num_topics": 7,
  "total_liklihood": -33088.983029571624
}
