{
  "modality_liklihoods": [
    -14043.117849726355,
    -13255.689442725519,
    -940.03446746976704,
    -4652.0199393309667
  ],
  "num_iteration": 1000,
  "num_modalities": 4,
  "num_topics": 7,
  "total_liklihood": -32890.861699252608
}
