{
  "modality_liklihoods": [
    -14290.546034203462,
    -13254.047389616031,
    -937.96346194791306,
    -4630.1543654619654
  ],
  "num_iteration": 1000,
  "num_modalities": 4,
  "num_topics": 7,
  "total_liklihood": -33112.711251229375
}
