{
  "modality_liklihoods": [
    -13714.058302230429,
    -13264.722274327896,
    -941.41741411896567,
    -4630.1474355369473
  ],
  "num_iteration": 1000,
  "num_modalities": 4,
  "num_topics": 7,
  "total_liklihood": -32550.345426214237
}
