{
  "modality_liklihoods": [
    -14026.935902809571,
    -13268.011311713364,
    -939.20561827172469,
    -4621.3812801917484
  ],
  "num_iteration": 1000,
  "num_modalities": 4,
  "num_topics": 7,
  "total_liklihood": -32855.53411298641
}
