{
  "modality_liklihoods": [
    -13940.332962263927,
    -13272.925070082434,
    -932.90388061035867,
    -4631.4467650156457
  ],
  "num_iteration": 1000,
  "num_modalities": 4,
  "num_topics": 7,
  "total_liklihood": -32777.60867797237
}
