{
  "modality_liklihoods": [
    -14242.00075956714,
    -13307.06922983669,
    -939.32800701419069,
    -4698.162083797215
  ],
  "num_iteration": 1000,
  "num_modalities": 4,
  "num_topics": 7,
  "total_liklihood": -33186.560080215233
}
