{
  "modality_liklihoods": [
    -14378.034589024028,
    -13245.589386877591,
    -944.47969932232354,
    -4641.1503818875999
  ],
  "num_iteration": 1000,
  "num_modalities": 4,
  "num_topics": 7,
  "total_liklihood": -33209.254057111539
}
