{
  "modality_liklihoods": [
    -13916.005982508603,
    -13301.935157505313,
    -941.69545372260632,
    -4622.8250478349473
  ],
  "num_iteration": 1000,
  "num_modalities": 4,
  "num_topics": 7,
  "total_liklihood": -32782.46164157147
}
