{
  "modality_liklihoods": [
    -13338.842366704263,
    -13251.533132567962,
    -940.82538939595713,
    -4635.8668903164817
  ],
  "num_iteration": 1000,
  "num_modalities": 4,
  "num_topics": 7,
  "total_liklihood": -32167.06777898466
}
