{
  "modality_liklihoods": [
    -14052.783908827607,
    -13286.249024521967,
    -947.82332197594917,
    -4638.0349379357385
  ],
  "num_iteration": 1000,
  "num_modalities": 4,
  "num_topics": 7,
  "total_liklihood": -32924.891193261261
}
