{
  "modality_liklihoods": [
    -13737.796371353452,
    -13259.380290298863,
    -934.64708215927658,
    -4622.915102078121
  ],
  "num_iteration": 1000,
  "num_modalities": 4,
  "num_topics": 7,
  "total_liklihood": -32554.738845889715
}
