{
  "modality_liklihoods": [
    -13698.749553962529,
    -13298.99853482734,
    -936.13222567280127,
    -4641.2499694153585
  ],
  "num_iteration": 1000,
  "num_modalities": 4,
  "num_topics": 7,
  "total_liklihood": -32575.130283878032
}
