{
  "modality_liklihoods": [
    -13824.53681835703,
    -13275.155489913343,
    -943.33469642910416,
    -4632.449743996799
  ],
  "num_iteration": 1000,
  "num_modalities": 4,
  "num_topics": 7,
  "total_liklihood": -32675.476748696277
}
