{
  "modality_liklihoods": [
    -14690.194493980132,
    -13227.435857931643,
    -937.07137712905285,
    -4672.1921875857497
  ],
  "num_iteration": 1000,
  "num_modalities": 4,
  "num_topics": 7,
  "total_liklihood": -33526.893916626577
}
