{
  "modality_liklihoods": [
    -13921.74460569917,
    -13282.361744246618,
    -940.06967247345881,
    -4605.5482095104826
  ],
  "num_iteration": 1000,
  "num_modalities": 4,
  "num_topics": 7,
  "total_liklihood": -32749.724231929729
}
