{
  "modality_liklihoods": [
    -14406.24843708765,
    -13237.701559737332,
    -950.29865714569928,
    -4655.999474457717
  ],
  "num_iteration": 1000,
  "num_modalities": 4,
  "num_topics": 7,
  "total_liklihood": -33250.2481284284
}
