{
  "modality_liklihoods": [
    -13885.93117041651,
    -13248.54809333437,
    -938.64993622796851,
    -4633.0081205584029
  ],
  "num_iteration": 1000,
  "num_modalities": 4,
  "num_topics": 7,
  "total_liklihood": -32706.137320537251
}
