{
  "modality_liklihoods": [
    -14217.777981402394,
    -13270.353913805984,
    -934.6541495359362,
    -4629.1154937987285
  ],
  "num_iteration": 1000,
  "num_modalities": 4,
  "num_topics": 7,
  "total_liklihood": -33051.901538543047
}
