{
  "modality_liklihoods": [
    -14474.342089822752,
    -13271.776801297992,
    -940.75048711547151,
    -4638.2470742231735
  ],
  "num_iteration": 1000,
  "num_modalities": 4,
  "num_topics": 7,
  "total_liklihood": -33325.116452459384
}
