{
  "modality_liklihoods": [
    -14148.101579277414,
    -13256.41889644326,
    -936.04176062796148,
    -4628.9842540131667
  ],
  "num_iteration": 1000,
  "num_modalities": 4,
  "num_topics": 7,
  "total_liklihood": -32969.546490361805
}
