{
  "modality_liklihoods": [
    -13901.039868149932,
    -13282.362205274878,
    -936.54211992437251,
    -4674.3510566681325
  ],
  "num_iteration": 1000,
  "num_modalities": 4,
  "num_topics": 7,
  "total_liklihood": -32794.295250017312
}
