{
  "modality_liklihoods": [
    -13944.298407243619,
    -13286.260974964915,
    -939.21106247661612,
    -4648.7753784431452
  ],
  "num_iteration": 1000,
  "num_modalities": 4,
  "num_topics": 7,
  "total_liklihood": -32818.545823128297
}
