{
  "modality_liklihoods": [
    -13969.239728416118,
    -13246.709248321422,
    -937.75160616199821,
    -4650.3471705851689
  ],
  "num_iteration": 1000,
  "num_modalities": 4,
  "num_topics": 7,
  "total_liklihood": -32804.047753484709
}
