{
  "modality_liklihoods": [
    -14504.266684720824,
    -13270.770900574456,
    -937.04627034146677,
    -4641.9943570247569
  ],
  "num_iteration": 1000,
  "num_modalities": 4,
  "num_topics": 7,
  "total_liklihood": -33354.078212661501
}
