{
  "modality_liklihoods": [
    -14111.219935076837,
    -13249.662314074198,
    -939.95185998007719,
    -4650.9972344188409
  ],
  "num_iteration": 1000,
  "num_modalities": 4,
  "num_topics": 7,
  "total_liklihood": -32951.831343549951
}
