{
  "modality_liklihoods": [
    -13912.221626882312,
    -13259.15544459929,
    -948.04904627827466,
    -4653.2223141594568
  ],
  "num_iteration": 1000,
  "num_modalities": 4,
  "num_topics": 7,
  "total_liklihood": -32772.648431919333
}
