{
  "modality_liklihoods": [
    -13216.16676307934,
    -13235.993501907325,
    -937.99090163739379,
    -4602.5563945325594
  ],
  "num_iteration": 1000,
  "num_modalities": 4,
  "num_topics": 7,
  "total_liklihood": -31992.707561156618
}
