{
  "modality_liklihoods": [
    -14101.210968735097,
    -13255.234724595692,
    -945.60623451133097,
    -4707.6023599532036
  ],
  "num_iteration": 1000,
  "num_modalities": 4,
  "num_topics": 7,
  "total_liklihood": -33009.654287795325
}
