{
  "modality_liklihoods": [
    -12148.633843657006,
    -13294.912081892136,
    -943.43360096671734,
    -4674.8931923578484
  ],
  "num_iteration": 1000,
  "num_modalities": 4,
  "num_topics": 7,
  "total_liklihood": -31061.87271887371
}
