{
  "modality_liklihoods": [
    -13957.627674573021,
    -13210.601779656339,
    -948.92876663410493,
    -4632.9399898464735
  ],
  "num_iteration": 1000,
  "num_modalities": 4,
  "num_topics": 7,
  "total_liklihood": -32750.098210709937
}
