{
  "modality_liklihoods": [
    -14042.409899969147,
    -13291.897845738982,
    -939.7397373219286,
    -4638.991050507303
  ],
  "num_iteration": 1000,
  "num_modalities": 4,
  "num_topics": 7,
  "total_liklihood": -32913.038533537365
}
