{
  "modality_liklihoods": [
    -14301.456214912132,
    -13186.331176584692,
    -942.19304057606007,
    -4721.1157296265983
  ],
  "num_iteration": 1000,
  "num_modalities": 4,
  "num_topics": 7,
  "total_liklihood": -33151.096161699483
}
