{
  "modality_liklihoods": [
    -14266.994808052752,
    -13201.795198339025,
    -932.58193160883332,
    -4668.9580442200768
  ],
  "num_iteration": 1000,
  "num_modalities": 4,
  "num_topics": 7,
  "total_liklihood": -33070.32998222069
}
