{
  "modality_liklihoods": [
    -13873.019413908827,
    -13259.710566312209,
    -934.25726298442953,
    -4623.7141661291171
  ],
  "num_iteration": 1000,
  "num_modalities": 4,
  "num_topics": 7,
  "total_liklihood": -32690.701409334582
}
