{
  "modality_liklihoods": [
    -14960.649486919214,
    -13240.915208165277,
    -940.15890797242423,
    -4642.2964626273133
  ],
  "num_iteration": 1000,
  "num_modalities": 4,
  "num_topics": 7,
  "total_liklihood": -33784.020065684228
}
