{
  "modality_liklihoods": [
    -14446.888386279839,
    -13239.486137125781,
    -945.85456993372793,
    -4619.8373410796157
  ],
  "num_iteration": 1000,
  "num_modalities": 4,
  "num_topics": 7,
  "total_liklihood": -33252.066434418957
}
