{
  "modality_liklihoods": [
    -14034.101080150747,
    -13282.298816877941,
    -944.83231186293199,
    -4649.4195791768689
  ],
  "num_iteration": 1000,
  "num_modalities": 4,
  "num_topics": 7,
  "total_liklihood": -32910.651788068484
}
