{
  "modality_liklihoods": [
    -14616.836956324561,
    -13237.044372891285,
    -938.58863209069375,
    -4687.9133466738422
  ],
  "num_iteration": 1000,
  "num_modalities": 4,
  "num_topics": 7,
  "total_liklihood": -33480.383307980381
}
