{
  "modality_liklihoods": [
    -13550.931208368329,
    -13265.020800177088,
    -940.46658826508838,
    -4618.1958087811181
  ],
  "num_iteration": 1000,
  "num_modalities": 4,
  "num_topics": 7,
  "total_liklihood": -32374.614405591623
}
