{
  "modality_liklihoods": [
    -14379.401506150925,
    -13249.387986316149,
    -933.68167915431081,
    -4623.0752505491091
  ],
  "num_iteration": 1000,
  "num_modalities": 4,
  "num_topics": 7,
  "total_liklihood": -33185.546422170497
}
