{
  "modality_liklihoods": [
    -14329.6188762659,
    -13261.808245249065,
    -932.52552018965525,
    -4675.2033087441177
  ],
  "num_iteration": 1000,
  "num_modalities": 4,
  "num_topics": 7,
  "total_liklihood": -33199.155950448738
}
