{
  "modality_liklihoods": [
    -12901.021785820976,
    -13274.965225128884,
    -939.75757020976812,
    -4623.2529337710175
  ],
  "num_iteration": 1000,
  "num_modalities": 4,
  "num_topics": 7,
  "total_liklihood": -31738.997514930645
}
