{
  "modality_liklihoods": [
    -14417.969629069286,
    -13277.206938370291,
    -934.16473755243658,
    -4653.6065857071771
  ],
  "num_iteration": 1000,
  "num_modalities": 4,
  "num_topics": 7,
  "total_liklihood": -33282.947890699194
}
