{
  "modality_liklihoods": [
    -14480.849767363632,
    -13253.33940163903,
    -935.56424312926652,
    -4645.1975392579188
  ],
  "num_iteration": 1000,
  "num_modalities": 4,
  "num_topics": 7,
  "total_liklihood": -33314.950951389845
}
