{
  "modality_liklihoods": [
    -14280.066037327095,
    -13226.441365636518,
    -940.29305776472768,
    -4590.4725822035152
  ],
  "num_iteration": 1000,
  "num_modalities": 4,
  "num_topics": 7,
  "total_liklihood": -33037.273042931854
}
