{
  "modality_liklihoods": [
    -14329.564787054516,
    -13277.849204720833,
    -941.73985039463821,
    -4687.3146925061565
  ],
  "num_iteration": 1000,
  "num_modalities": 4,
  "num_topics": 7,
  "total_liklihood": -33236.468534676147
}
