{
  "modality_liklihoods": [
    -13904.406189577561,
    -13235.434632522485,
    -940.61813128661868,
    -4643.300807091231
  ],
  "num_iteration": 1000,
  "num_modalities": 4,
  "num_topics": 7,
  "total_liklihood": -32723.759760477893
}
