{
  "modality_liklihoods": [
    -11945.829628494215,
    -13246.984812837516,
    -941.73978191024185,
    -4656.0877807123297
  ],
  "num_iteration": 1000,
  "num_modalities": 4,
  "num_topics": 7,
  "total_liklihood": -30790.642003954301
}
