{
  "modality_liklihoods": [
    -13908.655699644325,
    -13245.300253921958,
    -948.43670489757903,
    -4648.3872725411511
  ],
  "num_iteration": 1000,
  "num_modalities": 4,
  "num_topics": 7,
  "total_liklihood": -32750.779931005018
}
