{
  "modality_liklihoods": [
    -14746.102304971499,
    -13257.080170029329,
    -940.88918004916445,
    -4609.760757755058
  ],
  "num_iteration": 1000,
  "num_modalities": 4,
  "num_topics": 7,
  "total_liklihood": -33553.832412805052
}
