{
  "modality_liklihoods": [
    -14277.462986103967,
    -13182.02302861866,
    -936.52449635925041,
    -4695.9166767061015
  ],
  "num_iteration": 1000,
  "num_modalities": 4,
  "num_topics": 7,
  "total_liklihood": -33091.92718778798
}
