{
  "modality_liklihoods": [
    -13858.967162049545,
    -13240.046176261196,
    -945.29020683188833,
    -4635.5356817997872
  ],
  "num_iteration": 1000,
  "num_modalities": 4,
  "num_topics": 7,
  "total_liklihood": -32679.839226942415
}
