{
  "modality_liklihoods": [
    -13695.751531871223,
    -13247.124151096645,
    -939.69696677082891,
    -4621.3357962041073
  ],
  "num_iteration": 1000,
  "num_modalities": 4,
  "num_topics": 7,
  "total_liklihood": -32503.908445942805
}
