{
  "modality_liklihoods": [
    -13971.417650877276,
    -13262.171050116414,
    -941.12113459112277,
    -4668.2342905200476
  ],
  "num_iteration": 1000,
  "num_modalities": 4,
  "num_topics": 7,
  "total_liklihood": -32842.944126104863
}
