{
  "modality_liklihoods": [
    -14005.77823889669,
    -13205.908292647468,
    -943.05275991366887,
    -4738.755828533951
  ],
  "num_iteration": 1000,
  "num_modalities": 4,
  "num_topics": 7,
  "total_liklihood": -32893.495119991778
}
