{
  "modality_liklihoods": [
    -14004.376547813725,
    -13247.265077016775,
    -939.04547832841638,
    -4661.1834934380204
  ],
  "num_iteration": 1000,
  "num_modalities": 4,
  "num_topics": 7,
  "total_liklihood": -32851.870596596935
}
