{
  "modality_liklihoods": [
    -13909.304047523023,
    -13291.587853266596,
    -942.33016706724925,
    -4620.9643938635518
  ],
  "num_iteration": 1000,
  "num_modalities": 4,
  "num_topics": 7,
  "total_liklihood": -32764.186461720419
}
