{
  "modality_liklihoods": [
    -14189.925074827075,
    -13275.343045833395,
    -939.13109238156073,
    -4645.3279758380013
  ],
  "num_iteration": 1000,
  "num_modalities": 4,
  "num_topics": 7,
  "total_liklihood": -33049.727188880031
}
