{
  "modality_liklihoods": [
    -14023.805564991539,
    -13235.499743031973,
    -943.23374425139343,
    -4686.606646683922
  ],
  "num_iteration": 1000,
  "num_modalities": 4,
  "num_topics": 7,
  "total_liklihood": -32889.145698958826
}
