{
  "modality_liklihoods": [
    -13234.399398477366,
    -13242.623717395407,
    -947.28673706393022,
    -4565.8988324032953
  ],
  "num_iteration": 1000,
  "num_modalities": 4,
  "num_topics": 7,
  "total_liklihood": -31990.208685339996
}
