{
  "modality_liklihoods": [
    -14268.672455199901,
    -13233.582206199886,
    -936.30313308379152,
    -4615.4881459253647
  ],
  "num_iteration": 1000,
  "num_modalities": 4,
  "num_topics": 7,
  "total_liklihood": -33054.045940408942
}
