{
  "modality_liklihoods": [
    -13895.234993350505,
    -13244.035732320628,
    -941.71584390548969,
    -4675.817150448046
  ],
  "num_iteration": 1000,
  "num_modalities": 4,
  "num_topics": 7,
  "total_liklihood": -32756.803720024669
}
