{
  "modality_liklihoods": [
    -13968.995029762293,
    -13279.087848183728,
    -938.50604822186881,
    -4654.9377113052869
  ],
  "num_iteration": 1000,
  "num_modalities": 4,
  "num_topics": 7,
  "total_liklihood": -32841.526637473173
}
