{
  "modality_liklihoods": [
    -14018.981311274923,
    -13274.895102940483,
    -946.61738633022026,
    -4735.6493607206276
  ],
  "num_iteration": 1000,
  "num_modalities": 4,
  "num_topics": 7,
  "total_liklihood": -32976.143161266256
}
