{
  "modality_liklihoods": [
    -13449.088294127036,
    -13288.265392233356,
    -936.81052621924152,
    -4654.5518324748418
  ],
  "num_iteration": 1000,
  "num_modalities": 4,
  "num_topics": 7,
  "total_liklihood": -32328.716045054472
}
