{
  "modality_liklihoods": [
    -13658.780503733464,
    -13252.674071244757,
    -940.91628668374472,
    -4635.3647887131347
  ],
  "num_iteration": 1000,
  "num_modalities": 4,
  "num_topics": 7,
  "total_liklihood": -32487.735650375096
}
