{
  "modality_liklihoods": [
    -14358.869051895494,
    -13255.207056535184,
    -932.13113714310009,
    -4665.3741824719191
  ],
  "num_iteration": 1000,
  "num_modalities": 4,
  "num_topics": 7,
  "total_liklihood": -33211.581428045698
}
