{
  "modality_liklihoods": [
    -13975.807398952789,
    -13269.963319000455,
    -939.45541228041759,
    -4614.6559051781469
  ],
  "num_iteration": 1000,
  "num_modalities": 4,
  "num_topics": 7,
  "total_liklihood": -32799.882035411807
}
