{
  "modality_liklihoods": [
    -14010.542653902001,
    -13254.907017690373,
    -940.07060982207383,
    -4628.42853945756
  ],
  "num_iteration": 1000,
  "num_modalities": 4,
  "num_topics": 7,
  "total_liklihood": -32833.948820872007
}
