{
  "modality_liklihoods": [
    -14023.225993868266,
    -13294.26479078746,
    -944.39689062546677,
    -4641.944653304673
  ],
  "num_iteration": 1000,
  "num_modalities": 4,
  "num_topics": 7,
  "total_liklihood": -32903.832328585864
}
