{
  "modality_liklihoods": [
    -14079.57531170873,
    -13285.558509583296,
    -936.52288354686709,
    -4616.0558271521859
  ],
  "num_iteration": 1000,
  "num_modalities": 4,
  "num_topics": 7,
  "total_liklihood": -32917.712531991077
}
