{
  "modality_liklihoods": [
    -14343.703648764451,
    -13259.548079873226,
    -940.22205809974048,
    -4640.963562084783
  ],
  "num_iteration": 1000,
  "num_modalities": 4,
  "num_topics": 7,
  "total_liklihood": -33184.437348822197
}
