{
  "modality_liklihoods": [
    -13722.731379447829,
    -13291.115396610448,
    -936.72314992249187,
    -4643.6917836987368
  ],
  "num_iteration": 1000,
  "num_modalities": 4,
  "num_topics": 7,
  "total_liklihood": -32594.261709679507
}
