{
  "modality_liklihoods": [
    -13964.268297456987,
    -13232.01840494,
    -942.17183997198447,
    -4648.4817406862294
  ],
  "num_iteration": 1000,
  "num_modalities": 4,
  "num_topics": 7,
  "total_liklihood": -32786.940283055199
}
