{
  "modality_liklihoods": [
    -14649.870537565406,
    -13238.104452461226,
    -941.27457104109328,
    -4669.2255611853134
  ],
  "num_iteration": 1000,
  "num_modalities": 4,
  "num_topics": 7,
  "total_liklihood": -33498.475122253039
}
