{
  "modality_liklihoods": [
    -13181.446067270939,
    -13282.091061186673,
    -940.25456463109151,
    -4649.6656295944795
  ],
  "num_iteration": 1000,
  "num_modalities": 4,
  "num_topics": 7,
  "total_liklihood": -32053.457322683178
}
