{
  "modality_liklihoods": [
    -14076.213540746658,
    -13296.279731935869,
    -937.80385088826279,
    -4638.722842596987
  ],
  "num_iteration": 1000,
  "num_modalities": 4,
  "num_topics": 7,
  "total_liklihood": -32949.019966167776
}
