{
  "modality_liklihoods": [
    -13389.131523326994,
    -13285.080106220395,
    -941.69141664770984,
    -4619.8017578073195
  ],
  "num_iteration": 1000,
  "num_modalities": 4,
  "num_topics": 7,
  "total_liklihood": -32235.70480400242
}
