{
  "modality_liklihoods": [
    -13674.960871687834,
    -13284.306071557077,
    -946.59985004688224,
    -4602.4023408662906
  ],
  "num_iteration": 1000,
  "num_modalities": 4,
  "num_topics": 7,
  "total_liklihood": -32508.269134158083
}
