{
  "modality_liklihoods": [
    -13185.883614272239,
    -13247.363378703789,
    -942.89010865691978,
    -4632.7037245910024
  ],
  "num_iteration": 1000,
  "num_modalities": 4,
  "num_topics": 7,
  "total_liklihood": -32008.84082622395
}
