{
  "modality_liklihoods": [
    -13473.789867005842,
    -13239.340340328159,
    -942.74901618844092,
    -4670.314093894639
  ],
  "num_iteration": 1000,
  "num_modalities": 4,
  "num_topics": 7,
  "total_liklihood": -32326.193317417081
}
