{
  "modality_liklihoods": [
    -14017.829220352061,
    -13270.110838591108,
    -945.85178130751126,
    -4609.6155857733029
  ],
  "num_iteration": 1000,
  "num_modalities": 4,
  "num_topics": 7,
  "total_liklihood": -32843.407426023987
}
