{
  "modality_liklihoods": [
    -13325.166205760495,
    -13286.25294563354,
    -946.25943557266737,
    -4652.6316166218412
  ],
  "num_iteration": 1000,
  "num_modalities": 4,
  "num_topics": 7,
  "total_liklihood": -32210.310203588546
}
