{
  "modality_liklihoods": [
    -14197.78354094271,
    -13222.601593976098,
    -942.19877152152822,
    -4747.5994280262175
  ],
  "num_iteration": 1000,
  "num_modalities": 4,
  "num_topics": 7,
  "total_liklihood": -33110.183334466557
}
