{
  "modality_liklihoods": [
    -13977.706704828755,
    -13291.713357150524,
    -939.94718450170831,
    -4628.3173527712761
  ],
  "num_iteration": 1000,
  "num_modalities": 4,
  "num_topics": 7,
  "total_liklihood": -32837.684599252265
}
