{
  "modality_liklihoods": [
    -13947.137955357339,
    -13275.673738689558,
    -932.36535590541723,
    -4674.105691563559
  ],
  "num_iteration": 1000,
  "num_modalities": 4,
  "num_topics": 7,
  "total_liklihood": -32829.282741515875
}
