{
  "modality_liklihoods": [
    -13380.282947866552,
    -13255.331372624501,
    -946.5653015184804,
    -4603.3700713431626
  ],
  "num_iteration": 1000,
  "num_modalities": 4,
  "num_topics": 7,
  "total_liklihood": -32185.549693352696
}
