{
  "modality_liklihoods": [
    -13578.94176040101,
    -13261.18535951915,
    -938.34484244133955,
    -4625.86440242966
  ],
  "num_iteration": 1000,
  "num_modalities": 4,
  "num_topics": 7,
  "total_liklihood": -32404.336364791157
}
