{
  "modality_liklihoods": [
    -14752.596991244653,
    -13227.629959657263,
    -938.20583356814382,
    -4687.08362576119
  ],
  "num_iteration": 1000,
  "num_modalities": 4,
  "num_topics": 7,
  "total_liklihood": -33605.516410231248
}
