{
  "modality_liklihoods": [
    -13827.258523920369,
    -13280.598220801941,
    -934.38640578027332,
    -4644.4051369258232
  ],
  "num_iteration": 1000,
  "num_modalities": 4,
  "num_topics": 7,
  "total_liklihood": -32686.648287428408
}
