{
  "modality_liklihoods": [
    -14490.526962639897,
    -13285.702774006981,
    -948.16290614232901,
    -4651.5529561118892
  ],
  "num_iteration": 1000,
  "num_modalities": 4,
  "num_topics": 7,
  "total_liklihood": -33375.945598901097
}
