{
  "modality_liklihoods": [
    -13860.406997207279,
    -13308.888513453559,
    -943.94553677928423,
    -4658.8549784725292
  ],
  "num_iteration": 1000,
  "num_modalities": 4,
  "num_topics": 7,
  "total_liklihood": -32772.096025912651
}
