{
  "modality_liklihoods": [
    -13951.085974557947,
    -13235.602093380845,
    -934.1268373835544,
    -4697.6354989746951
  ],
  "num_iteration": 1000,
  "num_modalities": 4,
  "num_topics": 7,
  "total_liklihood": -32818.450404297044
}
