{
  "modality_liklihoods": [
    -14318.987366145953,
    -13245.877409599125,
    -943.51063881099162,
    -4713.6532194979072
  ],
  "num_iteration": 1000,
  "num_modalities": 4,
  "num_topics": 7,
  "total_liklihood": -33222.028634053975
}
