{
  "modality_liklihoods": [
    -13715.970943494962,
    -13273.347713425883,
    -939.76015705378472,
    -4663.4757862671113
  ],
  "num_iteration": 1000,
  "num_modalities": 4,
  "num_topics": 7,
  "total_liklihood": -32592.55460024174
}
