{
  "modality_liklihoods": [
    -13976.049506049969,
    -13236.714702951958,
    -939.70792959963637,
    -4655.9927977145499
  ],
  "num_iteration": 1000,
  "num_modalities": 4,
  "num_topics": 7,
  "total_liklihood": -32808.464936316115
}
