{
  "modality_liklihoods": [
    -13684.019278479997,
    -13232.469586722942,
    -941.40547134331723,
    -4641.3363660550849
  ],
  "num_iteration": 1000,
  "num_modalities": 4,
  "num_topics": 7,
  "total_liklihood": -32499.230702601344
}
