{
  "modality_liklihoods": [
    -14028.54907500745,
    -13229.529296422701,
    -936.52229892635523,
    -4608.4708736031607
  ],
  "num_iteration": 1000,
  "num_modalities": 4,
  "num_topics": 7,
  "total_liklihood": -32803.071543959668
}
