{
  "modality_liklihoods": [
    -13573.1728536994,
    -13225.595043407231,
    -941.14586578883609,
    -4640.7741070028624
  ],
  "num_iteration": 1000,
  "num_modalities": 4,
  "num_topics": 7,
  "total_liklihood": -32380.687869898327
}
