{
  "modality_liklihoods": [
    -14115.844104844926,
    -13257.812955565425,
    -935.71259613606742,
    -4663.666849732941
  ],
  "num_iteration": 1000,
  "num_modalities": 4,
  "num_topics": 7,
  "total_liklihood": -32973.036506279357
}
