{
  "modality_liklihoods": [
    -14366.188308408353,
    -13247.007064261392,
    -943.59801187741039,
    -4638.2186093703494
  ],
  "num_iteration": 1000,
  "num_modalities": 4,
  "num_topics": 7,
  "total_liklihood": -33195.011993917506
}
