{
  "modality_liklihoods": [
    -13565.544792190271,
    -13237.59361550426,
    -948.61164041505765,
    -4620.3834954695321
  ],
  "num_iteration": 1000,
  "num_modalities": 4,
  "num_topics": 7,
  "total_liklihood": -32372.133543579119
}
