{
  "modality_liklihoods": [
    -13533.018591006799,
    -13261.276652680859,
    -935.04447458136428,
    -4587.6039210428371
  ],
  "num_iteration": 1000,
  "num_modalities": 4,
  "num_topics": 7,
  "total_liklihood": -32316.943639311859
}
