{
  "modality_liklihoods": [
    -14045.186758846095,
    -13244.080695178724,
    -937.59260515552262,
    -4628.6716278678359
  ],
  "num_iteration": 1000,
  "num_modalities": 4,
  "num_topics": 7,
  "total_liklihood": -32855.531687048177
}
