{
  "modality_liklihoods": [
    -13364.723316075317,
    -13329.396529173191,
    -942.34534116621558,
    -4605.0120962981619
  ],
  "num_iteration": 1000,
  "num_modalities": 4,
  "num_topics": 7,
  "total_liklihood": -32241.477282712884
}
