{
  "modality_liklihoods": [
    -14223.239892471893,
    -13239.849829264287,
    -940.67752123562593,
    -4639.616034004006
  ],
  "num_iteration": 1000,
  "num_modalities": 4,
  "num_topics": 7,
  "total_liklihood": -33043.383276975808
}
