{
  "modality_liklihoods": [
    -13162.92575094584,
    -13260.442881859237,
    -942.97587017326737,
    -4621.695024852902
  ],
  "num_iteration": 1000,
  "num_modalities": 4,
  "num_topics": 7,
  "total_liklihood": -31988.039527831246
}
