{
  "modality_liklihoods": [
    -14612.337049536785,
    -13247.446778330101,
    -941.98735100719932,
    -4648.4976695091373
  ],
  "num_iteration": 1000,
  "num_modalities": 4,
  "num_topics": 7,
  "total_liklihood": -33450.268848383224
}
