{
  "modality_liklihoods": [
    -13824.699094425703,
    -13285.52914866068,
    -945.56628368582767,
    -4604.0928618004937
  ],
  "num_iteration": 1000,
  "num_modalities": 4,
  "num_topics": 7,
  "total_liklihood": -32659.887388572708
}
