{
  "modality_liklihoods": [
    -13931.445002450608,
    -13278.900459559141,
    -935.78852576894474,
    -4666.1806586266484
  ],
  "num_iteration": 1000,
  "num_modalities": 4,
  "num_topics": 7,
  "total_liklihood": -32812.314646405343
}
