{
  "modality_liklihoods": [
    -14171.815791105377,
    -13279.95973586567,
    -941.56360326542438,
    -4652.2216604078394
  ],
  "num_iteration": 1000,
  "num_modalities": 4,
  "num_topics": 7,
  "total_liklihood": -33045.560790644311
}
