{
  "modality_liklihoods": [
    -13928.997427004828,
    -13229.142875117102,
    -940.26620528298474,
    -4654.0478271963748
  ],
  "num_iteration": 1000,
  "num_modalities": 4,
  "num_topics": 7,
  "total_liklihood": -32752.454334601287
}
