{
  "modality_liklihoods": [
    -13813.591072475094,
    -13291.753501064122,
    -940.7581605207771,
    -4587.9841551019363
  ],
  "num_iteration": 1000,
  "num_modalities": 4,
  "num_topics": 7,
  "total_liklihood": -32634.086889161932
}
