{
  "modality_liklihoods": [
    -13852.903687688704,
    -13263.406451821771,
    -941.7762223537278,
    -4650.2095530191491
  ],
  "num_iteration": 1000,
  "num_modalities": 4,
  "num_topics": 7,
  "total_liklihood": -32708.295914883354
}
