{
  "modality_liklihoods": [
    -13312.1462838595,
    -13259.883533893431,
    -941.65485779405799,
    -4648.5864350772335
  ],
  "num_iteration": 1000,
  "num_modalities": 4,
  "num_topics": 7,
  "total_liklihood": -32162.271110624228
}
