{
  "modality_liklihoods": [
    -14346.783367447031,
    -13248.725090470629,
    -938.2844773558129,
    -4618.9639328372959
  ],
  "num_iteration": 1000,
  "num_modalities": 4,
  "num_topics": 7,
  "total_liklihood": -33152.756868110773
}
