{
  "modality_liklihoods": [
    -14798.650765692677,
    -13256.796241344255,
    -940.8778840915752,
    -4626.3613472434699
  ],
  "num_iteration": 1000,
  "num_modalities": 4,
  "num_topics": 7,
  "total_liklihood": -33622.686238371978
}
