{
  "modality_liklihoods": [
    -13356.767888920625,
    -13268.387903238121,
    -942.03991052057438,
    -4633.4525306135956
  ],
  "num_iteration": 1000,
  "num_modalities": 4,
  "num_topics": 7,
  "total_liklihood": -32200.648233292915
}
