{
  "modality_liklihoods": [
    -14056.168397541089,
    -13266.162243955609,
    -938.43451316426729,
    -4629.7872045115955
  ],
  "num_iteration": 1000,
  "num_modalities": 4,
  "num_topics": 7,
  "total_liklihood": -32890.552359172558
}
