{
  "modality_liklihoods": [
    -14018.194005071697,
    -13262.978632626508,
    -934.34616712803927,
    -4648.4752954154637
  ],
  "num_iteration": 1000,
  "num_modalities": 4,
  "num_topics": 7,
  "total_liklihood": -32863.994100241704
}
