{
  "modality_liklihoods": [
    -13108.928350154431,
    -13218.131515537305,
    -936.02431731274453,
    -4647.66274174094
  ],
  "num_iteration": 1000,
  "num_modalities": 4,
  "num_topics": 7,
  "total_liklihood": -31910.746924745421
}
