{
  "modality_liklihoods": [
    -13695.789035613248,
    -13271.606677504629,
    -936.11457108127956,
    -4646.862531049579
  ],
  "num_iteration": 1000,
  "num_modalities": 4,
  "num_topics": 7,
  "total_liklihood": -32550.372815248731
}
