{
  "modality_liklihoods": [
    -13912.826124816009,
    -13267.611887264135,
    -935.51194227172107,
    -4642.3504081424662
  ],
  "num_iteration": 1000,
  "num_modalities": 4,
  "num_topics": 7,
  "total_liklihood": -32758.30036249433
}
