{
  "modality_liklihoods": [
    -13476.70247985089,
    -13256.810663781911,
    -937.76349788866435,
    -4623.8349509915661
  ],
  "num_iteration": 1000,
  "num_modalities": 4,
  "num_topics": 7,
  "total_liklihood": -32295.111592513029
}
