{
  "modality_liklihoods": [
    -13842.082461966553,
    -13299.855863988327,
    -944.62910288840692,
    -4632.7377198526683
  ],
  "num_iteration": 1000,
  "num_modalities": 4,
  "num_topics": 7,
  "total_liklihood": -32719.305148695952
}
