{
  "modality_liklihoods": [
    -13979.370668045633,
    -13234.479086344378,
    -940.59882031413815,
    -4644.5941211459894
  ],
  "num_iteration": 1000,
  "num_modalities": 4,
  "num_topics": 7,
  "total_liklihood": -32799.042695850134
}
