{
  "modality_liklihoods": [
    -12914.448922866977,
    -13251.92298164099,
    -940.51089432553852,
    -4633.6749294216997
  ],
  "num_iteration": 1000,
  "num_modalities": 4,
  "num_topics": 7,
  "total_liklihood": -31740.557728255208
}
