{
  "modality_liklihoods": [
    -13714.544146378863,
    -13288.716875284148,
    -941.28915564837314,
    -4653.6271264043544
  ],
  "num_iteration": 1000,
  "num_modalities": 4,
  "num_topics": 7,
  "total_liklihood": -32598.17730371574
}
