{
  "modality_liklihoods": [
    -14271.115489852231,
    -13271.727121452464,
    -942.52878829157669,
    -4621.819198269709
  ],
  "num_iteration": 1000,
  "num_modalities": 4,
  "num_topics": 7,
  "total_liklihood": -33107.190597865978
}
