{
  "modality_liklihoods": [
    -14415.526208281717,
    -13233.123371764805,
    -934.9066693301495,
    -4620.0438963795323
  ],
  "num_iteration": 1000,
  "num_modalities": 4,
  "num_topics": 7,
  "total_liklihood": -33203.600145756202
}
