{
  "modality_liklihoods": [
    -14885.914977919523,
    -13227.406513907108,
    -939.46547152295489,
    -4661.7350418105416
  ],
  "num_iteration": 1000,
  "num_modalities": 4,
  "num_topics": 7,
  "total_liklihood": -33714.522005160128
}
