{
  "modality_liklihoods": [
    -13497.594411460039,
    -13233.318714989879,
    -942.88124538059333,
    -4640.8299661530937
  ],
  "num_iteration": 1000,
  "num_modalities": 4,
  "num_topics": 7,
  "total_liklihood": -32314.624337983605
}
