{
  "modality_liklihoods": [
    -14626.804447045899,
    -13277.717550584703,
    -935.79397821223597,
    -4671.427293677466
  ],
  "num_iteration": 1000,
  "num_modalities": 4,
  "num_topics": 7,
  "total_liklihood": -33511.74326952031
}
