{
  "modality_liklihoods": [
    -14315.419644632924,
    -13265.84116943168,
    -935.80103019194655,
    -4633.2443780551412
  ],
  "num_iteration": 1000,
  "num_modalities": 4,
  "num_topics": 7,
  "total_liklihood": -33150.306222311694
}
