{
  "modality_liklihoods": [
    -13815.604799068336,
    -13253.968421484748,
    -940.81102389197747,
    -4634.4861989307492
  ],
  "num_iteration": 1000,
  "num_modalities": 4,
  "num_topics": 7,
  "total_liklihood": -32644.87044337581
}
