{
  "modality_liklihoods": [
    -13967.831880616008,
    -13236.38118690967,
    -940.72360534856489,
    -4627.6196011095171
  ],
  "num_iteration": 1000,
  "num_modalities": 4,
  "num_topics": 7,
  "total_liklihood": -32772.556273983762
}
