{
  "modality_liklihoods": [
    -14112.065610321499,
    -13264.448158786365,
    -936.94045036241994,
    -4652.6674419489191
  ],
  "num_iteration": 1000,
  "num_modalities": 4,
  "num_topics": 7,
  "total_liklihood": -32966.121661419202
}
