{
  "modality_liklihoods": [
    -14366.803443651715,
    -13236.009193699732,
    -934.63048252774399,
    -4631.437229585069
  ],
  "num_iteration": 1000,
  "num_modalities": 4,
  "num_topics": 7,
  "total_liklihood": -33168.880349464256
}
