{
  "modality_liklihoods": [
    -13645.386771588692,
    -13310.352919233792,
    -946.35959920007224,
    -4628.3062634851558
  ],
  "num_iteration": 1000,
  "num_modalities": 4,
  "num_topics": 7,
  "total_liklihood": -32530.405553507713
}
