{
  "modality_liklihoods": [
    -13800.170638216197,
    -13273.255476929826,
    -941.40458114059368,
    -4639.49141337948
  ],
  "num_iteration": 1000,
  "num_modalities": 4,
  "num_topics": 7,
  "total_liklihood": -32654.322109666096
}
