{
  "modality_liklihoods": [
    -13852.035469539158,
    -13255.859439322532,
    -935.66833836738419,
    -4739.253015646832
  ],
  "num_iteration": 1000,
  "num_modalities": 4,
  "num_topics": 7,
  "total_liklihood": -32782.816262875909
}
