{
  "modality_liklihoods": [
    -14688.777839008169,
    -13221.027828149221,
    -935.18219649232594,
    -4683.1343475411668
  ],
  "num_iteration": 1000,
  "num_modalities": 4,
  "num_topics": 7,
  "total_liklihood": -33528.122211190886
}
