{
  "modality_liklihoods": [
    -13471.324930717472,
    -13260.922521878301,
    -943.29805373140198,
    -4686.1999881521997
  ],
  "num_iteration": 1000,
  "num_modalities": 4,
  "num_topics": 7,
  "total_liklihood": -32361.745494479375
}
