{
  "modality_liklihoods": [
    -14062.874951684309,
    -13248.571405860179,
    -938.36656572189383,
    -4657.5990810336452
  ],
  "num_iteration": 1000,
  "num_modalities": 4,
  "num_topics": 7,
  "total_liklihood": -32907.412004300029
}
