{
  "modality_liklihoods": [
    -14378.117547741,
    -13258.201316381303,
    -937.44919351165868,
    -4629.5650104628503
  ],
  "num_iteration": 1000,
  "num_modalities": 4,
  "num_topics": 7,
  "total_liklihood": -33203.333068096814
}
