{
  "modality_liklihoods": [
    -14086.054938761778,
    -13243.318177432095,
    -944.8767419958433,
    -4641.8828909343119
  ],
  "num_iteration": 1000,
  "num_modalities": 4,
  "num_topics": 7,
  "total_liklihood": -32916.132749124023
}
