{
  "modality_liklihoods": [
    -14554.560199609608,
    -13211.762329914634,
    -947.16853130486641,
    -4707.3584152168469
  ],
  "num_iteration": 1000,
  "num_modalities": 4,
  "num_topics": 7,
  "total_liklihood": -33420.849476045958
}
