{
  "modality_liklihoods": [
    -13478.870630808498,
    -13288.638240354434,
    -946.95871164079176,
    -4661.4020646317458
  ],
  "num_iteration": 1000,
  "num_modalities": 4,
  "num_topics": 7,
  "total_liklihood": -32375.869647435473
}
