{
  "modality_liklihoods": [
    -13618.713824068807,
    -13239.062606350382,
    -946.89223848107281,
    -4617.2888144343142
  ],
  "num_iteration": 1000,
  "num_modalities": 4,
  "num_topics": 7,
  "total_liklihood": -32421.957483334576
}
