{
  "modality_liklihoods": [
    -12936.016872084936,
    -13267.620500617866,
    -944.9417768221108,
    -4638.1600403640323
  ],
  "num_iteration": 1000,
  "num_modalities": 4,
  "num_topics": 7,
  "total_liklihood": -31786.739189888947
}
