{
  "modality_liklihoods": [
    -14381.639614104986,
    -13262.793036629151,
    -937.51348846368978,
    -4650.105730403784
  ],
  "num_iteration": 1000,
  "num_modalities": 4,
  "num_topics": 7,
  "total_liklihood": -33232.051869601615
}
