{
  "modality_liklihoods": [
    -13653.812800410016,
    -13270.296028589346,
    -939.29781377116046,
    -4601.5886867926283
  ],
  "num_iteration": 1000,
  "num_modalities": 4,
  "num_topics": 7,
  "total_liklihood": -32464.995329563153
}
