{
  "modality_liklihoods": [
    -13986.867228122201,
    -13278.850387059056,
    -941.30270637808508,
    -4612.3007865266609
  ],
  "num_iteration": 1000,
  "num_modalities": 4,
  "num_topics": 7,
  "total_liklihood": -32819.321108086006
}
