{
  "modality_liklihoods": [
    -13850.045261093061,
    -13234.159177890228,
    -935.28509545168379,
    -4621.3193563905688
  ],
  "num_iteration": 1000,
  "num_modalities": 4,
  "num_topics": 7,
  "total_liklihood": -32640.808890825541
}
