{
  "modality_liklihoods": [
    -13614.168851388666,
    -13206.481329067625,
    -942.75229606290475,
    -4639.170609060925
  ],
  "num_iteration": 1000,
  "num_modalities": 4,
  "num_topics": 7,
  "total_liklihood": -32402.573085580119
}
