{
  "modality_liklihoods": [
    -14324.484009969079,
    -13246.218477217453,
    -939.52092634967914,
    -4620.2467680834579
  ],
  "num_iteration": 1000,
  "num_modalities": 4,
  "num_topics": 7,
  "total_liklihood": -33130.470181619668
}
