{
  "modality_liklihoods": [
    -13569.610268846156,
    -13277.526241828473,
    -940.66734118761815,
    -4665.1804856711578
  ],
  "num_iteration": 1000,
  "num_modalities": 4,
  "num_topics": 7,
  "total_liklihood": -32452.984337533406
}
