{
  "modality_liklihoods": [
    -13233.263836912782,
    -13279.362002532498,
    -938.60919644265914,
    -4634.7129228409185
  ],
  "num_iteration": 1000,
  "num_modalities": 4,
  "num_topics": 7,
  "total_liklihood": -32085.947958728859
}
