{
  "modality_liklihoods": [
    -14005.781563714558,
    -13237.95621382734,
    -938.92077363994622,
    -4670.1565888049845
  ],
  "num_iteration": 1000,
  "num_modalities": 4,
  "num_topics": 7,
  "total_liklihood": -32852.815139986829
}
