{
  "modality_liklihoods": [
    -14457.543646296475,
    -13256.637368453579,
    -938.25805653212524,
    -4615.3069667633517
  ],
  "num_iteration": 1000,
  "num_modalities": 4,
  "num_topics": 7,
  "total_liklihood": -33267.74603804553
}
