{
  "modality_liklihoods": [
    -13461.89617795013,
    -13233.130463401158,
    -937.14484575710696,
    -4647.8742205708895
  ],
  "num_iteration": 1000,
  "num_modalities": 4,
  "num_topics": 7,
  "total_liklihood": -32280.045707679281
}
