{
  "modality_liklihoods": [
    -13823.406819467331,
    -13251.390912120069,
    -945.07708351646215,
    -4620.9777104059131
  ],
  "num_iteration": 1000,
  "num_modalities": 4,
  "num_topics": 7,
  "total_liklihood": -32640.852525509777
}
