{
  "modality_liklihoods": [
    -13314.704674263152,
    -13260.809122491784,
    -947.59175679697898,
    -4675.2233082221464
  ],
  "num_iteration": 1000,
  "num_modalities": 4,
  "num_topics": 7,
  "total_liklihood": -32198.328861774062
}
