{
  "modality_liklihoods": [
    -13444.474922970001,
    -13281.471609546692,
    -935.70165303981469,
    -4613.8890192373919
  ],
  "num_iteration": 1000,
  "num_modalities": 4,
  "num_topics": 7,
  "total_liklihood": -32275.537204793898
}
