{
  "modality_liklihoods": [
    -13450.161587084702,
    -13299.986025236982,
    -943.40285075599593,
    -4746.5530133624443
  ],
  "num_iteration": 1000,
  "num_modalities": 4,
  "num_topics": 7,
  "total_liklihood": -32440.103476440127
}
