{
  "modality_liklihoods": [
    -13791.034322591779,
    -13297.390496351145,
    -936.2231504340308,
    -4641.8989629393845
  ],
  "num_iteration": 1000,
  "num_modalities": 4,
  "num_topics": 7,
  "total_liklihood": -32666.546932316338
}
