{
  "modality_liklihoods": [
    -14510.962213672541,
    -13314.188729485992,
    -930.83393891870151,
    -4664.2364627611487
  ],
  "num_iteration": 1000,
  "num_modalities": 4,
  "num_topics": 7,
  "total_liklihood": -33420.221344838385
}
