{
  "modality_liklihoods": [
    -13827.403268011421,
    -13286.628215949768,
    -938.28170699997816,
    -4632.126244796953
  ],
  "num_iteration": 1000,
  "num_modalities": 4,
  "num_topics": 7,
  "total_liklihood": -32684.439435758119
}
