{
  "modality_liklihoods": [
    -13927.886052354494,
    -13299.516070121384,
    -939.61013202251991,
    -4611.117451928757
  ],
  "num_iteration": 1000,
  "num_modalities": 4,
  "num_topics": 7,
  "total_liklihood": -32778.129706427157
}
