{
  "modality_liklihoods": [
    -14349.293197447214,
    -13250.854443447106,
    -927.91033106628004,
    -4665.9607393852539
  ],
  "num_iteration": 1000,
  "num_modalities": 4,
  "num_topics": 7,
  "total_liklihood": -33194.018711345852
}
