{
  "modality_liklihoods": [
    -13696.758598674665,
    -13279.358832069162,
    -935.84559019164806,
    -4650.2179321150506
  ],
  "num_iteration": 1000,
  "num_modalities": 4,
  "num_topics": 7,
  "total_liklihood": -32562.180953050527
}
