{
  "modality_liklihoods": [
    -12639.369832763314,
    -13259.690207102287,
    -939.58299548624279,
    -4666.8508164528403
  ],
  "num_iteration": 1000,
  "num_modalities": 4,
  "num_topics": 7,
  "total_liklihood": -31505.493851804684
}
