{
  "modality_liklihoods": [
    -14380.493860863484,
    -13194.658881269572,
    -944.36927254272837,
    -4724.733828603461
  ],
  "num_iteration": 1000,
  "num_modalities": 4,
  "num_topics": 7,
  "total_liklihood": -33244.255843279243
}
