{
  "modality_liklihoods": [
    -14396.987632231032,
    -13256.079491473245,
    -939.55144269403127,
    -4595.348255027995
  ],
  "num_iteration": 1000,
  "num_modalities": 4,
  "num_topics": 7,
  "total_liklihood": -33187.966821426307
}
