{
  "modality_liklihoods": [
    -14102.414093822559,
    -13220.228205100921,
    -939.40194234720741,
    -4671.6430820381956
  ],
  "num_iteration": 1000,
  "num_modalities": 4,
  "num_topics": 7,
  "total_liklihood": -32933.687323308885
}
