{
  "modality_liklihoods": [
    -13934.327104913529,
    -13282.098625707924,
    -941.06652405722286,
    -4637.5957683591332
  ],
  "num_iteration": 1000,
  "num_modalities": 4,
  "num_topics": 7,
  "total_liklihood": -32795.08802303781
}
