{
  "modality_liklihoods": [
    -14446.62656395068,
    -13271.621578001734,
    -940.73087354723941,
    -4702.0330300594715
  ],
  "num_iteration": 1000,
  "num_modalities": 4,
  "num_topics": 7,
  "total_liklihood": -33361.012045559124
}
