{
  "modality_liklihoods": [
    -13656.36308349504,
    -13273.82876496262,
    -947.10560271000668,
    -4631.7765809142866
  ],
  "num_iteration": 1000,
  "num_modalities": 4,
  "num_topics": 7,
  "total_liklihood": -32509.074032081953
}
