{
  "modality_liklihoods": [
    -13438.684544187734,
    -13229.577856941065,
    -944.81841410870607,
    -4678.7784511563959
  ],
  "num_iteration": 1000,
  "num_modalities": 4,
  "num_topics": 7,
  "total_liklihood": -32291.859266393902
}
