{
  "modality_liklihoods": [
    -13172.164224026796,
    -13269.479471584456,
    -935.47604173116304,
    -4634.2152644472581
  ],
  "num_iteration": 1000,
  "num_modalities": 4,
  "num_topics": 7,
  "total_liklihood": -32011.335001789674
}
