{
  "modality_liklihoods": [
    -13832.33869820283,
    -13265.462901421441,
    -942.61970841538732,
    -4645.2606082530547
  ],
  "num_iteration": 1000,
  "num_modalities": 4,
  "num_topics": 7,
  "total_liklihood": -32685.68191629271
}
