{
  "modality_liklihoods": [
    -15050.913566229117,
    -13212.629519460899,
    -948.52287840775432,
    -4632.3435915751388
  ],
  "num_iteration": 1000,
  "num_modalities": 4,
  "num_topics": 7,
  "total_liklihood": -33844.409555672908
}
