{
  "modality_liklihoods": [
    -14081.238220242354,
    -13271.927805077261,
    -940.15326416362086,
    -4632.1083814268859
  ],
  "num_iteration": 1000,
  "num_modalities": 4,
  "num_topics": 7,
  "total_liklihood": -32925.427670910125
}
