{
  "modality_liklihoods": [
    -14023.797426249004,
    -13313.191645059784,
    -937.72270563193479,
    -4638.6412708099133
  ],
  "num_iteration": 1000,
  "num_modalities": 4,
  "num_topics": 7,
  "total_liklihood": -32913.353047750636
}
