{
  "modality_liklihoods": [
    -14528.555634748309,
    -13211.646971083477,
    -944.18795091803952,
    -4740.8200449678079
  ],
  "num_iteration": 1000,
  "num_modalities": 4,
  "num_topics": 7,
  "total_liklihood": -33425.210601717634
}
