{
  "modality_liklihoods": [
    -14029.945260785087,
    -13262.498523604418,
    -940.65482572556959,
    -4649.7550863263632
  ],
  "num_iteration": 1000,
  "num_modalities": 4,
  "num_topics": 7,
  "total_liklihood": -32882.853696441438
}
