{
  "modality_liklihoods": [
    -14042.457856394502,
    -13293.228829851776,
    -940.94882377855367,
    -4635.7657963291504
  ],
  "num_iteration": 1000,
  "num_modalities": 4,
  "num_topics": 7,
  "total_liklihood": -32912.401306353982
}
