{
  "modality_liklihoods": [
    -14062.262773706314,
    -13220.734535722973,
    -938.47346564353927,
    -4634.9508357441509
  ],
  "num_iteration": 1000,
  "num_modalities": 4,
  "num_topics": 7,
  "total_liklihood": -32856.421610816979
}
