{
  "modality_liklihoods": [
    -14583.055115465693,
    -13264.863750679891,
    -942.88367724560032,
    -4621.516876692288
  ],
  "num_iteration": 1000,
  "num_modalities": 4,
  "num_topics": 7,
  "total_liklihood": -33412.319420083477
}
