{
  "modality_liklihoods": [
    -14468.603178789095,
    -13245.506792015834,
    -939.11190326331189,
    -4623.9630745116965
  ],
  "num_iteration": 1000,
  "num_modalities": 4,
  "num_topics": 7,
  "total_liklihood": -33277.184948579939
}
