{
  "modality_liklihoods": [
    -12979.891142769111,
    -13266.202944034718,
    -942.63227912272953,
    -4600.6576556319505
  ],
  "num_iteration": 1000,
  "num_modalities": 4,
  "num_topics": 7,
  "total_liklihood": -31789.384021558508
}
