{
  "modality_liklihoods": [
    -14224.6641670592,
    -13259.936184505643,
    -935.04058311823985,
    -4626.7780128050726
  ],
  "num_iteration": 1000,
  "num_modalities": 4,
  "num_topics": 7,
  "total_liklihood": -33046.418947488157
}
