{
  "modality_liklihoods": [
    -13908.880558887224,
    -13231.344384199752,
    -945.1754356192489,
    -4655.8102203803819
  ],
  "num_iteration": 1000,
  "num_modalities": 4,
  "num_topics": 7,
  "total_liklihood": -32741.210599086611
}
