{
  "modality_liklihoods": [
    -14048.815438951324,
    -13335.34561717016,
    -942.17550612354114,
    -4651.8859645110997
  ],
  "num_iteration": 1000,
  "num_modalities": 4,
  "num_topics": 7,
  "total_liklihood": -32978.222526756123
}
