{
  "modality_liklihoods": [
    -13329.320393841746,
    -13247.898106548388,
    -936.05044411277265,
    -4670.0109403510351
  ],
  "num_iteration": 1000,
  "num_modalities": 4,
  "num_topics": 7,
  "total_liklihood": -32183.279884853942
}
