{
  "modality_liklihoods": [
    -14221.915661472876,
    -13260.446420596092,
    -943.61449396231751,
    -4771.3754205230262
  ],
  "num_iteration": 1000,
  "num_modalities": 4,
  "num_topics": 7,
  "total_liklihood": -33197.351996554316
}
