{
  "modality_liklihoods": [
    -14157.721094348708,
    -13237.209883383037,
    -930.15504385226416,
    -4635.1414053746794
  ],
  "num_iteration": 1000,
  "num_modalities": 4,
  "num_topics": 7,
  "total_liklihood": -32960.227426958692
}
