{
  "modality_liklihoods": [
    -13597.757855260983,
    -13274.229345256434,
    -941.16960166390732,
    -4654.9730467903591
  ],
  "num_iteration": 1000,
  "num_modalities": 4,
  "num_topics": 7,
  "total_liklihood": -32468.129848971686
}
