{
  "modality_liklihoods": [
    -13553.293560436843,
    -13223.711588613207,
    -943.90583579013582,
    -4645.5064259127685
  ],
  "num_iteration": 1000,
  "num_modalities": 4,
  "num_topics": 7,
  "total_liklihood": -32366.417410752954
}
