{
  "modality_liklihoods": [
    -14053.826317944651,
    -13274.122767302915,
    -941.38829393239621,
    -4664.2787058787371
  ],
  "num_iteration": 1000,
  "num_modalities": 4,
  "num_topics": 7,
  "total_liklihood": -32933.616085058697
}
