{
  "modality_liklihoods": [
    -13936.798831265101,
    -13276.573510855005,
    -940.75691400272922,
    -4674.951199177779
  ],
  "num_iteration": 1000,
  "num_modalities": 4,
  "num_topics": 7,
  "total_liklihood": -32829.080455300616
}
