{
  "modality_liklihoods": [
    -13982.463890252919,
    -13258.553487850982,
    -939.27938940466834,
    -4658.1930163598718
  ],
  "num_iteration": 1000,
  "num_modalities": 4,
  "num_topics": 7,
  "total_liklihood": -32838.489783868441
}
