{
  "modality_liklihoods": [
    -13865.921972035052,
    -13236.063083538231,
    -941.542449570445,
    -4658.4699298753876
  ],
  "num_iteration": 1000,
  "num_modalities": 4,
  "num_topics": 7,
  "total_liklihood": -32701.997435019119
}
