{
  "modality_liklihoods": [
    -14381.116000389577,
    -13268.221134344531,
    -944.64244401890471,
    -4781.0591005152601
  ],
  "num_iteration": 1000,
  "num_modalities": 4,
  "num_topics": 7,
  "total_liklihood": -33375.038679268269
}
