{
  "modality_liklihoods": [
    -13989.193853093193,
    -13257.698977868122,
    -945.30513370981146,
    -4670.7593181785269
  ],
  "num_iteration": 1000,
  "num_modalities": 4,
  "num_topics": 7,
  "total_liklihood": -32862.957282849653
}
