{
  "modality_liklihoods": [
    -13966.45013046856,
    -13269.190329287223,
    -936.25236983670391,
    -4635.2786377518169
  ],
  "num_iteration": 1000,
  "num_modalities": 4,
  "num_topics": 7,
  "total_liklihood": -32807.171467344306
}
