{
  "modality_liklihoods": [
    -12859.714434660784,
    -13232.988319102928,
    -952.71659204795105,
    -4641.8821175790854
  ],
  "num_iteration": 1000,
  "num_modalities": 4,
  "num_topics": 7,
  "total_liklihood": -31687.301463390751
}
