{
  "modality_liklihoods": [
    -14264.555852145042,
    -13264.039732769917,
    -938.87113280433675,
    -4641.9224853173218
  ],
  "num_iteration": 1000,
  "num_modalities": 4,
  "num_topics": 7,
  "total_liklihood": -33109.389203036619
}
