{
  "modality_liklihoods": [
    -13921.522454693391,
    -13264.019936644356,
    -936.36799510359208,
    -4646.1590249530618
  ],
  "num_iteration": 1000,
  "num_modalities": 4,
  "num_topics": 7,
  "total_liklihood": -32768.069411394397
}
