{
  "modality_liklihoods": [
    -14017.950213035059,
    -13256.361205712221,
    -941.12544426202874,
    -4626.5426454977796
  ],
  "num_iteration": 1000,
  "num_modalities": 4,
  "num_topics": 7,
  "total_liklihood": -32841.979508507095
}
