{
  "modality_liklihoods": [
    -13463.475479297582,
    -13248.256409920412,
    -941.75668865570242,
    -4614.6680849759323
  ],
  "num_iteration": 1000,
  "num_modalities": 4,
  "num_topics": 7,
  "total_liklihood": -32268.156662849629
}
