{
  "modality_liklihoods": [
    -14379.445507536979,
    -13239.854193750823,
    -931.78679762423326,
    -4629.8854510372239
  ],
  "num_iteration": 1000,
  "num_modalities": 4,
  "num_topics": 7,
  "total_liklihood": -33180.971949949264
}
