{
  "modality_liklihoods": [
    -13145.655263473145,
    -13229.299749614147,
    -951.96752963649624,
    -4613.7216707081716
  ],
  "num_iteration": 1000,
  "num_modalities": 4,
  "num_topics": 7,
  "total_liklihood": -31940.644213431959
}
