{
  "modality_liklihoods": [
    -14235.687490125823,
    -13243.303790141241,
    -945.71790134981859,
    -4674.6446724737525
  ],
  "num_iteration": 1000,
  "num_modalities": 4,
  "num_topics": 7,
  "total_liklihood": -33099.353854090637
}
