{
  "modality_liklihoods": [
    -13640.395865731702,
    -13255.080550490207,
    -946.50917625384614,
    -4645.3286294253721
  ],
  "num_iteration": 1000,
  "num_modalities": 4,
  "num_topics": 7,
  "total_liklihood": -32487.314221901128
}
