{
  "modality_liklihoods": [
    -13888.540314730199,
    -13269.96609926529,
    -941.53549423229163,
    -4651.151223408945
  ],
  "num_iteration": 1000,
  "num_modalities": 4,
  "num_topics": 7,
  "total_liklihood": -32751.193131636726
}
