{
  "modality_liklihoods": [
    -13945.189642725923,
    -13280.84932629946,
    -932.21247658342031,
    -4629.6600917476517
  ],
  "num_iteration": 1000,
  "num_modalities": 4,
  "num_topics": 7,
  "total_liklihood": -32787.911537356456
}
