{
  "modality_liklihoods": [
    -13934.377736750077,
    -13297.123362678678,
    -934.88884095265598,
    -4601.4514040363465
  ],
  "num_iteration": 1000,
  "num_modalities": 4,
  "num_topics": 7,
  "total_liklihood": -32767.841344417757
}
