{
  "modality_liklihoods": [
    -13766.212050497579,
    -13252.008800975496,
    -935.39155353031492,
    -4648.8376990204806
  ],
  "num_iteration": 1000,
  "num_modalities": 4,
  "num_topics": 7,
  "total_liklihood": -32602.450104023872
}
