{
  "modality_liklihoods": [
    -12643.495059756418,
    -13215.706780971406,
    -936.72283142745778,
    -4629.356164519023
  ],
  "num_iteration": 1000,
  "num_modalities": 4,
  "num_topics": 7,
  "total_liklihood": -31425.280836674305
}
