{
  "modality_liklihoods": [
    -13910.042068149527,
    -13240.301842385203,
    -951.00133353883848,
    -4616.3678513804925
  ],
  "num_iteration": 1000,
  "num_modalities": 4,
  "num_topics": 7,
  "total_liklihood": -32717.713095454059
}
