{
  "modality_liklihoods": [
    -13535.172924523071,
    -13284.581350207229,
    -940.62903830162895,
    -4641.6139380964587
  ],
  "num_iteration": 1000,
  "num_modalities": 4,
  "num_topics": 7,
  "total_liklihood": -32401.997251128389
}
