{
  "modality_liklihoods": [
    -14502.348775611948,
    -13238.860249350144,
    -940.76823091332869,
    -4767.637788666776
  ],
  "num_iteration": 1000,
  "num_modalities": 4,
  "num_topics": 7,
  "total_liklihood": -33449.615044542195
}
