{
  "modality_liklihoods": [
    -13924.656769220508,
    -13221.210119778085,
    -943.31869948915335,
    -4691.4600120006253
  ],
  "num_iteration": 1000,
  "num_modalities": 4,
  "num_topics": 7,
  "total_liklihood": -32780.645600488373
}
