{
  "modality_liklihoods": [
    -14540.206822180753,
    -13269.199224583601,
    -939.63254081103616,
    -4633.2321967981097
  ],
  "num_iteration": 1000,
  "num_modalities": 4,
  "num_topics": 7,
  "total_liklihood": -33382.270784373497
}
