{
  "modality_liklihoods": [
    -13870.845395796008,
    -13232.680418259875,
    -936.89806498188773,
    -4696.8388435871439
  ],
  "num_iteration": 1000,
  "num_modalities": 4,
  "num_topics": 7,
  "total_liklihood": -32737.262722624917
}
