{
  "modality_liklihoods": [
    -13346.695489877344,
    -13267.628432821693,
    -939.09458257514052,
    -4655.1032064290466
  ],
  "num_iteration": 1000,
  "num_modalities": 4,
  "num_topics": 7,
  "total_liklihood": -32208.521711703223
}
