{
  "modality_liklihoods": [
    -14375.688984432811,
    -13274.531738670246,
    -934.28568878907492,
    -4642.5659824875765
  ],
  "num_iteration": 1000,
  "num_modalities": 4,
  "num_topics": 7,
  "total_liklihood": -33227.072394379706
}
