{
  "modality_liklihoods": [
    -13735.095448819937,
    -13209.971996788077,
    -935.65949605064998,
    -4704.8099515637232
  ],
  "num_iteration": 1000,
  "num_modalities": 4,
  "num_topics": 7,
  "total_liklihood": -32585.536893222386
}
