{
  "modality_liklihoods": [
    -13943.464462715045,
    -13316.072047562478,
    -937.39073807254056,
    -4595.775513625299
  ],
  "num_iteration": 1000,
  "num_modalities": 4,
  "num_topics": 7,
  "total_liklihood": -32792.702761975364
}
