{
  "modality_liklihoods": [
    -13791.256573137103,
    -13292.556465702151,
    -938.53308549409303,
    -4595.1557789510634
  ],
  "num_iteration": 1000,
  "num_modalities": 4,
  "num_topics": 7,
  "total_liklihood": -32617.501903284407
}
