{
  "modality_liklihoods": [
    -14100.026611206053,
    -13233.003223073471,
    -938.41280586364496,
    -4668.1510070506865
  ],
  "num_iteration": 1000,
  "num_modalities": 4,
  "num_topics": 7,
  "total_liklihood": -32939.593647193855
}
