{
  "modality_liklihoods": [
    -14675.928740285271,
    -13206.826658984053,
    -937.28021920661593,
    -4697.4063907122927
  ],
  "num_iteration": 1000,
  "num_modalities": 4,
  "num_topics": 7,
  "total_liklihood": -33517.442009188235
}
