{
  "modality_liklihoods": [
    -14588.61199456985,
    -13231.643071535907,
    -939.64867395393208,
    -4739.7061910808898
  ],
  "num_iteration": 1000,
  "num_modalities": 4,
  "num_topics": 7,
  "total_liklihood": -33499.609931140578
}
