{
  "modality_liklihoods": [
    -14135.070634970287,
    -13276.477566018884,
    -933.71280651262032,
    -4587.5967493503913
  ],
  "num_iteration": 1000,
  "num_modalities": 4,
  "num_topics": 7,
  "total_liklihood": -32932.85775685218
}
