{
  "modality_liklihoods": [
    -13856.871520770652,
    -13271.483645863782,
    -946.23340596527066,
    -4625.5328339143352
  ],
  "num_iteration": 1000,
  "num_modalities": 4,
  "num_topics": 7,
  "total_liklihood": -32700.121406514041
}
