{
  "modality_liklihoods": [
    -13893.562958690094,
    -13221.654945675744,
    -939.71946434755432,
    -4615.2777468139229
  ],
  "num_iteration": 1000,
  "num_modalities": 4,
  "num_topics": 7,
  "total_liklihood": -32670.215115527317
}
