{
  "modality_liklihoods": [
    -12968.025919270296,
    -13327.043654163606,
    -936.77665202133471,
    -4605.3707584959884
  ],
  "num_iteration": 1000,
  "num_modalities": 4,
  "num_topics": 7,
  "total_liklihood": -31837.216983951224
}
