{
  "modality_liklihoods": [
    -13369.30654533909,
    -13244.504418488301,
    -944.55266646320558,
    -4624.8660762960762
  ],
  "num_iteration": 1000,
  "num_modalities": 4,
  "num_topics": 7,
  "total_liklihood": -32183.22970658667
}
