{
  "modality_liklihoods": [
    -14286.406708931305,
    -13288.650747376376,
    -942.12543997617479,
    -4781.9151099131177
  ],
  "num_iteration": 1000,
  "num_modalities": 4,
  "num_topics": 7,
  "total_liklihood": -33299.098006196975
}
