{
  "modality_liklihoods": [
    -13786.052371200965,
    -13263.358864104744,
    -945.6909782225739,
    -4666.902671890175
  ],
  "num_iteration": 1000,
  "num_modalities": 4,
  "num_topics": 7,
  "total_liklihood": -32662.004885418457
}
