{
  "modality_liklihoods": [
    -14081.997335846403,
    -13227.62108224459,
    -938.27552119975167,
    -4619.1756685343644
  ],
  "num_iteration": 1000,
  "num_modalities": 4,
  "num_topics": 7,
  "total_liklihood": -32867.069607825106
}
