{
  "modality_liklihoods": [
    -13963.078768617203,
    -13239.477454438958,
    -944.70904454163065,
    -4646.5128756073209
  ],
  "num_iteration": 1000,
  "num_modalities": 4,
  "num_topics": 7,
  "total_liklihood": -32793.778143205112
}
