{
  "modality_liklihoods": [
    -13586.321726138232,
    -13253.054389787341,
    -935.64464314146699,
    -4649.5339171363148
  ],
  "num_iteration": 1000,
  "num_modalities": 4,
  "num_topics": 7,
  "total_liklihood": -32424.554676203355
}
