{
  "modality_liklihoods": [
    -13833.824541589931,
    -13271.975161385801,
    -940.27540484737017,
    -4648.3190364905377
  ],
  "num_iteration": 1000,
  "num_modalities": 4,
  "num_topics": 7,
  "total_liklihood": -32694.394144313639
}
