{
  "modality_liklihoods": [
    -14657.715713337859,
    -13241.28140758002,
    -938.45289688999856,
    -4669.8233064070264
  ],
  "num_iteration": 1000,
  "num_modalities": 4,
  "num_topics": 7,
  "total_liklihood": -33507.273324214897
}
