{
  "modality_liklihoods": [
    -13731.695608641758,
    -13265.748013789747,
    -946.16491024263871,
    -4622.9012658124893
  ],
  "num_iteration": 1000,
  "num_modalities": 4,
  "num_topics": 7,
  "total_liklihood": -32566.509798486633
}
