{
  "modality_liklihoods": [
    -14216.44286446464,
    -13310.042838607782,
    -943.12905653795201,
    -4655.578046415947
  ],
  "num_iteration": 1000,
  "num_modalities": 4,
  "num_topics": 7,
  "total_liklihood": -33125.192806026324
}
