{
  "modality_liklihoods": [
    -14218.820473939188,
    -13271.156050004138,
    -937.2559225180629,
    -4662.9012359890612
  ],
  "num_iteration": 1000,
  "num_modalities": 4,
  "num_topics": 7,
  "total_liklihood": -33090.133682450447
}
