{
  "modality_liklihoods": [
    -13682.92809717099,
    -13287.860786748268,
    -937.04309988209036,
    -4611.5630651785177
  ],
  "num_iteration": 1000,
  "num_modalities": 4,
  "num_topics": 7,
  "total_liklihood": -32519.39504897987
}
