{
  "modality_liklihoods": [
    -14519.75610339378,
    -13243.276527894181,
    -942.29111804858633,
    -4642.7911888376839
  ],
  "num_iteration": 1000,
  "num_modalities": 4,
  "num_topics": 7,
  "total_liklihood": -33348.114938174229
}
