{
  "modality_liklihoods": [
    -14120.586837275428,
    -13237.87780046562,
    -932.38243508318976,
    -4644.3407451138764
  ],
  "num_iteration": 1000,
  "num_modalities": 4,
  "num_topics": 7,
  "total_liklihood": -32935.187817938109
}
