{
  "modality_liklihoods": [
    -13625.08412099706,
    -13256.549029184074,
    -942.41292100970225,
    -4639.8544894895176
  ],
  "num_iteration": 1000,
  "num_modalities": 4,
  "num_topics": 7,
  "total_liklihood": -32463.900560680355
}
