{
  "modality_liklihoods": [
    -13809.67047353315,
    -13271.680747695895,
    -942.18710176546381,
    -4625.4770584953276
  ],
  "num_iteration": 1000,
  "num_modalities": 4,
  "num_topics": 7,
  "total_liklihood": -32649.015381489837
}
