{
  "modality_liklihoods": [
    -14339.517141608538,
    -13256.511826284956,
    -940.53222548330314,
    -4652.0375876742783
  ],
  "num_iteration": 1000,
  "num_modalities": 4,
  "num_topics": 7,
  "total_liklihood": -33188.598781051078
}
