{
  "modality_liklihoods": [
    -14319.50090051103,
    -13275.853255132122,
    -945.63855061213712,
    -4630.4406355564715
  ],
  "num_iteration": 1000,
  "num_modalities": 4,
  "num_topics": 7,
  "total_liklihood": -33171.43334181176
}
