{
  "modality_liklihoods": [
    -14288.776595322262,
    -13277.340294927932,
    -933.6043307171542,
    -4629.5988488691419
  ],
  "num_iteration": 1000,
  "num_modalities": 4,
  "num_topics": 7,
  "total_liklihood": -33129.320069836489
}
