{
  "modality_liklihoods": [
    -13908.481454667704,
    -13265.894510891898,
    -945.25929058284078,
    -4637.2396748763676
  ],
  "num_iteration": 1000,
  "num_modalities": 4,
  "num_topics": 7,
  "total_liklihood": -32756.87493101881
}
