{
  "modality_liklihoods": [
    -13916.635701729525,
    -13237.995333868172,
    -935.50234746695048,
    -4640.5911321516733
  ],
  "num_iteration": 1000,
  "num_modalities": 4,
  "num_topics": 7,
  "total_liklihood": -32730.72451521632
}
