{
  "modality_liklihoods": [
    -14596.545601873264,
    -13280.295053285128,
    -938.9732880582369,
    -4632.3747685071148
  ],
  "num_iteration": 1000,
  "num_modalities": 4,
  "num_topics": 7,
  "total_liklihood": -33448.188711723742
}
