{
  "modality_liklihoods": [
    -13686.382489700589,
    -13277.88952130785,
    -941.04284247793191,
    -4584.7226270554183
  ],
  "num_iteration": 1000,
  "num_modalities": 4,
  "num_topics": 7,
  "total_liklihood": -32490.037480541789
}
