{
  "modality_liklihoods": [
    -14152.636209041431,
    -13241.177484399872,
    -944.34196210924529,
    -4644.9201589541753
  ],
  "num_iteration": 1000,
  "num_modalities": 4,
  "num_topics": 7,
  "total_liklihood": -32983.075814504729
}
