{
  "modality_liklihoods": [
    -13709.305004183452,
    -13216.743731850338,
    -938.98316589974763,
    -4690.309468710594
  ],
  "num_iteration": 1000,
  "num_modalities": 4,
  "num_topics": 7,
  "total_liklihood": -32555.341370644132
}
