{
  "modality_liklihoods": [
    -13737.505951652902,
    -13316.832372677802,
    -938.54229488143471,
    -4620.9613510657146
  ],
  "num_iteration": 1000,
  "num_modalities": 4,
  "num_topics": 7,
  "total_liklihood": -32613.841970277852
}
