{
  "modality_liklihoods": [
    -13860.380441071227,
    -13276.808517669888,
    -933.36224864359383,
    -4642.3879977226188
  ],
  "num_iteration": 1000,
  "num_modalities": 4,
  "num_topics": 7,
  "total_liklihood": -32712.939205107323
}
