{
  "modality_liklihoods": [
    -14040.793208807203,
    -13268.081012590668,
    -938.78846817370766,
    -4630.8354721557953
  ],
  "num_iteration": 1000,
  "num_modalities": 4,
  "num_topics": 7,
  "total_liklihood": -32878.498161727373
}
