{
  "modality_liklihoods": [
    -13969.499008932158,
    -13310.882648004215,
    -945.2969510638726,
    -4647.9362330319855
  ],
  "num_iteration": 1000,
  "num_modalities": 4,
  "num_topics": 7,
  "total_liklihood": -32873.614841032235
}
