{
  "modality_liklihoods": [
    -13121.966409170091,
    -13289.565339152861,
    -939.42030331413571,
    -4657.8211452252835
  ],
  "num_iteration": 1000,
  "num_modalities": 4,
  "num_topics": 7,
  "total_liklihood": -32008.77319686237
}
