{
  "modality_liklihoods": [
    -13824.017825825185,
    -13226.791909993222,
    -942.81164367288341,
    -4673.7955966489171
  ],
  "num_iteration": 1000,
  "num_modalities": 4,
  "num_topics": 7,
  "total_liklihood": -32667.416976140212
}
