{
  "modality_liklihoods": [
    -14405.771077977712,
    -13196.458630542193,
    -942.77808574300252,
    -4714.4675820455104
  ],
  "num_iteration": 1000,
  "num_modalities": 4,
  "num_topics": 7,
  "total_liklihood": -33259.475376308415
}
