{
  "modality_liklihoods": [
    -13838.272572362452,
    -13259.036896592846,
    -939.6167517547733,
    -4659.9515638518478
  ],
  "num_iteration": 1000,
  "num_modalities": 4,
  "num_topics": 7,
  "total_liklihood": -32696.877784561919
}
