{
  "modality_liklihoods": [
    -14251.770425478695,
    -13295.304834886589,
    -938.02415174106557,
    -4650.0212077669376
  ],
  "num_iteration": 1000,
  "num_modalities": 4,
  "num_topics": 7,
  "total_liklihood": -33135.120619873283
}
