{
  "modality_liklihoods": [
    -13957.335941586036,
    -13243.305623427601,
    -939.48267665653782,
    -4636.1227522704758
  ],
  "num_iteration": 1000,
  "num_modalities": 4,
  "num_topics": 7,
  "total_liklihood": -32776.246993940651
}
