{
  "modality_liklihoods": [
    -13792.487111687768,
    -13280.438312386152,
    -937.02520727572073,
    -4665.2759714515269
  ],
  "num_iteration": 1000,
  "num_modalities": 4,
  "num_topics": 7,
  "total_liklihood": -32675.226602801165
}
