{
  "modality_liklihoods": [
    -13982.063585790129,
    -13257.758037447224,
    -937.59270490312235,
    -4631.9503725233362
  ],
  "num_iteration": 1000,
  "num_modalities": 4,
  "num_topics": 7,
  "total_liklihood": -32809.364700663813
}
