{
  "modality_liklihoods": [
    -14256.736500397164,
    -13263.628852289219,
    -941.91589796027847,
    -4654.1942547410736
  ],
  "num_iteration": 1000,
  "num_modalities": 4,
  "num_topics": 7,
  "total_liklihood": -33116.475505387738
}
