{
  "modality_liklihoods": [
    -13665.75452188296,
    -13300.550959417942,
    -945.44709622527432,
    -4649.0343623971139
  ],
  "num_iteration": 1000,
  "num_modalities": 4,
  "num_topics": 7,
  "total_liklihood": -32560.786939923288
}
