{
  "modality_liklihoods": [
    -13684.994648803648,
    -13298.844174681068,
    -936.30979169965053,
    -4639.243281331359
  ],
  "num_iteration": 1000,
  "num_modalities": 4,
  "num_topics": 7,
  "total_liklihood": -32559.391896515728
}
