{
  "modality_liklihoods": [
    -13882.389544061727,
    -13269.908427255834,
    -949.84083408574725,
    -4677.6041575704448
  ],
  "num_iteration": 1000,
  "num_modalities": 4,
  "num_topics": 7,
  "total_liklihood": -32779.742962973753
}
