{
  "modality_liklihoods": [
    -13730.067530103313,
    -13291.240995402222,
    -930.07403606747425,
    -4600.7617542756534
  ],
  "num_iteration": 1000,
  "num_modalities": 4,
  "num_topics": 7,
  "total_liklihood": -32552.144315848662
}
