{
  "modality_liklihoods": [
    -13401.806371966448,
    -13293.239737873038,
    -938.26904798463397,
    -4598.3670627326101
  ],
  "num_iteration": 1000,
  "num_modalities": 4,
  "num_topics": 7,
  "total_liklihood": -32231.682220556733
}
