{
  "modality_liklihoods": [
    -13356.038873678823,
    -13279.799588307345,
    -938.01996240751521,
    -4641.2512985700341
  ],
  "num_iteration": 1000,
  "num_modalities": 4,
  "num_topics": 7,
  "total_liklihood": -32215.109722963716
}
