{
  "modality_liklihoods": [
    -13904.082438125102,
    -13270.625104068795,
    -938.38871982971204,
    -4653.7364592177155
  ],
  "num_iteration": 1000,
  "num_modalities": 4,
  "num_topics": 7,
  "total_liklihood": -32766.832721241324
}
