{
  "modality_liklihoods": [
    -14191.797206401989,
    -13245.574593422072,
    -934.5400444914726,
    -4620.6872969800852
  ],
  "num_iteration": 1000,
  "num_modalities": 4,
  "num_topics": 7,
  "total_liklihood": -32992.599141295621
}
