{
  "modality_liklihoods": [
    -14109.969216260497,
    -13244.430163950839,
    -942.01725653257006,
    -4736.8045788103473
  ],
  "num_iteration": 1000,
  "num_modalities": 4,
  "num_topics": 7,
  "total_liklihood": -33033.221215554251
}
