{
  "modality_liklihoods": [
    -14121.759334373501,
    -13280.629205962596,
    -941.34489927142602,
    -4660.4047157409814
  ],
  "num_iteration": 1000,
  "num_modalities": 4,
  "num_topics": 7,
  "total_liklihood": -33004.138155348504
}
