{
  "modality_liklihoods": [
    -13523.634383796532,
    -13266.048710411978,
    -945.85131851498397,
    -4641.995451518922
  ],
  "num_iteration": 1000,
  "num_modalities": 4,
  "num_topics": 7,
  "total_liklihood": -32377.529864242417
}
