{
  "modality_liklihoods": [
    -13829.956691792275,
    -13260.852429320503,
    -941.033528275457,
    -4657.3081806865366
  ],
  "num_iteration": 1000,
  "num_modalities": 4,
  "num_topics": 7,
  "total_liklihood": -32689.15083007477
}
