{
  "modality_liklihoods": [
    -14036.077708354929,
    -13284.546023998355,
    -936.95767319956394,
    -4630.6870625634829
  ],
  "num_iteration": 1000,
  "num_modalities": 4,
  "num_topics": 7,
  "total_liklihood": -32888.26846811633
}
