{
  "modality_liklihoods": [
    -13446.686862454177,
    -13246.452896803234,
    -943.47250936036983,
    -4619.0710759597614
  ],
  "num_iteration": 1000,
  "num_modalities": 4,
  "num_topics": 7,
  "total_liklihood": -32255.683344577541
}
