{
  "modality_liklihoods": [
    -14135.150006548058,
    -13246.768104172195,
    -948.80817951327504,
    -4599.271122596002
  ],
  "num_iteration": 1000,
  "num_modalities": 4,
  "num_topics": 7,
  "total_liklihood": -32929.997412829529
}
