{
  "modality_liklihoods": [
    -13532.948263505601,
    -13295.134339715878,
    -939.9476733897294,
    -4599.3375428909321
  ],
  "num_iteration": 1000,
  "num_modalities": 4,
  "num_topics": 7,
  "total_liklihood": -32367.367819502138
}
