{
  "modality_liklihoods": [
    -13976.643843029964,
    -13290.593500589621,
    -943.5117699010799,
    -4653.0924856721422
  ],
  "num_iteration": 1000,
  "num_modalities": 4,
  "num_topics": 7,
  "total_liklihood": -32863.841599192805
}
