{
  "modality_liklihoods": [
    -13724.822304798658,
    -13231.043131866949,
    -939.42399436390212,
    -4604.8399756452964
  ],
  "num_iteration": 1000,
  "num_modalities": 4,
  "num_topics": 7,
  "total_liklihood": -32500.129406674801
}
