{
  "modality_liklihoods": [
    -13982.601526178039,
    -13304.510692912587,
    -944.97487820349511,
    -4626.183838624077
  ],
  "num_iteration": 1000,
  "num_modalities": 4,
  "num_topics": 7,
  "total_liklihood": -32858.270935918197
}
