{
  "modality_liklihoods": [
    -13747.617865991475,
    -13282.398716281141,
    -939.00027436552466,
    -4675.3072759630495
  ],
  "num_iteration": 1000,
  "num_modalities": 4,
  "num_topics": 7,
  "total_liklihood": -32644.324132601188
}
