{
  "modality_liklihoods": [
    -13901.286872684137,
    -13277.779252965378,
    -942.55370721017198,
    -4720.4987516520832
  ],
  "num_iteration": 1000,
  "num_modalities": 4,
  "num_topics": 7,
  "total_liklihood": -32842.118584511772
}
