{
  "modality_liklihoods": [
    -14211.120845595973,
    -13219.623049827609,
    -934.35108044707658,
    -4627.999791866263
  ],
  "num_iteration": 1000,
  "num_modalities": 4,
  "num_topics": 7,
  "total_liklihood": -32993.094767736926
}
