{
  "modality_liklihoods": [
    -13225.137096247645,
    -13216.064128109387,
    -945.95745963374441,
    -4640.716077809614
  ],
  "num_iteration": 1000,
  "num_modalities": 4,
  "num_topics": 7,
  "total_liklihood": -32027.874761800391
}
