{
  "modality_liklihoods": [
    -13869.074371593597,
    -13280.36901616445,
    -941.12792089028471,
    -4667.1397408807525
  ],
  "num_iteration": 1000,
  "num_modalities": 4,
  "num_topics": 7,
  "total_liklihood": -32757.711049529084
}
