{
  "modality_liklihoods": [
    -13755.947730734621,
    -13297.296094664869,
    -939.31514571309549,
    -4626.5821772068657
  ],
  "num_iteration": 1000,
  "num_modalities": 4,
  "num_topics": 7,
  "total_liklihood": -32619.141148319453
}
