{
  "modality_liklihoods": [
    -14271.362545559814,
    -13247.551535247658,
    -937.3641475798878,
    -4625.9013582427569
  ],
  "num_iteration": 1000,
  "num_modalities": 4,
  "num_topics": 7,
  "total_liklihood": -33082.179586630118
}
