{
  "modality_liklihoods": [
    -14030.627009736329,
    -13277.023977268922,
    -936.5577914568297,
    -4617.0476027522782
  ],
  "num_iteration": 1000,
  "num_modalities": 4,
  "num_topics": 7,
  "total_liklihood": -32861.256381214364
}
