{
  "modality_liklihoods": [
    -13975.507308380898,
    -13230.115030234607,
    -935.27791766423638,
    -4656.801463469742
  ],
  "num_iteration": 1000,
  "num_modalities": 4,
  "num_topics": 7,
  "total_liklihood": -32797.701719749479
}
