{
  "modality_liklihoods": [
    -14037.375343040805,
    -13237.4229713122,
    -937.47128653207858,
    -4652.0590934315387
  ],
  "num_iteration": 1000,
  "num_modalities": 4,
  "num_topics": 7,
  "total_liklihood": -32864.328694316624
}
