{
  "modality_liklihoods": [
    -14572.593758314817,
    -13236.769953659894,
    -938.40311296602908,
    -4659.1688453362349
  ],
  "num_iteration": 1000,
  "num_modalities": 4,
  "num_topics": 7,
  "total_liklihood": -33406.935670276973
}
