{
  "modality_liklihoods": [
    -14547.311182555444,
    -13284.603122261449,
    -934.1083268241041,
    -4611.8490213951973
  ],
  "num_iteration": 1000,
  "num_modalities": 4,
  "num_topics": 7,
  "total_liklihood": -33377.871653036193
}
