{
  "modality_liklihoods": [
    -13833.942167843314,
    -13290.981368026569,
    -939.4534493882162,
    -4669.3758651761455
  ],
  "num_iteration": 1000,
  "num_modalities": 4,
  "num_topics": 7,
  "total_liklihood": -32733.752850434244
}
