{
  "modality_liklihoods": [
    -14676.366140695596,
    -13218.90897631497,
    -938.42700017581137,
    -4677.2956672281116
  ],
  "num_iteration": 1000,
  "num_modalities": 4,
  "num_topics": 7,
  "total_liklihood": -33510.997784414489
}
