{
  "modality_liklihoods": [
    -13799.01553074796,
    -13258.29575287799,
    -929.71282351949083,
    -4656.5886138492006
  ],
  "num_iteration": 1000,
  "num_modalities": 4,
  "num_topics": 7,
  "total_liklihood": -32643.612720994643
}
