{
  "modality_liklihoods": [
    -13847.263026768369,
    -13290.766441624595,
    -935.13347778561103,
    -4615.6433765873417
  ],
  "num_iteration": 1000,
  "num_modalities": 4,
  "num_topics": 7,
  "total_liklihood": -32688.806322765915
}
