{
  "modality_liklihoods": [
    -13371.253759383415,
    -13217.090592471808,
    -945.36246494304544,
    -4609.6993319936928
  ],
  "num_iteration": 1000,
  "num_modalities": 4,
  "num_topics": 7,
  "total_liklihood": -32143.406148791961
}
