{
  "modality_liklihoods": [
    -13743.610292488849,
    -13303.18680580732,
    -942.7771950173352,
    -4632.3552205889482
  ],
  "num_iteration": 1000,
  "num_modalities": 4,
  "num_topics": 7,
  "total_liklihood": -32621.929513902454
}
