{
  "modality_liklihoods": [
    -14389.141913867188,
    -13250.431441884772,
    -940.69441928688286,
    -4718.9348741659678
  ],
  "num_iteration": 1000,
  "num_modalities": 4,
  "num_topics": 7,
  "total_liklihood": -33299.20264920481
}
