{
  "modality_liklihoods": [
    -14013.140067953014,
    -13207.76098364479,
    -939.41322368432998,
    -4607.5225202021711
  ],
  "num_iteration": 1000,
  "num_modalities": 4,
  "num_topics": 7,
  "total_liklihood": -32767.836795484305
}
