{
  "modality_liklihoods": [
    -14994.205957188002,
    -13226.251461010937,
    -935.59982533951961,
    -4645.7194360328676
  ],
  "num_iteration": 1000,
  "num_modalities": 4,
  "num_topics": 7,
  "total_liklihood": -33801.776679571325
}
