{
  "modality_liklihoods": [
    -14227.59098003337,
    -13239.092139506343,
    -934.50295522697104,
    -4647.556382742956
  ],
  "num_iteration": 1000,
  "num_modalities": 4,
  "num_topics": 7,
  "total_liklihood": -33048.742457509637
}
