{
  "modality_liklihoods": [
    -13936.679498466934,
    -13277.507633166224,
    -937.05089187225667,
    -4632.4469145909779
  ],
  "num_iteration": 1000,
  "num_modalities": 4,
  "num_topics": 7,
  "total_liklihood": -32783.68493809639
}
