{
  "modality_liklihoods": [
    -13371.600098508121,
    -13296.317251483499,
    -935.40898870082174,
    -4626.3348963701319
  ],
  "num_iteration": 1000,
  "num_modalities": 4,
  "num_topics": 7,
  "total_liklihood": -32229.661235062576
}
