{
  "modality_liklihoods": [
    -13869.034654782339,
    -13282.059033180067,
    -938.37083315116934,
    -4649.2479282134464
  ],
  "num_iteration": 1000,
  "num_modalities": 4,
  "num_topics": 7,
  "total_liklihood": -32738.712449327024
}
