{
  "modality_liklihoods": [
    -13633.293517747765,
    -13203.140676190858,
    -937.69552645205215,
    -4699.577418727119
  ],
  "num_iteration": 1000,
  "num_modalities": 4,
  "num_topics": 7,
  "total_liklihood": -32473.707139117792
}
