{
  "modality_liklihoods": [
    -13967.362866212025,
    -13270.291154801012,
    -940.92910525538923,
    -4668.6606206196529
  ],
  "num_iteration": 1000,
  "num_modalities": 4,
  "num_topics": 7,
  "total_liklihood": -32847.243746888082
}
