{
  "modality_liklihoods": [
    -13469.522196218633,
    -13294.349594281424,
    -941.85876352556386,
    -4643.7314808757665
  ],
  "num_iteration": 1000,
  "num_modalities": 4,
  "num_topics": 7,
  "total_liklihood": -32349.462034901389
}
