{
  "modality_liklihoods": [
    -13305.586631452847,
    -13265.381123063891,
    -942.9428743562122,
    -4665.921266596074
  ],
  "num_iteration": 1000,
  "num_modalities": 4,
  "num_topics": 7,
  "total_liklihood": -32179.831895469022
}
