{
  "modality_liklihoods": [
    -13816.332713855381,
    -13291.809570803031,
    -935.5697736003051,
    -4599.4187284038571
  ],
  "num_iteration": 1000,
  "num_modalities": 4,
  "num_topics": 7,
  "total_liklihood": -32643.130786662572
}
