{
  "modality_liklihoods": [
    -13671.758738986509,
    -13218.25589532079,
    -944.75315344795411,
    -4625.4765079117087
  ],
  "num_iteration": 1000,
  "num_modalities": 4,
  "num_topics": 7,
  "total_liklihood": -32460.244295666962
}
