{
  "modality_liklihoods": [
    -13995.66035281193,
    -13294.629960141136,
    -942.69774244091718,
    -4607.5327663171265
  ],
  "num_iteration": 1000,
  "num_modalities": 4,
  "num_topics": 7,
  "total_liklihood": -32840.520821711107
}
