{
  "modality_liklihoods": [
    -13447.869934111111,
    -13267.965088149384,
    -935.96824554407488,
    -4588.8943946211657
  ],
  "num_iteration": 1000,
  "num_modalities": 4,
  "num_topics": 7,
  "total_liklihood": -32240.697662425733
}
