{
  "modality_liklihoods": [
    -14061.120043003493,
    -13278.117999315293,
    -934.64026546351022,
    -4620.8217750561698
  ],
  "num_iteration": 1000,
  "num_modalities": 4,
  "num_topics": 7,
  "total_liklihood": -32894.700082838463
}
