{
  "modality_liklihoods": [
    -12508.06400933117,
    -13222.569473996766,
    -947.8168837326939,
    -4615.9128139092963
  ],
  "num_iteration": 1000,
  "num_modalities": 4,
  "num_topics": 7,
  "total_liklihood": -31294.363180969925
}
