{
  "modality_liklihoods": [
    -14922.446463436096,
    -13219.412535025751,
    -947.36549575359368,
    -4675.3103057187773
  ],
  "num_iteration": 1000,
  "num_modalities": 4,
  "num_topics": 7,
  "total_liklihood": -33764.534799934219
}
