{
  "modality_liklihoods": [
    -12902.126156958688,
    -13263.125129145919,
    -941.47165602092207,
    -4641.0508515183301
  ],
  "num_iteration": 1000,
  "num_modalities": 4,
  "num_topics": 7,
  "total_liklihood": -31747.773793643857
}
