{
  "modality_liklihoods": [
    -13478.811509621517,
    -13273.705198559745,
    -937.13522456885062,
    -4593.1055537568955
  ],
  "num_iteration": 1000,
  "num_modalities": 4,
  "num_topics": 7,
  "total_liklihood": -32282.757486507006
}
