{
  "modality_liklihoods": [
    -13695.565516642047,
    -13280.657455386792,
    -938.8818074521788,
    -4640.6549864326316
  ],
  "num_iteration": 1000,
  "num_modalities": 4,
  "num_topics": 7,
  "total_liklihood": -32555.759765913652
}
