{
  "modality_liklihoods": [
    -13932.354246274532,
    -13258.959792403113,
    -937.22243214446075,
    -4699.2005380579367
  ],
  "num_iteration": 1000,
  "num_modalities": 4,
  "num_topics": 7,
  "total_liklihood": -32827.737008880038
}
