{
  "modality_liklihoods": [
    -14019.930729209207,
    -13241.125590693411,
    -944.17320460554072,
    -4673.5263025916538
  ],
  "num_iteration": 1000,
  "num_modalities": 4,
  "num_topics": 7,
  "total_liklihood": -32878.755827099812
}
