{
  "modality_liklihoods": [
    -14496.856351049479,
    -13261.16117084785,
    -935.53143645637817,
    -4677.850650432656
  ],
  "num_iteration": 1000,
  "num_modalities": 4,
  "num_topics": 7,
  "total_liklihood": -33371.399608786363
}
