{
  "modality_liklihoods": [
    -13730.426715588488,
    -13290.181136461084,
    -937.68002843576721,
    -4689.3265949359193
  ],
  "num_iteration": 1000,
  "num_modalities": 4,
  "num_topics": 7,
  "total_liklihood": -32647.614475421258
}
