{
  "modality_liklihoods": [
    -13992.714486284282,
    -13287.670199323298,
    -943.15644252439358,
    -4640.6925458520864
  ],
  "num_iteration": 1000,
  "num_modalities": 4,
  "num_topics": 7,
  "total_liklihood": -32864.233673984061
}
