{
  "modality_liklihoods": [
    -14588.256975789702,
    -13274.880374620303,
    -946.7684896223451,
    -4578.9067079929118
  ],
  "num_iteration": 1000,
  "num_modalities": 4,
  "num_topics": 7,
  "total_liklihood": -33388.812548025264
}
