{
  "modality_liklihoods": [
    -14571.709365303655,
    -13258.027280632437,
    -939.32708293759663,
    -4672.5220119396645
  ],
  "num_iteration": 1000,
  "num_modalities": 4,
  "num_topics": 7,
  "total_liklihood": -33441.585740813352
}
