{
  "modality_liklihoods": [
    -13882.739512698399,
    -13272.996209459439,
    -938.85668629790825,
    -4641.0804930263275
  ],
  "num_iteration": 1000,
  "num_modalities": 4,
  "num_topics": 7,
  "total_liklihood": -32735.672901482074
}
