{
  "modality_liklihoods": [
    -14293.475083739768,
    -13232.616958985662,
    -936.84679476645465,
    -4671.6354094252974
  ],
  "num_iteration": 1000,
  "num_modalities": 4,
  "num_topics": 7,
  "total_liklihood": -33134.574246917182
}
