{
  "modality_liklihoods": [
    -13861.907567110458,
    -13319.441894178535,
    -941.86417465941975,
    -4643.3357067553843
  ],
  "num_iteration": 1000,
  "num_modalities": 4,
  "num_topics": 7,
  "total_liklihood": -32766.549342703795
}
