{
  "modality_liklihoods": [
    -14298.396292803667,
    -13283.107710260898,
    -931.60940781452007,
    -4621.0570752871918
  ],
  "num_iteration": 1000,
  "num_modalities": 4,
  "num_topics": 7,
  "total_liklihood": -33134.17048616628
}
