{
  "modality_liklihoods": [
    -14120.486684163683,
    -13300.597962459648,
    -939.27541767894581,
    -4644.8811359191905
  ],
  "num_iteration": 1000,
  "num_modalities": 4,
  "num_topics": 7,
  "total_liklihood": -33005.24120022147
}
