{
  "modality_liklihoods": [
    -14614.30290868657,
    -13236.520325080413,
    -940.09916964399349,
    -4683.6213198078167
  ],
  "num_iteration": 1000,
  "num_modalities": 4,
  "num_topics": 7,
  "total_liklihood": -33474.543723218791
}
