{
  "modality_liklihoods": [
    -14322.260978318907,
    -13199.684906531187,
    -944.57443279868005,
    -4676.5126693531602
  ],
  "num_iteration": 1000,
  "num_modalities": 4,
  "num_topics": 7,
  "total_liklihood": -33143.032987001934
}
