{
  "modality_liklihoods": [
    -13617.23694037898,
    -13270.086268556988,
    -941.86449663650501,
    -4623.6635920552062
  ],
  "num_iteration": 1000,
  "num_modalities": 4,
  "num_topics": 7,
  "total_liklihood": -32452.85129762768
}
