{
  "modality_liklihoods": [
    -13465.586079220826,
    -13259.819551094883,
    -946.70834239179692,
    -4663.5891308887803
  ],
  "num_iteration": 1000,
  "num_modalities": 4,
  "num_topics": 7,
  "total_liklihood": -32335.703103596286
}
