{
  "modality_liklihoods": [
    -14056.356559134085,
    -13268.85806920193,
    -936.89995495881521,
    -4611.2247418831967
  ],
  "num_iteration": 1000,
  "num_modalities": 4,
  "num_topics": 7,
  "total_liklihood": -32873.339325178022
}
