{
  "modality_liklihoods": [
    -13757.43234973228,
    -13274.248771590333,
    -939.94748762069582,
    -4652.9114469979604
  ],
  "num_iteration": 1000,
  "num_modalities": 4,
  "num_topics": 7,
  "total_liklihood": -32624.54005594127
}
