{
  "modality_liklihoods": [
    -12471.322841581397,
    -13239.11298965445,
    -945.76568142406302,
    -4630.468089392014
  ],
  "num_iteration": 1000,
  "num_modalities": 4,
  "num_topics": 7,
  "total_liklihood": -31286.669602051923
}
