{
  "modality_liklihoods": [
    -13431.648078994494,
    -13287.051549406528,
    -939.89643580569441,
    -4602.9817226176492
  ],
  "num_iteration": 1000,
  "num_modalities": 4,
  "num_topics": 7,
  "total_liklihood": -32261.577786824368
}
