{
  "modality_liklihoods": [
    -13960.040882768863,
    -13266.902685768318,
    -944.60249574268357,
    -4688.2415178143347
  ],
  "num_iteration": 1000,
  "num_modalities": 4,
  "num_topics": 7,
  "total_liklihood": -32859.787582094199
}
