{
  "modality_liklihoods": [
    -13760.218110638343,
    -13271.709722719979,
    -939.50434112197399,
    -4650.1163714851164
  ],
  "num_iteration": 1000,
  "num_modalities": 4,
  "num_topics": 7,
  "total_liklihood": -32621.548545965412
}
