{
  "modality_liklihoods": [
    -14093.725083628337,
    -13245.856570189791,
    -935.71555713758221,
    -4646.7060583584907
  ],
  "num_iteration": 1000,
  "num_modalities": 4,
  "num_topics": 7,
  "total_liklihood": -32922.003269314198
}
