{
  "modality_liklihoods": [
    -13380.697225050044,
    -13274.093433073993,
    -944.44008964902957,
    -4625.1859085001115
  ],
  "num_iteration": 1000,
  "num_modalities": 4,
  "num_topics": 7,
  "total_liklihood": -32224.416656273181
}
