{
  "modality_liklihoods": [
    -13619.078652500792,
    -13287.957938154903,
    -937.92822242669183,
    -4746.1703771631537
  ],
  "num_iteration": 1000,
  "num_modalities": 4,
  "num_topics": 7,
  "total_liklihood": -32591.135190245543
}
