{
  "modality_liklihoods": [
    -13549.686117109435,
    -13271.043658310826,
    -949.65211222294636,
    -4695.8995154508584
  ],
  "num_iteration": 1000,
  "num_modalities": 4,
  "num_topics": 7,
  "total_liklihood": -32466.281403094064
}
