{
  "modality_liklihoods": [
    -13854.693668958436,
    -13274.339521290094,
    -938.05765219175748,
    -4657.6349929787593
  ],
  "num_iteration": 1000,
  "num_modalities": 4,
  "num_topics": 7,
  "total_liklihood": -32724.725835419049
}
