{
  "modality_liklihoods": [
    -13522.666099020893,
    -13239.643637619474,
    -937.54222547628888,
    -4650.3191610457125
  ],
  "num_iteration": 1000,
  "num_modalities": 4,
  "num_topics": 7,
  "total_liklihood": -32350.17112316237
}
