{
  "modality_liklihoods": [
    -14380.004228523398,
    -13307.473176000994,
    -937.39553111119938,
    -4621.0623160139248
  ],
  "num_iteration": 1000,
  "num_modalities": 4,
  "num_topics": 7,
  "total_liklihood": -33245.935251649513
}
