{
  "modality_liklihoods": [
    -14060.785758578009,
    -13269.224303133031,
    -946.28290449860697,
    -4622.5139437156595
  ],
  "num_iteration": 1000,
  "num_modalities": 4,
  "num_topics": 7,
  "total_liklihood": -32898.806909925304
}
