{
  "modality_liklihoods": [
    -13858.029888073457,
    -13262.865516809879,
    -940.56438049419489,
    -4615.8303905411694
  ],
  "num_iteration": 1000,
  "num_modalities": 4,
  "num_topics": 7,
  "total_liklihood": -32677.290175918701
}
