{
  "modality_liklihoods": [
    -13760.805473623133,
    -13271.103671691437,
    -943.11960106132267,
    -4616.8226081310358
  ],
  "num_iteration": 1000,
  "num_modalities": 4,
  "num_topics": 7,
  "total_liklihood": -32591.851354506929
}
