{
  "modality_liklihoods": [
    -14576.734791447112,
    -13299.631430912941,
    -942.23116764425265,
    -4633.4977225792964
  ],
  "num_iteration": 1000,
  "num_modalities": 4,
  "num_topics": 7,
  "total_liklihood": -33452.0951125836
}
