{
  "modality_liklihoods": [
    -13940.726898166507,
    -13314.447559587144,
    -939.55681917014874,
    -4602.0780173780731
  ],
  "num_iteration": 1000,
  "num_modalities": 4,
  "num_topics": 7,
  "total_liklihood": -32796.809294301871
}
