{
  "modality_liklihoods": [
    -14170.505733205478,
    -13233.733776297933,
    -936.70828389147232,
    -4610.4984609460344
  ],
  "num_iteration": 1000,
  "num_modalities": 4,
  "num_topics": 7,
  "total_liklihood": -32951.446254340917
}
