{
  "modality_liklihoods": [
    -14303.253344783039,
    -13237.971600000885,
    -942.42142808387587,
    -4658.1218593094563
  ],
  "num_iteration": 1000,
  "num_modalities": 4,
  "num_topics": 7,
  "total_liklihood": -33141.768232177259
}
