{
  "modality_liklihoods": [
    -14084.032372072883,
    -13256.668298197101,
    -939.89365704652209,
    -4623.1468842016457
  ],
  "num_iteration": 1000,
  "num_modalities": 4,
  "num_topics": 7,
  "total_liklihood": -32903.741211518151
}
