{
  "modality_liklihoods": [
    -12911.54414252797,
    -13261.726068993883,
    -932.18577513573246,
    -4598.6406892146697
  ],
  "num_iteration": 1000,
  "num_modalities": 4,
  "num_topics": 7,
  "total_liklihood": -31704.096675872253
}
