{
  "modality_liklihoods": [
    -13454.766188473686,
    -13233.529597334138,
    -939.32359937098488,
    -4636.4436004502186
  ],
  "num_iteration": 1000,
  "num_modalities": 4,
  "num_topics": 7,
  "total_liklihood": -32264.062985629025
}
