{
  "modality_liklihoods": [
    -14315.096594149019,
    -13270.903606862445,
    -934.17294060370864,
    -4762.6385342555841
  ],
  "num_iteration": 1000,
  "num_modalities": 4,
  "num_topics": 7,
  "total_liklihood": -33282.811675870755
}
