{
  "modality_liklihoods": [
    -13566.662319999003,
    -13253.129882840802,
    -940.86070322017497,
    -4654.0547507120027
  ],
  "num_iteration": 1000,
  "num_modalities": 4,
  "num_topics": 7,
  "total_liklihood": -32414.707656771981
}
