{
  "modality_liklihoods": [
    -12630.304586954326,
    -13276.744926635045,
    -933.58923549165013,
    -4658.9189071377914
  ],
  "num_iteration": 1000,
  "num_modalities": 4,
  "num_topics": 7,
  "total_liklihood": -31499.557656218814
}
