{
  "modality_liklihoods": [
    -14525.569948502582,
    -13186.804854984115,
    -939.47431017589633,
    -4714.8842088712454
  ],
  "num_iteration": 1000,
  "num_modalities": 4,
  "num_topics": 7,
  "total_liklihood": -33366.733322533837
}
