{
  "modality_liklihoods": [
    -13321.347961989581,
    -13265.979846683202,
    -937.54497987981495,
    -4665.2750508607387
  ],
  "num_iteration": 1000,
  "num_modalities": 4,
  "num_topics": 7,
  "total_liklihood": -32190.147839413334
}
