{
  "modality_liklihoods": [
    -13895.205014452689,
    -13212.175709676583,
    -948.26719805196092,
    -4645.4637845631805
  ],
  "num_iteration": 1000,
  "num_modalities": 4,
  "num_topics": 7,
  "total_liklihood": -32701.111706744417
}
