{
  "modality_liklihoods": [
    -14411.594107125684,
    -13222.03531810705,
    -944.85470929656412,
    -4630.4811260435081
  ],
  "num_iteration": 1000,
  "num_modalities": 4,
  "num_topics": 7,
  "total_liklihood": -33208.965260572804
}
