{
  "modality_liklihoods": [
    -14350.507124984326,
    -13278.432215293078,
    -936.61092333932368,
    -4644.7882155960824
  ],
  "num_iteration": 1000,
  "num_modalities": 4,
  "num_topics": 7,
  "total_liklihood": -33210.338479212813
}
