{
  "modality_liklihoods": [
    -14094.037142966086,
    -13235.007659788953,
    -941.07122526485136,
    -4675.8668308464103
  ],
  "num_iteration": 1000,
  "num_modalities": 4,
  "num_topics": 7,
  "total_liklihood": -32945.9828588663
}
