{
  "modality_liklihoods": [
    -13558.244857149117,
    -13261.372389431188,
    -935.30879727252682,
    -4637.3488044859769
  ],
  "num_iteration": 1000,
  "num_modalities": 4,
  "num_topics": 7,
  "total_liklihood": -32392.274848338806
}
