{
  "modality_liklihoods": [
    -14016.73588330464,
    -13307.484714657592,
    -933.80515337662666,
    -4653.2887790970472
  ],
  "num_iteration": 1000,
  "num_modalities": 4,
  "num_topics": 7,
  "total_liklihood": -32911.314530435906
}
