{
  "modality_liklihoods": [
    -13661.220467023628,
    -13240.167915997377,
    -944.25700978436498,
    -4626.8652393292987
  ],
  "num_iteration": 1000,
  "num_modalities": 4,
  "num_topics": 7,
  "total_liklihood": -32472.510632134665
}
