{
  "modality_liklihoods": [
    -12674.294577955354,
    -13287.494864091119,
    -945.08370034000768,
    -4652.4566954566844
  ],
  "num_iteration": 1000,
  "num_modalities": 4,
  "num_topics": 7,
  "total_liklihood": -31559.329837843165
}
