{
  "modality_liklihoods": [
    -13923.08385853696,
    -13280.29082758856,
    -942.94289937969575,
    -4657.9171124422228
  ],
  "num_iteration": 1000,
  "num_modalities": 4,
  "num_topics": 7,
  "total_liklihood": -32804.234697947439
}
