{
  "modality_liklihoods": [
    -13337.157981919445,
    -13228.192009152348,
    -942.05927626067262,
    -4610.7721652446344
  ],
  "num_iteration": 1000,
  "num_modalities": 4,
  "num_topics": 7,
  "total_liklihood": -32118.181432577101
}
