{
  "modality_liklihoods": [
    -13653.250206678465,
    -13250.91384251819,
    -936.52184642784687,
    -4662.8857508125484
  ],
  "num_iteration": 1000,
  "num_modalities": 4,
  "num_topics": 7,
  "total_liklihood": -32503.571646437049
}
