{
  "modality_liklihoods": [
    -14073.021055042438,
    -13271.863035529908,
    -939.43894770645818,
    -4742.5339818749962
  ],
  "num_iteration": 1000,
  "num_modalities": 4,
  "num_topics": 7,
  "total_liklihood": -33026.857020153802
}
