{
  "modality_liklihoods": [
    -14272.054438314848,
    -13232.992968676335,
    -943.05734258932216,
    -4691.9691510001303
  ],
  "num_iteration": 1000,
  "num_modalities": 4,
  "num_topics": 7,
  "total_liklihood": -33140.073900580639
}
