{
  "modality_liklihoods": [
    -13965.78082108381,
    -13317.723074096379,
    -935.27643603940749,
    -4635.5490053763824
  ],
  "num_iteration": 1000,
  "num_modalities": 4,
  "num_topics": 7,
  "total_liklihood": -32854.329336595983
}
