{
  "modality_liklihoods": [
    -14029.867703251017,
    -13266.000795523578,
    -937.95986056287563,
    -4643.1820798477656
  ],
  "num_iteration": 1000,
  "num_modalities": 4,
  "num_topics": 7,
  "total_liklihood": -32877.010439185236
}
