{
  "modality_liklihoods": [
    -13913.845710535275,
    -13296.847947476092,
    -937.4408683828425,
    -4634.0419518110966
  ],
  "num_iteration": 1000,
  "num_modalities": 4,
  "num_topics": 7,
  "total_liklihood": -32782.176478205307
}
