{
  "modality_liklihoods": [
    -13457.550302711836,
    -13272.391822142641,
    -939.99686001804298,
    -4620.8288908978921
  ],
  "num_iteration": 1000,
  "num_modalities": 4,
  "num_topics": 7,
  "total_liklihood": -32290.767875770413
}
