{
  "modality_liklihoods": [
    -14437.883344580221,
    -13232.640621896597,
    -941.66669739646625,
    -4684.2571259343067
  ],
  "num_iteration": 1000,
  "num_modalities": 4,
  "num_topics": 7,
  "total_liklihood": -33296.447789807593
}
