{
  "modality_liklihoods": [
    -12829.017628904423,
    -13252.0211052709,
    -945.2575537817205,
    -4705.5965569800428
  ],
  "num_iteration": 1000,
  "num_modalities": 4,
  "num_topics": 7,
  "total_liklihood": -31731.892844937087
}
