{
  "modality_liklihoods": [
    -13712.362282129283,
    -13264.065870589338,
    -940.17771996440968,
    -4629.6209085845012
  ],
  "num_iteration": 1000,
  "num_modalities": 4,
  "num_topics": 7,
  "total_liklihood": -32546.226781267531
}
