{
  "modality_liklihoods": [
    -13280.606470085035,
    -13254.334888502175,
    -935.74101503439897,
    -4606.4819373129849
  ],
  "num_iteration": 1000,
  "num_modalities": 4,
  "num_topics": 7,
  "total_liklihood": -32077.164310934597
}
