{
  "modality_liklihoods": [
    -14087.347175427612,
    -13250.370527236711,
    -932.90132492640896,
    -4586.1412272290099
  ],
  "num_iteration": 1000,
  "num_modalities": 4,
  "num_topics": 7,
  "total_liklihood": -32856.760254819746
}
