{
  "modality_liklihoods": [
    -14057.266063223564,
    -13286.677292738337,
    -943.84155459859187,
    -4645.7327118406365
  ],
  "num_iteration": 1000,
  "num_modalities": 4,
  "num_topics": 7,
  "total_liklihood": -32933.51762240113
}
