{
  "modality_liklihoods": [
    -13686.886632475454,
    -13243.659371176182,
    -940.4980585197078,
    -4641.5431859109758
  ],
  "num_iteration": 1000,
  "num_modalities": 4,
  "num_topics": 7,
  "total_liklihood": -32512.587248082324
}
