{
  "modality_liklihoods": [
    -12544.560595550915,
    -13247.462851304055,
    -944.61445234625387,
    -4684.1377323503557
  ],
  "num_iteration": 1000,
  "num_modalities": 4,
  "num_topics": 7,
  "total_liklihood": -31420.775631551576
}
