{
  "modality_liklihoods": [
    -14960.812779684939,
    -13208.444985177557,
    -943.04383738693912,
    -4665.6909452333502
  ],
  "num_iteration": 1000,
  "num_modalities": 4,
  "num_topics": 7,
  "total_liklihood": -33777.992547482783
}
