{
  "modality_liklihoods": [
    -13995.840219564683,
    -13275.234843510989,
    -940.00102605656457,
    -4600.5967201984895
  ],
  "num_iteration": 1000,
  "num_modalities": 4,
  "num_topics": 7,
  "total_liklihood": -32811.672809330732
}
