{
  "modality_liklihoods": [
    -14466.12927689724,
    -13215.47081207273,
    -939.97511484267579,
    -4761.7353180290893
  ],
  "num_iteration": 1000,
  "num_modalities": 4,
  "num_topics": 7,
  "total_liklihood": -33383.31052184174
}
