{
  "modality_liklihoods": [
    -13430.419332208927,
    -13263.358775898309,
    -941.75888857947143,
    -4603.76285701703
  ],
  "num_iteration": 1000,
  "num_modalities": 4,
  "num_topics": 7,
  "total_liklihood": -32239.299853703738
}
