{
  "modality_liklihoods": [
    -13973.910579753605,
    -13259.122304599248,
    -944.03950286404233,
    -4701.9347971341631
  ],
  "num_iteration": 1000,
  "num_modalities": 4,
  "num_topics": 7,
  "total_liklihood": -32879.00718435106
}
