{
  "modality_liklihoods": [
    -14042.267145639844,
    -13294.016506658294,
    -941.83384041524027,
    -4645.9999842461229
  ],
  "num_iteration": 1000,
  "num_modalities": 4,
  "num_topics": 7,
  "total_liklihood": -32924.117476959502
}
