{
  "modality_liklihoods": [
    -13727.223262224372,
    -13238.618784738639,
    -936.61547326357902,
    -4653.9033726446341
  ],
  "num_iteration": 1000,
  "num_modalities": 4,
  "num_topics": 7,
  "total_liklihood": -32556.360892871227
}
