{
  "modality_liklihoods": [
    -14304.123734982924,
    -13227.704889137078,
    -938.75393253533878,
    -4685.2476778892451
  ],
  "num_iteration": 1000,
  "num_modalities": 4,
  "num_topics": 7,
  "total_liklihood": -33155.830234544585
}
