{
  "modality_liklihoods": [
    -13859.996712685699,
    -13266.512434047754,
    -940.73205783580886,
    -4599.3723695785084
  ],
  "num_iteration": 1000,
  "num_modalities": 4,
  "num_topics": 7,
  "total_liklihood": -32666.61357414777
}
