{
  "modality_liklihoods": [
    -13866.821721753973,
    -13285.994186492024,
    -935.37167436979496,
    -4623.3346915507691
  ],
  "num_iteration": 1000,
  "num_modalities": 4,
  "num_topics": 7,
  "total_liklihood": -32711.52227416656
}
