{
  "modality_liklihoods": [
    -13566.861603255933,
    -13275.547047966609,
    -940.03933050174294,
    -4651.2243110264662
  ],
  "num_iteration": 1000,
  "num_modalities": 4,
  "num_topics": 7,
  "total_liklihood": -32433.672292750751
}
