{
  "modality_liklihoods": [
    -14228.239822751208,
    -13282.407899687092,
    -934.6838372674207,
    -4663.9762926470603
  ],
  "num_iteration": 1000,
  "num_modalities": 4,
  "num_topics": 7,
  "total_liklihood": -33109.30785235278
}
