{
  "modality_liklihoods": [
    -13917.302076668275,
    -13282.582095087118,
    -936.1331058329713,
    -4655.3772158814099
  ],
  "num_iteration": 1000,
  "num_modalities": 4,
  "num_topics": 7,
  "total_liklihood": -32791.394493469779
}
