{
  "modality_liklihoods": [
    -13551.953871237512,
    -13260.031147992877,
    -938.46566256399854,
    -4637.3505316860119
  ],
  "num_iteration": 1000,
  "num_modalities": 4,
  "num_topics": 7,
  "total_liklihood": -32387.801213480401
}
