{
  "modality_liklihoods": [
    -12535.771500035438,
    -13232.820291879487,
    -933.27535611189626,
    -4624.6408334151283
  ],
  "num_iteration": 1000,
  "num_modalities": 4,
  "num_topics": 7,
  "total_liklihood": -31326.507981441948
}
