{
  "modality_liklihoods": [
    -14188.341353271522,
    -13276.851610989786,
    -943.65887056395275,
    -4647.707783346189
  ],
  "num_iteration": 1000,
  "num_modalities": 4,
  "num_topics": 7,
  "total_liklihood": -33056.55961817145
}
