{
  "modality_liklihoods": [
    -14188.624271535997,
    -13260.596204161006,
    -944.85572224897476,
    -4652.2070968331254
  ],
  "num_iteration": 1000,
  "num_modalities": 4,
  "num_topics": 7,
  "total_liklihood": -33046.283294779103
}
