{
  "modality_liklihoods": [
    -13670.718701760263,
    -13268.442488129265,
    -935.33984203385376,
    -4655.2784844987864
  ],
  "num_iteration": 1000,
  "num_modalities": 4,
  "num_topics": 7,
  "total_liklihood": -32529.779516422168
}
