{
  "modality_liklihoods": [
    -14346.285391516205,
    -13239.109550949179,
    -938.57742156782126,
    -4647.9828624471756
  ],
  "num_iteration": 1000,
  "num_modalities": 4,
  "num_topics": 7,
  "total_liklihood": -33171.955226480379
}
