{
  "modality_liklihoods": [
    -13429.971804926023,
    -13267.327742554842,
    -947.4958867448762,
    -4622.9471938964161
  ],
  "num_iteration": 1000,
  "num_modalities": 4,
  "num_topics": 7,
  "total_liklihood": -32267.742628122156
}
