{
  "modality_liklihoods": [
    -13706.419229081263,
    -13315.933615541004,
    -937.54409377391096,
    -4614.7157708580107
  ],
  "num_iteration": 1000,
  "num_modalities": 4,
  "num_topics": 7,
  "total_liklihood": -32574.612709254186
}
