{
  "modality_liklihoods": [
    -13903.708958175866,
    -13300.033662366563,
    -944.15556456267416,
    -4649.8430166521894
  ],
  "num_iteration": 1000,
  "num_modalities": 4,
  "num_topics": 7,
  "total_liklihood": -32797.741201757293
}
