{
  "modality_liklihoods": [
    -13798.448763100474,
    -13251.25155312602,
    -935.35987743616829,
    -4626.1342622814118
  ],
  "num_iteration": 1000,
  "num_modalities": 4,
  "num_topics": 7,
  "total_liklihood": -32611.194455944074
}
