{
  "modality_liklihoods": [
    -13969.694361972583,
    -13267.022599587015,
    -935.02124955533679,
    -4623.255439900593
  ],
  "num_iteration": 1000,
  "num_modalities": 4,
  "num_topics": 7,
  "total_liklihood": -32794.993651015524
}
