{
  "modality_liklihoods": [
    -14621.410477195574,
    -13305.627578126274,
    -939.21266334178347,
    -4620.01628424723
  ],
  "num_iteration": 1000,
  "num_modalities": 4,
  "num_topics": 7,
  "total_liklihood": -33486.267002910863
}
