{
  "modality_liklihoods": [
    -13149.245231595776,
    -13261.887093264013,
    -940.58931846243877,
    -4633.3607010271762
  ],
  "num_iteration": 1000,
  "num_modalities": 4,
  "num_topics": 7,
  "total_liklihood": -31985.082344349408
}
