{
  "modality_liklihoods": [
    -14022.903427922973,
    -13271.030491317482,
    -940.78930906707524,
    -4651.3458682117862
  ],
  "num_iteration": 1000,
  "num_modalities": 4,
  "num_topics": 7,
  "total_liklihood": -32886.069096519321
}
