{
  "modality_liklihoods": [
    -13975.64822821181,
    -13253.833053408473,
    -946.67206323947357,
    -4646.6368057707859
  ],
  "num_iteration": 1000,
  "num_modalities": 4,
  "num_topics": 7,
  "total_liklihood": -32822.790150630542
}
