{
  "modality_liklihoods": [
    -13751.428053316158,
    -13284.240536714748,
    -934.96418306058752,
    -4663.0925921252001
  ],
  "num_iteration": 1000,
  "num_modalities": 4,
  "num_topics": 7,
  "total_liklihood": -32633.725365216691
}
