{
  "modality_liklihoods": [
    -13384.437588846424,
    -13279.085679855047,
    -930.89741252983026,
    -4601.1624302516948
  ],
  "num_iteration": 1000,
  "num_modalities": 4,
  "num_topics": 7,
  "total_liklihood": -32195.583111482996
}
