{
  "modality_liklihoods": [
    -13493.623848116822,
    -13246.86113412235,
    -940.33639283593197,
    -4620.0091630981124
  ],
  "num_iteration": 1000,
  "num_modalities": 4,
  "num_topics": 7,
  "total_liklihood": -32300.830538173213
}
