{
  "modality_liklihoods": [
    -13950.902777749861,
    -13286.2391971419,
    -941.96272476778165,
    -4692.3672056429496
  ],
  "num_iteration": 1000,
  "num_modalities": 4,
  "num_topics": 7,
  "total_liklihood": -32871.471905302489
}
