{
  "modality_liklihoods": [
    -14569.034809139632,
    -13304.036889789229,
    -938.83650208877805,
    -4658.7894520128921
  ],
  "num_iteration": 1000,
  "num_modalities": 4,
  "num_topics": 7,
  "total_liklihood": -33470.697653030533
}
