{
  "modality_liklihoods": [
    -13854.98454967008,
    -13235.500223863572,
    -942.41077770755646,
    -4643.9576058552466
  ],
  "num_iteration": 1000,
  "num_modalities": 4,
  "num_topics": 7,
  "total_liklihood": -32676.853157096455
}
