{
  "modality_liklihoods": [
    -13783.302269215292,
    -13307.932528152189,
    -945.32630680697707,
    -4629.0432048791381
  ],
  "num_iteration": 1000,
  "num_modalities": 4,
  "num_topics": 7,
  "total_liklihood": -32665.604309053593
}
