{
  "modality_liklihoods": [
    -13957.224293172923,
    -13291.68285356717,
    -945.55813508260496,
    -4648.7310310078783
  ],
  "num_iteration": 1000,
  "num_modalities": 4,
  "num_topics": 7,
  "total_liklihood": -32843.196312830572
}
