{
  "modality_liklihoods": [
    -14042.255832860017,
    -13230.856882422979,
    -942.44105883702912,
    -4699.0809302138578
  ],
  "num_iteration": 1000,
  "num_modalities": 4,
  "num_topics": 7,
  "total_liklihood": -32914.634704333883
}
