{
  "modality_liklihoods": [
    -15009.942889012089,
    -13208.449422467074,
    -943.04737487670877,
    -4677.8303461463747
  ],
  "num_iteration": 1000,
  "num_modalities": 4,
  "num_topics": 7,
  "total_liklihood": -33839.270032502245
}
