{
  "modality_liklihoods": [
    -13753.404725187484,
    -13272.060028972966,
    -941.28945934686305,
    -4631.8419929691181
  ],
  "num_iteration": 1000,
  "num_modalities": 4,
  "num_topics": 7,
  "total_liklihood": -32598.596206476432
}
