{
  "modality_liklihoods": [
    -13614.617774467282,
    -13304.746574729863,
    -947.09296802860092,
    -4635.4737506765205
  ],
  "num_iteration": 1000,
  "num_modalities": 4,
  "num_topics": 7,
  "total_liklihood": -32501.931067902267
}
