{
  "modality_liklihoods": [
    -13291.774452690652,
    -13270.423798859998,
    -941.22414688783056,
    -4647.7832336697629
  ],
  "num_iteration": 1000,
  "num_modalities": 4,
  "num_topics": 7,
  "total_liklihood": -32151.205632108242
}
