{
  "modality_liklihoods": [
    -14073.826016758905,
    -13302.791040457396,
    -943.76009231636237,
    -4659.6264180714661
  ],
  "num_iteration": 1000,
  "num_modalities": 4,
  "num_topics": 7,
  "total_liklihood": -32980.00356760413
}
