{
  "modality_liklihoods": [
    -13459.605732867793,
    -13285.23625518587,
    -949.3811324237771,
    -4610.6176732768727
  ],
  "num_iteration": 1000,
  "num_modalities": 4,
  "num_topics": 7,
  "total_liklihood": -32304.840793754309
}
