{
  "modality_liklihoods": [
    -14195.360277819209,
    -13249.64947267951,
    -945.21801956120225,
    -4679.2892771069646
  ],
  "num_iteration": 1000,
  "num_modalities": 4,
  "num_topics": 7,
  "total_liklihood": -33069.51704716689
}
