{
  "modality_liklihoods": [
    -13371.966696193749,
    -13254.602916700291,
    -940.22008678294355,
    -4647.9831004318703
  ],
  "num_iteration": 1000,
  "num_modalities": 4,
  "num_topics": 7,
  "total_liklihood": -32214.772800108854
}
