{
  "modality_liklihoods": [
    -13783.477342653541,
    -13252.862862947904,
    -937.38355956344037,
    -4655.4468925587516
  ],
  "num_iteration": 1000,
  "num_modalities": 4,
  "num_topics": 7,
  "total_liklihood": -32629.17065772364
}
