{
  "modality_liklihoods": [
    -13982.833878564179,
    -13266.70390233115,
    -935.04737509519248,
    -4652.8649119610618
  ],
  "num_iteration": 1000,
  "num_modalities": 4,
  "num_topics": 7,
  "total_liklihood": -32837.450067951584
}
