{
  "modality_liklihoods": [
    -14035.343785264118,
    -13228.186687811603,
    -943.08238712301215,
    -4630.0734865231179
  ],
  "num_iteration": 1000,
  "num_modalities": 4,
  "num_topics": 7,
  "total_liklihood": -32836.68634672185
}
