{
  "modality_liklihoods": [
    -13810.456482296542,
    -13276.304378027575,
    -938.93112163081764,
    -4677.7091176442736
  ],
  "num_iteration": 1000,
  "num_modalities": 4,
  "num_topics": 7,
  "total_liklihood": -32703.401099599207
}
