{
  "modality_liklihoods": [
    -13895.888847919641,
    -13272.067732998825,
    -944.89943947345557,
    -4686.115457552818
  ],
  "num_iteration": 1000,
  "num_modalities": 4,
  "num_topics": 7,
  "total_liklihood": -32798.971477944739
}
