{
  "modality_liklihoods": [
    -13663.878379049906,
    -13273.043412369994,
    -933.26367865717987,
    -4571.6360080035456
  ],
  "num_iteration": 1000,
  "num_modalities": 4,
  "num_topics": 7,
  "total_liklihood": -32441.821478080623
}
