{
  "modality_liklihoods": [
    -14998.123870078574,
    -13196.535665370053,
    -940.60279578512166,
    -4648.7284665683601
  ],
  "num_iteration": 1000,
  "num_modalities": 4,
  "num_topics": 7,
  "total_liklihood": -33783.990797802107
}
