{
  "modality_liklihoods": [
    -13781.158213446408,
    -13287.602760461779,
    -945.07933311520628,
    -4623.98336693479
  ],
  "num_iteration": 1000,
  "num_modalities": 4,
  "num_topics": 7,
  "total_liklihood": -32637.823673958184
}
