{
  "modality_liklihoods": [
    -14403.382302187731,
    -13268.522680097693,
    -937.99316260632713,
    -4634.0641830742479
  ],
  "num_iteration": 1000,
  "num_modalities": 4,
  "num_topics": 7,
  "total_liklihood": -33243.962327965994
}
