{
  "modality_liklihoods": [
    -13730.306295723254,
    -13308.268443764822,
    -939.32173671752821,
    -4597.0542520564077
  ],
  "num_iteration": 1000,
  "num_modalities": 4,
  "num_topics": 7,
  "total_liklihood": -32574.950728262011
}
