{
  "modality_liklihoods": [
    -14632.875268042388,
    -13218.304101175825,
    -939.48962772351467,
    -4672.1457097275497
  ],
  "num_iteration": 1000,
  "num_modalities": 4,
  "num_topics": 7,
  "total_liklihood": -33462.814706669276
}
