{
  "modality_liklihoods": [
    -14403.060374554821,
    -13224.936617002504,
    -931.59576465548537,
    -4632.0793303397777
  ],
  "num_iteration": 1000,
  "num_modalities": 4,
  "num_topics": 7,
  "total_liklihood": -33191.672086552586
}
