{
  "modality_liklihoods": [
    -13905.733259127264,
    -13279.889355239075,
    -932.48780280421374,
    -4643.8500564478636
  ],
  "num_iteration": 1000,
  "num_modalities": 4,
  "num_topics": 7,
  "total_liklihood": -32761.960473618416
}
