{
  "modality_liklihoods": [
    -14027.054726320997,
    -13253.96561966837,
    -939.68041333940585,
    -4623.7225323202074
  ],
  "num_iteration": 1000,
  "num_modalities": 4,
  "num_topics": 7,
  "total_liklihood": -32844.423291648985
}
