{
  "modality_liklihoods": [
    -14477.442388335794,
    -13268.116255002518,
    -941.84761106306371,
    -4680.9577577112341
  ],
  "num_iteration": 1000,
  "num_modalities": 4,
  "num_topics": 7,
  "total_liklihood": -33368.364012112615
}
