{
  "modality_liklihoods": [
    -14113.73446381698,
    -13191.230909341704,
    -939.81929466821225,
    -4627.1231030831805
  ],
  "num_iteration": 1000,
  "num_modalities": 4,
  "num_topics": 7,
  "total_liklihood": -32871.907770910082
}
