{
  "modality_liklihoods": [
    -13658.730648510278,
    -13232.592014813219,
    -944.90230939996309,
    -4692.3928907444988
  ],
  "num_iteration": 1000,
  "num_modalities": 4,
  "num_topics": 7,
  "total_liklihood": -32528.61786346796
}
