{
  "modality_liklihoods": [
    -13479.053732147688,
    -13249.155445094673,
    -943.35531664944597,
    -4717.4865609086874
  ],
  "num_iteration": 1000,
  "num_modalities": 4,
  "num_topics": 7,
  "total_liklihood": -32389.051054800493
}
