{
  "modality_liklihoods": [
    -13882.48154583227,
    -13271.941747222749,
    -938.61354127287234,
    -4656.7672993805427
  ],
  "num_iteration": 1000,
  "num_modalities": 4,
  "num_topics": 7,
  "total_liklihood": -32749.804133708436
}
