{
  "modality_liklihoods": [
    -12997.915696433382,
    -13272.380859583522,
    -937.50595367514484,
    -4660.1586068794704
  ],
  "num_iteration": 1000,
  "num_modalities": 4,
  "num_topics": 7,
  "total_liklihood": -31867.961116571518
}
