{
  "modality_liklihoods": [
    -13943.46882144727,
    -13266.049432784874,
    -937.21562183402023,
    -4670.3679190820112
  ],
  "num_iteration": 1000,
  "num_modalities": 4,
  "num_topics": 7,
  "total_liklihood": -32817.101795148177
}
