{
  "modality_liklihoods": [
    -14124.281769937372,
    -13272.126284318663,
    -938.56880103553772,
    -4614.0993138711938
  ],
  "num_iteration": 1000,
  "num_modalities": 4,
  "num_topics": 7,
  "total_liklihood": -32949.076169162763
}
