{
  "modality_liklihoods": [
    -14365.035533862589,
    -13257.39767776736,
    -947.75011590525662,
    -4579.6075656027915
  ],
  "num_iteration": 1000,
  "num_modalities": 4,
  "num_topics": 7,
  "total_liklihood": -33149.790893137993
}
