{
  "modality_liklihoods": [
    -14560.643965517824,
    -13247.471688156327,
    -935.07228941886331,
    -4651.3648315290438
  ],
  "num_iteration": 1000,
  "num_modalities": 4,
  "num_topics": 7,
  "total_liklihood": -33394.552774622054
}
