{
  "modality_liklihoods": [
    -14027.614985822542,
    -13203.021860147588,
    -938.86123785592042,
    -4675.242477424219
  ],
  "num_iteration": 1000,
  "num_modalities": 4,
  "num_topics": 7,
  "total_liklihood": -32844.74056125027
}
