{
  "modality_liklihoods": [
    -14671.148389987153,
    -13214.501314236843,
    -954.14429552535205,
    -4682.8953950818768
  ],
  "num_iteration": 1000,
  "num_modalities": 4,
  "num_topics": 7,
  "total_liklihood": -33522.689394831221
}
