{
  "modality_liklihoods": [
    -14295.126252703971,
    -13296.099821410548,
    -938.20889211659335,
    -4646.5695724602629
  ],
  "num_iteration": 1000,
  "num_modalities": 4,
  "num_topics": 7,
  "total_liklihood": -33176.00453869137
}
