{
  "modality_liklihoods": [
    -13919.619436699984,
    -13271.200475203259,
    -934.66061243473166,
    -4632.0366377488799
  ],
  "num_iteration": 1000,
  "num_modalities": 4,
  "num_topics": 7,
  "total_liklihood": -32757.517162086853
}
