{
  "modality_liklihoods": [
    -14150.44267362953,
    -13214.196010370162,
    -936.4177008603865,
    -4620.5149037433757
  ],
  "num_iteration": 1000,
  "num_modalities": 4,
  "num_topics": 7,
  "total_liklihood": -32921.571288603453
}
