{
  "modality_liklihoods": [
    -13723.058460709761,
    -13241.638569602883,
    -941.46456418199966,
    -4636.4036449704317
  ],
  "num_iteration": 1000,
  "num_modalities": 4,
  "num_topics": 7,
  "total_liklihood": -32542.565239465075
}
