{
  "modality_liklihoods": [
    -14072.583579000862,
    -13280.847690531411,
    -939.71170558963286,
    -4635.0701595438495
  ],
  "num_iteration": 1000,
  "num_modalities": 4,
  "num_topics": 7,
  "total_liklihood": -32928.213134665755
}
