{
  "modality_liklihoods": [
    -14026.307725403138,
    -13296.235341591369,
    -933.48544617041011,
    -4644.9207732322875
  ],
  "num_iteration": 1000,
  "num_modalities": 4,
  "num_topics": 7,
  "total_liklihood": -32900.949286397205
}
