{
  "modality_liklihoods": [
    -13408.719072538845,
    -13251.859144745931,
    -942.65650977698363,
    -4613.1888071506028
  ],
  "num_iteration": 1000,
  "num_modalities": 4,
  "num_topics": 7,
  "total_liklihood": -32216.423534212365
}
