{
  "modality_liklihoods": [
    -14084.892042765883,
    -13264.999971473488,
    -937.16549960468444,
    -4664.6277112729467
  ],
  "num_iteration": 1000,
  "num_modalities": 4,
  "num_topics": 7,
  "total_liklihood": -32951.685225116998
}
