{
  "modality_liklihoods": [
    -14003.137021524435,
    -13232.511718441008,
    -941.56142288860121,
    -4645.8691792438167
  ],
  "num_iteration": 1000,
  "num_modalities": 4,
  "num_topics": 7,
  "total_liklihood": -32823.079342097859
}
