{
  "modality_liklihoods": [
    -14117.363869629489,
    -13244.530452447769,
    -941.80019737983082,
    -4600.4172808222747
  ],
  "num_iteration": 1000,
  "num_modalities": 4,
  "num_topics": 7,
  "total_liklihood": -32904.111800279359
}
