{
  "modality_liklihoods": [
    -14429.236824275526,
    -13270.648884659293,
    -935.5201711639952,
    -4631.7822222375025
  ],
  "num_iteration": 1000,
  "num_modalities": 4,
  "num_topics": 7,
  "total_liklihood": -33267.188102336317
}
