{
  "modality_liklihoods": [
    -13866.649223152988,
    -13244.423391091084,
    -936.83862815416603,
    -4651.4957973620449
  ],
  "num_iteration": 1000,
  "num_modalities": 4,
  "num_topics": 7,
  "total_liklihood": -32699.407039760281
}
