{
  "modality_liklihoods": [
    -14023.514804000644,
    -13273.036935795595,
    -944.47362394067954,
    -4654.6974584229101
  ],
  "num_iteration": 1000,
  "num_modalities": 4,
  "num_topics": 7,
  "total_liklihood": -32895.722822159834
}
