{
  "modality_liklihoods": [
    -14467.241595521838,
    -13246.18314514868,
    -943.98412404410271,
    -4630.0604265942939
  ],
  "num_iteration": 1000,
  "num_modalities": 4,
  "num_topics": 7,
  "total_liklihood": -33287.469291308917
}
