{
  "modality_liklihoods": [
    -14180.575012680223,
    -13257.34131447676,
    -937.92271988668813,
    -4655.0239738805012
  ],
  "num_iteration": 1000,
  "num_modalities": 4,
  "num_topics": 7,
  "total_liklihood": -33030.863020924175
}
