{
  "modality_liklihoods": [
    -13285.460965162112,
    -13247.13141000498,
    -943.01950095725647,
    -4625.5906517216945
  ],
  "num_iteration": 1000,
  "num_modalities": 4,
  "num_topics": 7,
  "total_liklihood": -32101.202527846042
}
