{
  "modality_liklihoods": [
    -13916.210385847577,
    -13255.812275065569,
    -938.79769464877904,
    -4615.9454566628438
  ],
  "num_iteration": 1000,
  "num_modalities": 4,
  "num_topics": 7,
  "total_liklihood": -32726.76581222477
}
