{
  "modality_liklihoods": [
    -13385.693959990516,
    -13252.03788438558,
    -945.39983808569866,
    -4671.2229756839861
  ],
  "num_iteration": 1000,
  "num_modalities": 4,
  "num_topics": 7,
  "total_liklihood": -32254.354658145778
}
