{
  "modality_liklihoods": [
    -14402.793007571538,
    -13300.973054567974,
    -935.93520797842245,
    -4660.1952022543628
  ],
  "num_iteration": 1000,
  "num_modalities": 4,
  "num_topics": 7,
  "total_liklihood": -33299.896472372297
}
