{
  "modality_liklihoods": [
    -14718.104722658079,
    -13273.361150236025,
    -932.40828400570376,
    -4616.5594167859181
  ],
  "num_iteration": 1000,
  "num_modalities": 4,
  "num_topics": 7,
  "total_liklihood": -33540.433573685732
}
