{
  "modality_liklihoods": [
    -13361.80812063339,
    -13321.016026729274,
    -945.45853551880691,
    -4609.6021970461243
  ],
  "num_iteration": 1000,
  "num_modalities": 4,
  "num_topics": 7,
  "total_liklihood": -32237.884879927595
}
