{
  "modality_liklihoods": [
    -13361.996015713799,
    -13241.277902966967,
    -938.80694839317141,
    -4677.8129442009058
  ],
  "num_iteration": 1000,
  "num_modalities": 4,
  "num_topics": 7,
  "total_liklihood": -32219.893811274844
}
