{
  "modality_liklihoods": [
    -13635.54379121109,
    -13275.326462162613,
    -935.94446899462889,
    -4662.1087126081129
  ],
  "num_iteration": 1000,
  "num_modalities": 4,
  "num_topics": 7,
  "total_liklihood": -32508.923434976445
}
