{
  "modality_liklihoods": [
    -13757.04249293099,
    -13250.613605311864,
    -946.69303042234128,
    -4681.8155399454899
  ],
  "num_iteration": 1000,
  "num_modalities": 4,
  "num_topics": 7,
  "total_liklihood": -32636.164668610691
}
