{
  "modality_liklihoods": [
    -14321.569278572275,
    -13269.598870336431,
    -941.01725746817965,
    -4618.3225129097536
  ],
  "num_iteration": 1000,
  "num_modalities": 4,
  "num_topics": 7,
  "total_liklihood": -33150.50791928664
}
