{
  "modality_liklihoods": [
    -13945.056357545254,
    -13308.856961943657,
    -937.96450339521255,
    -4641.0887276576859
  ],
  "num_iteration": 1000,
  "num_modalities": 4,
  "num_topics": 7,
  "total_liklihood": -32832.966550541809
}
