{
  "modality_liklihoods": [
    -13947.627929418002,
    -13268.325762431476,
    -937.83809664601756,
    -4666.1096154979396
  ],
  "num_iteration": 1000,
  "num_modalities": 4,
  "num_topics": 7,
  "total_liklihood": -32819.901403993434
}
