{
  "modality_liklihoods": [
    -14137.255350964828,
    -13228.505331171176,
    -942.03106739744464,
    -4707.3196233558865
  ],
  "num_iteration": 1000,
  "num_modalities": 4,
  "num_topics": 7,
  "total_liklihood": -33015.111372889332
}
