{
  "modality_liklihoods": [
    -14083.927833041986,
    -13333.264624231304,
    -941.49750947102848,
    -4694.3603560850897
  ],
  "num_iteration": 1000,
  "num_modalities": 4,
  "num_topics": 7,
  "total_liklihood": -33053.050322829411
}
