{
  "modality_liklihoods": [
    -13928.248936566351,
    -13263.438993924776,
    -939.0352084080007,
    -4658.0631571890926
  ],
  "num_iteration": 1000,
  "num_modalities": 4,
  "num_topics": 7,
  "total_liklihood": -32788.786296088219
}
