{
  "modality_liklihoods": [
    -13952.32978767942,
    -13301.594242499794,
    -942.18376576094852,
    -4664.8279534170852
  ],
  "num_iteration": 1000,
  "num_modalities": 4,
  "num_topics": 7,
  "total_liklihood": -32860.935749357253
}
