{
  "modality_liklihoods": [
    -13336.977528631318,
    -13271.048984551126,
    -943.25791702138622,
    -4645.367931222313
  ],
  "num_iteration": 1000,
  "num_modalities": 4,
  "num_topics": 7,
  "total_liklihood": -32196.652361426142
}
