{
  "modality_liklihoods": [
    -14306.390273665595,
    -13245.813429170117,
    -939.84728825612615,
    -4767.964426002527
  ],
  "num_iteration": 1000,
  "num_modalities": 4,
  "num_topics": 7,
  "total_liklihood": -33260.015417094364
}
