{
  "modality_liklihoods": [
    -14093.359583638185,
    -13255.024686355227,
    -939.09527105313703,
    -4684.6947435992952
  ],
  "num_iteration": 1000,
  "num_modalities": 4,
  "num_topics": 7,
  "total_liklihood": -32972.174284645844
}
