{
  "modality_liklihoods": [
    -13603.324137270269,
    -13232.379866986914,
    -948.55313923304777,
    -4642.4637990636729
  ],
  "num_iteration": 1000,
  "num_modalities": 4,
  "num_topics": 7,
  "total_liklihood": -32426.720942553904
}
