{
  "modality_liklihoods": [
    -14220.58033534994,
    -13266.442748796146,
    -944.5086596859793,
    -4647.55710825603
  ],
  "num_iteration": 1000,
  "num_modalities": 4,
  "num_topics": 7,
  "total_liklihood": -33079.088852088098
}
