{
  "modality_liklihoods": [
    -13243.398481086453,
    -13273.60575683006,
    -942.92732392818834,
    -4649.4133607825088
  ],
  "num_iteration": 1000,
  "num_modalities": 4,
  "num_topics": 7,
  "total_liklihood": -32109.34492262721
}
