{
  "modality_liklihoods": [
    -14063.195618372356,
    -13205.699188613158,
    -941.53736406221662,
    -4719.1500702599733
  ],
  "num_iteration": 1000,
  "num_modalities": 4,
  "num_topics": 7,
  "total_liklihood": -32929.582241307704
}
