{
  "modality_liklihoods": [
    -13668.937166181848,
    -13269.839641035269,
    -936.74356804400509,
    -4621.8597185338622
  ],
  "num_iteration": 1000,
  "num_modalities": 4,
  "num_topics": 7,
  "total_liklihood": -32497.380093794985
}
