{
  "modality_liklihoods": [
    -13868.300713314709,
    -13263.994829549421,
    -945.21328236991246,
    -4593.0607134697611
  ],
  "num_iteration": 1000,
  "num_modalities": 4,
  "num_topics": 7,
  "total_liklihood": -32670.569538703803
}
