{
  "modality_liklihoods": [
    -14223.810922472474,
    -13204.261576699913,
    -937.7178286601096,
    -4659.068379690827
  ],
  "num_iteration": 1000,
  "num_modalities": 4,
  "num_topics": 7,
  "total_liklihood": -33024.858707523323
}
