{
  "modality_liklihoods": [
    -14962.312142894307,
    -13201.017698088239,
    -939.87026687680827,
    -4670.050756516308
  ],
  "num_iteration": 1000,
  "num_modalities": 4,
  "num_topics": 7,
  "total_liklihood": -33773.250864375659
}
