{
  "modality_liklihoods": [
    -13896.539649728204,
    -13230.801664758874,
    -938.52773157695538,
    -4731.8321506578195
  ],
  "num_iteration": 1000,
  "num_modalities": 4,
  "num_topics": 7,
  "total_liklihood": -32797.701196721857
}
