{
  "modality_liklihoods": [
    -14177.595624266241,
    -13250.424554880863,
    -939.88388475068109,
    -4614.9369041493255
  ],
  "num_iteration": 1000,
  "num_modalities": 4,
  "num_topics": 7,
  "total_liklihood": -32982.840968047109
}
