{
  "modality_liklihoods": [
    -14280.638072301899,
    -13230.966328682682,
    -940.01063318178149,
    -4688.1546538639441
  ],
  "num_iteration": 1000,
  "num_modalities": 4,
  "num_topics": 7,
  "total_liklihood": -33139.769688030305
}
