{
  "modality_liklihoods": [
    -13282.680615596289,
    -13308.722714163285,
    -939.89869067327538,
    -4742.2694508580507
  ],
  "num_iteration": 1000,
  "num_modalities": 4,
  "num_topics": 7,
  "total_liklihood": -32273.571471290899
}
