{
  "modality_liklihoods": [
    -13863.901635122256,
    -13243.441435591751,
    -939.24665817098173,
    -4641.814693014544
  ],
  "num_iteration": 1000,
  "num_modalities": 4,
  "num_topics": 7,
  "total_liklihood": -32688.404421899533
}
