{
  "modality_liklihoods": [
    -14353.865995721972,
    -13272.378486905136,
    -934.18031356819142,
    -4710.6477647732454
  ],
  "num_iteration": 1000,
  "num_modalities": 4,
  "num_topics": 7,
  "total_liklihood": -33271.072560968547
}
