{
  "modality_liklihoods": [
    -13171.630257543911,
    -13306.142166503516,
    -944.64148963444677,
    -4702.3449819905554
  ],
  "num_iteration": 1000,
  "num_modalities": 4,
  "num_topics": 7,
  "total_liklihood": -32124.758895672428
}
