{
  "modality_liklihoods": [
    -13947.751602285132,
    -13278.184700349826,
    -940.57229609685396,
    -4657.0196005292582
  ],
  "num_iteration": 1000,
  "num_modalities": 4,
  "num_topics": 7,
  "total_liklihood": -32823.528199261069
}
