{
  "modality_liklihoods": [
    -13709.768477888376,
    -13282.561406637964,
    -939.53246851526217,
    -4624.1571463809823
  ],
  "num_iteration": 1000,
  "num_modalities": 4,
  "num_topics": 7,
  "total_liklihood": -32556.019499422586
}
