{
  "modality_liklihoods": [
    -13965.179790807184,
    -13257.143180495401,
    -941.85811211782857,
    -4680.0930357699663
  ],
  "num_iteration": 1000,
  "num_modalities": 4,
  "num_topics": 7,
  "total_liklihood": -32844.274119190384
}
