{
  "modality_liklihoods": [
    -14308.485300891864,
    -13235.026486271756,
    -936.4388631389362,
    -4742.0666201318518
  ],
  "num_iteration": 1000,
  "num_modalities": 4,
  "num_topics": 7,
  "total_liklihood": -33222.017270434408
}
