{
  "modality_liklihoods": [
    -13967.203215558471,
    -13250.30833548336,
    -943.82198040202604,
    -4640.9957042475808
  ],
  "num_iteration": 1000,
  "num_modalities": 4,
  "num_topics": 7,
  "total_liklihood": -32802.329235691439
}
