{
  "modality_liklihoods": [
    -13472.501282382094,
    -13245.50959849332,
    -931.28085101494764,
    -4644.9087344394402
  ],
  "num_iteration": 1000,
  "num_modalities": 4,
  "num_topics": 7,
  "total_liklihood": -32294.200466329803
}
