{
  "modality_liklihoods": [
    -15015.577309194898,
    -13162.740204020267,
    -941.10345417797282,
    -4683.0931027517508
  ],
  "num_iteration": 1000,
  "num_modalities": 4,
  "num_topics": 7,
  "total_liklihood": -33802.514070144891
}
