{
  "modality_liklihoods": [
    -14990.726882518524,
    -13257.304447816679,
    -945.61462934396332,
    -4649.0902272735148
  ],
  "num_iteration": 1000,
  "num_modalities": 4,
  "num_topics": 7,
  "total_liklihood": -33842.736186952679
}
