{
  "modality_liklihoods": [
    -13713.390425022924,
    -13300.201292961814,
    -945.76571768501799,
    -4632.8850067630083
  ],
  "num_iteration": 1000,
  "num_modalities": 4,
  "num_topics": 7,
  "total_liklihood": -32592.242442432766
}
