{
  "modality_liklihoods": [
    -13782.043472699521,
    -13240.182631943895,
    -935.82163988596153,
    -4721.0080279168224
  ],
  "num_iteration": 1000,
  "num_modalities": 4,
  "num_topics": 7,
  "total_liklihood": -32679.055772446198
}
