{
  "modality_liklihoods": [
    -13364.349864468728,
    -13237.050393715641,
    -944.45362603077569,
    -4601.8438421744568
  ],
  "num_iteration": 1000,
  "num_modalities": 4,
  "num_topics": 7,
  "total_liklihood": -32147.697726389601
}
