{
  "modality_liklihoods": [
    -14763.016912313518,
    -13197.164944673406,
    -941.93881296961081,
    -4626.7858155051736
  ],
  "num_iteration": 1000,
  "num_modalities": 4,
  "num_topics": 7,
  "total_liklihood": -33528.90648546171
}
