{
  "modality_liklihoods": [
    -13969.160919831718,
    -13221.011575860264,
    -938.83274980014141,
    -4654.9823382208124
  ],
  "num_iteration": 1000,
  "num_modalities": 4,
  "num_topics": 7,
  "total_liklihood": -32783.987583712937
}
