{
  "modality_liklihoods": [
    -14535.219918340546,
    -13271.128979033883,
    -939.19423532809662,
    -4656.9367207737969
  ],
  "num_iteration": 1000,
  "num_modalities": 4,
  "num_topics": 7,
  "total_liklihood": -33402.479853476325
}
