{
  "modality_liklihoods": [
    -14219.258511992015,
    -13237.803729273404,
    -947.76031981817061,
    -4619.3921119347888
  ],
  "num_iteration": 1000,
  "num_modalities": 4,
  "num_topics": 7,
  "total_liklihood": -33024.214673018381
}
