{
  "modality_liklihoods": [
    -13962.732452839455,
    -13240.935195922089,
    -940.21039213835616,
    -4658.0158539600707
  ],
  "num_iteration": 1000,
  "num_modalities": 4,
  "num_topics": 7,
  "total_liklihood": -32801.893894859968
}
