{
  "modality_liklihoods": [
    -12312.201111076583,
    -13279.642070906779,
    -941.59363508109402,
    -4685.4174870561992
  ],
  "num_iteration": 1000,
  "num_modalities": 4,
  "num_topics": 7,
  "total_liklihood": -31218.854304120658
}
