{
  "modality_liklihoods": [
    -13887.447455812468,
    -13297.818015447368,
    -939.60201835664714,
    -4615.8380633361994
  ],
  "num_iteration": 1000,
  "num_modalities": 4,
  "num_topics": 7,
  "total_liklihood": -32740.705552952684
}
