{
  "modality_liklihoods": [
    -13847.072740830659,
    -13298.454068733043,
    -947.91023589695851,
    -4672.609571960008
  ],
  "num_iteration": 1000,
  "num_modalities": 4,
  "num_topics": 7,
  "total_liklihood": -32766.046617420667
}
