{
  "modality_liklihoods": [
    -13632.641868661498,
    -13262.825068751165,
    -939.66500814054939,
    -4702.4777166708964
  ],
  "num_iteration": 1000,
  "num_modalities": 4,
  "num_topics": 7,
  "total_liklihood": -32537.609662224106
}
