{
  "modality_liklihoods": [
    -13486.123231379011,
    -13278.927184139868,
    -949.4356800382742,
    -4569.570686183858
  ],
  "num_iteration": 1000,
  "num_modalities": 4,
  "num_topics": 7,
  "total_liklihood": -32284.056781741012
}
