{
  "modality_liklihoods": [
    -13930.719764458145,
    -13268.884814764589,
    -941.76170710233146,
    -4626.7408368668957
  ],
  "num_iteration": 1000,
  "num_modalities": 4,
  "num_topics": 7,
  "total_liklihood": -32768.107123191963
}
