{
  "modality_liklihoods": [
    -14377.351910141975,
    -13254.868206188396,
    -942.78831999073907,
    -4625.9466801667813
  ],
  "num_iteration": 1000,
  "num_modalities": 4,
  "num_topics": 7,
  "total_liklihood": -33200.955116487887
}
