{
  "modality_liklihoods": [
    -14037.846409918258,
    -13223.402008345885,
    -941.14498021877648,
    -4664.2817733443544
  ],
  "num_iteration": 1000,
  "num_modalities": 4,
  "num_topics": 7,
  "total_liklihood": -32866.675171827272
}
