{
  "modality_liklihoods": [
    -14178.419765358401,
    -13303.974105704041,
    -937.09174026453445,
    -4629.2356993272251
  ],
  "num_iteration": 1000,
  "num_modalities": 4,
  "num_topics": 7,
  "total_liklihood": -33048.721310654204
}
