{
  "modality_liklihoods": [
    -13931.944202794277,
    -13260.96335016957,
    -940.71429467494431,
    -4611.489179198019
  ],
  "num_iteration": 1000,
  "num_modalities": 4,
  "num_topics": 7,
  "total_liklihood": -32745.11102683681
}
