{
  "modality_liklihoods": [
    -13652.546998216016,
    -13226.370763843157,
    -936.64040535219283,
    -4657.5219717856662
  ],
  "num_iteration": 1000,
  "num_modalities": 4,
  "num_topics": 7,
  "total_liklihood": -32473.080139197031
}
