{
  "modality_liklihoods": [
    -14024.504466963395,
    -13261.748412050976,
    -935.12005669927123,
    -4639.8124718149893
  ],
  "num_iteration": 1000,
  "num_modalities": 4,
  "num_topics": 7,
  "total_liklihood": -32861.185407528632
}
