{
  "modality_liklihoods": [
    -14235.367796382232,
    -13272.788522543273,
    -934.85280209424434,
    -4614.4939442709128
  ],
  "num_iteration": 1000,
  "num_modalities": 4,
  "num_topics": 7,
  "total_liklihood": -33057.503065290657
}
