{
  "modality_liklihoods": [
    -13443.2452429938,
    -13244.624441214333,
    -948.69339985816396,
    -4624.2489444812518
  ],
  "num_iteration": 1000,
  "num_modalities": 4,
  "num_topics": 7,
  "total_liklihood": -32260.812028547549
}
