{
  "modality_liklihoods": [
    -14599.959817623379,
    -13239.924073872846,
    -938.47207600227034,
    -4671.7915382446054
  ],
  "num_iteration": 1000,
  "num_modalities": 4,
  "num_topics": 7,
  "total_liklihood": -33450.147505743102
}
