{
  "modality_liklihoods": [
    -14039.855658421582,
    -13288.993765769004,
    -939.81640543891649,
    -4700.6680548456006
  ],
  "num_iteration": 1000,
  "num_modalities": 4,
  "num_topics": 7,
  "total_liklihood": -32969.333884475105
}
