{
  "modality_liklihoods": [
    -12998.412462441509,
    -13267.073107888889,
    -941.04355406726677,
    -4585.4398486675536
  ],
  "num_iteration": 1000,
  "num_modalities": 4,
  "num_topics": 7,
  "total_liklihood": -31791.968973065217
}
