{
  "modality_liklihoods": [
    -14310.650296595184,
    -13262.892451911255,
    -939.44011673900991,
    -4623.5658189463793
  ],
  "num_iteration": 1000,
  "num_modalities": 4,
  "num_topics": 7,
  "total_liklihood": -33136.548684191832
}
