{
  "modality_liklihoods": [
    -14124.124522680395,
    -13223.752314952686,
    -936.21173506504454,
    -4637.3182553647348
  ],
  "num_iteration": 1000,
  "num_modalities": 4,
  "num_topics": 7,
  "total_liklihood": -32921.406828062856
}
