{
  "modality_liklihoods": [
    -14242.215871977223,
    -13254.160960408853,
    -943.96627801942896,
    -4728.6395759855886
  ],
  "num_iteration": 1000,
  "num_modalities": 4,
  "num_topics": 7,
  "total_liklihood": -33168.9826863911
}
