{
  "modality_liklihoods": [
    -14024.806792353926,
    -13200.588106770871,
    -943.69677856386454,
    -4712.9851687849459
  ],
  "num_iteration": 1000,
  "num_modalities": 4,
  "num_topics": 7,
  "total_liklihood": -32882.07684647361
}
