{
  "modality_liklihoods": [
    -13931.897587154555,
    -13261.723209737671,
    -936.93522630025063,
    -4664.6762975339798
  ],
  "num_iteration": 1000,
  "num_modalities": 4,
  "num_topics": 7,
  "total_liklihood": -32795.232320726456
}
