{
  "modality_liklihoods": [
    -14091.181243161882,
    -13244.654165770067,
    -935.0923190051243,
    -4659.7424966285635
  ],
  "num_iteration": 1000,
  "num_modalities": 4,
  "num_topics": 7,
  "total_liklihood": -32930.670224565634
}
