{
  "modality_liklihoods": [
    -13464.998815073588,
    -13227.175541852102,
    -941.43191553188865,
    -4620.5354978217601
  ],
  "num_iteration": 1000,
  "num_modalities": 4,
  "num_topics": 7,
  "total_liklihood": -32254.141770279341
}
