{
  "modality_liklihoods": [
    -13928.887190881591,
    -13295.981968695192,
    -944.59770847257334,
    -4661.4745519183825
  ],
  "num_iteration": 1000,
  "num_modalities": 4,
  "num_topics": 7,
  "total_liklihood": -32830.941419967741
}
