{
  "modality_liklihoods": [
    -14245.673342808132,
    -13250.991472506121,
    -938.81485399412009,
    -4664.0473018949715
  ],
  "num_iteration": 1000,
  "num_modalities": 4,
  "num_topics": 7,
  "total_liklihood": -33099.526971203348
}
