{
  "modality_liklihoods": [
    -13426.432234303225,
    -13264.082061260178,
    -943.4394048021735,
    -4668.1755169927037
  ],
  "num_iteration": 1000,
  "num_modalities": 4,
  "num_topics": 7,
  "total_liklihood": -32302.129217358284
}
