{
  "modality_liklihoods": [
    -13907.71624361252,
    -13276.517393395508,
    -938.85184246780022,
    -4671.4811420074548
  ],
  "num_iteration": 1000,
  "num_modalities": 4,
  "num_topics": 7,
  "total_liklihood": -32794.566621483289
}
