{
  "modality_liklihoods": [
    -13886.294852900035,
    -13289.02362082429,
    -936.18001396529348,
    -4607.0883315685296
  ],
  "num_iteration": 1000,
  "num_modalities": 4,
  "num_topics": 7,
  "total_liklihood": -32718.586819258147
}
