{
  "modality_liklihoods": [
    -14190.007278652665,
    -13222.047421475025,
    -935.63890740404042,
    -4625.9846489939628
  ],
  "num_iteration": 1000,
  "num_modalities": 4,
  "num_topics": 7,
  "total_liklihood": -32973.678256525694
}
