{
  "modality_liklihoods": [
    -14280.38182166536,
    -13293.15960100841,
    -937.05175152537277,
    -4602.9072870183281
  ],
  "num_iteration": 1000,
  "num_modalities": 4,
  "num_topics": 7,
  "total_liklihood": -33113.500461217474
}
