{
  "modality_liklihoods": [
    -14426.689481690335,
    -13286.46450410018,
    -949.03090387022655,
    -4689.3027268627748
  ],
  "num_iteration": 1000,
  "num_modalities": 4,
  "num_topics": 7,
  "total_liklihood": -33351.487616523518
}
