{
  "modality_liklihoods": [
    -14090.303449694266,
    -13288.450658431639,
    -933.66157594006052,
    -4598.949546351434
  ],
  "num_iteration": 1000,
  "num_modalities": 4,
  "num_topics": 7,
  "total_liklihood": -32911.365230417396
}
