{
  "modality_liklihoods": [
    -14013.192794602932,
    -13266.05633439365,
    -940.2920695649982,
    -4656.693629223475
  ],
  "num_iteration": 1000,
  "num_modalities": 4,
  "num_topics": 7,
  "total_liklihood": -32876.234827785054
}
