{
  "modality_liklihoods": [
    -13995.054149945114,
    -13238.45670376588,
    -937.7183565646792,
    -4661.1714663425464
  ],
  "num_iteration": 1000,
  "num_modalities": 4,
  "num_topics": 7,
  "total_liklihood": -32832.400676618214
}
