{
  "modality_liklihoods": [
    -14015.499904749055,
    -13259.861958013164,
    -936.60732544593179,
    -4635.1842258113211
  ],
  "num_iteration": 1000,
  "num_modalities": 4,
  "num_topics": 7,
  "total_liklihood": -32847.153414019471
}
