{
  "modality_liklihoods": [
    -14271.496864015531,
    -13270.59850652493,
    -936.88970734725979,
    -4634.7136035147896
  ],
  "num_iteration": 1000,
  "num_modalities": 4,
  "num_topics": 7,
  "total_liklihood": -33113.698681402508
}
