{
  "modality_liklihoods": [
    -13359.901666518293,
    -13269.796405160187,
    -948.05903285238662,
    -4620.4425117054761
  ],
  "num_iteration": 1000,
  "num_modalities": 4,
  "num_topics": 7,
  "total_liklihood": -32198.199616236343
}
