{
  "modality_liklihoods": [
    -14202.454942747247,
    -13274.745123936907,
    -938.12843271536065,
    -4620.4671044108409
  ],
  "num_iteration": 1000,
  "num_modalities": 4,
  "num_topics": 7,
  "total_liklihood": -33035.795603810358
}
