{
  "modality_liklihoods": [
    -13358.155421220717,
    -13283.402570581777,
    -933.76605715249491,
    -4580.1501459639667
  ],
  "num_iteration": 1000,
  "num_modalities": 4,
  "num_topics": 7,
  "total_liklihood": -32155.474194918956
}
