{
  "modality_liklihoods": [
    -14012.508592491411,
    -13236.192430054321,
    -940.13171128229237,
    -4643.8023937989637
  ],
  "num_iteration": 1000,
  "num_modalities": 4,
  "num_topics": 7,
  "total_liklihood": -32832.635127626985
}
