{
  "modality_liklihoods": [
    -14042.401825812361,
    -13254.970899334494,
    -936.02580504254877,
    -4628.3226427359214
  ],
  "num_iteration": 1000,
  "num_modalities": 4,
  "num_topics": 7,
  "total_liklihood": -32861.721172925325
}
