{
  "modality_liklihoods": [
    -13340.049756051476,
    -13227.127383996876,
    -940.72385990588214,
    -4643.8040979483276
  ],
  "num_iteration": 1000,
  "num_modalities": 4,
  "num_topics": 7,
  "total_liklihood": -32151.705097902563
}
