{
  "modality_liklihoods": [
    -13412.489060527609,
    -13263.444581469979,
    -943.27906837293881,
    -4623.9053623912423
  ],
  "num_iteration": 1000,
  "num_modalities": 4,
  "num_topics": 7,
  "total_liklihood": -32243.118072761768
}
