{
  "modality_liklihoods": [
    -14354.908867578262,
    -13270.136640260316,
    -939.61326172605152,
    -4621.1522483662948
  ],
  "num_iteration": 1000,
  "num_modalities": 4,
  "num_topics": 7,
  "total_liklihood": -33185.811017930922
}
