{
  "modality_liklihoods": [
    -13499.025726060503,
    -13229.002864519209,
    -942.75762927377252,
    -4669.8786104363107
  ],
  "num_iteration": 1000,
  "num_modalities": 4,
  "num_topics": 7,
  "total_liklihood": -32340.664830289796
}
