{
  "modality_liklihoods": [
    -14185.622319659917,
    -13287.602332178536,
    -940.18955831639266,
    -4688.1826626759703
  ],
  "num_iteration": 1000,
  "num_modalities": 4,
  "num_topics": 7,
  "total_liklihood": -33101.596872830814
}
