{
  "modality_liklihoods": [
    -13813.678553212398,
    -13232.126113501528,
    -940.99641321391744,
    -4683.6116325025714
  ],
  "num_iteration": 1000,
  "num_modalities": 4,
  "num_topics": 7,
  "total_liklihood": -32670.412712430418
}
