{
  "modality_liklihoods": [
    -13476.218023531732,
    -13213.096041290253,
    -942.28109360133953,
    -4668.3457613492947
  ],
  "num_iteration": 1000,
  "num_modalities": 4,
  "num_topics": 7,
  "total_liklihood": -32299.94091977262
}
