{
  "modality_liklihoods": [
    -13143.745902564207,
    -13232.395101048845,
    -936.41216897105119,
    -4622.0090927957799
  ],
  "num_iteration": 1000,
  "num_modalities": 4,
  "num_topics": 7,
  "total_liklihood": -31934.562265379886
}
