{
  "modality_liklihoods": [
    -13924.954439678564,
    -13280.030348647288,
    -937.73074624083733,
    -4621.9971997180464
  ],
  "num_iteration": 1000,
  "num_modalities": 4,
  "num_topics": 7,
  "total_liklihood": -32764.712734284738
}
