{
  "modality_liklihoods": [
    -13880.045598404284,
    -13267.482832830745,
    -935.25812339582433,
    -4665.1950984802679
  ],
  "num_iteration": 1000,
  "num_modalities": 4,
  "num_topics": 7,
  "total_liklihood": -32747.981653111117
}
