{
  "modality_liklihoods": [
    -13657.201242634485,
    -13256.543638491527,
    -943.03120139356849,
    -4652.7781133590433
  ],
  "num_iteration": 1000,
  "num_modalities": 4,
  "num_topics": 7,
  "total_liklihood": -32509.554195878623
}
