{
  "modality_liklihoods": [
    -13450.985252908413,
    -13263.665530588758,
    -939.78062201412877,
    -4602.0775656440373
  ],
  "num_iteration": 1000,
  "num_modalities": 4,
  "num_topics": 7,
  "total_liklihood": -32256.508971155337
}
