{
  "modality_liklihoods": [
    -13520.662468258115,
    -13243.255899748927,
    -935.9426513996109,
    -4642.3077232658352
  ],
  "num_iteration": 1000,
  "num_modalities": 4,
  "num_topics": 7,
  "total_liklihood": -32342.168742672489
}
