{
  "modality_liklihoods": [
    -12910.835395542017,
    -13254.097947647979,
    -936.66359502322496,
    -4620.3333621977727
  ],
  "num_iteration": 1000,
  "num_modalities": 4,
  "num_topics": 7,
  "total_liklihood": -31721.930300410993
}
