{
  "modality_liklihoods": [
    -14076.572623020735,
    -13230.548240214383,
    -945.91240527804871,
    -4620.1846784399759
  ],
  "num_iteration": 1000,
  "num_modalities": 4,
  "num_topics": 7,
  "total_liklihood": -32873.217946953147
}
