{
  "modality_liklihoods": [
    -14084.047610559501,
    -13289.846514550965,
    -947.2442072811092,
    -4632.6331885490308
  ],
  "num_iteration": 1000,
  "num_modalities": 4,
  "num_topics": 7,
  "total_liklihood": -32953.771520940609
}
