{
  "modality_liklihoods": [
    -13841.323207673733,
    -13242.259882326001,
    -939.97858879223509,
    -4655.5642839161746
  ],
  "num_iteration": 1000,
  "num_modalities": 4,
  "num_topics": 7,
  "total_liklihood": -32679.125962708142
}
