{
  "modality_liklihoods": [
    -14655.429494851358,
    -13255.707205066597,
    -949.44515920521781,
    -4640.0405375890196
  ],
  "num_iteration": 1000,
  "num_modalities": 4,
  "num_topics": 7,
  "total_liklihood": -33500.622396712191
}
