{
  "modality_liklihoods": [
    -14122.563189773839,
    -13212.424544459938,
    -942.89655624335182,
    -4759.9977104247955
  ],
  "num_iteration": 1000,
  "num_modalities": 4,
  "num_topics": 7,
  "total_liklihood": -33037.882000901925
}
