{
  "modality_liklihoods": [
    -12809.567475601738,
    -13211.352158648106,
    -940.93473624598096,
    -4645.6057234829032
  ],
  "num_iteration": 1000,
  "num_modalities": 4,
  "num_topics": 7,
  "total_liklihood": -31607.460093978727
}
