{
  "modality_liklihoods": [
    -13950.957297500101,
    -13268.731848305235,
    -939.82699698849603,
    -4572.3397201211255
  ],
  "num_iteration": 1000,
  "num_modalities": 4,
  "num_topics": 7,
  "total_liklihood": -32731.855862914959
}
