{
  "modality_liklihoods": [
    -13453.927273917658,
    -13246.659372513137,
    -943.12155697005846,
    -4625.6150226889667
  ],
  "num_iteration": 1000,
  "num_modalities": 4,
  "num_topics": 7,
  "total_liklihood": -32269.323226089818
}
