{
  "modality_liklihoods": [
    -13910.792776239028,
    -36188.173490166875,
    -5659.7472016344209,
    -7247.8320543397222
  ],
  "num_iteration": 1000,
  "num_modalities": 4,
  "num_topics": 7,
  "total_liklihood": -63006.545522380038
}
