{
  "modality_liklihoods": [
    -13512.914917242802,
    -13303.474449989768,
    -937.37777315479082,
    -4636.8198145435472
  ],
  "num_iteration": 1000,
  "num_modalities": 4,
  "num_topics": 7,
  "total_liklihood": -32390.586954930914
}
