{
  "modality_liklihoods": [
    -13783.195311254241,
    -13262.447272281024,
    -938.74864658824492,
    -4631.4736430433331
  ],
  "num_iteration": 1000,
  "num_modalities": 4,
  "num_topics": 7,
  "total_liklihood": -32615.864873166844
}
