{
  "modality_liklihoods": [
    -14187.988508493936,
    -13226.933347811242,
    -939.00747672109912,
    -4678.9721700748851
  ],
  "num_iteration": 1000,
  "num_modalities": 4,
  "num_topics": 7,
  "total_liklihood": -33032.901503101166
}
