{
  "modality_liklihoods": [
    -14110.501605518439,
    -13252.827886378769,
    -944.04932454946947,
    -4610.8016410232194
  ],
  "num_iteration": 1000,
  "num_modalities": 4,
  "num_topics": 7,
  "total_liklihood": -32918.180457469898
}
