{
  "modality_liklihoods": [
    -13274.451917022468,
    -13238.362224892087,
    -949.93118884724379,
    -4676.7303343677168
  ],
  "num_iteration": 1000,
  "num_modalities": 4,
  "num_topics": 7,
  "total_liklihood": -32139.475665129514
}
