{
  "modality_liklihoods": [
    -14293.92948366746,
    -13205.115385932966,
    -943.71090944250182,
    -4697.5016818196336
  ],
  "num_iteration": 1000,
  "num_modalities": 4,
  "num_topics": 7,
  "total_liklihood": -33140.257460862558
}
