{
  "modality_liklihoods": [
    -13948.987125143603,
    -13252.808422068179,
    -941.13647405761139,
    -4618.60484435937
  ],
  "num_iteration": 1000,
  "num_modalities": 4,
  "num_topics": 7,
  "total_liklihood": -32761.536865628761
}
