{
  "modality_liklihoods": [
    -13712.501130999024,
    -13252.795300253396,
    -931.91213281669616,
    -4660.7264921771548
  ],
  "num_iteration": 1000,
  "num_modalities": 4,
  "num_topics": 7,
  "total_liklihood": -32557.935056246271
}
