{
  "modality_liklihoods": [
    -14754.497187692246,
    -13194.912386225658,
    -936.61843548908814,
    -4668.6730702032037
  ],
  "num_iteration": 1000,
  "num_modalities": 4,
  "num_topics": 7,
  "total_liklihood": -33554.701079610197
}
