{
  "modality_liklihoods": [
    -12997.891944758177,
    -13294.991259147926,
    -936.83429305802372,
    -4628.7081856830955
  ],
  "num_iteration": 1000,
  "num_modalities": 4,
  "num_topics": 7,
  "total_liklihood": -31858.425682647219
}
