{
  "modality_liklihoods": [
    -13413.037784287164,
    -13245.075894303811,
    -944.95180948911059,
    -4611.6353185155158
  ],
  "num_iteration": 1000,
  "num_modalities": 4,
  "num_topics": 7,
  "total_liklihood": -32214.700806595603
}
