{
  "modality_liklihoods": [
    -14187.263920981055,
    -13272.337819705166,
    -935.11209247755721,
    -4614.0064225508977
  ],
  "num_iteration": 1000,
  "num_modalities": 4,
  "num_topics": 7,
  "total_liklihood": -33008.720255714681
}
