{
  "modality_liklihoods": [
    -13540.799782434129,
    -13242.641464178734,
    -945.62715508993335,
    -4698.5169935804352
  ],
  "num_iteration": 1000,
  "num_modalities": 4,
  "num_topics": 7,
  "total_liklihood": -32427.585395283233
}
