{
  "modality_liklihoods": [
    -13463.767282075127,
    -13260.854290044923,
    -942.55726154965305,
    -4636.1072547940712
  ],
  "num_iteration": 1000,
  "num_modalities": 4,
  "num_topics": 7,
  "total_liklihood": -32303.286088463774
}
