{
  "modality_liklihoods": [
    -13768.497527967978,
    -13260.7371854783,
    -939.27363139821057,
    -4631.8350674018266
  ],
  "num_iteration": 1000,
  "num_modalities": 4,
  "num_topics": 7,
  "total_liklihood": -32600.343412246311
}
