{
  "modality_liklihoods": [
    -13358.712876219408,
    -13249.836662896991,
    -941.9814349373961,
    -4646.2118207325348
  ],
  "num_iteration": 1000,
  "num_modalities": 4,
  "num_topics": 7,
  "total_liklihood": -32196.742794786333
}
