{
  "modality_liklihoods": [
    -13518.677765235949,
    -13219.78738178857,
    -941.20476495499918,
    -4666.6828308487002
  ],
  "num_iteration": 1000,
  "num_modalities": 4,
  "num_topics": 7,
  "total_liklihood": -32346.352742828218
}
