{
  "modality_liklihoods": [
    -13676.301766673727,
    -13241.444607345893,
    -944.27253698176639,
    -4632.5429085897567
  ],
  "num_iteration": 1000,
  "num_modalities": 4,
  "num_topics": 7,
  "total_liklihood": -32494.561819591141
}
