{
  "modality_liklihoods": [
    -13646.218118575014,
    -13249.29840200593,
    -938.05929928384694,
    -4664.3571380908561
  ],
  "num_iteration": 1000,
  "num_modalities": 4,
  "num_topics": 7,
  "total_liklihood": -32497.932957955651
}
