{
  "modality_liklihoods": [
    -14298.251158469238,
    -13256.40068313622,
    -937.91884964930875,
    -4593.9690418550472
  ],
  "num_iteration": 1000,
  "num_modalities": 4,
  "num_topics": 7,
  "total_liklihood": -33086.539733109814
}
