{
  "modality_liklihoods": [
    -14137.167058780356,
    -13258.621137132093,
    -939.94180674743939,
    -4739.1700313691299
  ],
  "num_iteration": 1000,
  "num_modalities": 4,
  "num_topics": 7,
  "total_liklihood": -33074.900034029022
}
