{
  "modality_liklihoods": [
    -15025.125938871382,
    -13204.073031236429,
    -936.80688085410031,
    -4656.7775122800704
  ],
  "num_iteration": 1000,
  "num_modalities": 4,
  "num_topics": 7,
  "total_liklihood": -33822.783363241979
}
