{
  "modality_liklihoods": [
    -13578.631242246511,
    -13248.654129267059,
    -944.87241278499266,
    -4663.8787492830306
  ],
  "num_iteration": 1000,
  "num_modalities": 4,
  "num_topics": 7,
  "total_liklihood": -32436.036533581595
}
