{
  "modality_liklihoods": [
    -14345.617637994821,
    -13281.945609319006,
    -942.041305015842,
    -4676.1271962417895
  ],
  "num_iteration": 1000,
  "num_modalities": 4,
  "num_topics": 7,
  "total_liklihood": -33245.731748571459
}
