{
  "modality_liklihoods": [
    -13287.463654347985,
    -13267.055025236135,
    -944.63517748794027,
    -4608.0110691169202
  ],
  "num_iteration": 1000,
  "num_modalities": 4,
  "num_topics": 7,
  "total_liklihood": -32107.164926188983
}
