{
  "modality_liklihoods": [
    -13672.594184587599,
    -13288.550342770865,
    -931.0324820291745,
    -4598.0655254364056
  ],
  "num_iteration": 1000,
  "num_modalities": 4,
  "num_topics": 7,
  "total_liklihood": -32490.242534824043
}
