{
  "modality_liklihoods": [
    -13662.109915915846,
    -13283.108831185258,
    -943.65765085157022,
    -4658.9330710782306
  ],
  "num_iteration": 1000,
  "num_modalities": 4,
  "num_topics": 7,
  "total_liklihood": -32547.809469030908
}
