{
  "modality_liklihoods": [
    -13868.677311782018,
    -13278.033153637762,
    -942.19550429163939,
    -4681.0738463820644
  ],
  "num_iteration": 1000,
  "num_modalities": 4,
  "num_topics": 7,
  "total_liklihood": -32769.979816093481
}
