{
  "modality_liklihoods": [
    -14053.347177237794,
    -13262.290909455422,
    -932.35315723332747,
    -4624.8744727562225
  ],
  "num_iteration": 1000,
  "num_modalities": 4,
  "num_topics": 7,
  "total_liklihood": -32872.865716682762
}
