{
  "modality_liklihoods": [
    -14561.062905499541,
    -13258.736497239492,
    -939.85364817863524,
    -4607.2594694162817
  ],
  "num_iteration": 1000,
  "num_modalities": 4,
  "num_topics": 7,
  "total_liklihood": -33366.91252033395
}
