{
  "modality_liklihoods": [
    -14331.960992615695,
    -13283.837383227985,
    -941.00214005099565,
    -4629.8208453535835
  ],
  "num_iteration": 1000,
  "num_modalities": 4,
  "num_topics": 7,
  "total_liklihood": -33186.621361248261
}
