{
  "modality_liklihoods": [
    -14273.519264780689,
    -13301.027337867465,
    -936.10844371348423,
    -4635.4670780949918
  ],
  "num_iteration": 1000,
  "num_modalities": 4,
  "num_topics": 7,
  "total_liklihood": -33146.122124456626
}
