{
  "modality_liklihoods": [
    -14001.647987626793,
    -13277.156127868397,
    -942.6182207390566,
    -4630.2059475663627
  ],
  "num_iteration": 1000,
  "num_modalities": 4,
  "num_topics": 7,
  "total_liklihood": -32851.628283800608
}
