{
  "modality_liklihoods": [
    -13404.832260372441,
    -13279.083881281531,
    -939.985104789047,
    -4636.0270276994588
  ],
  "num_iteration": 1000,
  "num_modalities": 4,
  "num_topics": 7,
  "total_liklihood": -32259.928274142479
}
