{
  "modality_liklihoods": [
    -14204.498077133934,
    -13259.86553597208,
    -939.24528753001141,
    -4664.5324590122746
  ],
  "num_iteration": 1000,
  "num_modalities": 4,
  "num_topics": 7,
  "total_liklihood": -33068.141359648296
}
