{
  "modality_liklihoods": [
    -13929.056498238197,
    -13302.209406835449,
    -938.44699351278359,
    -4612.6597461828869
  ],
  "num_iteration": 1000,
  "num_modalities": 4,
  "num_topics": 7,
  "total_liklihood": -32782.372644769319
}
