{
  "modality_liklihoods": [
    -14147.033635188438,
    -13301.491133263773,
    -947.20740776658693,
    -4642.8219820525073
  ],
  "num_iteration": 1000,
  "num_modalities": 4,
  "num_topics": 7,
  "total_liklihood": -33038.554158271305
}
