{
  "modality_liklihoods": [
    -14626.653427466457,
    -13271.324427480589,
    -939.85456039422888,
    -4626.9439865709446
  ],
  "num_iteration": 1000,
  "num_modalities": 4,
  "num_topics": 7,
  "total_liklihood": -33464.776401912219
}
