{
  "modality_liklihoods": [
    -12243.641699855549,
    -13261.438565624921,
    -950.002930720432,
    -4586.9734668956144
  ],
  "num_iteration": 1000,
  "num_modalities": 4,
  "num_topics": 7,
  "total_liklihood": -31042.056663096519
}
