{
  "modality_liklihoods": [
    -14872.338924578791,
    -13224.096045984343,
    -939.04068893444207,
    -4669.8404899192919
  ],
  "num_iteration": 1000,
  "num_modalities": 4,
  "num_topics": 7,
  "total_liklihood": -33705.316149416867
}
