{
  "modality_liklihoods": [
    -13839.068412504108,
    -13298.881800764659,
    -940.67463628547478,
    -4618.6532691168413
  ],
  "num_iteration": 1000,
  "num_modalities": 4,
  "num_topics": 7,
  "total_liklihood": -32697.278118671085
}
