{
  "modality_liklihoods": [
    -14400.501045418667,
    -13269.287214686612,
    -931.86922913243518,
    -4644.0399456048026
  ],
  "num_iteration": 1000,
  "num_modalities": 4,
  "num_topics": 7,
  "total_liklihood": -33245.697434842514
}
