{
  "modality_liklihoods": [
    -14032.754406134964,
    -13254.1040022943,
    -941.09319078443127,
    -4613.3848123599537
  ],
  "num_iteration": 1000,
  "num_modalities": 4,
  "num_topics": 7,
  "total_liklihood": -32841.336411573648
}
