{
  "modality_liklihoods": [
    -14595.246692727709,
    -13257.278668110019,
    -936.32398188984121,
    -4660.5428919161486
  ],
  "num_iteration": 1000,
  "num_modalities": 4,
  "num_topics": 7,
  "total_liklihood": -33449.392234643718
}
