{
  "modality_liklihoods": [
    -13810.222775112474,
    -13229.827056448134,
    -938.22893875819545,
    -4639.3897591577979
  ],
  "num_iteration": 1000,
  "num_modalities": 4,
  "num_topics": 7,
  "total_liklihood": -32617.668529476603
}
