{
  "modality_liklihoods": [
    -13485.030771004031,
    -13285.888022106214,
    -937.28438873560856,
    -4614.2218127278402
  ],
  "num_iteration": 1000,
  "num_modalities": 4,
  "num_topics": 7,
  "total_liklihood": -32322.424994573692
}
