{
  "modality_liklihoods": [
    -13225.812402233601,
    -13243.212401116289,
    -943.54660177904282,
    -4573.4336768510566
  ],
  "num_iteration": 1000,
  "num_modalities": 4,
  "num_topics": 7,
  "total_liklihood": -31986.005081979987
}
