{
  "modality_liklihoods": [
    -14923.029916959591,
    -13220.864765146123,
    -946.96844939638311,
    -4691.8357330304161
  ],
  "num_iteration": 1000,
  "num_modalities": 4,
  "num_topics": 7,
  "total_liklihood": -33782.698864532511
}
