{
  "modality_liklihoods": [
    -13375.660563224546,
    -13308.971005508725,
    -941.0413268847052,
    -4646.5444570302952
  ],
  "num_iteration": 1000,
  "num_modalities": 4,
  "num_topics": 7,
  "total_liklihood": -32272.217352648273
}
