{
  "modality_liklihoods": [
    -13590.875488637346,
    -13246.568205603604,
    -936.29407427937019,
    -4628.79300084429
  ],
  "num_iteration": 1000,
  "num_modalities": 4,
  "num_topics": 7,
  "total_liklihood": -32402.53076936461
}
