{
  "modality_liklihoods": [
    -14014.025623726218,
    -13294.302989606873,
    -943.05316151372824,
    -4691.0684562425622
  ],
  "num_iteration": 1000,
  "num_modalities": 4,
  "num_topics": 7,
  "total_liklihood": -32942.45023108938
}
