{
  "modality_liklihoods": [
    -13504.535276564835,
    -13253.014111282977,
    -958.58969634309278,
    -4687.4169068004494
  ],
  "num_iteration": 1000,
  "num_modalities": 4,
  "num_topics": 7,
  "total_liklihood": -32403.555990991354
}
