{
  "modality_liklihoods": [
    -14095.252022625633,
    -13274.816623920326,
    -941.72247036873148,
    -4648.1049297730533
  ],
  "num_iteration": 1000,
  "num_modalities": 4,
  "num_topics": 7,
  "total_liklihood": -32959.896046687747
}
