{
  "modality_liklihoods": [
    -14173.362955950439,
    -13228.734046499434,
    -942.42294018543441,
    -4652.6274100465771
  ],
  "num_iteration": 1000,
  "num_modalities": 4,
  "num_topics": 7,
  "total_liklihood": -32997.147352681888
}
