{
  "modality_liklihoods": [
    -14365.189694610996,
    -13287.55066651637,
    -938.19277003709624,
    -4637.3689155121501
  ],
  "num_iteration": 1000,
  "num_modalities": 4,
  "num_topics": 7,
  "total_liklihood": -33228.302046676617
}
