{
  "modality_liklihoods": [
    -13591.246226394282,
    -13291.193029457459,
    -935.60100980402672,
    -4586.9143988182605
  ],
  "num_iteration": 1000,
  "num_modalities": 4,
  "num_topics": 7,
  "total_liklihood": -32404.954664474033
}
