{
  "modality_liklihoods": [
    -13919.474558639768,
    -13292.124331139408,
    -933.48927859852392,
    -4641.7776697698046
  ],
  "num_iteration": 1000,
  "num_modalities": 4,
  "num_topics": 7,
  "total_liklihood": -32786.865838147503
}
