{
  "modality_liklihoods": [
    -13571.320684684522,
    -13245.812180189329,
    -938.73942990359194,
    -4663.8377387508999
  ],
  "num_iteration": 1000,
  "num_modalities": 4,
  "num_topics": 7,
  "total_liklihood": -32419.710033528339
}
