{
  "modality_liklihoods": [
    -13810.819260435308,
    -13244.365292747496,
    -945.50446556243537,
    -4662.9744376742965
  ],
  "num_iteration": 1000,
  "num_modalities": 4,
  "num_topics": 7,
  "total_liklihood": -32663.663456419537
}
