{
  "modality_liklihoods": [
    -14020.303694874989,
    -13325.688760699442,
    -946.92113382391051,
    -4658.7044928583819
  ],
  "num_iteration": 1000,
  "num_modalities": 4,
  "num_topics": 7,
  "total_liklihood": -32951.618082256726
}
