{
  "modality_liklihoods": [
    -13468.584605471558,
    -13284.402410583127,
    -949.25589986376065,
    -4599.3032012555213
  ],
  "num_iteration": 1000,
  "num_modalities": 4,
  "num_topics": 7,
  "total_liklihood": -32301.546117173966
}
