{
  "modality_liklihoods": [
    -12945.897751499167,
    -13316.314391350879,
    -947.3230956598411,
    -4664.9911367156465
  ],
  "num_iteration": 1000,
  "num_modalities": 4,
  "num_topics": 7,
  "total_liklihood": -31874.526375225534
}
