{
  "modality_liklihoods": [
    -13528.871999079789,
    -13223.030155647228,
    -952.13366499200288,
    -4638.5883378367762
  ],
  "num_iteration": 1000,
  "num_modalities": 4,
  "num_topics": 7,
  "total_liklihood": -32342.624157555794
}
