{
  "modality_liklihoods": [
    -13485.219060250807,
    -13266.350376164637,
    -947.46854211566085,
    -4630.5023690292892
  ],
  "num_iteration": 1000,
  "num_modalities": 4,
  "num_topics": 7,
  "total_liklihood": -32329.540347560396
}
