{
  "modality_liklihoods": [
    -14196.306427756466,
    -13311.458507291349,
    -932.65240862017379,
    -4674.8293034085063
  ],
  "num_iteration": 1000,
  "num_modalities": 4,
  "num_topics": 7,
  "total_liklihood": -33115.246647076499
}
