{
  "modality_liklihoods": [
    -14440.718275241779,
    -13270.598240578489,
    -941.32062972589358,
    -4620.3140501508406
  ],
  "num_iteration": 1000,
  "num_modalities": 4,
  "num_topics": 7,
  "total_liklihood": -33272.951195697002
}
