{
  "modality_liklihoods": [
    -14066.622899246666,
    -13260.738937469314,
    -942.68400884488358,
    -4628.0526415332051
  ],
  "num_iteration": 1000,
  "num_modalities": 4,
  "num_topics": 7,
  "total_liklihood": -32898.098487094067
}
