{
  "modality_liklihoods": [
    -13280.268166196527,
    -13295.463178994749,
    -938.67355930601934,
    -4691.6799154519103
  ],
  "num_iteration": 1000,
  "num_modalities": 4,
  "num_topics": 7,
  "total_liklihood": -32206.084819949207
}
