{
  "modality_liklihoods": [
    -13551.775904188669,
    -13240.879355603456,
    -937.7569808685148,
    -4637.1942043747849
  ],
  "num_iteration": 1000,
  "num_modalities": 4,
  "num_topics": 7,
  "total_liklihood": -32367.606445035424
}
