{
  "modality_liklihoods": [
    -13898.979196139926,
    -13254.396509189086,
    -937.6201447850633,
    -4671.403020157215
  ],
  "num_iteration": 1000,
  "num_modalities": 4,
  "num_topics": 7,
  "total_liklihood": -32762.398870271289
}
