{
  "modality_liklihoods": [
    -14485.37376568014,
    -13268.851794875494,
    -942.37175042646913,
    -4635.8525201469993
  ],
  "num_iteration": 1000,
  "num_modalities": 4,
  "num_topics": 7,
  "total_liklihood": -33332.449831129103
}
