{
  "modality_liklihoods": [
    -13853.416311786541,
    -13267.3949893596,
    -944.45068738286818,
    -4654.3087966419016
  ],
  "num_iteration": 1000,
  "num_modalities": 4,
  "num_topics": 7,
  "total_liklihood": -32719.570785170908
}
