{
  "modality_liklihoods": [
    -14893.333140541217,
    -13231.121825616898,
    -939.31645353984811,
    -4657.9418913790332
  ],
  "num_iteration": 1000,
  "num_modalities": 4,
  "num_topics": 7,
  "total_liklihood": -33721.713311076994
}
