{
  "modality_liklihoods": [
    -13649.567869382401,
    -13298.426433106733,
    -931.87095703539933,
    -4622.1870395515325
  ],
  "num_iteration": 1000,
  "num_modalities": 4,
  "num_topics": 7,
  "total_liklihood": -32502.052299076066
}
