{
  "modality_liklihoods": [
    -13266.235140586978,
    -13226.715338244816,
    -947.93670491091257,
    -4666.1783631645694
  ],
  "num_iteration": 1000,
  "num_modalities": 4,
  "num_topics": 7,
  "total_liklihood": -32107.065546907277
}
