{
  "modality_liklihoods": [
    -13801.803789763848,
    -13282.42695461839,
    -944.41297873703422,
    -4650.6942007361222
  ],
  "num_iteration": 1000,
  "num_modalities": 4,
  "num_topics": 7,
  "total_liklihood": -32679.33792385539
}
