{
  "modality_liklihoods": [
    -14175.336060628551,
    -13224.085649125385,
    -941.23420948403611,
    -4746.4688037010083
  ],
  "num_iteration": 1000,
  "num_modalities": 4,
  "num_topics": 7,
  "total_liklihood": -33087.124722938977
}
