{
  "modality_liklihoods": [
    -14247.777586217364,
    -13276.683983925797,
    -946.43423816567406,
    -4653.917411976171
  ],
  "num_iteration": 1000,
  "num_modalities": 4,
  "num_topics": 7,
  "total_liklihood": -33124.81322028501
}
