{
  "modality_liklihoods": [
    -13995.90581922759,
    -13274.874421073195,
    -939.73122263730863,
    -4641.3305702474345
  ],
  "num_iteration": 1000,
  "num_modalities": 4,
  "num_topics": 7,
  "total_liklihood": -32851.842033185523
}
