{
  "modality_liklihoods": [
    -13166.982993278116,
    -13253.329974920705,
    -936.71626214880962,
    -4601.7133037429885
  ],
  "num_iteration": 1000,
  "num_modalities": 4,
  "num_topics": 7,
  "total_liklihood": -31958.742534090619
}
