{
  "modality_liklihoods": [
    -14740.250974563283,
    -13221.345787659027,
    -939.73586980444327,
    -4661.7435417198985
  ],
  "num_iteration": 1000,
  "num_modalities": 4,
  "num_topics": 7,
  "total_liklihood": -33563.076173746653
}
