{
  "modality_liklihoods": [
    -14052.673578099106,
    -13227.919427267574,
    -941.11577210495034,
    -4633.0212053818632
  ],
  "num_iteration": 1000,
  "num_modalities": 4,
  "num_topics": 7,
  "total_liklihood": -32854.729982853496
}
