{
  "modality_liklihoods": [
    -13339.387104142465,
    -13275.00059697536,
    -942.73209305036528,
    -4625.812505578464
  ],
  "num_iteration": 1000,
  "num_modalities": 4,
  "num_topics": 7,
  "total_liklihood": -32182.932299746659
}
