{
  "modality_liklihoods": [
    -13208.181413789234,
    -13288.753610964188,
    -943.81785070090245,
    -4683.8580815786208
  ],
  "num_iteration": 1000,
  "num_modalities": 4,
  "num_topics": 7,
  "total_liklihood": -32124.61095703295
}
