{
  "modality_liklihoods": [
    -13927.925647513464,
    -13249.157265305292,
    -941.58554198092315,
    -4649.8342756205666
  ],
  "num_iteration": 1000,
  "num_modalities": 4,
  "num_topics": 7,
  "total_liklihood": -32768.502730420245
}
