{
  "modality_liklihoods": [
    -14109.933853235165,
    -13292.364048483576,
    -939.0437958104028,
    -4629.3195926488779
  ],
  "num_iteration": 1000,
  "num_modalities": 4,
  "num_topics": 7,
  "total_liklihood": -32970.661290178017
}
