{
  "modality_liklihoods": [
    -13933.478751494054,
    -13309.817798582864,
    -938.48815752186681,
    -4645.4325653819815
  ],
  "num_iteration": 1000,
  "num_modalities": 4,
  "num_topics": 7,
  "total_liklihood": -32827.217272980772
}
