{
  "modality_liklihoods": [
    -15033.972897998785,
    -13216.489741276702,
    -943.12916136092633,
    -4655.7800615934857
  ],
  "num_iteration": 1000,
  "num_modalities": 4,
  "num_topics": 7,
  "total_liklihood": -33849.371862229898
}
