{
  "modality_liklihoods": [
    -13928.110051735193,
    -13281.579007227399,
    -937.84168543010162,
    -4635.911183125384
  ],
  "num_iteration": 1000,
  "num_modalities": 4,
  "num_topics": 7,
  "total_liklihood": -32783.441927518077
}
