{
  "modality_liklihoods": [
    -14567.632327248406,
    -13281.438283851592,
    -938.28395655226734,
    -4662.9630696547219
  ],
  "num_iteration": 1000,
  "num_modalities": 4,
  "num_topics": 7,
  "total_liklihood": -33450.317637306987
}
