{
  "modality_liklihoods": [
    -13914.059881228672,
    -13241.899067353752,
    -939.49277207022158,
    -4623.0707277280144
  ],
  "num_iteration": 1000,
  "num_modalities": 4,
  "num_topics": 7,
  "total_liklihood": -32718.52244838066
}
