{
  "modality_liklihoods": [
    -13912.39085188382,
    -13277.403382833416,
    -942.23913467741261,
    -4694.4774773854424
  ],
  "num_iteration": 1000,
  "num_modalities": 4,
  "num_topics": 7,
  "total_liklihood": -32826.510846780089
}
