{
  "modality_liklihoods": [
    -13288.613804113316,
    -13265.616366975504,
    -947.14586203633087,
    -4608.2817453113921
  ],
  "num_iteration": 1000,
  "num_modalities": 4,
  "num_topics": 7,
  "total_liklihood": -32109.657778436544
}
