{
  "modality_liklihoods": [
    -13092.039640545634,
    -13280.388317193519,
    -945.13114960037274,
    -4642.2910783321931
  ],
  "num_iteration": 1000,
  "num_modalities": 4,
  "num_topics": 7,
  "total_liklihood": -31959.850185671719
}
