{
  "modality_liklihoods": [
    -13813.19694594505,
    -13273.159155444979,
    -942.24460302558577,
    -4642.5637247407776
  ],
  "num_iteration": 1000,
  "num_modalities": 4,
  "num_topics": 7,
  "total_liklihood": -32671.164429156393
}
