{
  "modality_liklihoods": [
    -13972.822393985094,
    -13271.186219161342,
    -942.37150746438749,
    -4628.3286740558142
  ],
  "num_iteration": 1000,
  "num_modalities": 4,
  "num_topics": 7,
  "total_liklihood": -32814.708794666636
}
