{
  "modality_liklihoods": [
    -14518.190901084456,
    -13262.652412583302,
    -937.03001534916325,
    -4638.593656300628
  ],
  "num_iteration": 1000,
  "num_modalities": 4,
  "num_topics": 7,
  "total_liklihood": -33356.466985317544
}
