{
  "modality_liklihoods": [
    -13507.935629647132,
    -13199.283426300299,
    -940.63117473882471,
    -4661.6511459187659
  ],
  "num_iteration": 1000,
  "num_modalities": 4,
  "num_topics": 7,
  "total_liklihood": -32309.501376605025
}
