{
  "modality_liklihoods": [
    -13901.068158498632,
    -13288.923859545828,
    -940.72487494332699,
    -4640.0426430929374
  ],
  "num_iteration": 1000,
  "num_modalities": 4,
  "num_topics": 7,
  "total_liklihood": -32770.759536080725
}
