{
  "modality_liklihoods": [
    -13962.415871172891,
    -13194.128632193318,
    -938.08986522230634,
    -4609.2753342804508
  ],
  "num_iteration": 1000,
  "num_modalities": 4,
  "num_topics": 7,
  "total_liklihood": -32703.909702868968
}
