{
  "modality_liklihoods": [
    -14082.693688515739,
    -13274.922531617784,
    -932.42379617954737,
    -4621.3954444196261
  ],
  "num_iteration": 1000,
  "num_modalities": 4,
  "num_topics": 7,
  "total_liklihood": -32911.435460732697
}
