{
  "modality_liklihoods": [
    -13770.553675890389,
    -13242.969837059292,
    -944.85985030474581,
    -4620.4698092574426
  ],
  "num_iteration": 1000,
  "num_modalities": 4,
  "num_topics": 7,
  "total_liklihood": -32578.85317251187
}
