{
  "modality_liklihoods": [
    -14424.369634202472,
    -13280.968775149557,
    -942.05570810322433,
    -4646.3947766440997
  ],
  "num_iteration": 1000,
  "num_modalities": 4,
  "num_topics": 7,
  "total_liklihood": -33293.788894099351
}
