{
  "modality_liklihoods": [
    -14396.028331390906,
    -13295.193472313324,
    -937.83690189619961,
    -4618.1529209333012
  ],
  "num_iteration": 1000,
  "num_modalities": 4,
  "num_topics": 7,
  "total_liklihood": -33247.211626533732
}
