{
  "modality_liklihoods": [
    -13577.084322738183,
    -13278.841936589177,
    -940.5764462727451,
    -4614.0371648157161
  ],
  "num_iteration": 1000,
  "num_modalities": 4,
  "num_topics": 7,
  "total_liklihood": -32410.539870415821
}
