{
  "modality_liklihoods": [
    -14005.253358089538,
    -13264.737735863753,
    -938.53707543296127,
    -4603.0060130158527
  ],
  "num_iteration": 1000,
  "num_modalities": 4,
  "num_topics": 7,
  "total_liklihood": -32811.534182402102
}
