{
  "modality_liklihoods": [
    -14486.511871494458,
    -13311.112309263995,
    -934.63693032224342,
    -4634.1842055968991
  ],
  "num_iteration": 1000,
  "num_modalities": 4,
  "num_topics": 7,
  "total_liklihood": -33366.445316677593
}
