{
  "modality_liklihoods": [
    -14301.721919316149,
    -13244.84946465463,
    -940.66112163597415,
    -4774.0308596086152
  ],
  "num_iteration": 1000,
  "num_modalities": 4,
  "num_topics": 7,
  "total_liklihood": -33261.263365215367
}
