{
  "modality_liklihoods": [
    -13307.305223471914,
    -13284.527245686022,
    -942.97037008597272,
    -4653.4484077513307
  ],
  "num_iteration": 1000,
  "num_modalities": 4,
  "num_topics": 7,
  "total_liklihood": -32188.251246995238
}
