{
  "modality_liklihoods": [
    -14269.566877711697,
    -13274.824783366486,
    -933.13357302035308,
    -4638.4527736522241
  ],
  "num_iteration": 1000,
  "num_modalities": 4,
  "num_topics": 7,
  "total_liklihood": -33115.97800775076
}
