{
  "modality_liklihoods": [
    -14664.251859139236,
    -13243.118090745369,
    -943.93631714789149,
    -4711.3873568156387
  ],
  "num_iteration": 1000,
  "num_modalities": 4,
  "num_topics": 7,
  "total_liklihood": -33562.693623848136
}
