{
  "modality_liklihoods": [
    -14329.6983687594,
    -13204.234849056767,
    -936.75113784522557,
    -4695.1704154774397
  ],
  "num_iteration": 1000,
  "num_modalities": 4,
  "num_topics": 7,
  "total_liklihood": -33165.854771138831
}
