{
  "modality_liklihoods": [
    -14607.763725067227,
    -13287.013795222974,
    -938.50576961549848,
    -4645.6655733430152
  ],
  "num_iteration": 1000,
  "num_modalities": 4,
  "num_topics": 7,
  "total_liklihood": -33478.948863248712
}
