{
  "modality_liklihoods": [
    -14234.174114474392,
    -13224.693091285626,
    -940.48027437654673,
    -4741.6857894393879
  ],
  "num_iteration": 1000,
  "num_modalities": 4,
  "num_topics": 7,
  "total_liklihood": -33141.033269575957
}
