{
  "modality_liklihoods": [
    -13953.266091577736,
    -13277.725995613753,
    -946.63549332500429,
    -4629.591980770123
  ],
  "num_iteration": 1000,
  "num_modalities": 4,
  "num_topics": 7,
  "total_liklihood": -32807.219561286613
}
