{
  "modality_liklihoods": [
    -13894.350444020864,
    -13244.708360381932,
    -941.70598736886143,
    -4648.3836554995778
  ],
  "num_iteration": 1000,
  "num_modalities": 4,
  "num_topics": 7,
  "total_liklihood": -32729.14844727124
}
