{
  "modality_liklihoods": [
    -13367.252992848629,
    -13245.576390877759,
    -936.27489356141461,
    -4566.1950745527365
  ],
  "num_iteration": 1000,
  "num_modalities": 4,
  "num_topics": 7,
  "total_liklihood": -32115.299351840538
}
