{
  "modality_liklihoods": [
    -14532.130708314155,
    -13267.830788352696,
    -942.57072322022748,
    -4629.9928412019653
  ],
  "num_iteration": 1000,
  "num_modalities": 4,
  "num_topics": 7,
  "total_liklihood": -33372.525061089043
}
