{
  "modality_liklihoods": [
    -14085.84940890976,
    -13272.419944196627,
    -941.44589936846876,
    -4676.8363861734879
  ],
  "num_iteration": 1000,
  "num_modalities": 4,
  "num_topics": 7,
  "total_liklihood": -32976.551638648343
}
