{
  "modality_liklihoods": [
    -14559.642971786707,
    -13283.538011915984,
    -940.99889124572815,
    -4626.7918223769511
  ],
  "num_iteration": 1000,
  "num_modalities": 4,
  "num_topics": 7,
  "total_liklihood": -33410.971697325367
}
