{
  "modality_liklihoods": [
    -12802.13530087967,
    -13246.097501766497,
    -942.42503528719749,
    -4594.3846793579842
  ],
  "num_iteration": 1000,
  "num_modalities": 4,
  "num_topics": 7,
  "total_liklihood": -31585.042517291349
}
