{
  "modality_liklihoods": [
    -13203.77692062988,
    -13200.271120823305,
    -943.93899168682879,
    -4651.3573166101551
  ],
  "num_iteration": 1000,
  "num_modalities": 4,
  "num_topics": 7,
  "total_liklihood": -31999.344349750168
}
