{
  "modality_liklihoods": [
    -14014.096399864868,
    -13256.968269176787,
    -941.60336345176188,
    -4628.798929667033
  ],
  "num_iteration": 1000,
  "num_modalities": 4,
  "num_topics": 7,
  "total_liklihood": -32841.466962160448
}
