{
  "modality_liklihoods": [
    -13848.08218996769,
    -13262.113041796374,
    -935.86365922254981,
    -4607.2769126036428
  ],
  "num_iteration": 1000,
  "num_modalities": 4,
  "num_topics": 7,
  "total_liklihood": -32653.335803590257
}
