{
  "modality_liklihoods": [
    -15011.81842867974,
    -13238.163375654969,
    -946.91535063648678,
    -4650.5175720053803
  ],
  "num_iteration": 1000,
  "num_modalities": 4,
  "num_topics": 7,
  "total_liklihood": -33847.414726976574
}
