{
  "modality_liklihoods": [
    -13822.162070765335,
    -13264.317286813808,
    -940.88465221520562,
    -4645.1189214648221
  ],
  "num_iteration": 1000,
  "num_modalities": 4,
  "num_topics": 7,
  "total_liklihood": -32672.482931259168
}
