{
  "modality_liklihoods": [
    -13618.039608797309,
    -13225.795475713976,
    -936.96538937314779,
    -4635.8904027605467
  ],
  "num_iteration": 1000,
  "num_modalities": 4,
  "num_topics": 7,
  "total_liklihood": -32416.690876644981
}
