{
  "modality_liklihoods": [
    -14749.475341218955,
    -13253.338325823761,
    -941.12760031265748,
    -4678.9562563433956
  ],
  "num_iteration": 1000,
  "num_modalities": 4,
  "num_topics": 7,
  "total_liklihood": -33622.897523698768
}
