{
  "modality_liklihoods": [
    -13747.799619168691,
    -13273.752605033023,
    -947.8374247083882,
    -4633.9091328313107
  ],
  "num_iteration": 1000,
  "num_modalities": 4,
  "num_topics": 7,
  "total_liklihood": -32603.298781741414
}
