{
  "modality_liklihoods": [
    -14037.254282514579,
    -13255.265227102595,
    -933.78730006670651,
    -4639.1333923685788
  ],
  "num_iteration": 1000,
  "num_modalities": 4,
  "num_topics": 7,
  "total_liklihood": -32865.440202052458
}
