{
  "modality_liklihoods": [
    -14147.525795813523,
    -13274.435280615284,
    -940.56061876172794,
    -4648.0618829776331
  ],
  "num_iteration": 1000,
  "num_modalities": 4,
  "num_topics": 7,
  "total_liklihood": -33010.583578168167
}
