{
  "modality_liklihoods": [
    -14001.61560819137,
    -13268.707714619237,
    -936.24413515810829,
    -4674.6783842635341
  ],
  "num_iteration": 1000,
  "num_modalities": 4,
  "num_topics": 7,
  "total_liklihood": -32881.245842232252
}
