{
  "modality_liklihoods": [
    -13223.204091112693,
    -13245.105126529425,
    -943.45332148976865,
    -4682.1824441356912
  ],
  "num_iteration": 1000,
  "num_modalities": 4,
  "num_topics": 7,
  "total_liklihood": -32093.944983267578
}
