{
  "modality_liklihoods": [
    -15039.441633264103,
    -13225.870525744385,
    -940.54700373304513,
    -4668.2894261094962
  ],
  "num_iteration": 1000,
  "num_modalities": 4,
  "num_topics": 7,
  "total_liklihood": -33874.148588851029
}
