{
  "modality_liklihoods": [
    -13242.520138124111,
    -13250.436547372879,
    -944.4369396826836,
    -4625.0750716444163
  ],
  "num_iteration": 1000,
  "num_modalities": 4,
  "num_topics": 7,
  "total_liklihood": -32062.468696824089
}
