{
  "modality_liklihoods": [
    -13801.194656850379,
    -13298.512885330016,
    -939.73152109153796,
    -4635.1823932498164
  ],
  "num_iteration": 1000,
  "num_modalities": 4,
  "num_topics": 7,
  "total_liklihood": -32674.621456521749
}
