{
  "modality_liklihoods": [
    -14058.433639214543,
    -13313.691800291776,
    -938.82637688674345,
    -4636.6647653113414
  ],
  "num_iteration": 1000,
  "num_modalities": 4,
  "num_topics": 7,
  "total_liklihood": -32947.616581704402
}
