{
  "modality_liklihoods": [
    -11441.800060853571,
    -13237.601200839561,
    -949.19346123975163,
    -4669.9159450155039
  ],
  "num_iteration": 1000,
  "num_modalities": 4,
  "num_topics": 7,
  "total_liklihood": -30298.510667948387
}
