{
  "modality_liklihoods": [
    -14125.884800553751,
    -13232.452266271532,
    -938.09365211211343,
    -4647.6739735827214
  ],
  "num_iteration": 1000,
  "num_modalities": 4,
  "num_topics": 7,
  "total_liklihood": -32944.104692520123
}
