{
  "modality_liklihoods": [
    -14188.733953100445,
    -13265.69373929925,
    -941.8529935600925,
    -4611.7495855023735
  ],
  "num_iteration": 1000,
  "num_modalities": 4,
  "num_topics": 7,
  "total_liklihood": -33008.030271462165
}
