{
  "modality_liklihoods": [
    -14476.604864443565,
    -13247.916027896503,
    -936.94937801441176,
    -4651.9073214106729
  ],
  "num_iteration": 1000,
  "num_modalities": 4,
  "num_topics": 7,
  "total_liklihood": -33313.377591765151
}
