{
  "modality_liklihoods": [
    -14215.076471039611,
    -13287.171717474821,
    -937.22948021544903,
    -4619.4425499695681
  ],
  "num_iteration": 1000,
  "num_modalities": 4,
  "num_topics": 7,
  "total_liklihood": -33058.920218699452
}
