{
  "modality_liklihoods": [
    -14425.095009806466,
    -13259.194596704658,
    -941.70934992116338,
    -4647.3302144681566
  ],
  "num_iteration": 1000,
  "num_modalities": 4,
  "num_topics": 7,
  "total_liklihood": -33273.329170900441
}
