{
  "modality_liklihoods": [
    -14174.102542384851,
    -13226.736873310094,
    -942.144622571063,
    -4722.4835279706922
  ],
  "num_iteration": 1000,
  "num_modalities": 4,
  "num_topics": 7,
  "total_liklihood": -33065.467566236701
}
