{
  "modality_liklihoods": [
    -14263.185130927672,
    -13243.477776634469,
    -929.32560959318084,
    -4652.4524457398456
  ],
  "num_iteration": 1000,
  "num_modalities": 4,
  "num_topics": 7,
  "total_liklihood": -33088.440962895162
}
