{
  "modality_liklihoods": [
    -14345.802344071832,
    -13259.586637788536,
    -943.23428800736053,
    -4638.1116597084356
  ],
  "num_iteration": 1000,
  "num_modalities": 4,
  "num_topics": 7,
  "total_liklihood": -33186.73492957616
}
