{
  "modality_liklihoods": [
    -14559.665549381074,
    -13230.650752269588,
    -938.28580064278856,
    -4654.525274117258
  ],
  "num_iteration": 1000,
  "num_modalities": 4,
  "num_topics": 7,
  "total_liklihood": -33383.12737641071
}
