{
  "modality_liklihoods": [
    -13632.596464373599,
    -13254.315926420139,
    -940.50435594858686,
    -4642.9702901909895
  ],
  "num_iteration": 1000,
  "num_modalities": 4,
  "num_topics": 7,
  "total_liklihood": -32470.387036933316
}
