{
  "modality_liklihoods": [
    -13795.560616443419,
    -13279.403371789871,
    -934.32394408211951,
    -4643.9065364834114
  ],
  "num_iteration": 1000,
  "num_modalities": 4,
  "num_topics": 7,
  "total_liklihood": -32653.194468798822
}
