{
  "modality_liklihoods": [
    -13760.187589045732,
    -13305.164157319952,
    -939.18216889249823,
    -4632.0875843960939
  ],
  "num_iteration": 1000,
  "num_modalities": 4,
  "num_topics": 7,
  "total_liklihood": -32636.621499654273
}
