{
  "modality_liklihoods": [
    -14064.883070758342,
    -13247.840978368364,
    -942.45773220371802,
    -4672.8308689159703
  ],
  "num_iteration": 1000,
  "num_modalities": 4,
  "num_topics": 7,
  "total_liklihood": -32928.012650246397
}
