{
  "modality_liklihoods": [
    -13373.98242791861,
    -13260.238282721055,
    -943.14132440892081,
    -4590.8622742780626
  ],
  "num_iteration": 1000,
  "num_modalities": 4,
  "num_topics": 7,
  "total_liklihood": -32168.224309326652
}
