{
  "modality_liklihoods": [
    -13799.450059494295,
    -13243.765448311138,
    -940.61640554655503,
    -4707.7443716847511
  ],
  "num_iteration": 1000,
  "num_modalities": 4,
  "num_topics": 7,
  "total_liklihood": -32691.576285036743
}
