{
  "modality_liklihoods": [
    -13381.197307407794,
    -13284.695902418038,
    -937.95709882580138,
    -4652.1480812858872
  ],
  "num_iteration": 1000,
  "num_modalities": 4,
  "num_topics": 7,
  "total_liklihood": -32255.998389937518
}
