{
  "modality_liklihoods": [
    -13856.432943446433,
    -13284.274840757571,
    -947.4464998457745,
    -4589.5169208433817
  ],
  "num_iteration": 1000,
  "num_modalities": 4,
  "num_topics": 7,
  "total_liklihood": -32677.671204893159
}
