{
  "modality_liklihoods": [
    -14039.962777318135,
    -13286.002341612222,
    -944.79591531471101,
    -4630.157053988818
  ],
  "num_iteration": 1000,
  "num_modalities": 4,
  "num_topics": 7,
  "total_liklihood": -32900.918088233884
}
