{
  "modality_liklihoods": [
    -13986.014632563942,
    -13222.979057451859,
    -943.87085441705744,
    -4650.2201073549677
  ],
  "num_iteration": 1000,
  "num_modalities": 4,
  "num_topics": 7,
  "total_liklihood": -32803.084651787824
}
