{
  "modality_liklihoods": [
    -13946.568651563612,
    -13312.274472980544,
    -940.43355905958595,
    -4615.8689374088081
  ],
  "num_iteration": 1000,
  "num_modalities": 4,
  "num_topics": 7,
  "total_liklihood": -32815.145621012547
}
