{
  "modality_liklihoods": [
    -13589.741996550825,
    -13255.751896552772,
    -933.61994904272706,
    -4604.6843604903415
  ],
  "num_iteration": 1000,
  "num_modalities": 4,
  "num_topics": 7,
  "total_liklihood": -32383.798202636666
}
