{
  "modality_liklihoods": [
    -14328.146707880438,
    -13197.483995413819,
    -945.42769365431423,
    -4754.4060267935638
  ],
  "num_iteration": 1000,
  "num_modalities": 4,
  "num_topics": 7,
  "total_liklihood": -33225.464423742131
}
