{
  "modality_liklihoods": [
    -14219.741910176959,
    -13250.63090074337,
    -940.89345981525298,
    -4616.9076910362928
  ],
  "num_iteration": 1000,
  "num_modalities": 4,
  "num_topics": 7,
  "total_liklihood": -33028.17396177187
}
