{
  "modality_liklihoods": [
    -13794.022453932059,
    -13277.552505183679,
    -939.48542185270742,
    -4638.3183516195331
  ],
  "num_iteration": 1000,
  "num_modalities": 4,
  "num_topics": 7,
  "total_liklihood": -32649.378732587975
}
