{
  "modality_liklihoods": [
    -14036.015490414677,
    -13233.750657481683,
    -943.24413315399386,
    -4581.4228855212968
  ],
  "num_iteration": 1000,
  "num_modalities": 4,
  "num_topics": 7,
  "total_liklihood": -32794.433166571645
}
