{
  "modality_liklihoods": [
    -12987.243537797773,
    -13257.902213397218,
    -933.62258359324812,
    -4659.1807873033758
  ],
  "num_iteration": 1000,
  "num_modalities": 4,
  "num_topics": 7,
  "total_liklihood": -31837.949122091617
}
