{
  "modality_liklihoods": [
    -13981.389286758496,
    -13235.203332062869,
    -940.37104895763377,
    -4682.3427014828603
  ],
  "num_iteration": 1000,
  "num_modalities": 4,
  "num_topics": 7,
  "total_liklihood": -32839.30636926186
}
