{
  "modality_liklihoods": [
    -13655.259003732506,
    -13248.695901508923,
    -938.74498795745194,
    -4593.9594189154568
  ],
  "num_iteration": 1000,
  "num_modalities": 4,
  "num_topics": 7,
  "total_liklihood": -32436.659312114338
}
