{
  "modality_liklihoods": [
    -13941.909128603644,
    -13278.35985053607,
    -939.43253877892823,
    -4627.5567864003015
  ],
  "num_iteration": 1000,
  "num_modalities": 4,
  "num_topics": 7,
  "total_liklihood": -32787.258304318944
}
