{
  "modality_liklihoods": [
    -13674.23618746676,
    -13238.274252146823,
    -948.85747812876139,
    -4669.7207967946506
  ],
  "num_iteration": 1000,
  "num_modalities": 4,
  "num_topics": 7,
  "total_liklihood": -32531.088714536992
}
