{
  "modality_liklihoods": [
    -14112.273089256782,
    -13229.431226166316,
    -932.60448801140126,
    -4634.3973039229259
  ],
  "num_iteration": 1000,
  "num_modalities": 4,
  "num_topics": 7,
  "total_liklihood": -32908.70610735743
}
