{
  "modality_liklihoods": [
    -13639.695356599466,
    -13285.788119862929,
    -945.49981260081165,
    -4650.7660720834601
  ],
  "num_iteration": 1000,
  "num_modalities": 4,
  "num_topics": 7,
  "total_liklihood": -32521.749361146667
}
