{
  "modality_liklihoods": [
    -14998.641209755815,
    -13205.280312988389,
    -944.29329083795278,
    -4653.4239226527461
  ],
  "num_iteration": 1000,
  "num_modalities": 4,
  "num_topics": 7,
  "total_liklihood": -33801.638736234905
}
