{
  "modality_liklihoods": [
    -14904.368421717527,
    -13219.801795131216,
    -940.77782822259837,
    -4668.9029942655025
  ],
  "num_iteration": 1000,
  "num_modalities": 4,
  "num_topics": 7,
  "total_liklihood": -33733.851039336841
}
