{
  "modality_liklihoods": [
    -14110.148449789802,
    -13324.975747785653,
    -935.9076317678672,
    -4615.8712216463728
  ],
  "num_iteration": 1000,
  "num_modalities": 4,
  "num_topics": 7,
  "total_liklihood": -32986.903050989691
}
