{
  "modality_liklihoods": [
    -14095.590561169212,
    -13281.879076288691,
    -936.83856864279176,
    -4668.2089492224495
  ],
  "num_iteration": 1000,
  "num_modalities": 4,
  "num_topics": 7,
  "total_liklihood": -32982.517155323141
}
