{
  "modality_liklihoods": [
    -13353.800371390602,
    -13284.178421533448,
    -941.21999554870445,
    -4686.543700271026
  ],
  "num_iteration": 1000,
  "num_modalities": 4,
  "num_topics": 7,
  "total_liklihood": -32265.742488743781
}
