{
  "modality_liklihoods": [
    -14016.797822376544,
    -13239.201735594719,
    -944.40165755025816,
    -4688.5936600081341
  ],
  "num_iteration": 1000,
  "num_modalities": 4,
  "num_topics": 7,
  "total_liklihood": -32888.994875529657
}
