{
  "modality_liklihoods": [
    -14043.455955295465,
    -13295.401312077525,
    -936.08969272414629,
    -4641.2658789071929
  ],
  "num_iteration": 1000,
  "num_modalities": 4,
  "num_topics": 7,
  "total_liklihood": -32916.212839004329
}
