{
  "modality_liklihoods": [
    -13849.53188080007,
    -13284.293488637799,
    -943.98741844343897,
    -4660.2685577896118
  ],
  "num_iteration": 1000,
  "num_modalities": 4,
  "num_topics": 7,
  "total_liklihood": -32738.081345670918
}
