{
  "modality_liklihoods": [
    -14258.688889953028,
    -13221.99085223056,
    -938.10846955208558,
    -4635.9900068753395
  ],
  "num_iteration": 1000,
  "num_modalities": 4,
  "num_topics": 7,
  "total_liklihood": -33054.778218611013
}
