{
  "modality_liklihoods": [
    -13764.041706465474,
    -13240.986535882479,
    -939.32286639680206,
    -4660.7276419876962
  ],
  "num_iteration": 1000,
  "num_modalities": 4,
  "num_topics": 7,
  "total_liklihood": -32605.078750732449
}
