{
  "modality_liklihoods": [
    -13881.614512267441,
    -13276.165752359115,
    -937.82927576170437,
    -4633.6599615558416
  ],
  "num_iteration": 1000,
  "num_modalities": 4,
  "num_topics": 7,
  "total_liklihood": -32729.269501944102
}
