{
  "modality_liklihoods": [
    -14653.043654714538,
    -13206.697981582647,
    -944.55213405804113,
    -4716.0071220707496
  ],
  "num_iteration": 1000,
  "num_modalities": 4,
  "num_topics": 7,
  "total_liklihood": -33520.300892425978
}
