{
  "modality_liklihoods": [
    -14061.446237649363,
    -13298.64953978626,
    -941.6255701845264,
    -4618.0202237932344
  ],
  "num_iteration": 1000,
  "num_modalities": 4,
  "num_topics": 7,
  "total_liklihood": -32919.741571413382
}
