{
  "modality_liklihoods": [
    -14371.884581238011,
    -13270.451699419575,
    -932.22619064746311,
    -4619.7817165486185
  ],
  "num_iteration": 1000,
  "num_modalities": 4,
  "num_topics": 7,
  "total_liklihood": -33194.344187853669
}
