{
  "modality_liklihoods": [
    -13040.125859997535,
    -13246.779913198345,
    -940.71674447024975,
    -4673.5877586034831
  ],
  "num_iteration": 1000,
  "num_modalities": 4,
  "num_topics": 7,
  "total_liklihood": -31901.210276269616
}
