{
  "modality_liklihoods": [
    -13927.591815889551,
    -13244.947028730694,
    -939.80587652010865,
    -4627.7437624912063
  ],
  "num_iteration": 1000,
  "num_modalities": 4,
  "num_topics": 7,
  "total_liklihood": -32740.08848363156
}
