{
  "modality_liklihoods": [
    -14393.154641284167,
    -13271.24403975616,
    -938.00676293730555,
    -4716.9897629326651
  ],
  "num_iteration": 1000,
  "num_modalities": 4,
  "num_topics": 7,
  "total_liklihood": -33319.395206910296
}
