{
  "modality_liklihoods": [
    -14108.59877119719,
    -13269.514730506362,
    -939.62780792156673,
    -4643.7091316051128
  ],
  "num_iteration": 1000,
  "num_modalities": 4,
  "num_topics": 7,
  "total_liklihood": -32961.450441230234
}
