{
  "modality_liklihoods": [
    -14492.707756755015,
    -13312.740392731386,
    -938.32051148819937,
    -4635.4871504725779
  ],
  "num_iteration": 1000,
  "num_modalities": 4,
  "num_topics": 7,
  "total_liklihood": -33379.255811447176
}
