{
  "modality_liklihoods": [
    -13425.448822449815,
    -13252.310176812853,
    -941.16326807068583,
    -4652.8634089306533
  ],
  "num_iteration": 1000,
  "num_modalities": 4,
  "num_topics": 7,
  "total_liklihood": -32271.785676264008
}
