{
  "modality_liklihoods": [
    -13101.629654851333,
    -13262.350650148554,
    -943.34004424479031,
    -4627.0258846857323
  ],
  "num_iteration": 1000,
  "num_modalities": 4,
  "num_topics": 7,
  "total_liklihood": -31934.34623393041
}
