{
  "modality_liklihoods": [
    -13665.226841096455,
    -13278.817012650508,
    -938.35015206393882,
    -4616.5861239614278
  ],
  "num_iteration": 1000,
  "num_modalities": 4,
  "num_topics": 7,
  "total_liklihood": -32498.980129772332
}
