{
  "modality_liklihoods": [
    -14088.017811323238,
    -13276.029161912043,
    -941.95634160658676,
    -4629.3156572563748
  ],
  "num_iteration": 1000,
  "num_modalities": 4,
  "num_topics": 7,
  "total_liklihood": -32935.318972098241
}
