{
  "modality_liklihoods": [
    -13297.353162708589,
    -13293.793603783341,
    -945.52525482135525,
    -4604.8167939383311
  ],
  "num_iteration": 1000,
  "num_modalities": 4,
  "num_topics": 7,
  "total_liklihood": -32141.488815251614
}
