{
  "modality_liklihoods": [
    -14272.48044161534,
    -13242.276166521242,
    -938.65920684865489,
    -4625.308134129823
  ],
  "num_iteration": 1000,
  "num_modalities": 4,
  "num_topics": 7,
  "total_liklihood": -33078.723949115054
}
