{
  "modality_liklihoods": [
    -13953.049062923343,
    -13323.235993450087,
    -942.44753451343104,
    -4663.7484243644858
  ],
  "num_iteration": 1000,
  "num_modalities": 4,
  "num_topics": 7,
  "total_liklihood": -32882.481015251346
}
