{
  "modality_liklihoods": [
    -13707.029910827894,
    -13258.042301023968,
    -939.8712757754796,
    -4677.7093347772625
  ],
  "num_iteration": 1000,
  "num_modalities": 4,
  "num_topics": 7,
  "total_liklihood": -32582.652822404605
}
