{
  "modality_liklihoods": [
    -14261.269020840251,
    -13249.442331045671,
    -937.22104758418288,
    -4629.8987233745011
  ],
  "num_iteration": 1000,
  "num_modalities": 4,
  "num_topics": 7,
  "total_liklihood": -33077.831122844604
}
