{
  "modality_liklihoods": [
    -13910.221148101014,
    -13245.193122801777,
    -939.50025822399823,
    -4637.2830016135067
  ],
  "num_iteration": 1000,
  "num_modalities": 4,
  "num_topics": 7,
  "total_liklihood": -32732.197530740297
}
