{
  "modality_liklihoods": [
    -13345.173549785019,
    -13246.023620623862,
    -945.04774538281924,
    -4651.1357173121778
  ],
  "num_iteration": 1000,
  "num_modalities": 4,
  "num_topics": 7,
  "total_liklihood": -32187.38063310388
}
