{
  "modality_liklihoods": [
    -14257.363303686172,
    -13290.226870579681,
    -937.7142653573361,
    -4638.7726943591852
  ],
  "num_iteration": 1000,
  "num_modalities": 4,
  "num_topics": 7,
  "total_liklihood": -33124.077133982377
}
