{
  "modality_liklihoods": [
    -13886.852144550163,
    -13267.441728526082,
    -948.06745256953866,
    -4614.5634056795043
  ],
  "num_iteration": 1000,
  "num_modalities": 4,
  "num_topics": 7,
  "total_liklihood": -32716.924731325293
}
