{
  "modality_liklihoods": [
    -14628.936467078103,
    -13285.688392462374,
    -949.41926273786987,
    -4644.5365282645407
  ],
  "num_iteration": 1000,
  "num_modalities": 4,
  "num_topics": 7,
  "total_liklihood": -33508.580650542885
}
