{
  "modality_liklihoods": [
    -13605.967649397666,
    -13297.015951590876,
    -934.24743688709532,
    -4588.4816035641943
  ],
  "num_iteration": 1000,
  "num_modalities": 4,
  "num_topics": 7,
  "total_liklihood": -32425.71264143983
}
