{
  "modality_liklihoods": [
    -12735.624763110578,
    -13297.089223465833,
    -945.24543827771197,
    -4646.1076247985229
  ],
  "num_iteration": 1000,
  "num_modalities": 4,
  "num_topics": 7,
  "total_liklihood": -31624.067049652644
}
