{
  "modality_liklihoods": [
    -14876.105149887731,
    -13187.473108920296,
    -933.84260374984717,
    -4655.5830602277747
  ],
  "num_iteration": 1000,
  "num_modalities": 4,
  "num_topics": 7,
  "total_liklihood": -33653.003922785647
}
