{
  "modality_liklihoods": [
    -14019.314902332784,
    -13294.501833172852,
    -933.41108720091972,
    -4678.4608437372053
  ],
  "num_iteration": 1000,
  "num_modalities": 4,
  "num_topics": 7,
  "total_liklihood": -32925.688666443762
}
