{
  "modality_liklihoods": [
    -14409.126180505664,
    -13249.482488307885,
    -943.69116108839216,
    -4652.1271077683505
  ],
  "num_iteration": 1000,
  "num_modalities": 4,
  "num_topics": 7,
  "total_liklihood": -33254.426937670287
}
