{
  "modality_liklihoods": [
    -15073.958745179203,
    -13229.132920185455,
    -939.75718018806811,
    -4670.1132972071728
  ],
  "num_iteration": 1000,
  "num_modalities": 4,
  "num_topics": 7,
  "total_liklihood": -33912.962142759898
}
