{
  "modality_liklihoods": [
    -13569.247723736811,
    -13244.972051084074,
    -938.2185347659929,
    -4683.4810485512917
  ],
  "num_iteration": 1000,
  "num_modalities": 4,
  "num_topics": 7,
  "total_liklihood": -32435.91935813817
}
