{
  "modality_liklihoods": [
    -14283.560109170165,
    -13303.635726067505,
    -934.70503583288928,
    -4631.6273654961451
  ],
  "num_iteration": 1000,
  "num_modalities": 4,
  "num_topics": 7,
  "total_liklihood": -33153.528236566701
}
