{
  "modality_liklihoods": [
    -13537.557950971461,
    -13248.555237737746,
    -939.6221218920582,
    -4621.3583477028087
  ],
  "num_iteration": 1000,
  "num_modalities": 4,
  "num_topics": 7,
  "total_liklihood": -32347.093658304071
}
