{
  "modality_liklihoods": [
    -13797.564625347997,
    -13268.462726042344,
    -939.386099980175,
    -4674.2521044911109
  ],
  "num_iteration": 1000,
  "num_modalities": 4,
  "num_topics": 7,
  "total_liklihood": -32679.665555861629
}
