{
  "modality_liklihoods": [
    -14386.768767632726,
    -13261.309775909744,
    -941.00024275785586,
    -4639.6905922464412
  ],
  "num_iteration": 1000,
  "num_modalities": 4,
  "num_topics": 7,
  "total_liklihood": -33228.769378546764
}
