{
  "modality_liklihoods": [
    -13994.999334966516,
    -13270.606715693586,
    -932.36999329622768,
    -4656.16988387318
  ],
  "num_iteration": 1000,
  "num_modalities": 4,
  "num_topics": 7,
  "total_liklihood": -32854.145927829508
}
