{
  "modality_liklihoods": [
    -13461.524616637751,
    -13257.271755425965,
    -946.21127053623786,
    -4612.0520549132789
  ],
  "num_iteration": 1000,
  "num_modalities": 4,
  "num_topics": 7,
  "total_liklihood": -32277.059697513232
}
