{
  "modality_liklihoods": [
    -14299.307278780134,
    -13260.833241566315,
    -941.37669716173332,
    -4611.7510170213563
  ],
  "num_iteration": 1000,
  "num_modalities": 4,
  "num_topics": 7,
  "total_liklihood": -33113.26823452954
}
