{
  "modality_liklihoods": [
    -13239.367609948857,
    -13285.762839537898,
    -937.01215625249517,
    -4678.1877166053946
  ],
  "num_iteration": 1000,
  "num_modalities": 4,
  "num_topics": 7,
  "total_liklihood": -32140.330322344642
}
