{
  "modality_liklihoods": [
    -14111.402800029433,
    -13245.409379021972,
    -947.15695132742269,
    -4654.6372204264644
  ],
  "num_iteration": 1000,
  "num_modalities": 4,
  "num_topics": 7,
  "total_liklihood": -32958.60635080529
}
