{
  "modality_liklihoods": [
    -13937.200913049468,
    -13253.340494725702,
    -935.79791580316771,
    -4663.122153233332
  ],
  "num_iteration": 1000,
  "num_modalities": 4,
  "num_topics": 7,
  "total_liklihood": -32789.461476811666
}
