{
  "modality_liklihoods": [
    -12827.562946463044,
    -13241.310557548479,
    -936.82784011047272,
    -4629.1287641552544
  ],
  "num_iteration": 1000,
  "num_modalities": 4,
  "num_topics": 7,
  "total_liklihood": -31634.830108277249
}
