{
  "modality_liklihoods": [
    -13748.513556263561,
    -13248.180014420906,
    -939.25897537406433,
    -4651.7248052527557
  ],
  "num_iteration": 1000,
  "num_modalities": 4,
  "num_topics": 7,
  "total_liklihood": -32587.677351311286
}
