{
  "modality_liklihoods": [
    -13402.798237720408,
    -13271.796569467257,
    -941.19393233643962,
    -4592.347875999626
  ],
  "num_iteration": 1000,
  "num_modalities": 4,
  "num_topics": 7,
  "total_liklihood": -32208.136615523727
}
