{
  "modality_liklihoods": [
    -13620.378847537939,
    -13265.628378185824,
    -946.27644061968499,
    -4640.9147721971603
  ],
  "num_iteration": 1000,
  "num_modalities": 4,
  "num_topics": 7,
  "total_liklihood": -32473.198438540607
}
