{
  "modality_liklihoods": [
    -14295.437203157684,
    -13218.83748589624,
    -941.0895870678313,
    -4707.1082051877593
  ],
  "num_iteration": 1000,
  "num_modalities": 4,
  "num_topics": 7,
  "total_liklihood": -33162.472481309516
}
