{
  "modality_liklihoods": [
    -13691.578773770036,
    -13281.005476985394,
    -942.66765209687856,
    -4610.8824269544712
  ],
  "num_iteration": 1000,
  "num_modalities": 4,
  "num_topics": 7,
  "total_liklihood": -32526.13432980678
}
