{
  "modality_liklihoods": [
    -15064.23246490386,
    -13217.882577869101,
    -942.64116761760636,
    -4615.6456658085071
  ],
  "num_iteration": 1000,
  "num_modalities": 4,
  "num_topics": 7,
  "total_liklihood": -33840.401876199074
}
