{
  "modality_liklihoods": [
    -14537.548738092042,
    -13251.399802832751,
    -941.24482077628136,
    -4659.6832933280666
  ],
  "num_iteration": 1000,
  "num_modalities": 4,
  "num_topics": 7,
  "total_liklihood": -33389.87665502914
}
