{
  "modality_liklihoods": [
    -13233.746617572167,
    -13303.140504328903,
    -945.69273108176981,
    -4665.4380122162138
  ],
  "num_iteration": 1000,
  "num_modalities": 4,
  "num_topics": 7,
  "total_liklihood": -32148.017865199054
}
