{
  "modality_liklihoods": [
    -13518.931559917468,
    -13227.084555613865,
    -940.41524598572266,
    -4634.2241841063978
  ],
  "num_iteration": 1000,
  "num_modalities": 4,
  "num_topics": 7,
  "total_liklihood": -32320.655545623453
}
