{
  "modality_liklihoods": [
    -13998.918288807741,
    -13301.654734671591,
    -932.60026294733154,
    -4636.2227857898433
  ],
  "num_iteration": 1000,
  "num_modalities": 4,
  "num_topics": 7,
  "total_liklihood": -32869.396072216507
}
