{
  "modality_liklihoods": [
    -14743.568323543652,
    -13228.483475114195,
    -932.95085082385981,
    -4661.495094594733
  ],
  "num_iteration": 1000,
  "num_modalities": 4,
  "num_topics": 7,
  "total_liklihood": -33566.497744076441
}
