{
  "modality_liklihoods": [
    -13721.398878802102,
    -13278.407708003449,
    -943.84687764041291,
    -4650.3613897656251
  ],
  "num_iteration": 1000,
  "num_modalities": 4,
  "num_topics": 7,
  "total_liklihood": -32594.014854211586
}
