{
  "modality_liklihoods": [
    -14673.430405871286,
    -13235.754604992602,
    -940.55136390588621,
    -4642.0522527662024
  ],
  "num_iteration": 1000,
  "num_modalities": 4,
  "num_topics": 7,
  "total_liklihood": -33491.788627535978
}
