{
  "modality_liklihoods": [
    -14545.531805458999,
    -13228.006544846321,
    -941.20206769746437,
    -4699.8096546873412
  ],
  "num_iteration": 1000,
  "num_modalities": 4,
  "num_topics": 7,
  "total_liklihood": -33414.550072690123
}
