{
  "modality_liklihoods": [
    -13975.871174156233,
    -13271.231718181758,
    -936.107696178791,
    -4649.0347681019912
  ],
  "num_iteration": 1000,
  "num_modalities": 4,
  "num_topics": 7,
  "total_liklihood": -32832.245356618776
}
