{
  "modality_liklihoods": [
    -13846.892400517514,
    -13315.463205057427,
    -943.5279281258114,
    -4632.3986906123391
  ],
  "num_iteration": 1000,
  "num_modalities": 4,
  "num_topics": 7,
  "total_liklihood": -32738.282224313094
}
