{
  "modality_liklihoods": [
    -13762.13380057102,
    -13266.527582817662,
    -940.43139578318733,
    -4668.9038498912068
  ],
  "num_iteration": 1000,
  "num_modalities": 4,
  "num_topics": 7,
  "total_liklihood": -32637.996629063076
}
