{
  "modality_liklihoods": [
    -13843.715489913713,
    -13293.289720337956,
    -937.94571883633716,
    -4611.199034121908
  ],
  "num_iteration": 1000,
  "num_modalities": 4,
  "num_topics": 7,
  "total_liklihood": -32686.149963209915
}
