{
  "modality_liklihoods": [
    -14037.160225792446,
    -13258.345839647929,
    -941.35813190177873,
    -4640.9581362690906
  ],
  "num_iteration": 1000,
  "num_modalities": 4,
  "num_topics": 7,
  "total_liklihood": -32877.822333611242
}
