{
  "modality_liklihoods": [
    -14440.18538164116,
    -13293.535500632155,
    -939.96783838732154,
    -4617.250507376948
  ],
  "num_iteration": 1000,
  "num_modalities": 4,
  "num_topics": 7,
  "total_liklihood": -33290.939228037583
}
