{
  "modality_liklihoods": [
    -13844.738096458203,
    -13284.608277228897,
    -937.03916202434709,
    -4638.7751675857835
  ],
  "num_iteration": 1000,
  "num_modalities": 4,
  "num_topics": 7,
  "total_liklihood": -32705.160703297228
}
