{
  "modality_liklihoods": [
    -14165.885967125332,
    -13253.875934955269,
    -940.6483417123934,
    -4638.8564197595852
  ],
  "num_iteration": 1000,
  "num_modalities": 4,
  "num_topics": 7,
  "total_liklihood": -32999.266663552582
}
