{
  "modality_liklihoods": [
    -13469.889994457924,
    -13268.369743664627,
    -943.71351685578838,
    -4640.476464071081
  ],
  "num_iteration": 1000,
  "num_modalities": 4,
  "num_topics": 7,
  "total_liklihood": -32322.449719049418
}
