{
  "modality_liklihoods": [
    -13313.419510125914,
    -13229.130451811472,
    -945.06761052181798,
    -4636.222521855947
  ],
  "num_iteration": 1000,
  "num_modalities": 4,
  "num_topics": 7,
  "total_liklihood": -32123.840094315154
}
