{
  "modality_liklihoods": [
    -14460.751043974429,
    -13291.535865270047,
    -938.38379366124684,
    -4679.5688390622236
  ],
  "num_iteration": 1000,
  "num_modalities": 4,
  "num_topics": 7,
  "total_liklihood": -33370.239541967945
}
