{
  "modality_liklihoods": [
    -14334.747519733355,
    -13266.342757944802,
    -945.85374095386783,
    -4674.6852558221026
  ],
  "num_iteration": 1000,
  "num_modalities": 4,
  "num_topics": 7,
  "total_liklihood": -33221.629274454128
}
