{
  "modality_liklihoods": [
    -13810.195535206578,
    -13262.613557637529,
    -936.31957070999522,
    -4603.0255759326055
  ],
  "num_iteration": 1000,
  "num_modalities": 4,
  "num_topics": 7,
  "total_liklihood": -32612.15423948671
}
