{
  "modality_liklihoods": [
    -14211.303260404959,
    -13272.069979197518,
    -938.56224231233932,
    -4678.7789970083277
  ],
  "num_iteration": 1000,
  "num_modalities": 4,
  "num_topics": 7,
  "total_liklihood": -33100.714478923146
}
