{
  "modality_liklihoods": [
    -14492.285760773908,
    -13251.437609653582,
    -939.36448194649574,
    -4575.9571410952722
  ],
  "num_iteration": 1000,
  "num_modalities": 4,
  "num_topics": 7,
  "total_liklihood": -33259.044993469259
}
