{
  "modality_liklihoods": [
    -13973.93390215613,
    -13256.467924421713,
    -942.23061838845274,
    -4605.394517898907
  ],
  "num_iteration": 1000,
  "num_modalities": 4,
  "num_topics": 7,
  "total_liklihood": -32778.026962865202
}
