{
  "modality_liklihoods": [
    -14300.63150940911,
    -13279.198419615066,
    -938.23286935568979,
    -4645.7158842735535
  ],
  "num_iteration": 1000,
  "num_modalities": 4,
  "num_topics": 7,
  "total_liklihood": -33163.778682653421
}
