{
  "modality_liklihoods": [
    -14508.198764124081,
    -13231.477980283049,
    -934.58577557892613,
    -4584.2234919698185
  ],
  "num_iteration": 1000,
  "num_modalities": 4,
  "num_topics": 7,
  "total_liklihood": -33258.486011955873
}
