{
  "modality_liklihoods": [
    -13350.801161506626,
    -13275.847493648505,
    -941.79728109559312,
    -4638.6495964597298
  ],
  "num_iteration": 1000,
  "num_modalities": 4,
  "num_topics": 7,
  "total_liklihood": -32207.095532710457
}
