{
  "modality_liklihoods": [
    -14094.158772429922,
    -13253.99585027727,
    -945.4313733199939,
    -4666.1027970753958
  ],
  "num_iteration": 1000,
  "num_modalities": 4,
  "num_topics": 7,
  "total_liklihood": -32959.688793102578
}
