{
  "modality_liklihoods": [
    -14256.814402902053,
    -13254.565687277018,
    -937.02506267268143,
    -4625.8473849377579
  ],
  "num_iteration": 1000,
  "num_modalities": 4,
  "num_topics": 7,
  "total_liklihood": -33074.252537789507
}
