{
  "modality_liklihoods": [
    -13768.685959266078,
    -13297.996713393799,
    -937.64240177162355,
    -4623.2060561136059
  ],
  "num_iteration": 1000,
  "num_modalities": 4,
  "num_topics": 7,
  "total_liklihood": -32627.531130545107
}
