{
  "modality_liklihoods": [
    -13782.231866498556,
    -13242.990954815832,
    -938.78313510151702,
    -4650.1020554069682
  ],
  "num_iteration": 1000,
  "num_modalities": 4,
  "num_topics": 7,
  "total_liklihood": -32614.108011822875
}
