{
  "modality_liklihoods": [
    -14082.864747623582,
    -13255.983406326457,
    -934.78943047525445,
    -4668.8494175495716
  ],
  "num_iteration": 1000,
  "num_modalities": 4,
  "num_topics": 7,
  "total_liklihood": -32942.487001974863
}
