{
  "modality_liklihoods": [
    -13269.257444350724,
    -13242.678062808258,
    -940.18623968951181,
    -4624.7485485921188
  ],
  "num_iteration": 1000,
  "num_modalities": 4,
  "num_topics": 7,
  "total_liklihood": -32076.870295440611
}
