{
  "modality_liklihoods": [
    -13313.969724409928,
    -13281.867664208756,
    -940.53581092926515,
    -4648.065305661582
  ],
  "num_iteration": 1000,
  "num_modalities": 4,
  "num_topics": 7,
  "total_liklihood": -32184.438505209528
}
