{
  "modality_liklihoods": [
    -12779.002399522229,
    -13248.640465203325,
    -947.51549474653268,
    -4607.0666227613019
  ],
  "num_iteration": 1000,
  "num_modalities": 4,
  "num_topics": 7,
  "total_liklihood": -31582.224982233391
}
