{
  "modality_liklihoods": [
    -13906.57388636426,
    -13285.148367331161,
    -942.14378675771854,
    -4647.1218488595414
  ],
  "num_iteration": 1000,
  "num_modalities": 4,
  "num_topics": 7,
  "total_liklihood": -32780.987889312681
}
