{
  "modality_liklihoods": [
    -14132.689541547164,
    -13213.022621796654,
    -944.95347448149175,
    -4744.3139304316564
  ],
  "num_iteration": 1000,
  "num_modalities": 4,
  "num_topics": 7,
  "total_liklihood": -33034.979568256967
}
