{
  "modality_liklihoods": [
    -14114.607844994616,
    -13269.313216045653,
    -933.43410764758528,
    -4623.2067094043059
  ],
  "num_iteration": 1000,
  "num_modalities": 4,
  "num_topics": 7,
  "total_liklihood": -32940.561878092165
}
