{
  "modality_liklihoods": [
    -13324.007984985306,
    -13245.020863851993,
    -942.41251854083612,
    -4674.9001669428035
  ],
  "num_iteration": 1000,
  "num_modalities": 4,
  "num_topics": 7,
  "total_liklihood": -32186.341534320938
}
