{
  "modality_liklihoods": [
    -14463.87996370015,
    -13229.248875907537,
    -937.96100883645079,
    -4667.5348663949699
  ],
  "num_iteration": 1000,
  "num_modalities": 4,
  "num_topics": 7,
  "total_liklihood": -33298.624714839105
}
