{
  "modality_liklihoods": [
    -14268.22206794705,
    -13274.092404865869,
    -938.85971215422023,
    -4664.6180611980499
  ],
  "num_iteration": 1000,
  "num_modalities": 4,
  "num_topics": 7,
  "total_liklihood": -33145.792246165191
}
