{
  "modality_liklihoods": [
    -13411.696588933486,
    -13253.888761705482,
    -940.63767911035086,
    -4624.919250276238
  ],
  "num_iteration": 1000,
  "num_modalities": 4,
  "num_topics": 7,
  "total_liklihood": -32231.142280025557
}
