{
  "modality_liklihoods": [
    -13264.847319543791,
    -13240.688478639502,
    -941.23448296825984,
    -4631.2690608481562
  ],
  "num_iteration": 1000,
  "num_modalities": 4,
  "num_topics": 7,
  "total_liklihood": -32078.039341999709
}
