{
  "modality_liklihoods": [
    -13723.410974470527,
    -13297.965738157407,
    -941.51219958628769,
    -4628.0807987542548
  ],
  "num_iteration": 1000,
  "num_modalities": 4,
  "num_topics": 7,
  "total_liklihood": -32590.969710968475
}
