{
  "modality_liklihoods": [
    -13876.700339102657,
    -13273.079409746271,
    -949.00732468561273,
    -4630.0651312163636
  ],
  "num_iteration": 1000,
  "num_modalities": 4,
  "num_topics": 7,
  "total_liklihood": -32728.852204750907
}
