{
  "modality_liklihoods": [
    -13588.369296091658,
    -13236.813421265409,
    -942.5038789827961,
    -4673.1646680575168
  ],
  "num_iteration": 1000,
  "num_modalities": 4,
  "num_topics": 7,
  "total_liklihood": -32440.851264397381
}
