{
  "modality_liklihoods": [
    -14385.703016327394,
    -13215.622516279944,
    -940.63400418061406,
    -4627.0985196067659
  ],
  "num_iteration": 1000,
  "num_modalities": 4,
  "num_topics": 7,
  "total_liklihood": -33169.058056394715
}
