{
  "modality_liklihoods": [
    -14272.494434161177,
    -13269.134085879459,
    -933.48049944011234,
    -4604.0426110862863
  ],
  "num_iteration": 1000,
  "num_modalities": 4,
  "num_topics": 7,
  "total_liklihood": -33079.151630567038
}
