{
  "modality_liklihoods": [
    -14192.485250285767,
    -13279.626077524012,
    -938.75174056103253,
    -4640.651807120501
  ],
  "num_iteration": 1000,
  "num_modalities": 4,
  "num_topics": 7,
  "total_liklihood": -33051.51487549131
}
