{
  "modality_liklihoods": [
    -13826.326456138373,
    -13266.185547255121,
    -941.64625201956767,
    -4638.0600807058008
  ],
  "num_iteration": 1000,
  "num_modalities": 4,
  "num_topics": 7,
  "total_liklihood": -32672.218336118862
}
