{
  "modality_liklihoods": [
    -13450.541035422735,
    -13295.892683210612,
    -934.89145041457846,
    -4594.1501142595853
  ],
  "num_iteration": 1000,
  "num_modalities": 4,
  "num_topics": 7,
  "total_liklihood": -32275.475283307511
}
