{
  "modality_liklihoods": [
    -14237.063271793801,
    -13227.07391686405,
    -937.49963653670829,
    -4629.1580075858992
  ],
  "num_iteration": 1000,
  "num_modalities": 4,
  "num_topics": 7,
  "total_liklihood": -33030.794832780455
}
