{
  "modality_liklihoods": [
    -14000.441310177972,
    -13275.307893659527,
    -941.13753486532642,
    -4621.755956776723
  ],
  "num_iteration": 1000,
  "num_modalities": 4,
  "num_topics": 7,
  "total_liklihood": -32838.642695479546
}
