{
  "modality_liklihoods": [
    -13326.023282284375,
    -13250.068618102256,
    -946.59907345507304,
    -4556.7612032590059
  ],
  "num_iteration": 1000,
  "num_modalities": 4,
  "num_topics": 7,
  "total_liklihood": -32079.452177100706
}
