{
  "modality_liklihoods": [
    -14131.51842136654,
    -13289.527770423821,
    -935.8010952715764,
    -4647.689923435586
  ],
  "num_iteration": 1000,
  "num_modalities": 4,
  "num_topics": 7,
  "total_liklihood": -33004.537210497525
}
