{
  "modality_liklihoods": [
    -13763.443373816517,
    -13278.582343025491,
    -940.30111348630874,
    -4655.87800615583
  ],
  "num_iteration": 1000,
  "num_modalities": 4,
  "num_topics": 7,
  "total_liklihood": -32638.204836484147
}
