{
  "modality_liklihoods": [
    -11688.100954075486,
    -13301.667096475741,
    -957.66617622248486,
    -4666.7482696401266
  ],
  "num_iteration": 1000,
  "num_modalities": 4,
  "num_topics": 7,
  "total_liklihood": -30614.182496413836
}
