{
  "modality_liklihoods": [
    -14437.846375351548,
    -13285.246222356862,
    -933.39337938305948,
    -4574.0530329116091
  ],
  "num_iteration": 1000,
  "num_modalities": 4,
  "num_topics": 7,
  "total_liklihood": -33230.539010003078
}
