{
  "modality_liklihoods": [
    -13584.928846570197,
    -13293.626593778399,
    -936.70025744354677,
    -4619.4371959751461
  ],
  "num_iteration": 1000,
  "num_modalities": 4,
  "num_topics": 7,
  "total_liklihood": -32434.692893767286
}
