{
  "modality_liklihoods": [
    -12600.778008263143,
    -13232.34930377136,
    -943.26992144497001,
    -4646.5336130938813
  ],
  "num_iteration": 1000,
  "num_modalities": 4,
  "num_topics": 7,
  "total_liklihood": -31422.930846573356
}
