{
  "modality_liklihoods": [
    -14582.044558979027,
    -13276.567231684568,
    -937.73265520176574,
    -4658.7145354245331
  ],
  "num_iteration": 1000,
  "num_modalities": 4,
  "num_topics": 7,
  "total_liklihood": -33455.058981289898
}
