{
  "modality_liklihoods": [
    -14032.976474948908,
    -13253.185915475675,
    -943.25030424887996,
    -4660.9274360796107
  ],
  "num_iteration": 1000,
  "num_modalities": 4,
  "num_topics": 7,
  "total_liklihood": -32890.340130753073
}
