{
  "modality_liklihoods": [
    -14475.970141978687,
    -13226.437469462036,
    -948.0197670680883,
    -4630.8989025782384
  ],
  "num_iteration": 1000,
  "num_modalities": 4,
  "num_topics": 7,
  "total_liklihood": -33281.326281087051
}
