{
  "modality_liklihoods": [
    -14517.051714317178,
    -13312.368015800243,
    -949.20125599373671,
    -4628.0687448697636
  ],
  "num_iteration": 1000,
  "num_modalities": 4,
  "num_topics": 7,
  "total_liklihood": -33406.689730980921
}
