{
  "modality_liklihoods": [
    -13525.299540930893,
    -13232.21979606644,
    -948.32028705819243,
    -4622.3821150865751
  ],
  "num_iteration": 1000,
  "num_modalities": 4,
  "num_topics": 7,
  "total_liklihood": -32328.2217391421
}
