{
  "modality_liklihoods": [
    -13286.812479862043,
    -13247.91846009381,
    -943.8767199298718,
    -4614.5828351339533
  ],
  "num_iteration": 1000,
  "num_modalities": 4,
  "num_topics": 7,
  "total_liklihood": -32093.190495019677
}
