{
  "modality_liklihoods": [
    -13926.93016092098,
    -13322.770705496932,
    -941.18196767173788,
    -4617.3286018952949
  ],
  "num_iteration": 1000,
  "num_modalities": 4,
  "num_topics": 7,
  "total_liklihood": -32808.211435984944
}
