{
  "modality_liklihoods": [
    -13974.363530728875,
    -13290.699146077941,
    -941.66688234141759,
    -4593.1847950968677
  ],
  "num_iteration": 1000,
  "num_modalities": 4,
  "num_topics": 7,
  "total_liklihood": -32799.914354245106
}
