{
  "modality_liklihoods": [
    -13257.741993529995,
    -13238.436871099262,
    -937.49330542620021,
    -4640.0415018417434
  ],
  "num_iteration": 1000,
  "num_modalities": 4,
  "num_topics": 7,
  "total_liklihood": -32073.7136718972
}
