{
  "modality_liklihoods": [
    -13491.009756455007,
    -13242.795604466422,
    -942.34722838001903,
    -4614.7241472611886
  ],
  "num_iteration": 1000,
  "num_modalities": 4,
  "num_topics": 7,
  "total_liklihood": -32290.876736562637
}
