{
  "modality_liklihoods": [
    -13834.090696161889,
    -13210.781505659743,
    -940.94131505577809,
    -4719.9729932387936
  ],
  "num_iteration": 1000,
  "num_modalities": 4,
  "num_topics": 7,
  "total_liklihood": -32705.786510116202
}
