{
  "modality_liklihoods": [
    -13735.269101096084,
    -13251.689160534426,
    -942.15882262238244,
    -4683.0754670131273
  ],
  "num_iteration": 1000,
  "num_modalities": 4,
  "num_topics": 7,
  "total_liklihood": -32612.192551266024
}
