{
  "modality_liklihoods": [
    -14130.108093872028,
    -13229.580383380138,
    -944.92475580911082,
    -4741.4253777352114
  ],
  "num_iteration": 1000,
  "num_modalities": 4,
  "num_topics": 7,
  "total_liklihood": -33046.038610796488
}
