{
  "modality_liklihoods": [
    -14101.755672275729,
    -13219.090527441072,
    -940.62690214622046,
    -4643.3223352550149
  ],
  "num_iteration": 1000,
  "num_modalities": 4,
  "num_topics": 7,
  "total_liklihood": -32904.795437118039
}
