{
  "modality_liklihoods": [
    -13305.029667049575,
    -13240.056608357829,
    -936.5515997993466,
    -4660.942679005514
  ],
  "num_iteration": 1000,
  "num_modalities": 4,
  "num_topics": 7,
  "total_liklihood": -32142.580554212265
}
