{
  "modality_liklihoods": [
    -14138.058111809729,
    -13230.004671026596,
    -940.50063032404921,
    -4656.20618354198
  ],
  "num_iteration": 1000,
  "num_modalities": 4,
  "num_topics": 7,
  "total_liklihood": -32964.769596702354
}
