{
  "modality_liklihoods": [
    -14552.423551830034,
    -13201.454294861098,
    -938.12775505115837,
    -4706.640880909893
  ],
  "num_iteration": 1000,
  "num_modalities": 4,
  "num_topics": 7,
  "total_liklihood": -33398.646482652184
}
