{
  "modality_liklihoods": [
    -13458.439391497817,
    -13266.525387811291,
    -950.87375074680665,
    -4638.1745258878364
  ],
  "num_iteration": 1000,
  "num_modalities": 4,
  "num_topics": 7,
  "total_liklihood": -32314.013055943749
}
