{
  "modality_liklihoods": [
    -14221.229919757381,
    -13255.117302746678,
    -941.40084156916464,
    -4649.8996213496384
  ],
  "num_iteration": 1000,
  "num_modalities": 4,
  "num_topics": 7,
  "total_liklihood": -33067.64768542286
}
