{
  "modality_liklihoods": [
    -13640.299394757703,
    -13259.847073483405,
    -943.19066229621615,
    -4643.8525908456959
  ],
  "num_iteration": 1000,
  "num_modalities": 4,
  "num_topics": 7,
  "total_liklihood": -32487.189721383023
}
