{
  "modality_liklihoods": [
    -14164.898553039005,
    -13259.992659041454,
    -938.37190798461779,
    -4637.4692530282337
  ],
  "num_iteration": 1000,
  "num_modalities": 4,
  "num_topics": 7,
  "total_liklihood": -33000.732373093313
}
