{
  "modality_liklihoods": [
    -13710.919112978238,
    -13238.776889586099,
    -936.97798408576318,
    -4637.3815715036862
  ],
  "num_iteration": 1000,
  "num_modalities": 4,
  "num_topics": 7,
  "total_liklihood": -32524.055558153785
}
