{
  "modality_liklihoods": [
    -13906.957064455766,
    -13238.214033682383,
    -941.33663152547422,
    -4642.1269905225672
  ],
  "num_iteration": 1000,
  "num_modalities": 4,
  "num_topics": 7,
  "total_liklihood": -32728.63472018619
}
