{
  "modality_liklihoods": [
    -14039.813077956467,
    -13242.865912499461,
    -938.13194172173735,
    -4727.515243670271
  ],
  "num_iteration": 1000,
  "num_modalities": 4,
  "num_topics": 7,
  "total_liklihood": -32948.326175847935
}
