{
  "modality_liklihoods": [
    -13952.764199768473,
    -13222.297643383183,
    -950.10265829282866,
    -4649.7577637085178
  ],
  "num_iteration": 1000,
  "num_modalities": 4,
  "num_topics": 7,
  "total_liklihood": -32774.922265153
}
