{
  "modality_liklihoods": [
    -13808.076309117127,
    -13295.433983762143,
    -940.40444350288078,
    -4631.4148279929068
  ],
  "num_iteration": 1000,
  "num_modalities": 4,
  "num_topics": 7,
  "total_liklihood": -32675.329564375057
}
