{
  "modality_liklihoods": [
    -12916.764074667213,
    -13307.061514874218,
    -943.14974503171663,
    -4685.3256038799027
  ],
  "num_iteration": 1000,
  "num_modalities": 4,
  "num_topics": 7,
  "total_liklihood": -31852.300938453052
}
