{
  "modality_liklihoods": [
    -14099.512105547488,
    -13249.595568557777,
    -940.61816104699835,
    -4643.0903726028218
  ],
  "num_iteration": 1000,
  "num_modalities": 4,
  "num_topics": 7,
  "total_liklihood": -32932.816207755088
}
