{
  "modality_liklihoods": [
    -14101.901701459161,
    -13280.293440237991,
    -940.2279050984356,
    -4635.9252729453983
  ],
  "num_iteration": 1000,
  "num_modalities": 4,
  "num_topics": 7,
  "total_liklihood": -32958.348319740981
}
