{
  "modality_liklihoods": [
    -14292.209770390655,
    -13231.939200704041,
    -944.73432723949168,
    -4703.8848113635095
  ],
  "num_iteration": 1000,
  "num_modalities": 4,
  "num_topics": 7,
  "total_liklihood": -33172.768109697696
}
