{
  "modality_liklihoods": [
    -13681.68231793455,
    -13282.394536373693,
    -933.08878091317729,
    -4669.7069430472893
  ],
  "num_iteration": 1000,
  "num_modalities": 4,
  "num_topics": 7,
  "total_liklihood": -32566.872578268711
}
