{
  "modality_liklihoods": [
    -14101.974242134676,
    -13265.852773685065,
    -943.15203255059691,
    -4664.3820575384088
  ],
  "num_iteration": 1000,
  "num_modalities": 4,
  "num_topics": 7,
  "total_liklihood": -32975.361105908742
}
