{
  "modality_liklihoods": [
    -14010.977850633679,
    -13252.60395738879,
    -939.20495535472458,
    -4620.1421022389159
  ],
  "num_iteration": 1000,
  "num_modalities": 4,
  "num_topics": 7,
  "total_liklihood": -32822.928865616115
}
