{
  "modality_liklihoods": [
    -13524.834844008059,
    -13190.628775745741,
    -943.37268096147727,
    -4631.2391548519117
  ],
  "num_iteration": 1000,
  "num_modalities": 4,
  "num_topics": 7,
  "total_liklihood": -32290.075455567188
}
