{
  "modality_liklihoods": [
    -14594.53667133079,
    -13209.144437310812,
    -939.5665402353161,
    -4656.1262628940185
  ],
  "num_iteration": 1000,
  "num_modalities": 4,
  "num_topics": 7,
  "total_liklihood": -33399.373911770934
}
