{
  "modality_liklihoods": [
    -14080.319021975893,
    -13280.480075380889,
    -937.36685285422107,
    -4644.9705443467628
  ],
  "num_iteration": 1000,
  "num_modalities": 4,
  "num_topics": 7,
  "total_liklihood": -32943.136494557766
}
