{
  "modality_liklihoods": [
    -13782.539062250537,
    -13264.972692423331,
    -936.84056659060298,
    -4631.2379307260535
  ],
  "num_iteration": 1000,
  "num_modalities": 4,
  "num_topics": 7,
  "total_liklihood": -32615.590251990525
}
