{
  "modality_liklihoods": [
    -14283.930571653405,
    -13269.213190884322,
    -940.47619146746604,
    -4698.9447649993945
  ],
  "num_iteration": 1000,
  "num_modalities": 4,
  "num_topics": 7,
  "total_liklihood": -33192.564719004593
}
