{
  "modality_liklihoods": [
    -14364.695826927627,
    -13222.358707550859,
    -945.03920749366409,
    -4690.4605006769716
  ],
  "num_iteration": 1000,
  "num_modalities": 4,
  "num_topics": 7,
  "total_liklihood": -33222.554242649123
}
