{
  "modality_liklihoods": [
    -13654.582316708314,
    -13239.608522439414,
    -943.78815565670379,
    -4655.7398039213258
  ],
  "num_iteration": 1000,
  "num_modalities": 4,
  "num_topics": 7,
  "total_liklihood": -32493.718798725757
}
