{
  "modality_liklihoods": [
    -13538.850636421868,
    -13240.607734768024,
    -945.15893291972679,
    -4601.3701529268001
  ],
  "num_iteration": 1000,
  "num_modalities": 4,
  "num_topics": 7,
  "total_liklihood": -32325.987457036419
}
