{
  "modality_liklihoods": [
    -13803.869519832575,
    -13230.067223503522,
    -944.41415917440486,
    -4633.8836163534907
  ],
  "num_iteration": 1000,
  "num_modalities": 4,
  "num_topics": 7,
  "total_liklihood": -32612.234518863992
}
