{
  "modality_liklihoods": [
    -13799.985873018877,
    -13256.549453506117,
    -940.41256274055843,
    -4700.8380738154565
  ],
  "num_iteration": 1000,
  "num_modalities": 4,
  "num_topics": 7,
  "total_liklihood": -32697.785963081009
}
