{
  "modality_liklihoods": [
    -14588.930509342619,
    -13302.864316315485,
    -943.14239432838212,
    -4645.8968853616852
  ],
  "num_iteration": 1000,
  "num_modalities": 4,
  "num_topics": 7,
  "total_liklihood": -33480.834105348171
}
