{
  "modality_liklihoods": [
    -13613.778825920417,
    -13255.285438657522,
    -938.95443946799674,
    -4655.0646129311035
  ],
  "num_iteration": 1000,
  "num_modalities": 4,
  "num_topics": 7,
  "total_liklihood": -32463.083316977038
}
