{
  "modality_liklihoods": [
    -13708.460912504957,
    -13292.815898850826,
    -942.99953587564551,
    -4628.7517173781571
  ],
  "num_iteration": 1000,
  "num_modalities": 4,
  "num_topics": 7,
  "total_liklihood": -32573.028064609585
}
