{
  "modality_liklihoods": [
    -14132.130979735075,
    -13311.874239580562,
    -942.06770659631923,
    -4660.6760601428359
  ],
  "num_iteration": 1000,
  "num_modalities": 4,
  "num_topics": 7,
  "total_liklihood": -33046.748986054794
}
