{
  "modality_liklihoods": [
    -14222.711545000277,
    -13232.526766786508,
    -940.68321836650148,
    -4615.8129935633697
  ],
  "num_iteration": 1000,
  "num_modalities": 4,
  "num_topics": 7,
  "total_liklihood": -33011.734523716659
}
