{
  "modality_liklihoods": [
    -13928.544413826923,
    -13270.221829316974,
    -945.9794351260656,
    -4716.4801398827258
  ],
  "num_iteration": 1000,
  "num_modalities": 4,
  "num_topics": 7,
  "total_liklihood": -32861.225818152685
}
