{
  "modality_liklihoods": [
    -14064.815201324052,
    -13245.786694512257,
    -948.96600134093956,
    -4620.8118604057918
  ],
  "num_iteration": 1000,
  "num_modalities": 4,
  "num_topics": 7,
  "total_liklihood": -32880.379757583039
}
