{
  "modality_liklihoods": [
    -14374.528006063114,
    -13245.990603137727,
    -938.63701394762961,
    -4606.6858637930063
  ],
  "num_iteration": 1000,
  "num_modalities": 4,
  "num_topics": 7,
  "total_liklihood": -33165.841486941477
}
