{
  "modality_liklihoods": [
    -13664.217408493121,
    -13298.86998443937,
    -934.54649267884633,
    -4628.5099886570097
  ],
  "num_iteration": 1000,
  "num_modalities": 4,
  "num_topics": 7,
  "total_liklihood": -32526.143874268346
}
