{
  "modality_liklihoods": [
    -13801.875168976901,
    -13236.338071139266,
    -942.19394431454464,
    -4592.5629061332311
  ],
  "num_iteration": 1000,
  "num_modalities": 4,
  "num_topics": 7,
  "total_liklihood": -32572.97009056394
}
