{
  "modality_liklihoods": [
    -13891.980838577425,
    -13302.803198296429,
    -935.53760658513568,
    -4677.2486715680679
  ],
  "num_iteration": 1000,
  "num_modalities": 4,
  "num_topics": 7,
  "total_liklihood": -32807.570315027056
}
