{
  "modality_liklihoods": [
    -13751.209309348216,
    -13248.816274440693,
    -945.69747406597457,
    -4628.7271590915516
  ],
  "num_iteration": 1000,
  "num_modalities": 4,
  "num_topics": 7,
  "total_liklihood": -32574.450216946436
}
