{
  "modality_liklihoods": [
    -14195.595597906065,
    -13218.433988974208,
    -938.72713009502934,
    -4656.8589567260487
  ],
  "num_iteration": 1000,
  "num_modalities": 4,
  "num_topics": 7,
  "total_liklihood": -33009.615673701352
}
