{
  "modality_liklihoods": [
    -14986.151733210127,
    -13208.059207577742,
    -946.18455849198506,
    -4635.9019880901751
  ],
  "num_iteration": 1000,
  "num_modalities": 4,
  "num_topics": 7,
  "total_liklihood": -33776.29748737003
}
