{
  "modality_liklihoods": [
    -14863.886533503797,
    -13193.324237452554,
    -941.38085790289256,
    -4655.6786210415821
  ],
  "num_iteration": 1000,
  "num_modalities": 4,
  "num_topics": 7,
  "total_liklihood": -33654.270249900823
}
