{
  "modality_liklihoods": [
    -14060.548234698106,
    -13210.121017058473,
    -947.96570191330431,
    -4642.870534063708
  ],
  "num_iteration": 1000,
  "num_modalities": 4,
  "num_topics": 7,
  "total_liklihood": -32861.505487733593
}
