{
  "modality_liklihoods": [
    -14115.146601120396,
    -13261.348102908083,
    -941.67159222124235,
    -4649.9375879495356
  ],
  "num_iteration": 1000,
  "num_modalities": 4,
  "num_topics": 7,
  "total_liklihood": -32968.103884199256
}
