{
  "modality_liklihoods": [
    -14432.668834869599,
    -13234.593338712335,
    -940.54382061423678,
    -4646.2986963152771
  ],
  "num_iteration": 1000,
  "num_modalities": 4,
  "num_topics": 7,
  "total_liklihood": -33254.104690511449
}
