{
  "modality_liklihoods": [
    -13997.860831114836,
    -13259.736499914898,
    -937.8606332233303,
    -4647.5848497922316
  ],
  "num_iteration": 1000,
  "num_modalities": 4,
  "num_topics": 7,
  "total_liklihood": -32843.0428140453
}
