{
  "modality_liklihoods": [
    -14051.359531600932,
    -13228.768612844022,
    -940.69083572406123,
    -4669.4753548682593
  ],
  "num_iteration": 1000,
  "num_modalities": 4,
  "num_topics": 7,
  "total_liklihood": -32890.294335037273
}
