{
  "modality_liklihoods": [
    -13347.701876889363,
    -13214.668529454371,
    -938.83852565507073,
    -4654.1987564405699
  ],
  "num_iteration": 1000,
  "num_modalities": 4,
  "num_topics": 7,
  "total_liklihood": -32155.407688439373
}
