{
  "modality_liklihoods": [
    -14003.70955073923,
    -13247.544533306778,
    -939.18679359361124,
    -4671.3298693543147
  ],
  "num_iteration": 1000,
  "num_modalities": 4,
  "num_topics": 7,
  "total_liklihood": -32861.770746993934
}
