{
  "modality_liklihoods": [
    -14299.348905772884,
    -13232.655823855257,
    -936.84251046817758,
    -4644.3382748182512
  ],
  "num_iteration": 1000,
  "num_modalities": 4,
  "num_topics": 7,
  "total_liklihood": -33113.18551491457
}
