{
  "modality_liklihoods": [
    -14070.3186536421,
    -13298.300749510188,
    -931.77466178559314,
    -4630.1699794169899
  ],
  "num_iteration": 1000,
  "num_modalities": 4,
  "num_topics": 7,
  "total_liklihood": -32930.564044354869
}
