{
  "modality_liklihoods": [
    -12573.819884874145,
    -13296.008667310016,
    -939.81291677195804,
    -4646.5306851116402
  ],
  "num_iteration": 1000,
  "num_modalities": 4,
  "num_topics": 7,
  "total_liklihood": -31456.172154067761
}
