{
  "modality_liklihoods": [
    -14106.78158747079,
    -13264.223850413378,
    -942.65452807360691,
    -4654.2760391005495
  ],
  "num_iteration": 1000,
  "num_modalities": 4,
  "num_topics": 7,
  "total_liklihood": -32967.93600505832
}
