{
  "modality_liklihoods": [
    -13873.046314001525,
    -13246.524803546346,
    -941.88295201184758,
    -4640.1300746502266
  ],
  "num_iteration": 1000,
  "num_modalities": 4,
  "num_topics": 7,
  "total_liklihood": -32701.584144209948
}
