{
  "modality_liklihoods": [
    -14102.114507399208,
    -13261.352973503594,
    -941.65156271786361,
    -4768.8070177283626
  ],
  "num_iteration": 1000,
  "num_modalities": 4,
  "num_topics": 7,
  "total_liklihood": -33073.926061349026
}
