{
  "modality_liklihoods": [
    -13331.510891316833,
    -13266.487252509583,
    -937.94891770103698,
    -4636.5000406178051
  ],
  "num_iteration": 1000,
  "num_modalities": 4,
  "num_topics": 7,
  "total_liklihood": -32172.447102145255
}
