{
  "modality_liklihoods": [
    -14009.73548049262,
    -13275.831747065824,
    -939.17626553286789,
    -4654.7321124652908
  ],
  "num_iteration": 1000,
  "num_modalities": 4,
  "num_topics": 7,
  "total_liklihood": -32879.475605556603
}
