{
  "modality_liklihoods": [
    -13987.236340486952,
    -13282.374588518538,
    -938.93074208115286,
    -4660.3370422601784
  ],
  "num_iteration": 1000,
  "num_modalities": 4,
  "num_topics": 7,
  "total_liklihood": -32868.878713346821
}
