{
  "modality_liklihoods": [
    -13431.618137101659,
    -13250.818317140169,
    -938.71894624444622,
    -4647.7990517925373
  ],
  "num_iteration": 1000,
  "num_modalities": 4,
  "num_topics": 7,
  "total_liklihood": -32268.954452278813
}
