{
  "modality_liklihoods": [
    -13452.474887141274,
    -13280.869399157853,
    -943.30380685195325,
    -4653.4777302917319
  ],
  "num_iteration": 1000,
  "num_modalities": 4,
  "num_topics": 7,
  "total_liklihood": -32330.125823442813
}
