{
  "modality_liklihoods": [
    -13445.0177081929,
    -13242.440579840357,
    -945.43886832357532,
    -4668.769673993942
  ],
  "num_iteration": 1000,
  "num_modalities": 4,
  "num_topics": 7,
  "total_liklihood": -32301.666830350772
}
