{
  "modality_liklihoods": [
    -14026.456769271057,
    -13249.938797078354,
    -945.81710281929691,
    -4660.0025364950925
  ],
  "num_iteration": 1000,
  "num_modalities": 4,
  "num_topics": 7,
  "total_liklihood": -32882.215205663801
}
