{
  "modality_liklihoods": [
    -13335.130706898646,
    -13281.962368906115,
    -941.46389099868259,
    -4634.3291598092437
  ],
  "num_iteration": 1000,
  "num_modalities": 4,
  "num_topics": 7,
  "total_liklihood": -32192.886126612688
}
