{
  "modality_liklihoods": [
    -13976.02220188255,
    -13261.434964455113,
    -945.25307006188041,
    -4650.8371340561725
  ],
  "num_iteration": 1000,
  "num_modalities": 4,
  "num_topics": 7,
  "total_liklihood": -32833.547370455715
}
