{
  "modality_liklihoods": [
    -13945.279402508015,
    -13280.033014342584,
    -933.77910866821367,
    -4636.3196248280337
  ],
  "num_iteration": 1000,
  "num_modalities": 4,
  "num_topics": 7,
  "total_liklihood": -32795.411150346845
}
