{
  "modality_liklihoods": [
    -14446.527514180169,
    -13295.320065512729,
    -934.89357449570161,
    -4610.2508521864493
  ],
  "num_iteration": 1000,
  "num_modalities": 4,
  "num_topics": 7,
  "total_liklihood": -33286.992006375047
}
