{
  "modality_liklihoods": [
    -14160.600276216155,
    -13267.710812513187,
    -945.16481863293484,
    -4670.0834422120151
  ],
  "num_iteration": 1000,
  "num_modalities": 4,
  "num_topics": 7,
  "total_liklihood": -33043.559349574294
}
