{
  "modality_liklihoods": [
    -13938.021716806305,
    -13292.888522962099,
    -936.80859466857339,
    -4640.3377638009742
  ],
  "num_iteration": 1000,
  "num_modalities": 4,
  "num_topics": 7,
  "total_liklihood": -32808.056598237956
}
