{
  "modality_liklihoods": [
    -14060.854489958505,
    -13236.64278403762,
    -948.36134452061231,
    -4731.6407629783362
  ],
  "num_iteration": 1000,
  "num_modalities": 4,
  "num_topics": 7,
  "total_liklihood": -32977.499381495072
}
