{
  "modality_liklihoods": [
    -13363.969980384396,
    -13260.856611523857,
    -949.47023974594401,
    -4640.0231351240036
  ],
  "num_iteration": 1000,
  "num_modalities": 4,
  "num_topics": 7,
  "total_liklihood": -32214.319966778203
}
