{
  "modality_liklihoods": [
    -14176.019223809999,
    -13253.032503329287,
    -935.4322705090899,
    -4612.6160200212016
  ],
  "num_iteration": 1000,
  "num_modalities": 4,
  "num_topics": 7,
  "total_liklihood": -32977.100017669574
}
