{
  "modality_liklihoods": [
    -14443.826943415037,
    -13282.970683081297,
    -943.3423588714586,
    -4627.9311898038932
  ],
  "num_iteration": 1000,
  "num_modalities": 4,
  "num_topics": 7,
  "total_liklihood": -33298.071175171688
}
