{
  "modality_liklihoods": [
    -14636.213562423412,
    -13267.489627392752,
    -940.11886760977904,
    -4606.1927935914919
  ],
  "num_iteration": 1000,
  "num_modalities": 4,
  "num_topics": 7,
  "total_liklihood": -33450.01485101744
}
