{
  "modality_liklihoods": [
    -13668.827317255736,
    -13326.574010636645,
    -949.21840763515286,
    -4647.4422031395379
  ],
  "num_iteration": 1000,
  "num_modalities": 4,
  "num_topics": 7,
  "total_liklihood": -32592.06193866707
}
