{
  "modality_liklihoods": [
    -14082.727401240503,
    -13288.908451522688,
    -940.19947264424502,
    -4621.2496598760135
  ],
  "num_iteration": 1000,
  "num_modalities": 4,
  "num_topics": 7,
  "total_liklihood": -32933.084985283451
}
