{
  "modality_liklihoods": [
    -13779.200985754147,
    -13267.497561819986,
    -944.18915668829186,
    -4626.011236225605
  ],
  "num_iteration": 1000,
  "num_modalities": 4,
  "num_topics": 7,
  "total_liklihood": -32616.898940488027
}
