{
  "modality_liklihoods": [
    -13920.53744564047,
    -13294.572772082962,
    -943.73978145875265,
    -4616.4223036545827
  ],
  "num_iteration": 1000,
  "num_modalities": 4,
  "num_topics": 7,
  "total_liklihood": -32775.272302836769
}
