{
  "modality_liklihoods": [
    -14312.024322520721,
    -13207.969904383281,
    -936.32274434360465,
    -4714.2497533034602
  ],
  "num_iteration": 1000,
  "num_modalities": 4,
  "num_topics": 7,
  "total_liklihood": -33170.56672455107
}
