{
  "modality_liklihoods": [
    -14183.430826685606,
    -13255.846563351704,
    -938.39048490573009,
    -4646.4434761413868
  ],
  "num_iteration": 1000,
  "num_modalities": 4,
  "num_topics": 7,
  "total_liklihood": -33024.11135108443
}
