{
  "modality_liklihoods": [
    -14340.711133427563,
    -13297.258233694998,
    -936.41868695310268,
    -4650.6883897357857
  ],
  "num_iteration": 1000,
  "num_modalities": 4,
  "num_topics": 7,
  "total_liklihood": -33225.076443811449
}
