{
  "modality_liklihoods": [
    -13919.414835260572,
    -13223.220254737464,
    -936.09442552717462,
    -4591.1123038030064
  ],
  "num_iteration": 1000,
  "num_modalities": 4,
  "num_topics": 7,
  "total_liklihood": -32669.841819328216
}
