{
  "modality_liklihoods": [
    -13984.628198310276,
    -13210.933528463269,
    -948.48920798779443,
    -4619.256083164968
  ],
  "num_iteration": 1000,
  "num_modalities": 4,
  "num_topics": 7,
  "total_liklihood": -32763.307017926305
}
