{
  "modality_liklihoods": [
    -13526.273937660544,
    -13234.059504155479,
    -946.230172119126,
    -4623.3067534668253
  ],
  "num_iteration": 1000,
  "num_modalities": 4,
  "num_topics": 7,
  "total_liklihood": -32329.870367401974
}
