{
  "modality_liklihoods": [
    -13853.244085184808,
    -13266.69467081633,
    -935.38853028581173,
    -4631.7667177355906
  ],
  "num_iteration": 1000,
  "num_modalities": 4,
  "num_topics": 7,
  "total_liklihood": -32687.09400402254
}
