{
  "modality_liklihoods": [
    -13246.192531285855,
    -13272.925161518922,
    -935.75294726642767,
    -4612.0520165076614
  ],
  "num_iteration": 1000,
  "num_modalities": 4,
  "num_topics": 7,
  "total_liklihood": -32066.92265657887
}
