{
  "modality_liklihoods": [
    -14036.281482857165,
    -13279.555058356764,
    -937.53380589581297,
    -4615.9245526101049
  ],
  "num_iteration": 1000,
  "num_modalities": 4,
  "num_topics": 7,
  "total_liklihood": -32869.294899719847
}
