{
  "modality_liklihoods": [
    -14164.454584000528,
    -13280.410647626593,
    -945.19954548382634,
    -4631.2232011616916
  ],
  "num_iteration": 1000,
  "num_modalities": 4,
  "num_topics": 7,
  "total_liklihood": -33021.287978272638
}
