{
  "modality_liklihoods": [
    -14100.008454708861,
    -13291.455014708588,
    -938.55960416706409,
    -4610.5339887809114
  ],
  "num_iteration": 1000,
  "num_modalities": 4,
  "num_topics": 7,
  "total_liklihood": -32940.557062365428
}
