{
  "modality_liklihoods": [
    -14492.667527776312,
    -13251.305501270945,
    -938.10544277655106,
    -4627.1309255899896
  ],
  "num_iteration": 1000,
  "num_modalities": 4,
  "num_topics": 7,
  "total_liklihood": -33309.209397413797
}
