{
  "modality_liklihoods": [
    -13607.004249638563,
    -13238.546308425246,
    -946.24103064773283,
    -4629.8169039533268
  ],
  "num_iteration": 1000,
  "num_modalities": 4,
  "num_topics": 7,
  "total_liklihood": -32421.608492664869
}
