{
  "modality_liklihoods": [
    -13529.339458307282,
    -13252.754716322281,
    -942.46157709049885,
    -4648.5127867748297
  ],
  "num_iteration": 1000,
  "num_modalities": 4,
  "num_topics": 7,
  "total_liklihood": -32373.068538494896
}
