{
  "modality_liklihoods": [
    -13402.286512497521,
    -13232.589125419141,
    -940.4248314409316,
    -4637.2118148178861
  ],
  "num_iteration": 1000,
  "num_modalities": 4,
  "num_topics": 7,
  "total_liklihood": -32212.512284175478
}
