{
  "modality_liklihoods": [
    -13308.633397828889,
    -13256.85377502582,
    -934.40434025620209,
    -4629.6094990885495
  ],
  "num_iteration": 1000,
  "num_modalities": 4,
  "num_topics": 7,
  "total_liklihood": -32129.50101219946
}
