{
  "modality_liklihoods": [
    -14075.894895538982,
    -13229.372842004665,
    -937.38360746192961,
    -4660.7273180797811
  ],
  "num_iteration": 1000,
  "num_modalities": 4,
  "num_topics": 7,
  "total_liklihood": -32903.378663085357
}
