{
  "modality_liklihoods": [
    -14308.400242031345,
    -13254.568383939712,
    -937.40073567642355,
    -4635.6541990858186
  ],
  "num_iteration": 1000,
  "num_modalities": 4,
  "num_topics": 7,
  "total_liklihood": -33136.023560733302
}
