{
  "modality_liklihoods": [
    -14184.625074595566,
    -13278.166347263061,
    -936.34839634904506,
    -4632.5762160077429
  ],
  "num_iteration": 1000,
  "num_modalities": 4,
  "num_topics": 7,
  "total_liklihood": -33031.716034215409
}
