{
  "modality_liklihoods": [
    -14209.76143457834,
    -13246.786342853246,
    -931.96824906345046,
    -4636.2334572909058
  ],
  "num_iteration": 1000,
  "num_modalities": 4,
  "num_topics": 7,
  "total_liklihood": -33024.749483785941
}
