{
  "modality_liklihoods": [
    -13994.509976928235,
    -13215.809610512546,
    -937.83743111328226,
    -4576.5715840481735
  ],
  "num_iteration": 1000,
  "num_modalities": 4,
  "num_topics": 7,
  "total_liklihood": -32724.728602602241
}
