{
  "modality_liklihoods": [
    -14582.813703671596,
    -13235.812644635325,
    -946.67883798783737,
    -4712.2288740811109
  ],
  "num_iteration": 1000,
  "num_modalities": 4,
  "num_topics": 7,
  "total_liklihood": -33477.534060375867
}
