{
  "modality_liklihoods": [
    -14443.311467372245,
    -13217.037032326713,
    -939.83888537142684,
    -4741.9070634602067
  ],
  "num_iteration": 1000,
  "num_modalities": 4,
  "num_topics": 7,
  "total_liklihood": -33342.094448530595
}
