{
  "modality_liklihoods": [
    -14147.777351858742,
    -13225.602167661373,
    -941.18028489551216,
    -4613.9359770517285
  ],
  "num_iteration": 1000,
  "num_modalities": 4,
  "num_topics": 7,
  "total_liklihood": -32928.495781467354
}
