{
  "modality_liklihoods": [
    -13934.932032732897,
    -13251.687260163157,
    -939.71967238268371,
    -4648.0081732410681
  ],
  "num_iteration": 1000,
  "num_modalities": 4,
  "num_topics": 7,
  "total_liklihood": -32774.347138519806
}
