{
  "modality_liklihoods": [
    -11985.108820971325,
    -13265.117340490289,
    -945.5823976553138,
    -4640.6867501712586
  ],
  "num_iteration": 1000,
  "num_modalities": 4,
  "num_topics": 7,
  "total_liklihood": -30836.495309288188
}
