{
  "modality_liklihoods": [
    -13216.419634666901,
    -13272.886435025484,
    -947.57184531624853,
    -4635.7061131532919
  ],
  "num_iteration": 1000,
  "num_modalities": 4,
  "num_topics": 7,
  "total_liklihood": -32072.584028161924
}
