{
  "modality_liklihoods": [
    -13877.659560725997,
    -13258.066253165855,
    -936.38453658049423,
    -4618.4391061253245
  ],
  "num_iteration": 1000,
  "num_modalities": 4,
  "num_topics": 7,
  "total_liklihood": -32690.54945659767
}
