{
  "modality_liklihoods": [
    -14258.849368521118,
    -13227.427190802302,
    -938.88575104980214,
    -4626.1113460242204
  ],
  "num_iteration": 1000,
  "num_modalities": 4,
  "num_topics": 7,
  "total_liklihood": -33051.273656397447
}
