{
  "modality_liklihoods": [
    -13475.599044916342,
    -13276.507864290468,
    -937.65999224761185,
    -4638.8948073696756
  ],
  "num_iteration": 1000,
  "num_modalities": 4,
  "num_topics": 7,
  "total_liklihood": -32328.661708824096
}
