{
  "modality_liklihoods": [
    -13890.482907267984,
    -13229.015552851508,
    -941.08399919801172,
    -4708.451030983596
  ],
  "num_iteration": 1000,
  "num_modalities": 4,
  "num_topics": 7,
  "total_liklihood": -32769.033490301095
}
