{
  "modality_liklihoods": [
    -14055.79331307042,
    -13240.610914994479,
    -944.2638567542507,
    -4638.8782864430596
  ],
  "num_iteration": 1000,
  "num_modalities": 4,
  "num_topics": 7,
  "total_liklihood": -32879.546371262208
}
