{
  "modality_liklihoods": [
    -13537.008296825268,
    -13326.36335580561,
    -931.74022514911189,
    -4634.3621851263215
  ],
  "num_iteration": 1000,
  "num_modalities": 4,
  "num_topics": 7,
  "total_liklihood": -32429.474062906309
}
