{
  "modality_liklihoods": [
    -14041.39568401515,
    -13254.914622372558,
    -939.85561118915405,
    -4652.2732825773865
  ],
  "num_iteration": 1000,
  "num_modalities": 4,
  "num_topics": 7,
  "total_liklihood": -32888.439200154251
}
