{
  "modality_liklihoods": [
    -12556.699974617773,
    -13287.580143246452,
    -938.95151801089457,
    -4612.9030846818769
  ],
  "num_iteration": 1000,
  "num_modalities": 4,
  "num_topics": 7,
  "total_liklihood": -31396.134720556998
}
