{
  "modality_liklihoods": [
    -14038.422275315137,
    -13234.383747586289,
    -939.15082704436259,
    -4659.0837804822513
  ],
  "num_iteration": 1000,
  "num_modalities": 4,
  "num_topics": 7,
  "total_liklihood": -32871.04063042804
}
