{
  "modality_liklihoods": [
    -14162.486036984481,
    -13250.377298905067,
    -933.47286540234165,
    -4650.3011834497102
  ],
  "num_iteration": 1000,
  "num_modalities": 4,
  "num_topics": 7,
  "total_liklihood": -32996.637384741596
}
