{
  "modality_liklihoods": [
    -13439.024766678067,
    -13248.542840030017,
    -940.52796009802671,
    -4698.447099936634
  ],
  "num_iteration": 1000,
  "num_modalities": 4,
  "num_topics": 7,
  "total_liklihood": -32326.542666742749
}
