{
  "modality_liklihoods": [
    -13764.330070694978,
    -13260.85858755652,
    -941.04471003528204,
    -4623.0173031479007
  ],
  "num_iteration": 1000,
  "num_modalities": 4,
  "num_topics": 7,
  "total_liklihood": -32589.250671434682
}
