{
  "modality_liklihoods": [
    -13965.400810132956,
    -13275.457018068246,
    -936.43095280707234,
    -4636.0012330098543
  ],
  "num_iteration": 1000,
  "num_modalities": 4,
  "num_topics": 7,
  "total_liklihood": -32813.29001401813
}
