{
  "modality_liklihoods": [
    -13503.834325951635,
    -13266.786866249528,
    -945.7926440203604,
    -4694.8654907202672
  ],
  "num_iteration": 1000,
  "num_modalities": 4,
  "num_topics": 7,
  "total_liklihood": -32411.279326941789
}
