{
  "modality_liklihoods": [
    -14112.286272875688,
    -13208.303391255786,
    -937.64615504190397,
    -4675.0165499372497
  ],
  "num_iteration": 1000,
  "num_modalities": 4,
  "num_topics": 7,
  "total_liklihood": -32933.252369110633
}
