{
  "modality_liklihoods": [
    -13992.093495867864,
    -13264.06653396635,
    -935.65166632580053,
    -4675.0958096999875
  ],
  "num_iteration": 1000,
  "num_modalities": 4,
  "num_topics": 7,
  "total_liklihood": -32866.907505860006
}
