{
  "modality_liklihoods": [
    -14133.559110144037,
    -13215.628625868676,
    -944.17897499421849,
    -4691.605599434899
  ],
  "num_iteration": 1000,
  "num_modalities": 4,
  "num_topics": 7,
  "total_liklihood": -32984.97231044183
}
