{
  "modality_liklihoods": [
    -13580.287596144901,
    -13276.775629106525,
    -941.33236176228706,
    -4651.4525883763499
  ],
  "num_iteration": 1000,
  "num_modalities": 4,
  "num_topics": 7,
  "total_liklihood": -32449.848175390063
}
