{
  "modality_liklihoods": [
    -13975.131830568987,
    -13287.273327116116,
    -937.73069768255061,
    -4589.3920058876029
  ],
  "num_iteration": 1000,
  "num_modalities": 4,
  "num_topics": 7,
  "total_liklihood": -32789.527861255257
}
