{
  "modality_liklihoods": [
    -12974.787556531273,
    -13250.730528742843,
    -939.94083290812125,
    -4607.6616224885829
  ],
  "num_iteration": 1000,
  "num_modalities": 4,
  "num_topics": 7,
  "total_liklihood": -31773.120540670821
}
