{
  "modality_liklihoods": [
    -13757.479817036137,
    -13214.238887742007,
    -939.15743131072236,
    -4690.4695586643802
  ],
  "num_iteration": 1000,
  "num_modalities": 4,
  "num_topics": 7,
  "total_liklihood": -32601.345694753247
}
