{
  "modality_liklihoods": [
    -13243.479315267859,
    -13282.717101261665,
    -938.06063808861097,
    -4631.7528726471219
  ],
  "num_iteration": 1000,
  "num_modalities": 4,
  "num_topics": 7,
  "total_liklihood": -32096.009927265255
}
