{
  "modality_liklihoods": [
    -13392.379188619343,
    -13273.848999130454,
    -947.85023312625628,
    -4644.2683534099251
  ],
  "num_iteration": 1000,
  "num_modalities": 4,
  "num_topics": 7,
  "total_liklihood": -32258.346774285979
}
