{
  "modality_liklihoods": [
    -15026.148688120291,
    -13205.19050316535,
    -937.83549971915818,
    -4653.2831542833092
  ],
  "num_iteration": 1000,
  "num_modalities": 4,
  "num_topics": 7,
  "total_liklihood": -33822.457845288103
}
