{
  "modality_liklihoods": [
    -14550.653060959299,
    -13271.37447851823,
    -936.10174889977736,
    -4660.829798029491
  ],
  "num_iteration": 1000,
  "num_modalities": 4,
  "num_topics": 7,
  "total_liklihood": -33418.959086406801
}
