{
  "modality_liklihoods": [
    -13344.30752354865,
    -13242.622954444294,
    -945.18254376158029,
    -4668.051690348233
  ],
  "num_iteration": 1000,
  "num_modalities": 4,
  "num_topics": 7,
  "total_liklihood": -32200.164712102756
}
