{
  "modality_liklihoods": [
    -14344.476659220698,
    -13237.587939971991,
    -940.42799170926139,
    -4623.8902642619969
  ],
  "num_iteration": 1000,
  "num_modalities": 4,
  "num_topics": 7,
  "total_liklihood": -33146.382855163945
}
