{
  "modality_liklihoods": [
    -14090.887938722548,
    -13277.623571557082,
    -942.27852094289869,
    -4624.7705430462856
  ],
  "num_iteration": 1000,
  "num_modalities": 4,
  "num_topics": 7,
  "total_liklihood": -32935.560574268813
}
