{
  "modality_liklihoods": [
    -13307.921416946092,
    -13298.750958541539,
    -952.60421657051234,
    -4605.0387025599966
  ],
  "num_iteration": 1000,
  "num_modalities": 4,
  "num_topics": 7,
  "total_liklihood": -32164.315294618136
}
