{
  "modality_liklihoods": [
    -13779.077844482545,
    -13288.087588829076,
    -937.67103329419706,
    -4632.0386473157605
  ],
  "num_iteration": 1000,
  "num_modalities": 4,
  "num_topics": 7,
  "total_liklihood": -32636.875113921578
}
