{
  "modality_liklihoods": [
    -14578.981994720501,
    -13228.894153530588,
    -940.57151074052103,
    -4672.4790289652155
  ],
  "num_iteration": 1000,
  "num_modalities": 4,
  "num_topics": 7,
  "total_liklihood": -33420.926687956824
}
