{
  "modality_liklihoods": [
    -13697.597308985027,
    -13276.936007169796,
    -939.3703945671142,
    -4678.7330478774275
  ],
  "num_iteration": 1000,
  "num_modalities": 4,
  "num_topics": 7,
  "total_liklihood": -32592.636758599365
}
