{
  "modality_liklihoods": [
    -13521.754623697892,
    -13240.201663557238,
    -940.15076352404253,
    -4660.0536150190901
  ],
  "num_iteration": 1000,
  "num_modalities": 4,
  "num_topics": 7,
  "total_liklihood": -32362.160665798263
}
