{
  "modality_liklihoods": [
    -14022.344096061646,
    -13289.327374380971,
    -940.84293294845224,
    -4625.0431727757887
  ],
  "num_iteration": 1000,
  "num_modalities": 4,
  "num_topics": 7,
  "total_liklihood": -32877.557576166859
}
