{
  "modality_liklihoods": [
    -14024.111627748991,
    -13294.670601744188,
    -941.49145379387824,
    -4665.719458343392
  ],
  "num_iteration": 1000,
  "num_modalities": 4,
  "num_topics": 7,
  "total_liklihood": -32925.993141630446
}
