{
  "modality_liklihoods": [
    -13838.10500522976,
    -13274.250793093046,
    -937.48200135477475,
    -4643.8924420667126
  ],
  "num_iteration": 1000,
  "num_modalities": 4,
  "num_topics": 7,
  "total_liklihood": -32693.730241744295
}
