{
  "modality_liklihoods": [
    -13525.766004388608,
    -13281.555458369663,
    -950.4827660910089,
    -4606.7905036186166
  ],
  "num_iteration": 1000,
  "num_modalities": 4,
  "num_topics": 7,
  "total_liklihood": -32364.594732467896
}
