{
  "modality_liklihoods": [
    -13823.84048337383,
    -13261.346025719353,
    -944.83162899926958,
    -4647.1225867273988
  ],
  "num_iteration": 1000,
  "num_modalities": 4,
  "num_topics": 7,
  "total_liklihood": -32677.140724819852
}
