{
  "modality_liklihoods": [
    -14679.05594518989,
    -13298.702487655592,
    -943.21703724864881,
    -4646.0313349567905
  ],
  "num_iteration": 1000,
  "num_modalities": 4,
  "num_topics": 7,
  "total_liklihood": -33567.006805050922
}
