{
  "modality_liklihoods": [
    -13955.348962676984,
    -13270.781635160261,
    -942.7956465395921,
    -4660.378023344565
  ],
  "num_iteration": 1000,
  "num_modalities": 4,
  "num_topics": 7,
  "total_liklihood": -32829.304267721403
}
