{
  "modality_liklihoods": [
    -14115.492117932772,
    -13205.591641801368,
    -943.26409446703087,
    -4655.5826509837834
  ],
  "num_iteration": 1000,
  "num_modalities": 4,
  "num_topics": 7,
  "total_liklihood": -32919.930505184951
}
