{
  "modality_liklihoods": [
    -13602.596737005721,
    -13276.649412601169,
    -931.07746760891871,
    -4624.6456703391286
  ],
  "num_iteration": 1000,
  "num_modalities": 4,
  "num_topics": 7,
  "total_liklihood": -32434.969287554937
}
