{
  "modality_liklihoods": [
    -13785.787716192681,
    -13273.455383517208,
    -942.71007744151507,
    -4598.0235009623721
  ],
  "num_iteration": 1000,
  "num_modalities": 4,
  "num_topics": 7,
  "total_liklihood": -32599.976678113777
}
