{
  "modality_liklihoods": [
    -13125.594968305668,
    -13233.931230627168,
    -944.1149226052637,
    -4684.6253241915992
  ],
  "num_iteration": 1000,
  "num_modalities": 4,
  "num_topics": 7,
  "total_liklihood": -31988.266445729696
}
