{
  "modality_liklihoods": [
    -13390.003030395039,
    -13295.635052132684,
    -931.66008061053765,
    -4736.4831881876835
  ],
  "num_iteration": 1000,
  "num_modalities": 4,
  "num_topics": 7,
  "total_liklihood": -32353.781351325946
}
