{
  "modality_liklihoods": [
    -13550.133635397915,
    -13268.66606566995,
    -943.58901943097453,
    -4635.8357646201421
  ],
  "num_iteration": 1000,
  "num_modalities": 4,
  "num_topics": 7,
  "total_liklihood": -32398.224485118983
}
