{
  "modality_liklihoods": [
    -14502.64364754614,
    -13259.897458150168,
    -943.16492054477101,
    -4637.6098257681015
  ],
  "num_iteration": 1000,
  "num_modalities": 4,
  "num_topics": 7,
  "total_liklihood": -33343.315852009182
}
