{
  "modality_liklihoods": [
    -13552.20652391029,
    -13269.429498462452,
    -939.70513963397718,
    -4666.1740572217705
  ],
  "num_iteration": 1000,
  "num_modalities": 4,
  "num_topics": 7,
  "total_liklihood": -32427.515219228491
}
