{
  "modality_liklihoods": [
    -14541.156107102446,
    -13295.875389879855,
    -940.33639980492933,
    -4679.7603529946955
  ],
  "num_iteration": 1000,
  "num_modalities": 4,
  "num_topics": 7,
  "total_liklihood": -33457.128249781927
}
