{
  "modality_liklihoods": [
    -13907.166159076965,
    -13247.29197539403,
    -936.06193209398282,
    -4656.5787052314909
  ],
  "num_iteration": 1000,
  "num_modalities": 4,
  "num_topics": 7,
  "total_liklihood": -32747.098771796471
}
