{
  "modality_liklihoods": [
    -14120.207837473125,
    -13222.87810526137,
    -945.24679662435972,
    -4705.6753972854194
  ],
  "num_iteration": 1000,
  "num_modalities": 4,
  "num_topics": 7,
  "total_liklihood": -32994.008136644276
}
