{
  "modality_liklihoods": [
    -13978.133246967367,
    -13267.068595636742,
    -934.80325479866349,
    -4591.9054377452594
  ],
  "num_iteration": 1000,
  "num_modalities": 4,
  "num_topics": 7,
  "total_liklihood": -32771.910535148032
}
