{
  "modality_liklihoods": [
    -14064.389286771258,
    -13266.61110168827,
    -939.48643246030849,
    -4664.8568574687897
  ],
  "num_iteration": 1000,
  "num_modalities": 4,
  "num_topics": 7,
  "total_liklihood": -32935.343678388628
}
