{
  "modality_liklihoods": [
    -13832.341589338608,
    -13248.730468958367,
    -937.02097945403796,
    -4677.0526977302015
  ],
  "num_iteration": 1000,
  "num_modalities": 4,
  "num_topics": 7,
  "total_liklihood": -32695.145735481216
}
