{
  "modality_liklihoods": [
    -13873.416364979565,
    -13302.872511956542,
    -944.88012272398919,
    -4706.9372155232886
  ],
  "num_iteration": 1000,
  "num_modalities": 4,
  "num_topics": 7,
  "total_liklihood": -32828.10621518339
}
