{
  "modality_liklihoods": [
    -14313.021061610254,
    -13259.869949966589,
    -933.00102509742442,
    -4633.6354814146007
  ],
  "num_iteration": 1000,
  "num_modalities": 4,
  "num_topics": 7,
  "total_liklihood": -33139.527518088871
}
