{
  "modality_liklihoods": [
    -14488.301950365427,
    -13271.937307903509,
    -933.16078227142907,
    -4619.6801828496618
  ],
  "num_iteration": 1000,
  "num_modalities": 4,
  "num_topics": 7,
  "total_liklihood": -33313.080223390025
}
