{
  "modality_liklihoods": [
    -11961.548045743921,
    -13261.286049920849,
    -942.54941383596076,
    -4676.0743154556021
  ],
  "num_iteration": 1000,
  "num_modalities": 4,
  "num_topics": 7,
  "total_liklihood": -30841.457824956335
}
