{
  "modality_liklihoods": [
    -13924.658522230373,
    -13236.456424989581,
    -940.35742536915893,
    -4646.8128092371908
  ],
  "num_iteration": 1000,
  "num_modalities": 4,
  "num_topics": 7,
  "total_liklihood": -32748.285181826304
}
