{
  "modality_liklihoods": [
    -13864.053175830299,
    -13267.081839906572,
    -937.61738642803596,
    -4638.4261666489811
  ],
  "num_iteration": 1000,
  "num_modalities": 4,
  "num_topics": 7,
  "total_liklihood": -32707.178568813888
}
