{
  "modality_liklihoods": [
    -14928.690642646707,
    -13227.914313608806,
    -935.46913681679382,
    -4669.7436355269629
  ],
  "num_iteration": 1000,
  "num_modalities": 4,
  "num_topics": 7,
  "total_liklihood": -33761.817728599272
}
