{
  "modality_liklihoods": [
    -14483.991800592152,
    -13198.796887157174,
    -938.42819054818597,
    -4732.2329886525358
  ],
  "num_iteration": 1000,
  "num_modalities": 4,
  "num_topics": 7,
  "total_liklihood": -33353.449866950046
}
