{
  "modality_liklihoods": [
    -14527.251002138364,
    -13243.784729019137,
    -941.92560808991459,
    -4676.8320732826178
  ],
  "num_iteration": 1000,
  "num_modalities": 4,
  "num_topics": 7,
  "total_liklihood": -33389.793412530031
}
