{
  "modality_liklihoods": [
    -13806.789598840047,
    -13287.165993596143,
    -935.971642367816,
    -4587.5532309221971
  ],
  "num_iteration": 1000,
  "num_modalities": 4,
  "num_topics": 7,
  "total_liklihood": -32617.480465726203
}
