{
  "modality_liklihoods": [
    -14035.4643759262,
    -13231.341408333286,
    -939.30731350010205,
    -4657.3329609070834
  ],
  "num_iteration": 1000,
  "num_modalities": 4,
  "num_topics": 7,
  "total_liklihood": -32863.446058666676
}
