{
  "modality_liklihoods": [
    -13874.512957611098,
    -13238.969770260797,
    -939.3160513107515,
    -4631.5053180623845
  ],
  "num_iteration": 1000,
  "num_modalities": 4,
  "num_topics": 7,
  "total_liklihood": -32684.304097245029
}
