{
  "modality_liklihoods": [
    -13926.441734996424,
    -13264.631430094065,
    -938.8271529734451,
    -4631.4089503855912
  ],
  "num_iteration": 1000,
  "num_modalities": 4,
  "num_topics": 7,
  "total_liklihood": -32761.309268449524
}
