{
  "modality_liklihoods": [
    -13840.631631624756,
    -13240.159853270541,
    -939.02310323845779,
    -4622.9456483068661
  ],
  "num_iteration": 1000,
  "num_modalities": 4,
  "num_topics": 7,
  "total_liklihood": -32642.760236440619
}
