{
  "modality_liklihoods": [
    -13532.886136446834,
    -13232.118418447417,
    -941.55549124332981,
    -4642.2186724502862
  ],
  "num_iteration": 1000,
  "num_modalities": 4,
  "num_topics": 7,
  "total_liklihood": -32348.778718587866
}
