{
  "modality_liklihoods": [
    -13630.742069035508,
    -13282.248116877137,
    -934.53313087999788,
    -4637.691566471568
  ],
  "num_iteration": 1000,
  "num_modalities": 4,
  "num_topics": 7,
  "total_liklihood": -32485.214883264212
}
