{
  "modality_liklihoods": [
    -14024.731593602553,
    -13247.44935385317,
    -934.91771191097837,
    -4623.5511297775038
  ],
  "num_iteration": 1000,
  "num_modalities": 4,
  "num_topics": 7,
  "total_liklihood": -32830.649789144205
}
