{
  "modality_liklihoods": [
    -14022.21942353048,
    -13274.621656921741,
    -941.03733752880544,
    -4689.9794927305711
  ],
  "num_iteration": 1000,
  "num_modalities": 4,
  "num_topics": 7,
  "total_liklihood": -32927.857910711595
}
