{
  "modality_liklihoods": [
    -13930.43008457529,
    -13246.790789507402,
    -937.51349967610906,
    -4667.9842329159937
  ],
  "num_iteration": 1000,
  "num_modalities": 4,
  "num_topics": 7,
  "total_liklihood": -32782.718606674789
}
