{
  "modality_liklihoods": [
    -15034.255374343762,
    -13217.771196595617,
    -942.81545878870156,
    -4672.3692546014881
  ],
  "num_iteration": 1000,
  "num_modalities": 4,
  "num_topics": 7,
  "total_liklihood": -33867.211284329569
}
