{
  "modality_liklihoods": [
    -13785.319666671752,
    -13276.635545006353,
    -948.58730114599655,
    -4624.4566968690597
  ],
  "num_iteration": 1000,
  "num_modalities": 4,
  "num_topics": 7,
  "total_liklihood": -32634.99920969316
}
