{
  "modality_liklihoods": [
    -14103.408377099575,
    -13211.114307530352,
    -945.49436170029094,
    -4708.5957033398063
  ],
  "num_iteration": 1000,
  "num_modalities": 4,
  "num_topics": 7,
  "total_liklihood": -32968.612749670021
}
