{
  "modality_liklihoods": [
    -14177.686834969074,
    -13262.963998648594,
    -949.13738828034172,
    -4660.1974867000981
  ],
  "num_iteration": 1000,
  "num_modalities": 4,
  "num_topics": 7,
  "total_liklihood": -33049.985708598113
}
