{
  "modality_liklihoods": [
    -14030.854912439219,
    -13273.684033490559,
    -939.20293901237937,
    -4646.8884521911923
  ],
  "num_iteration": 1000,
  "num_modalities": 4,
  "num_topics": 7,
  "total_liklihood": -32890.630337133349
}
