{
  "modality_liklihoods": [
    -14025.567897795254,
    -13257.91952252531,
    -937.43360159528072,
    -4666.0004172249337
  ],
  "num_iteration": 1000,
  "num_modalities": 4,
  "num_topics": 7,
  "total_liklihood": -32886.921439140773
}
