{
  "modality_liklihoods": [
    -12807.389656950374,
    -13295.104977476276,
    -940.01436073344689,
    -4573.920763951699
  ],
  "num_iteration": 1000,
  "num_modalities": 4,
  "num_topics": 7,
  "total_liklihood": -31616.429759111794
}
