{
  "modality_liklihoods": [
    -13135.837582918532,
    -13297.437674473869,
    -938.82760177059413,
    -4600.9292607058833
  ],
  "num_iteration": 1000,
  "num_modalities": 4,
  "num_topics": 7,
  "total_liklihood": -31973.032119868876
}
