{
  "modality_liklihoods": [
    -14610.645516615448,
    -13278.229308927406,
    -943.09496385343448,
    -4615.3844428094235
  ],
  "num_iteration": 1000,
  "num_modalities": 4,
  "num_topics": 7,
  "total_liklihood": -33447.354232205711
}
