{
  "modality_liklihoods": [
    -13913.350365578699,
    -13234.393415781473,
    -939.42416655906084,
    -4618.7727642568507
  ],
  "num_iteration": 1000,
  "num_modalities": 4,
  "num_topics": 7,
  "total_liklihood": -32705.940712176081
}
