{
  "modality_liklihoods": [
    -13084.951643159266,
    -13243.554315125599,
    -942.10441761796983,
    -4588.9649112320512
  ],
  "num_iteration": 1000,
  "num_modalities": 4,
  "num_topics": 7,
  "total_liklihood": -31859.575287134885
}
