{
  "modality_liklihoods": [
    -13686.815261519767,
    -13294.172624177269,
    -942.87693115337197,
    -4629.1875467459704
  ],
  "num_iteration": 1000,
  "num_modalities": 4,
  "num_topics": 7,
  "total_liklihood": -32553.052363596376
}
