{
  "modality_liklihoods": [
    -14134.794691886962,
    -13273.877623546176,
    -940.22568620799245,
    -4672.1398500806436
  ],
  "num_iteration": 1000,
  "num_modalities": 4,
  "num_topics": 7,
  "total_liklihood": -33021.037851721776
}
