{
  "modality_liklihoods": [
    -13328.72615186538,
    -13307.969879101824,
    -946.25203363670084,
    -4617.3729073772856
  ],
  "num_iteration": 1000,
  "num_modalities": 4,
  "num_topics": 7,
  "total_liklihood": -32200.320971981189
}
