{
  "modality_liklihoods": [
    -13490.845067938229,
    -13241.172908623352,
    -943.56242305589524,
    -4645.6251966597338
  ],
  "num_iteration": 1000,
  "num_modalities": 4,
  "num_topics": 7,
  "total_liklihood": -32321.205596277214
}
