{
  "modality_liklihoods": [
    -13963.483210104776,
    -13250.844738590906,
    -940.35375215978354,
    -4630.1364349529522
  ],
  "num_iteration": 1000,
  "num_modalities": 4,
  "num_topics": 7,
  "total_liklihood": -32784.818135808418
}
