{
  "modality_liklihoods": [
    -13911.956583165767,
    -13288.251855098333,
    -940.57916699294822,
    -4623.7296602238557
  ],
  "num_iteration": 1000,
  "num_modalities": 4,
  "num_topics": 7,
  "total_liklihood": -32764.517265480907
}
