{
  "modality_liklihoods": [
    -13793.534984394379,
    -13253.905446152537,
    -943.15403329830053,
    -4710.8451971490549
  ],
  "num_iteration": 1000,
  "num_modalities": 4,
  "num_topics": 7,
  "total_liklihood": -32701.439660994271
}
