{
  "modality_liklihoods": [
    -14724.572770871964,
    -13205.234703319049,
    -944.49257818406738,
    -4663.729997437259
  ],
  "num_iteration": 1000,
  "num_modalities": 4,
  "num_topics": 7,
  "total_liklihood": -33538.03004981234
}
