{
  "modality_liklihoods": [
    -13359.238506847052,
    -13289.569332086472,
    -930.4656519869269,
    -4614.5735545723464
  ],
  "num_iteration": 1000,
  "num_modalities": 4,
  "num_topics": 7,
  "total_liklihood": -32193.847045492799
}
