{
  "modality_liklihoods": [
    -13280.160565090013,
    -13255.645644908393,
    -941.52778944562283,
    -4624.2424859407347
  ],
  "num_iteration": 1000,
  "num_modalities": 4,
  "num_topics": 7,
  "total_liklihood": -32101.576485384765
}
