{
  "modality_liklihoods": [
    -14024.841765772173,
    -13289.519527451421,
    -942.07794324566669,
    -4642.882597699655
  ],
  "num_iteration": 1000,
  "num_modalities": 4,
  "num_topics": 7,
  "total_liklihood": -32899.321834168913
}
