{
  "modality_liklihoods": [
    -14152.927778540979,
    -13280.172081461076,
    -933.59364290530732,
    -4640.2010681777092
  ],
  "num_iteration": 1000,
  "num_modalities": 4,
  "num_topics": 7,
  "total_liklihood": -33006.894571085068
}
