{
  "modality_liklihoods": [
    -13724.76598833093,
    -13279.45069578551,
    -937.02970706912549,
    -4637.5335872680052
  ],
  "num_iteration": 1000,
  "num_modalities": 4,
  "num_topics": 7,
  "total_liklihood": -32578.779978453571
}
