{
  "modality_liklihoods": [
    -13352.969538834745,
    -13274.407890333225,
    -937.84221521272025,
    -4648.9360614062616
  ],
  "num_iteration": 1000,
  "num_modalities": 4,
  "num_topics": 7,
  "total_liklihood": -32214.15570578695
}
