{
  "modality_liklihoods": [
    -13751.476213062127,
    -13276.608357861898,
    -937.08125148390764,
    -4624.1339514240735
  ],
  "num_iteration": 1000,
  "num_modalities": 4,
  "num_topics": 7,
  "total_liklihood": -32589.299773832005
}
