{
  "modality_liklihoods": [
    -13802.944248375794,
    -13276.59912876369,
    -940.03272819203244,
    -4680.5444898355472
  ],
  "num_iteration": 1000,
  "num_modalities": 4,
  "num_topics": 7,
  "total_liklihood": -32700.120595167064
}
