{
  "modality_liklihoods": [
    -12903.844768154213,
    -13267.772189852254,
    -947.87927597343435,
    -4710.2665867886899
  ],
  "num_iteration": 1000,
  "num_modalities": 4,
  "num_topics": 7,
  "total_liklihood": -31829.762820768592
}
