{
  "modality_liklihoods": [
    -13573.881635218515,
    -13203.280783573995,
    -944.45382166639524,
    -4669.3800746423412
  ],
  "num_iteration": 1000,
  "num_modalities": 4,
  "num_topics": 7,
  "total_liklihood": -32390.996315101249
}
