{
  "modality_liklihoods": [
    -13789.748966705212,
    -13294.402444933789,
    -939.83704029566718,
    -4727.0617100200889
  ],
  "num_iteration": 1000,
  "num_modalities": 4,
  "num_topics": 7,
  "total_liklihood": -32751.050161954758
}
