{
  "modality_liklihoods": [
    -14380.267535719862,
    -13304.110662292485,
    -933.99160785326956,
    -4618.9126739474395
  ],
  "num_iteration": 1000,
  "num_modalities": 4,
  "num_topics": 7,
  "total_liklihood": -33237.282479813053
}
