{
  "modality_liklihoods": [
    -12929.029383861469,
    -13272.258113729016,
    -944.71582108965208,
    -4607.9491867635725
  ],
  "num_iteration": 1000,
  "num_modalities": 4,
  "num_topics": 7,
  "total_liklihood": -31753.952505443711
}
