{
  "modality_liklihoods": [
    -13840.221503748093,
    -13255.185705768878,
    -937.95608889614664,
    -4685.5695556260989
  ],
  "num_iteration": 1000,
  "num_modalities": 4,
  "num_topics": 7,
  "total_liklihood": -32718.932854039213
}
