{
  "modality_liklihoods": [
    -13844.927381678152,
    -13257.793234089222,
    -933.79852887873028,
    -4669.9997545172928
  ],
  "num_iteration": 1000,
  "num_modalities": 4,
  "num_topics": 7,
  "total_liklihood": -32706.518899163395
}
