{
  "modality_liklihoods": [
    -13353.374609882829,
    -13249.359566902616,
    -943.59882515469212,
    -4657.6927503634361
  ],
  "num_iteration": 1000,
  "num_modalities": 4,
  "num_topics": 7,
  "total_liklihood": -32204.025752303573
}
