{
  "modality_liklihoods": [
    -13593.126175759344,
    -13258.584015674614,
    -950.16105623787735,
    -4625.9917257521884
  ],
  "num_iteration": 1000,
  "num_modalities": 4,
  "num_topics": 7,
  "total_liklihood": -32427.862973424024
}
