{
  "modality_liklihoods": [
    -14107.769568822723,
    -13232.541227428244,
    -944.31764798957545,
    -4752.9648647472277
  ],
  "num_iteration": 1000,
  "num_modalities": 4,
  "num_topics": 7,
  "total_liklihood": -33037.593308987765
}
