{
  "modality_liklihoods": [
    -13938.740484294683,
    -13285.402368891871,
    -933.0530518075733,
    -4638.614613478012
  ],
  "num_iteration": 1000,
  "num_modalities": 4,
  "num_topics": 7,
  "total_liklihood": -32795.810518472135
}
