{
  "modality_liklihoods": [
    -13614.348642971023,
    -13232.757496955821,
    -931.61234427646332,
    -4655.0846730693538
  ],
  "num_iteration": 1000,
  "num_modalities": 4,
  "num_topics": 7,
  "total_liklihood": -32433.803157272661
}
