{
  "modality_liklihoods": [
    -13127.194926968941,
    -13254.664632650978,
    -946.5925437017703,
    -4665.285932465511
  ],
  "num_iteration": 1000,
  "num_modalities": 4,
  "num_topics": 7,
  "total_liklihood": -31993.738035787199
}
