{
  "modality_liklihoods": [
    -14067.09704137128,
    -13218.634422614918,
    -948.14437679022387,
    -4725.276995215002
  ],
  "num_iteration": 1000,
  "num_modalities": 4,
  "num_topics": 7,
  "total_liklihood": -32959.152835991423
}
