{
  "modality_liklihoods": [
    -13761.874262806996,
    -13252.014636673603,
    -943.03369886935627,
    -4640.5437172090287
  ],
  "num_iteration": 1000,
  "num_modalities": 4,
  "num_topics": 7,
  "total_liklihood": -32597.466315558981
}
