{
  "modality_liklihoods": [
    -12634.022397534898,
    -13326.860272061904,
    -935.8366752548543,
    -4666.3266132484259
  ],
  "num_iteration": 1000,
  "num_modalities": 4,
  "num_topics": 7,
  "total_liklihood": -31563.045958100083
}
