{
  "modality_liklihoods": [
    -14193.992537450329,
    -13217.005148646016,
    -938.13588538376621,
    -4615.7863410161162
  ],
  "num_iteration": 1000,
  "num_modalities": 4,
  "num_topics": 7,
  "total_liklihood": -32964.919912496225
}
