{
  "modality_liklihoods": [
    -13963.768486895531,
    -13270.594345423597,
    -939.8953119713151,
    -4597.2559227571501
  ],
  "num_iteration": 1000,
  "num_modalities": 4,
  "num_topics": 7,
  "total_liklihood": -32771.514067047596
}
