{
  "modality_liklihoods": [
    -13732.253411713726,
    -13286.505311942688,
    -940.04226938512738,
    -4669.3008157022714
  ],
  "num_iteration": 1000,
  "num_modalities": 4,
  "num_topics": 7,
  "total_liklihood": -32628.101808743813
}
