{
  "modality_liklihoods": [
    -13841.819404650319,
    -13266.478360451012,
    -943.31930754189261,
    -4630.7120788664597
  ],
  "num_iteration": 1000,
  "num_modalities": 4,
  "num_topics": 7,
  "total_liklihood": -32682.329151509686
}
