{
  "modality_liklihoods": [
    -13830.426338053847,
    -13248.800097068268,
    -935.21344276503601,
    -4684.6577521825993
  ],
  "num_iteration": 1000,
  "num_modalities": 4,
  "num_topics": 7,
  "total_liklihood": -32699.097630069751
}
