{
  "modality_liklihoods": [
    -14066.370136724887,
    -13277.520553769946,
    -945.30139609662797,
    -4636.4660837139991
  ],
  "num_iteration": 1000,
  "num_modalities": 4,
  "num_topics": 7,
  "total_liklihood": -32925.658170305454
}
