{
  "modality_liklihoods": [
    -14400.51318013064,
    -13207.30621269485,
    -940.59902562127866,
    -4739.1232581634567
  ],
  "num_iteration": 1000,
  "num_modalities": 4,
  "num_topics": 7,
  "total_liklihood": -33287.541676610228
}
