{
  "modality_liklihoods": [
    -14136.47456651902,
    -13248.543358562392,
    -940.97422531005077,
    -4696.2504431928764
  ],
  "num_iteration": 1000,
  "num_modalities": 4,
  "num_topics": 7,
  "total_liklihood": -33022.242593584342
}
