{
  "modality_liklihoods": [
    -13343.586455830859,
    -13278.644086822389,
    -949.34251335025397,
    -4624.4547869445796
  ],
  "num_iteration": 1000,
  "num_modalities": 4,
  "num_topics": 7,
  "total_liklihood": -32196.027842948082
}
