{
  "modality_liklihoods": [
    -13686.795788096721,
    -13259.509357248618,
    -946.95778276419423,
    -4644.6101499748502
  ],
  "num_iteration": 1000,
  "num_modalities": 4,
  "num_topics": 7,
  "total_liklihood": -32537.873078084383
}
