{
  "modality_liklihoods": [
    -14536.211798696773,
    -13208.017385322608,
    -944.79611852723724,
    -4724.5923758568406
  ],
  "num_iteration": 1000,
  "num_modalities": 4,
  "num_topics": 7,
  "total_liklihood": -33413.617678403454
}
