{
  "modality_liklihoods": [
    -13713.578220470568,
    -13246.253845298024,
    -939.63066476109236,
    -4625.1717009775384
  ],
  "num_iteration": 1000,
  "num_modalities": 4,
  "num_topics": 7,
  "total_liklihood": -32524.63443150722
}
