{
  "modality_liklihoods": [
    -14748.806738483432,
    -13207.933578722525,
    -939.2427161862912,
    -4694.6653496727677
  ],
  "num_iteration": 1000,
  "num_modalities": 4,
  "num_topics": 7,
  "total_liklihood": -33590.648383065018
}
