{
  "modality_liklihoods": [
    -14003.483514417525,
    -13233.561567226967,
    -945.10308441307745,
    -4673.749473678341
  ],
  "num_iteration": 1000,
  "num_modalities": 4,
  "num_topics": 7,
  "total_liklihood": -32855.897639735907
}
