{
  "modality_liklihoods": [
    -14637.695870678799,
    -13257.969979369185,
    -942.82509844876267,
    -4639.8294304939136
  ],
  "num_iteration": 1000,
  "num_modalities": 4,
  "num_topics": 7,
  "total_liklihood": -33478.320378990662
}
