{
  "modality_liklihoods": [
    -14518.035448146318,
    -13318.99930821367,
    -937.04713317779465,
    -4671.9167918934299
  ],
  "num_iteration": 1000,
  "num_modalities": 4,
  "num_topics": 7,
  "total_liklihood": -33445.998681431214
}
