{
  "modality_liklihoods": [
    -13441.350030647023,
    -13304.837020899948,
    -934.9448946029147,
    -4585.397841558507
  ],
  "num_iteration": 1000,
  "num_modalities": 4,
  "num_topics": 7,
  "total_liklihood": -32266.529787708394
}
