{
  "modality_liklihoods": [
    -13220.223625753071,
    -13275.008771805464,
    -943.33606717705379,
    -4667.7543566682107
  ],
  "num_iteration": 1000,
  "num_modalities": 4,
  "num_topics": 7,
  "total_liklihood": -32106.322821403799
}
