{
  "modality_liklihoods": [
    -13637.042998731931,
    -13285.838677164229,
    -936.01998781696102,
    -4628.7758054966498
  ],
  "num_iteration": 1000,
  "num_modalities": 4,
  "num_topics": 7,
  "total_liklihood": -32487.677469209775
}
