{
  "modality_liklihoods": [
    -12956.269791610632,
    -13228.008062177079,
    -940.40156060649167,
    -4619.6934143516728
  ],
  "num_iteration": 1000,
  "num_modalities": 4,
  "num_topics": 7,
  "total_liklihood": -31744.372828745876
}
