{
  "modality_liklihoods": [
    -15099.608584302234,
    -13232.333148616777,
    -942.37949970864224,
    -4641.1108641479395
  ],
  "num_iteration": 1000,
  "num_modalities": 4,
  "num_topics": 7,
  "total_liklihood": -33915.432096775592
}
