{
  "modality_liklihoods": [
    -14236.352964502395,
    -13226.000089244002,
    -938.08168359356853,
    -4636.5623653472876
  ],
  "num_iteration": 1000,
  "num_modalities": 4,
  "num_topics": 7,
  "total_liklihood": -33036.997102687252
}
