{
  "modality_liklihoods": [
    -13343.671077193738,
    -13241.945645091291,
    -950.36118712257894,
    -4662.4023905324038
  ],
  "num_iteration": 1000,
  "num_modalities": 4,
  "num_topics": 7,
  "total_liklihood": -32198.38029994001
}
