{
  "modality_liklihoods": [
    -14207.77311991354,
    -13249.69068174729,
    -946.07432528264894,
    -4735.0823152891344
  ],
  "num_iteration": 1000,
  "num_modalities": 4,
  "num_topics": 7,
  "total_liklihood": -33138.620442232612
}
