{
  "modality_liklihoods": [
    -14726.590678131437,
    -13237.914081343086,
    -936.03259412429998,
    -4627.5870174070678
  ],
  "num_iteration": 1000,
  "num_modalities": 4,
  "num_topics": 7,
  "total_liklihood": -33528.124371005892
}
