{
  "modality_liklihoods": [
    -14424.125297086603,
    -13243.786445508467,
    -939.58716666626685,
    -4658.7081781073794
  ],
  "num_iteration": 1000,
  "num_modalities": 4,
  "num_topics": 7,
  "total_liklihood": -33266.207087368719
}
