{
  "modality_liklihoods": [
    -14136.099756380607,
    -13217.903513392772,
    -937.55486982486048,
    -4628.5515860304058
  ],
  "num_iteration": 1000,
  "num_modalities": 4,
  "num_topics": 7,
  "total_liklihood": -32920.109725628645
}
