{
  "modality_liklihoods": [
    -14008.450896291732,
    -13264.013692982971,
    -938.72482671384444,
    -4672.0551107091114
  ],
  "num_iteration": 1000,
  "num_modalities": 4,
  "num_topics": 7,
  "total_liklihood": -32883.244526697657
}
