{
  "modality_liklihoods": [
    -13624.941362544498,
    -13240.065654515767,
    -939.03187299930823,
    -4665.4755618870558
  ],
  "num_iteration": 1000,
  "num_modalities": 4,
  "num_topics": 7,
  "total_liklihood": -32469.514451946627
}
