{
  "modality_liklihoods": [
    -13992.605671837295,
    -13261.329549561595,
    -932.02528691119801,
    -4665.2840660511283
  ],
  "num_iteration": 1000,
  "num_modalities": 4,
  "num_topics": 7,
  "total_liklihood": -32851.244574361219
}
