{
  "modality_liklihoods": [
    -14697.678864972509,
    -13253.853691824803,
    -938.28945609581717,
    -4632.0343475082655
  ],
  "num_iteration": 1000,
  "num_modalities": 4,
  "num_topics": 7,
  "total_liklihood": -33521.856360401391
}
