{
  "modality_liklihoods": [
    -13764.061820053244,
    -13275.269590320833,
    -943.56479032241327,
    -4604.2723675809339
  ],
  "num_iteration": 1000,
  "num_modalities": 4,
  "num_topics": 7,
  "total_liklihood": -32587.168568277426
}
