{
  "modality_liklihoods": [
    -13410.29661417229,
    -13213.141477834186,
    -937.11111051584226,
    -4668.2771339702676
  ],
  "num_iteration": 1000,
  "num_modalities": 4,
  "num_topics": 7,
  "total_liklihood": -32228.826336492584
}
