{
  "modality_liklihoods": [
    -13291.298804288353,
    -13271.679434464548,
    -948.56718403857644,
    -4585.7996995600806
  ],
  "num_iteration": 1000,
  "num_modalities": 4,
  "num_topics": 7,
  "total_liklihood": -32097.345122351559
}
