{
  "modality_liklihoods": [
    -13460.459128018743,
    -13258.585665691946,
    -946.42433967419117,
    -4608.5702340756388
  ],
  "num_iteration": 1000,
  "num_modalities": 4,
  "num_topics": 7,
  "total_liklihood": -32274.039367460518
}
