{
  "modality_liklihoods": [
    -14118.337043654119,
    -13259.519450144227,
    -937.1343251030919,
    -4676.2527603124108
  ],
  "num_iteration": 1000,
  "num_modalities": 4,
  "num_topics": 7,
  "total_liklihood": -32991.243579213849
}
