{
  "modality_liklihoods": [
    -14065.009410799756,
    -13271.721487861914,
    -939.31673716750731,
    -4630.0736957713316
  ],
  "num_iteration": 1000,
  "num_modalities": 4,
  "num_topics": 7,
  "total_liklihood": -32906.121331600509
}
