{
  "modality_liklihoods": [
    -13942.69567555001,
    -13285.373384800274,
    -940.10809138517982,
    -4655.0058261380073
  ],
  "num_iteration": 1000,
  "num_modalities": 4,
  "num_topics": 7,
  "total_liklihood": -32823.182977873468
}
