{
  "modality_liklihoods": [
    -13903.770569306755,
    -13310.40502225968,
    -939.93369270866253,
    -4618.0483940649892
  ],
  "num_iteration": 1000,
  "num_modalities": 4,
  "num_topics": 7,
  "total_liklihood": -32772.157678340081
}
