{
  "modality_liklihoods": [
    -13586.673581981784,
    -13237.955958675086,
    -945.08547632822899,
    -4636.2466444059428
  ],
  "num_iteration": 1000,
  "num_modalities": 4,
  "num_topics": 7,
  "total_liklihood": -32405.96166139104
}
