{
  "modality_liklihoods": [
    -13865.385966556894,
    -13224.967637272046,
    -940.63511842954949,
    -4636.6298809979362
  ],
  "num_iteration": 1000,
  "num_modalities": 4,
  "num_topics": 7,
  "total_liklihood": -32667.618603256422
}
