{
  "modality_liklihoods": [
    -13989.886877596979,
    -13265.06143809431,
    -938.67899445745206,
    -4705.8308046242319
  ],
  "num_iteration": 1000,
  "num_modalities": 4,
  "num_topics": 7,
  "total_liklihood": -32899.458114772977
}
