{
  "modality_liklihoods": [
    -14042.336451230653,
    -13246.622285185696,
    -940.20226341037278,
    -4648.0229637340435
  ],
  "num_iteration": 1000,
  "num_modalities": 4,
  "num_topics": 7,
  "total_liklihood": -32877.183963560768
}
