{
  "modality_liklihoods": [
    -14384.979724179837,
    -13256.695327556194,
    -941.16461050008206,
    -4640.2333725981016
  ],
  "num_iteration": 1000,
  "num_modalities": 4,
  "num_topics": 7,
  "total_liklihood": -33223.073034834219
}
