{
  "modality_liklihoods": [
    -14349.351603752688,
    -13283.119034321002,
    -937.19932316034544,
    -4631.7877756353773
  ],
  "num_iteration": 1000,
  "num_modalities": 4,
  "num_topics": 7,
  "total_liklihood": -33201.457736869415
}
