{
  "modality_liklihoods": [
    -12185.560309893679,
    -13236.556594015643,
    -939.52915484218272,
    -4595.8075291492369
  ],
  "num_iteration": 1000,
  "num_modalities": 4,
  "num_topics": 7,
  "total_liklihood": -30957.453587900738
}
