{
  "modality_liklihoods": [
    -14547.639188986768,
    -13282.949712405714,
    -938.94401776334735,
    -4670.1045388360253
  ],
  "num_iteration": 1000,
  "num_modalities": 4,
  "num_topics": 7,
  "total_liklihood": -33439.637457991856
}
