{
  "modality_liklihoods": [
    -14374.305277163863,
    -13191.593684272877,
    -942.09115076355715,
    -4676.8477831383225
  ],
  "num_iteration": 1000,
  "num_modalities": 4,
  "num_topics": 7,
  "total_liklihood": -33184.83789533862
}
