{
  "modality_liklihoods": [
    -13295.678791422517,
    -13257.298104156263,
    -942.0860320219316,
    -4630.0023217700218
  ],
  "num_iteration": 1000,
  "num_modalities": 4,
  "num_topics": 7,
  "total_liklihood": -32125.065249370735
}
