{
  "modality_liklihoods": [
    -13897.424680209811,
    -13251.697362102614,
    -939.27075770488136,
    -4632.4083602374722
  ],
  "num_iteration": 1000,
  "num_modalities": 4,
  "num_topics": 7,
  "total_liklihood": -32720.801160254778
}
