{
  "modality_liklihoods": [
    -14284.166320645143,
    -13265.81110492436,
    -933.74144961759498,
    -4624.9697790052587
  ],
  "num_iteration": 1000,
  "num_modalities": 4,
  "num_topics": 7,
  "total_liklihood": -33108.688654192352
}
