{
  "modality_liklihoods": [
    -13968.646201365009,
    -13299.695809410669,
    -941.67064750514635,
    -4652.0012640984978
  ],
  "num_iteration": 1000,
  "num_modalities": 4,
  "num_topics": 7,
  "total_liklihood": -32862.013922379323
}
