{
  "modality_liklihoods": [
    -13478.005055687761,
    -13296.256483695683,
    -940.0719906359999,
    -4606.3141554413332
  ],
  "num_iteration": 1000,
  "num_modalities": 4,
  "num_topics": 7,
  "total_liklihood": -32320.647685460775
}
