{
  "modality_liklihoods": [
    -14072.59586006901,
    -13240.194635801066,
    -939.98139271748209,
    -4661.039231098438
  ],
  "num_iteration": 1000,
  "num_modalities": 4,
  "num_topics": 7,
  "total_liklihood": -32913.811119685997
}
