{
  "modality_liklihoods": [
    -14119.556839847055,
    -13220.575474248077,
    -946.06907066144765,
    -4619.8335649771316
  ],
  "num_iteration": 1000,
  "num_modalities": 4,
  "num_topics": 7,
  "total_liklihood": -32906.034949733708
}
