{
  "modality_liklihoods": [
    -14284.104492296592,
    -13277.673670523285,
    -933.71019331574382,
    -4624.1586690912027
  ],
  "num_iteration": 1000,
  "num_modalities": 4,
  "num_topics": 7,
  "total_liklihood": -33119.647025226826
}
