{
  "modality_liklihoods": [
    -14560.56661226675,
    -13282.092806748762,
    -941.57644434997792,
    -4671.073874680832
  ],
  "num_iteration": 1000,
  "num_modalities": 4,
  "num_topics": 7,
  "total_liklihood": -33455.309738046322
}
