{
  "modality_liklihoods": [
    -13926.993384512529,
    -13278.996746487386,
    -936.91577601672816,
    -4679.7186722073038
  ],
  "num_iteration": 1000,
  "num_modalities": 4,
  "num_topics": 7,
  "total_liklihood": -32822.62457922395
}
