{
  "modality_liklihoods": [
    -14011.39420745302,
    -13277.555611058799,
    -933.96473259830805,
    -4648.8188780267128
  ],
  "num_iteration": 1000,
  "num_modalities": 4,
  "num_topics": 7,
  "total_liklihood": -32871.733429136846
}
