{
  "modality_liklihoods": [
    -14302.337005607358,
    -13237.651738566694,
    -940.75431076078587,
    -4651.4873574575713
  ],
  "num_iteration": 1000,
  "num_modalities": 4,
  "num_topics": 7,
  "total_liklihood": -33132.230412392404
}
