{
  "modality_liklihoods": [
    -14841.50869736598,
    -13212.748758415519,
    -939.88815709282176,
    -4657.8038056643563
  ],
  "num_iteration": 1000,
  "num_modalities": 4,
  "num_topics": 7,
  "total_liklihood": -33651.949418538672
}
