{
  "modality_liklihoods": [
    -14029.234966006483,
    -13271.217053637076,
    -938.1617622670949,
    -4604.6946027651184
  ],
  "num_iteration": 1000,
  "num_modalities": 4,
  "num_topics": 7,
  "total_liklihood": -32843.308384675773
}
