{
  "modality_liklihoods": [
    -13234.690174065829,
    -13267.233834953493,
    -936.49820840298878,
    -4629.7860014767739
  ],
  "num_iteration": 1000,
  "num_modalities": 4,
  "num_topics": 7,
  "total_liklihood": -32068.208218899083
}
