{
  "modality_liklihoods": [
    -13933.65759831807,
    -13288.66825379994,
    -940.09527438165696,
    -4622.0695089772344
  ],
  "num_iteration": 1000,
  "num_modalities": 4,
  "num_topics": 7,
  "total_liklihood": -32784.490635476905
}
