{
  "modality_liklihoods": [
    -14417.308478990793,
    -13261.702928799996,
    -941.89942705314809,
    -4630.7043064527325
  ],
  "num_iteration": 1000,
  "num_modalities": 4,
  "num_topics": 7,
  "total_liklihood": -33251.615141296672
}
