{
  "modality_liklihoods": [
    -13909.781012467009,
    -13262.900984312349,
    -946.09681642852831,
    -4643.3998537207208
  ],
  "num_iteration": 1000,
  "num_modalities": 4,
  "num_topics": 7,
  "total_liklihood": -32762.178666928608
}
