{
  "modality_liklihoods": [
    -13746.043213648474,
    -13294.44507482432,
    -940.46098958697974,
    -4618.4591155169637
  ],
  "num_iteration": 1000,
  "num_modalities": 4,
  "num_topics": 7,
  "total_liklihood": -32599.408393576734
}
