{
  "modality_liklihoods": [
    -13876.968428938862,
    -13291.23688206698,
    -937.22052920620683,
    -4612.9447577678193
  ],
  "num_iteration": 1000,
  "num_modalities": 4,
  "num_topics": 7,
  "total_liklihood": -32718.370597979865
}
