{
  "modality_liklihoods": [
    -14129.223509830348,
    -13296.694021035571,
    -935.96488673972215,
    -4672.9801026939722
  ],
  "num_iteration": 1000,
  "num_modalities": 4,
  "num_topics": 7,
  "total_liklihood": -33034.862520299612
}
