{
  "modality_liklihoods": [
    -14052.371269329693,
    -13259.69567139569,
    -937.5987553767319,
    -4641.9839150967327
  ],
  "num_iteration": 1000,
  "num_modalities": 4,
  "num_topics": 7,
  "total_liklihood": -32891.649611198845
}
