{
  "modality_liklihoods": [
    -14115.707484693405,
    -13267.805355909304,
    -949.27372059673041,
    -4634.5679181233136
  ],
  "num_iteration": 1000,
  "num_modalities": 4,
  "num_topics": 7,
  "total_liklihood": -32967.354479322748
}
