{
  "modality_liklihoods": [
    -13946.292454999209,
    -13288.449902935134,
    -934.91758014899699,
    -4636.0372425950354
  ],
  "num_iteration": 1000,
  "num_modalities": 4,
  "num_topics": 7,
  "total_liklihood": -32805.697180678377
}
