{
  "modality_liklihoods": [
    -14247.289160758213,
    -13236.787285868813,
    -936.92383224987702,
    -4705.1811029392966
  ],
  "num_iteration": 1000,
  "num_modalities": 4,
  "num_topics": 7,
  "total_liklihood": -33126.181381816205
}
