{
  "modality_liklihoods": [
    -13516.446279853124,
    -13257.956061117669,
    -944.16206576615434,
    -4614.3918182517091
  ],
  "num_iteration": 1000,
  "num_modalities": 4,
  "num_topics": 7,
  "total_liklihood": -32332.956224988659
}
