{
  "modality_liklihoods": [
    -12995.331348021424,
    -13246.295494015334,
    -939.64583353971761,
    -4673.0502597804616
  ],
  "num_iteration": 1000,
  "num_modalities": 4,
  "num_topics": 7,
  "total_liklihood": -31854.322935356937
}
