{
  "modality_liklihoods": [
    -13781.334911520315,
    -13252.590196219644,
    -941.26761247042452,
    -4663.0055587342758
  ],
  "num_iteration": 1000,
  "num_modalities": 4,
  "num_topics": 7,
  "total_liklihood": -32638.198278944659
}
