{
  "modality_liklihoods": [
    -14347.204683979666,
    -13259.872658491273,
    -935.59717532200409,
    -4628.203401124043
  ],
  "num_iteration": 1000,
  "num_modalities": 4,
  "num_topics": 7,
  "total_liklihood": -33170.877918916987
}
