{
  "modality_liklihoods": [
    -13402.590011749386,
    -13241.611642369287,
    -941.28082564872284,
    -4682.8176734483541
  ],
  "num_iteration": 1000,
  "num_modalities": 4,
  "num_topics": 7,
  "total_liklihood": -32268.30015321575
}
