{
  "modality_liklihoods": [
    -14023.103829771262,
    -13247.347073979054,
    -940.28339508882686,
    -4662.6033522841208
  ],
  "num_iteration": 1000,
  "num_modalities": 4,
  "num_topics": 7,
  "total_liklihood": -32873.337651123264
}
