{
  "modality_liklihoods": [
    -14003.043392243833,
    -13263.352613726,
    -939.86208897125425,
    -4639.3321823094639
  ],
  "num_iteration": 1000,
  "num_modalities": 4,
  "num_topics": 7,
  "total_liklihood": -32845.590277250551
}
