{
  "modality_liklihoods": [
    -13253.728867343829,
    -13258.348643964169,
    -936.5878481308813,
    -4637.2179515842199
  ],
  "num_iteration": 1000,
  "num_modalities": 4,
  "num_topics": 7,
  "total_liklihood": -32085.883311023099
}
