{
  "modality_liklihoods": [
    -13772.246967794523,
    -13299.398367069236,
    -942.94375387452624,
    -4615.908856898307
  ],
  "num_iteration": 1000,
  "num_modalities": 4,
  "num_topics": 7,
  "total_liklihood": -32630.497945636591
}
