{
  "modality_liklihoods": [
    -14355.728463049722,
    -13297.994656223276,
    -938.77385471119533,
    -4655.7982053898077
  ],
  "num_iteration": 1000,
  "num_modalities": 4,
  "num_topics": 7,
  "total_liklihood": -33248.295179373999
}
