{
  "modality_liklihoods": [
    -12668.178358395393,
    -13200.851243107516,
    -939.40737361906429,
    -4658.7490299438787
  ],
  "num_iteration": 1000,
  "num_modalities": 4,
  "num_topics": 7,
  "total_liklihood": -31467.186005065854
}
