{
  "modality_liklihoods": [
    -14028.539483916484,
    -13242.880221670051,
    -941.62941552326618,
    -4654.769380900646
  ],
  "num_iteration": 1000,
  "num_modalities": 4,
  "num_topics": 7,
  "total_liklihood": -32867.81850201045
}
