{
  "modality_liklihoods": [
    -14212.882256454035,
    -13237.124552775324,
    -934.68577849862163,
    -4642.4411875436863
  ],
  "num_iteration": 1000,
  "num_modalities": 4,
  "num_topics": 7,
  "total_liklihood": -33027.133775271664
}
