{
  "modality_liklihoods": [
    -13681.738629574624,
    -13235.722083149562,
    -935.36676200817817,
    -4659.7208714834878
  ],
  "num_iteration": 1000,
  "num_modalities": 4,
  "num_topics": 7,
  "total_liklihood": -32512.548346215852
}
