{
  "modality_liklihoods": [
    -14350.85534676767,
    -13222.370644646047,
    -939.877520671311,
    -4590.8157506583975
  ],
  "num_iteration": 1000,
  "num_modalities": 4,
  "num_topics": 7,
  "total_liklihood": -33103.919262743424
}
