{
  "modality_liklihoods": [
    -14455.118984163395,
    -13227.56541285228,
    -940.00512146466667,
    -4714.7983663057203
  ],
  "num_iteration": 1000,
  "num_modalities": 4,
  "num_topics": 7,
  "total_liklihood": -33337.487884786067
}
