{
  "modality_liklihoods": [
    -13923.139969121879,
    -13270.417201581897,
    -943.97480744922882,
    -4682.3397836890363
  ],
  "num_iteration": 1000,
  "num_modalities": 4,
  "num_topics": 7,
  "total_liklihood": -32819.871761842034
}
