{
  "modality_liklihoods": [
    -13527.372853513432,
    -13231.669004620582,
    -947.00299779178658,
    -4600.3861298669035
  ],
  "num_iteration": 1000,
  "num_modalities": 4,
  "num_topics": 7,
  "total_liklihood": -32306.430985792704
}
