{
  "modality_liklihoods": [
    -13772.581745273716,
    -13288.734551212117,
    -938.89839188102974,
    -4608.6068036463712
  ],
  "num_iteration": 1000,
  "num_modalities": 4,
  "num_topics": 7,
  "total_liklihood": -32608.821492013238
}
