{
  "modality_liklihoods": [
    -13965.312421517288,
    -13282.426792757185,
    -937.89941641992175,
    -4621.0640125515611
  ],
  "num_iteration": 1000,
  "num_modalities": 4,
  "num_topics": 7,
  "total_liklihood": -32806.702643245953
}
