{
  "modality_liklihoods": [
    -14032.832152171843,
    -13250.357875961388,
    -943.93980021807317,
    -4650.8429217511566
  ],
  "num_iteration": 1000,
  "num_modalities": 4,
  "num_topics": 7,
  "total_liklihood": -32877.972750102461
}
