{
  "modality_liklihoods": [
    -14026.831751958853,
    -13302.601037121731,
    -935.55157391490832,
    -4664.7374177004067
  ],
  "num_iteration": 1000,
  "num_modalities": 4,
  "num_topics": 7,
  "total_liklihood": -32929.721780695902
}
