{
  "modality_liklihoods": [
    -15033.664720692081,
    -13228.868108507915,
    -947.02003170534442,
    -4679.104705153838
  ],
  "num_iteration": 1000,
  "num_modalities": 4,
  "num_topics": 7,
  "total_liklihood": -33888.657566059184
}
