{
  "modality_liklihoods": [
    -14662.480171000218,
    -13242.733856849947,
    -936.04480647431262,
    -4675.0104912531242
  ],
  "num_iteration": 1000,
  "num_modalities": 4,
  "num_topics": 7,
  "total_liklihood": -33516.269325577603
}
