{
  "modality_liklihoods": [
    -14665.690453628631,
    -13229.516812858517,
    -933.46107843228401,
    -4661.8509182668522
  ],
  "num_iteration": 1000,
  "num_modalities": 4,
  "num_topics": 7,
  "total_liklihood": -33490.519263186281
}
