{
  "modality_liklihoods": [
    -13370.429416664292,
    -13284.160564741091,
    -940.71399419015836,
    -4636.929782265056
  ],
  "num_iteration": 1000,
  "num_modalities": 4,
  "num_topics": 7,
  "total_liklihood": -32232.233757860598
}
