{
  "modality_liklihoods": [
    -14344.644986459063,
    -13223.644100794412,
    -946.8178968161252,
    -4651.0916183192694
  ],
  "num_iteration": 1000,
  "num_modalities": 4,
  "num_topics": 7,
  "total_liklihood": -33166.198602388875
}
