{
  "modality_liklihoods": [
    -13800.037500421333,
    -13288.298809173344,
    -932.20286548074182,
    -4692.3723050514282
  ],
  "num_iteration": 1000,
  "num_modalities": 4,
  "num_topics": 7,
  "total_liklihood": -32712.911480126848
}
