{
  "modality_liklihoods": [
    -13999.47198819169,
    -13240.987549811525,
    -938.63880645073573,
    -4670.8279555477957
  ],
  "num_iteration": 1000,
  "num_modalities": 4,
  "num_topics": 7,
  "total_liklihood": -32849.926300001745
}
