{
  "modality_liklihoods": [
    -13957.355739596809,
    -13239.51665704518,
    -939.93277434419019,
    -4687.7472607060199
  ],
  "num_iteration": 1000,
  "num_modalities": 4,
  "num_topics": 7,
  "total_liklihood": -32824.552431692202
}
