{
  "modality_liklihoods": [
    -13914.441631392257,
    -13284.424825130016,
    -941.60790361125021,
    -4611.3070143660689
  ],
  "num_iteration": 1000,
  "num_modalities": 4,
  "num_topics": 7,
  "total_liklihood": -32751.781374499591
}
