{
  "modality_liklihoods": [
    -14114.351780654684,
    -13254.198307328272,
    -943.57904693905505,
    -4638.4958696131825
  ],
  "num_iteration": 1000,
  "num_modalities": 4,
  "num_topics": 7,
  "total_liklihood": -32950.625004535192
}
