{
  "modality_liklihoods": [
    -13466.209530664953,
    -13257.545841305466,
    -948.66228409502764,
    -4657.3936314528191
  ],
  "num_iteration": 1000,
  "num_modalities": 4,
  "num_topics": 7,
  "total_liklihood": -32329.811287518263
}
