{
  "modality_liklihoods": [
    -13428.815098889274,
    -13271.276785386197,
    -947.31463418134547,
    -4637.4375075382623
  ],
  "num_iteration": 1000,
  "num_modalities": 4,
  "num_topics": 7,
  "total_liklihood": -32284.844025995077
}
