{
  "modality_liklihoods": [
    -14039.544748232303,
    -13249.27901861598,
    -931.71240201053934,
    -4640.2508694437993
  ],
  "num_iteration": 1000,
  "num_modalities": 4,
  "num_topics": 7,
  "total_liklihood": -32860.787038302624
}
