{
  "modality_liklihoods": [
    -13395.92730512683,
    -13305.635783281337,
    -944.00603987079455,
    -4635.1952800954987
  ],
  "num_iteration": 1000,
  "num_modalities": 4,
  "num_topics": 7,
  "total_liklihood": -32280.76440837446
}
