{
  "modality_liklihoods": [
    -13919.031917609624,
    -13301.532872299198,
    -942.42973034646207,
    -4646.7277379432289
  ],
  "num_iteration": 1000,
  "num_modalities": 4,
  "num_topics": 7,
  "total_liklihood": -32809.722258198512
}
