{
  "modality_liklihoods": [
    -13897.6987264199,
    -13204.078238471626,
    -947.52605438955993,
    -4614.8547556111016
  ],
  "num_iteration": 1000,
  "num_modalities": 4,
  "num_topics": 7,
  "total_liklihood": -32664.157774892188
}
