{
  "modality_liklihoods": [
    -13893.53760312393,
    -13274.088771090157,
    -937.4890921915337,
    -4647.8042886936792
  ],
  "num_iteration": 1000,
  "num_modalities": 4,
  "num_topics": 7,
  "total_liklihood": -32752.919755099298
}
