{
  "modality_liklihoods": [
    -14355.505091296032,
    -13285.30245168114,
    -939.1350439630545,
    -4635.9497680512031
  ],
  "num_iteration": 1000,
  "num_modalities": 4,
  "num_topics": 7,
  "total_liklihood": -33215.892354991433
}
