{
  "modality_liklihoods": [
    -11885.924766104481,
    -13240.325928947781,
    -933.22193844288847,
    -4625.8699453615191
  ],
  "num_iteration": 1000,
  "num_modalities": 4,
  "num_topics": 7,
  "total_liklihood": -30685.342578856671
}
