{
  "modality_liklihoods": [
    -14329.123369870202,
    -13274.316820803724,
    -933.76186745832069,
    -4611.6661507711215
  ],
  "num_iteration": 1000,
  "num_modalities": 4,
  "num_topics": 7,
  "total_liklihood": -33148.868208903368
}
