{
  "modality_liklihoods": [
    -14424.552913368929,
    -13258.433689003705,
    -944.89190795613081,
    -4597.2091622776734
  ],
  "num_iteration": 1000,
  "num_modalities": 4,
  "num_topics": 7,
  "total_liklihood": -33225.087672606438
}
