{
  "modality_liklihoods": [
    -13604.333161386927,
    -13238.849430547572,
    -938.30703917974245,
    -4696.7792441347819
  ],
  "num_iteration": 1000,
  "num_modalities": 4,
  "num_topics": 7,
  "total_liklihood": -32478.268875249021
}
