{
  "modality_liklihoods": [
    -14282.927598934946,
    -13248.159154494095,
    -939.30910725930914,
    -4664.2402197819883
  ],
  "num_iteration": 1000,
  "num_modalities": 4,
  "num_topics": 7,
  "total_liklihood": -33134.636080470336
}
