{
  "modality_liklihoods": [
    -13570.485267474389,
    -13294.176765286644,
    -944.98321491798936,
    -4648.3111982173814
  ],
  "num_iteration": 1000,
  "num_modalities": 4,
  "num_topics": 7,
  "total_liklihood": -32457.956445896401
}
