{
  "modality_liklihoods": [
    -13880.527088695191,
    -13300.341823981111,
    -945.55786869448093,
    -4625.9375371577598
  ],
  "num_iteration": 1000,
  "num_modalities": 4,
  "num_topics": 7,
  "total_liklihood": -32752.364318528544
}
