{
  "modality_liklihoods": [
    -13406.284759177363,
    -13225.971844810305,
    -943.46934300270254,
    -4639.7952851017235
  ],
  "num_iteration": 1000,
  "num_modalities": 4,
  "num_topics": 7,
  "total_liklihood": -32215.521232092098
}
