{
  "modality_liklihoods": [
    -14104.583055587969,
    -13258.248990524287,
    -940.29474647355892,
    -4637.1952676871697
  ],
  "num_iteration": 1000,
  "num_modalities": 4,
  "num_topics": 7,
  "total_liklihood": -32940.322060272985
}
