{
  "modality_liklihoods": [
    -13823.553573858922,
    -13252.081040006684,
    -942.1848229158262,
    -4580.0443103798161
  ],
  "num_iteration": 1000,
  "num_modalities": 4,
  "num_topics": 7,
  "total_liklihood": -32597.863747161253
}
