{
  "modality_liklihoods": [
    -14048.401176681835,
    -13272.570090211908,
    -945.33732620502042,
    -4672.0701513169261
  ],
  "num_iteration": 1000,
  "num_modalities": 4,
  "num_topics": 7,
  "total_liklihood": -32938.378744415691
}
