{
  "modality_liklihoods": [
    -14621.927928230018,
    -13274.017818591177,
    -938.89225933245962,
    -4647.6619654768565
  ],
  "num_iteration": 1000,
  "num_modalities": 4,
  "num_topics": 7,
  "total_liklihood": -33482.49997163051
}
