{
  "modality_liklihoods": [
    -14403.954699056534,
    -13263.910217282737,
    -950.39217572872076,
    -4708.7299829261883
  ],
  "num_iteration": 1000,
  "num_modalities": 4,
  "num_topics": 7,
  "total_liklihood": -33326.987074994177
}
