{
  "modality_liklihoods": [
    -14421.220988898436,
    -13322.074307217143,
    -941.53773533895458,
    -4638.490931815264
  ],
  "num_iteration": 1000,
  "num_modalities": 4,
  "num_topics": 7,
  "total_liklihood": -33323.323963269795
}
