{
  "modality_liklihoods": [
    -14627.583807555644,
    -13280.738404394593,
    -945.83675966601777,
    -4651.0531898569716
  ],
  "num_iteration": 1000,
  "num_modalities": 4,
  "num_topics": 7,
  "total_liklihood": -33505.212161473231
}
