{
  "modality_liklihoods": [
    -13014.748927055207,
    -13222.884954148692,
    -940.16736381201133,
    -4597.7726816415197
  ],
  "num_iteration": 1000,
  "num_modalities": 4,
  "num_topics": 7,
  "total_liklihood": -31775.573926657431
}
