{
  "modality_liklihoods": [
    -13904.27742030208,
    -13285.410409468002,
    -936.82539120716149,
    -4658.349540365607
  ],
  "num_iteration": 1000,
  "num_modalities": 4,
  "num_topics": 7,
  "total_liklihood": -32784.862761342854
}
