{
  "modality_liklihoods": [
    -14040.401496806295,
    -13231.383690055685,
    -942.21586709484177,
    -4644.0204501018843
  ],
  "num_iteration": 1000,
  "num_modalities": 4,
  "num_topics": 7,
  "total_liklihood": -32858.021504058706
}
