{
  "modality_liklihoods": [
    -13881.810055123082,
    -13261.659607777601,
    -946.13801484786904,
    -4647.4128532139475
  ],
  "num_iteration": 1000,
  "num_modalities": 4,
  "num_topics": 7,
  "total_liklihood": -32737.020530962498
}
