{
  "modality_liklihoods": [
    -14174.012922271735,
    -13269.46488528466,
    -943.88451897987557,
    -4641.2544150425738
  ],
  "num_iteration": 1000,
  "num_modalities": 4,
  "num_topics": 7,
  "total_liklihood": -33028.616741578844
}
