{
  "modality_liklihoods": [
    -14133.782429071747,
    -13280.785225884503,
    -938.92769676256808,
    -4652.055556619187
  ],
  "num_iteration": 1000,
  "num_modalities": 4,
  "num_topics": 7,
  "total_liklihood": -33005.550908338002
}
