{
  "modality_liklihoods": [
    -13713.140298221439,
    -13264.594133892097,
    -936.50381752759495,
    -4629.8943275580814
  ],
  "num_iteration": 1000,
  "num_modalities": 4,
  "num_topics": 7,
  "total_liklihood": -32544.132577199212
}
