{
  "modality_liklihoods": [
    -14196.589313359662,
    -13218.342818049594,
    -940.21125199600954,
    -4658.5299219411818
  ],
  "num_iteration": 1000,
  "num_modalities": 4,
  "num_topics": 7,
  "total_liklihood": -33013.673305346449
}
