{
  "modality_liklihoods": [
    -14140.731424537445,
    -13224.300364067618,
    -934.32604961567051,
    -4663.3207640170385
  ],
  "num_iteration": 1000,
  "num_modalities": 4,
  "num_topics": 7,
  "total_liklihood": -32962.678602237771
}
