{
  "modality_liklihoods": [
    -13712.402067651423,
    -13307.523761731672,
    -940.42045357223401,
    -4600.8954546102104
  ],
  "num_iteration": 1000,
  "num_modalities": 4,
  "num_topics": 7,
  "total_liklihood": -32561.241737565539
}
