{
  "modality_liklihoods": [
    -14524.199705953555,
    -13292.709120253669,
    -933.45388300978573,
    -4636.3745739873839
  ],
  "num_iteration": 1000,
  "num_modalities": 4,
  "num_topics": 7,
  "total_liklihood": -33386.737283204391
}
