{
  "modality_liklihoods": [
    -14225.035946674021,
    -13248.899366019978,
    -937.93386206114212,
    -4652.6538008518073
  ],
  "num_iteration": 1000,
  "num_modalities": 4,
  "num_topics": 7,
  "total_liklihood": -33064.522975606946
}
