{
  "modality_liklihoods": [
    -13212.146599977459,
    -13287.861536372087,
    -943.54320667971524,
    -4626.1774167136091
  ],
  "num_iteration": 1000,
  "num_modalities": 4,
  "num_topics": 7,
  "total_liklihood": -32069.728759742873
}
