{
  "modality_liklihoods": [
    -13404.357002668678,
    -13238.753631090347,
    -939.85900741990281,
    -4636.4813053959215
  ],
  "num_iteration": 1000,
  "num_modalities": 4,
  "num_topics": 7,
  "total_liklihood": -32219.450946574849
}
