{
  "modality_liklihoods": [
    -15025.232383993871,
    -13212.568658273043,
    -948.22054340217119,
    -4646.7401706975725
  ],
  "num_iteration": 1000,
  "num_modalities": 4,
  "num_topics": 7,
  "total_liklihood": -33832.761756366657
}
