{
  "modality_liklihoods": [
    -13670.997647113521,
    -13287.566249726729,
    -939.28030039637292,
    -4573.4871168207519
  ],
  "num_iteration": 1000,
  "num_modalities": 4,
  "num_topics": 7,
  "total_liklihood": -32471.331314057374
}
