{
  "modality_liklihoods": [
    -13963.190433086926,
    -13286.150824666636,
    -935.71794144260753,
    -4644.9236585874978
  ],
  "num_iteration": 1000,
  "num_modalities": 4,
  "num_topics": 7,
  "total_liklihood": -32829.982857783667
}
