{
  "modality_liklihoods": [
    -13229.48408773244,
    -13266.853831307315,
    -943.38356585379211,
    -4673.0762545273592
  ],
  "num_iteration": 1000,
  "num_modalities": 4,
  "num_topics": 7,
  "total_liklihood": -32112.797739420908
}
