{
  "modality_liklihoods": [
    -13675.344978229612,
    -13238.386840138302,
    -938.9420887326869,
    -4641.8366548890599
  ],
  "num_iteration": 1000,
  "num_modalities": 4,
  "num_topics": 7,
  "total_liklihood": -32494.51056198966
}
