{
  "modality_liklihoods": [
    -13622.284439081524,
    -13279.070077142203,
    -932.08447981186191,
    -4591.3303514861182
  ],
  "num_iteration": 1000,
  "num_modalities": 4,
  "num_topics": 7,
  "total_liklihood": -32424.769347521709
}
