{
  "modality_liklihoods": [
    -14022.843981383345,
    -13272.111909646603,
    -937.93316518334871,
    -4613.8851809922735
  ],
  "num_iteration": 1000,
  "num_modalities": 4,
  "num_topics": 7,
  "total_liklihood": -32846.774237205565
}
