{
  "modality_liklihoods": [
    -14368.084085301534,
    -13253.735202701369,
    -934.94034209677261,
    -4680.912397468469
  ],
  "num_iteration": 1000,
  "num_modalities": 4,
  "num_topics": 7,
  "total_liklihood": -33237.672027568144
}
