{
  "modality_liklihoods": [
    -13525.037542182265,
    -13242.267072829112,
    -935.99752759002115,
    -4617.6628709460383
  ],
  "num_iteration": 1000,
  "num_modalities": 4,
  "num_topics": 7,
  "total_liklihood": -32320.965013547437
}
