{
  "modality_liklihoods": [
    -13370.52735564013,
    -13295.096211695929,
    -941.00976545765968,
    -4666.1895825805796
  ],
  "num_iteration": 1000,
  "num_modalities": 4,
  "num_topics": 7,
  "total_liklihood": -32272.822915374298
}
