{
  "modality_liklihoods": [
    -13839.015399211788,
    -13272.977682375251,
    -940.47265582331067,
    -4732.9442284897468
  ],
  "num_iteration": 1000,
  "num_modalities": 4,
  "num_topics": 7,
  "total_liklihood": -32785.4099659001
}
