{
  "modality_liklihoods": [
    -13247.014841700237,
    -13270.77680890095,
    -943.36644595141479,
    -4604.0811524750889
  ],
  "num_iteration": 1000,
  "num_modalities": 4,
  "num_topics": 7,
  "total_liklihood": -32065.239249027691
}
