{
  "modality_liklihoods": [
    -14308.692581052477,
    -13270.143651299142,
    -933.86950986914314,
    -4640.3656679115848
  ],
  "num_iteration": 1000,
  "num_modalities": 4,
  "num_topics": 7,
  "total_liklihood": -33153.071410132347
}
