{
  "modality_liklihoods": [
    -14054.517420311804,
    -13257.877458471674,
    -935.56445042755195,
    -4637.3529645333138
  ],
  "num_iteration": 1000,
  "num_modalities": 4,
  "num_topics": 7,
  "total_liklihood": -32885.31229374434
}
