{
  "modality_liklihoods": [
    -13451.676652647888,
    -13268.011709660996,
    -939.88501424798721,
    -4644.6539568060298
  ],
  "num_iteration": 1000,
  "num_modalities": 4,
  "num_topics": 7,
  "total_liklihood": -32304.227333362898
}
