{
  "modality_liklihoods": [
    -13750.732672764325,
    -13244.77090997354,
    -949.56352203910592,
    -4589.926275990937
  ],
  "num_iteration": 1000,
  "num_modalities": 4,
  "num_topics": 7,
  "total_liklihood": -32534.993380767908
}
