{
  "modality_liklihoods": [
    -14153.562391907006,
    -13284.182028377905,
    -934.19915875311085,
    -4625.0134396577105
  ],
  "num_iteration": 1000,
  "num_modalities": 4,
  "num_topics": 7,
  "total_liklihood": -32996.957018695735
}
