{
  "modality_liklihoods": [
    -13574.463982083274,
    -13238.096656311811,
    -942.0680064424572,
    -4709.5002998168957
  ],
  "num_iteration": 1000,
  "num_modalities": 4,
  "num_topics": 7,
  "total_liklihood": -32464.12894465444
}
