{
  "modality_liklihoods": [
    -14537.116247651435,
    -13223.19500978543,
    -937.65908934539777,
    -4759.1897283312728
  ],
  "num_iteration": 1000,
  "num_modalities": 4,
  "num_topics": 7,
  "total_liklihood": -33457.160075113534
}
