{
  "modality_liklihoods": [
    -14376.194165486544,
    -13268.60678820453,
    -933.31211196715378,
    -4678.5002610963029
  ],
  "num_iteration": 1000,
  "num_modalities": 4,
  "num_topics": 7,
  "total_liklihood": -33256.61332675453
}
