{
  "modality_liklihoods": [
    -13462.471388459728,
    -13269.295174770501,
    -940.26789041578752,
    -4639.8749513042621
  ],
  "num_iteration": 1000,
  "num_modalities": 4,
  "num_topics": 7,
  "total_liklihood": -32311.909404950282
}
