{
  "modality_liklihoods": [
    -13349.620473041174,
    -13219.368354949445,
    -946.95410838098076,
    -4611.359701213888
  ],
  "num_iteration": 1000,
  "num_modalities": 4,
  "num_topics": 7,
  "total_liklihood": -32127.30263758549
}
