{
  "modality_liklihoods": [
    -13864.228801918413,
    -13252.041663471251,
    -943.50696086880225,
    -4594.334571367006
  ],
  "num_iteration": 1000,
  "num_modalities": 4,
  "num_topics": 7,
  "total_liklihood": -32654.111997625474
}
