{
  "modality_liklihoods": [
    -13414.930731155515,
    -13245.574541026619,
    -940.61540116047604,
    -4607.8085868683584
  ],
  "num_iteration": 1000,
  "num_modalities": 4,
  "num_topics": 7,
  "total_liklihood": -32208.929260210971
}
