{
  "modality_liklihoods": [
    -13896.513397166535,
    -13260.897033469633,
    -941.33884961121271,
    -4660.9752173411134
  ],
  "num_iteration": 1000,
  "num_modalities": 4,
  "num_topics": 7,
  "total_liklihood": -32759.724497588497
}
