{
  "modality_liklihoods": [
    -13865.043050207076,
    -13307.968806713232,
    -941.64996017748592,
    -4640.548575763577
  ],
  "num_iteration": 1000,
  "num_modalities": 4,
  "num_topics": 7,
  "total_liklihood": -32755.210392861369
}
