{
  "modality_liklihoods": [
    -14130.437730121863,
    -13230.212114021822,
    -942.27350416365346,
    -4747.4388640486286
  ],
  "num_iteration": 1000,
  "num_modalities": 4,
  "num_topics": 7,
  "total_liklihood": -33050.362212355969
}
