{
  "modality_liklihoods": [
    -14846.314044442837,
    -13210.588109839604,
    -942.69933507229212,
    -4660.0802416126626
  ],
  "num_iteration": 1000,
  "num_modalities": 4,
  "num_topics": 7,
  "total_liklihood": -33659.681730967393
}
