{
  "modality_liklihoods": [
    -14099.236011277906,
    -13285.053633455531,
    -943.60660685941332,
    -4656.2154813763227
  ],
  "num_iteration": 1000,
  "num_modalities": 4,
  "num_topics": 7,
  "total_liklihood": -32984.11173296917
}
