{
  "modality_liklihoods": [
    -13469.81215606882,
    -13302.421577651216,
    -932.6631829597585,
    -4677.2665773430435
  ],
  "num_iteration": 1000,
  "num_modalities": 4,
  "num_topics": 7,
  "total_liklihood": -32382.16349402284
}
