{
  "modality_liklihoods": [
    -14255.25451394765,
    -13282.994350917854,
    -938.56302683929891,
    -4657.5828763246936
  ],
  "num_iteration": 1000,
  "num_modalities": 4,
  "num_topics": 7,
  "total_liklihood": -33134.394768029495
}
