{
  "modality_liklihoods": [
    -13472.691410661519,
    -13256.569925792783,
    -936.12669366386979,
    -4639.8838258383566
  ],
  "num_iteration": 1000,
  "num_modalities": 4,
  "num_topics": 7,
  "total_liklihood": -32305.271855956526
}
