{
  "modality_liklihoods": [
    -13999.308623795096,
    -13279.492565001554,
    -939.25849564509269,
    -4695.3826280091862
  ],
  "num_iteration": 1000,
  "num_modalities": 4,
  "num_topics": 7,
  "total_liklihood": -32913.442312450927
}
