{
  "modality_liklihoods": [
    -13936.269383595891,
    -13269.987279634377,
    -935.8537743101698,
    -4649.6788810821963
  ],
  "num_iteration": 1000,
  "num_modalities": 4,
  "num_topics": 7,
  "total_liklihood": -32791.789318622636
}
