{
  "modality_liklihoods": [
    -13720.572578831858,
    -13275.665729490849,
    -938.74997260447287,
    -4602.5228404270883
  ],
  "num_iteration": 1000,
  "num_modalities": 4,
  "num_topics": 7,
  "total_liklihood": -32537.51112135427
}
