{
  "modality_liklihoods": [
    -14503.580083617282,
    -13287.702073596949,
    -930.84626533554149,
    -4654.9353491295951
  ],
  "num_iteration": 1000,
  "num_modalities": 4,
  "num_topics": 7,
  "total_liklihood": -33377.063771679372
}
