{
  "modality_liklihoods": [
    -14976.02126543799,
    -13202.930325949343,
    -941.43603287391954,
    -4640.8870248587291
  ],
  "num_iteration": 1000,
  "num_modalities": 4,
  "num_topics": 7,
  "total_liklihood": -33761.27464911998
}
