{
  "modality_liklihoods": [
    -13700.46411229353,
    -13229.705199106635,
    -939.48084410115348,
    -4631.5525682758307
  ],
  "num_iteration": 1000,
  "num_modalities": 4,
  "num_topics": 7,
  "total_liklihood": -32501.202723777147
}
