{
  "modality_liklihoods": [
    -14303.466578744619,
    -13240.68122908779,
    -945.41083228178366,
    -4641.3425737119787
  ],
  "num_iteration": 1000,
  "num_modalities": 4,
  "num_topics": 7,
  "total_liklihood": -33130.901213826168
}
