{
  "modality_liklihoods": [
    -13907.956183590522,
    -13245.98901262234,
    -944.31984699808527,
    -4623.4571281252056
  ],
  "num_iteration": 1000,
  "num_modalities": 4,
  "num_topics": 7,
  "total_liklihood": -32721.722171336154
}
