{
  "modality_liklihoods": [
    -13283.455829735803,
    -13303.825197823431,
    -941.38250476530538,
    -4670.8360537875133
  ],
  "num_iteration": 1000,
  "num_modalities": 4,
  "num_topics": 7,
  "total_liklihood": -32199.499586112051
}
