{
  "modality_liklihoods": [
    -14149.000030052797,
    -13283.444892895297,
    -935.27799667936983,
    -4653.8314084582044
  ],
  "num_iteration": 1000,
  "num_modalities": 4,
  "num_topics": 7,
  "total_liklihood": -33021.554328085673
}
