{
  "modality_liklihoods": [
    -13472.825948676702,
    -13269.075458838259,
    -942.04212584977404,
    -4613.4469259737261
  ],
  "num_iteration": 1000,
  "num_modalities": 4,
  "num_topics": 7,
  "total_liklihood": -32297.390459338461
}
