{
  "modality_liklihoods": [
    -14172.892542814867,
    -13278.232903040014,
    -938.9587944159357,
    -4620.8801939650348
  ],
  "num_iteration": 1000,
  "num_modalities": 4,
  "num_topics": 7,
  "total_liklihood": -33010.964434235852
}
