{
  "modality_liklihoods": [
    -14162.078164536815,
    -13255.345234523673,
    -937.09618577136405,
    -4643.2702988455185
  ],
  "num_iteration": 1000,
  "num_modalities": 4,
  "num_topics": 7,
  "total_liklihood": -32997.789883677367
}
