{
  "modality_liklihoods": [
    -14538.760277763109,
    -13287.357786818711,
    -935.02708256480219,
    -4623.6208583729922
  ],
  "num_iteration": 1000,
  "num_modalities": 4,
  "num_topics": 7,
  "total_liklihood": -33384.76600551961
}
