{
  "modality_liklihoods": [
    -13939.949316263135,
    -13239.286728099194,
    -950.1198647347403,
    -4665.8842566009307
  ],
  "num_iteration": 1000,
  "num_modalities": 4,
  "num_topics": 7,
  "total_liklihood": -32795.240165698
}
