{
  "modality_liklihoods": [
    -14407.901195989552,
    -13279.100182259806,
    -944.1439351499024,
    -4600.5957705152759
  ],
  "num_iteration": 1000,
  "num_modalities": 4,
  "num_topics": 7,
  "total_liklihood": -33231.741083914538
}
