{
  "modality_liklihoods": [
    -14603.52083329474,
    -13313.942563854423,
    -936.7829576718749,
    -4671.4239677452306
  ],
  "num_iteration": 1000,
  "num_modalities": 4,
  "num_topics": 7,
  "total_liklihood": -33525.670322566271
}
