{
  "modality_liklihoods": [
    -14368.938376404372,
    -13224.824994251976,
    -940.87029255959408,
    -4706.6360022256431
  ],
  "num_iteration": 1000,
  "num_modalities": 4,
  "num_topics": 7,
  "total_liklihood": -33241.269665441585
}
