{
  "modality_liklihoods": [
    -14518.789611142942,
    -13230.928040551446,
    -938.40286009550232,
    -4633.8200535535661
  ],
  "num_iteration": 1000,
  "num_modalities": 4,
  "num_topics": 7,
  "total_liklihood": -33321.940565343459
}
