{
  "modality_liklihoods": [
    -13502.303438061334,
    -13271.141806510483,
    -947.97215546145571,
    -4631.3775939109682
  ],
  "num_iteration": 1000,
  "num_modalities": 4,
  "num_topics": 7,
  "total_liklihood": -32352.794993944241
}
