{
  "modality_liklihoods": [
    -12912.651774510001,
    -13265.405548646186,
    -938.23004698801446,
    -4611.4366462893804
  ],
  "num_iteration": 1000,
  "num_modalities": 4,
  "num_topics": 7,
  "total_liklihood": -31727.724016433582
}
