{
  "modality_liklihoods": [
    -14060.476002372729,
    -13244.355809277695,
    -946.43760134389447,
    -4667.155795146823
  ],
  "num_iteration": 1000,
  "num_modalities": 4,
  "num_topics": 7,
  "total_liklihood": -32918.42520814114
}
