{
  "modality_liklihoods": [
    -13940.358598553614,
    -13252.455741513349,
    -936.39554123592222,
    -4654.125851210677
  ],
  "num_iteration": 1000,
  "num_modalities": 4,
  "num_topics": 7,
  "total_liklihood": -32783.335732513566
}
