{
  "modality_liklihoods": [
    -13582.773182092256,
    -13237.666705653224,
    -935.87486447650588,
    -4633.7349249558783
  ],
  "num_iteration": 1000,
  "num_modalities": 4,
  "num_topics": 7,
  "total_liklihood": -32390.049677177867
}
