{
  "modality_liklihoods": [
    -14350.780482170998,
    -13212.797020135333,
    -938.88154332113584,
    -4616.4326780141719
  ],
  "num_iteration": 1000,
  "num_modalities": 4,
  "num_topics": 7,
  "total_liklihood": -33118.891723641638
}
