{
  "modality_liklihoods": [
    -13530.424961434252,
    -13333.051876679805,
    -936.71987798059922,
    -4621.2670493179603
  ],
  "num_iteration": 1000,
  "num_modalities": 4,
  "num_topics": 7,
  "total_liklihood": -32421.463765412616
}
