{
  "modality_liklihoods": [
    -14239.989021099353,
    -13251.755531515597,
    -944.20548671892936,
    -4614.3187249217799
  ],
  "num_iteration": 1000,
  "num_modalities": 4,
  "num_topics": 7,
  "total_liklihood": -33050.268764255656
}
