{
  "modality_liklihoods": [
    -14481.253937097717,
    -13287.321942337836,
    -938.21366164838344,
    -4634.0801589633502
  ],
  "num_iteration": 1000,
  "num_modalities": 4,
  "num_topics": 7,
  "total_liklihood": -33340.869700047289
}
