{
  "modality_liklihoods": [
    -14921.6522285383,
    -13202.973491025739,
    -938.9063292581468,
    -4650.4401433511221
  ],
  "num_iteration": 1000,
  "num_modalities": 4,
  "num_topics": 7,
  "total_liklihood": -33713.972192173307
}
