{
  "modality_liklihoods": [
    -13906.416908311434,
    -13269.604161105019,
    -935.20986546350844,
    -4645.3834586711519
  ],
  "num_iteration": 1000,
  "num_modalities": 4,
  "num_topics": 7,
  "total_liklihood": -32756.614393551114
}
