{
  "modality_liklihoods": [
    -14001.206957967373,
    -13257.414358340478,
    -943.37279223897713,
    -4650.0614533519474
  ],
  "num_iteration": 1000,
  "num_modalities": 4,
  "num_topics": 7,
  "total_liklihood": -32852.055561898771
}
