{
  "modality_liklihoods": [
    -14884.081546655836,
    -13208.423482506698,
    -936.19923827570983,
    -4700.9377667471626
  ],
  "num_iteration": 1000,
  "num_modalities": 4,
  "num_topics": 7,
  "total_liklihood": -33729.642034185403
}
