{
  "modality_liklihoods": [
    -13523.981612204148,
    -13239.204745005622,
    -938.23091891526337,
    -4684.1759103717104
  ],
  "num_iteration": 1000,
  "num_modalities": 4,
  "num_topics": 7,
  "total_liklihood": -32385.593186496742
}
