{
  "modality_liklihoods": [
    -12930.171833196076,
    -13275.120215995776,
    -947.95364488592259,
    -4617.7338436038372
  ],
  "num_iteration": 1000,
  "num_modalities": 4,
  "num_topics": 7,
  "total_liklihood": -31770.979537681611
}
