{
  "modality_liklihoods": [
    -14176.936937273073,
    -13268.833784624763,
    -940.45152493317551,
    -4667.1785965874969
  ],
  "num_iteration": 1000,
  "num_modalities": 4,
  "num_topics": 7,
  "total_liklihood": -33053.400843418509
}
