{
  "modality_liklihoods": [
    -13781.877305790271,
    -13256.459887289759,
    -945.18758379303188,
    -4654.1825795963859
  ],
  "num_iteration": 1000,
  "num_modalities": 4,
  "num_topics": 7,
  "total_liklihood": -32637.707356469444
}
