{
  "modality_liklihoods": [
    -14186.350195666939,
    -13246.404666954388,
    -939.40251911719758,
    -4614.393121515207
  ],
  "num_iteration": 1000,
  "num_modalities": 4,
  "num_topics": 7,
  "total_liklihood": -32986.550503253726
}
