{
  "modality_liklihoods": [
    -13938.313565675113,
    -13218.841706783765,
    -937.48867651689125,
    -4638.1596563882904
  ],
  "num_iteration": 1000,
  "num_modalities": 4,
  "num_topics": 7,
  "total_liklihood": -32732.803605364061
}
