{
  "modality_liklihoods": [
    -14005.784585838048,
    -13324.012666728951,
    -945.818467067558,
    -4623.3538526065995
  ],
  "num_iteration": 1000,
  "num_modalities": 4,
  "num_topics": 7,
  "total_liklihood": -32898.969572241156
}
