{
  "modality_liklihoods": [
    -13960.655897186716,
    -13257.576319867752,
    -938.6863808407951,
    -4643.3249313876622
  ],
  "num_iteration": 1000,
  "num_modalities": 4,
  "num_topics": 7,
  "total_liklihood": -32800.243529282925
}
