{
  "modality_liklihoods": [
    -15086.836314515769,
    -13264.313805074171,
    -946.5278011766078,
    -4626.8286125532504
  ],
  "num_iteration": 1000,
  "num_modalities": 4,
  "num_topics": 7,
  "total_liklihood": -33924.5065333198
}
