{
  "modality_liklihoods": [
    -13758.558942734559,
    -13274.546372840978,
    -939.22229407152838,
    -4652.7680059874292
  ],
  "num_iteration": 1000,
  "num_modalities": 4,
  "num_topics": 7,
  "total_liklihood": -32625.095615634495
}
