{
  "modality_liklihoods": [
    -14772.285242924523,
    -13250.313678661092,
    -941.08357266603309,
    -4667.6481409002645
  ],
  "num_iteration": 1000,
  "num_modalities": 4,
  "num_topics": 7,
  "total_liklihood": -33631.330635151913
}
