{
  "modality_liklihoods": [
    -12994.032369252682,
    -13280.808702914532,
    -944.05134851101593,
    -4655.0861267067912
  ],
  "num_iteration": 1000,
  "num_modalities": 4,
  "num_topics": 7,
  "total_liklihood": -31873.978547385021
}
