{
  "modality_liklihoods": [
    -14045.885742888466,
    -13252.137199253315,
    -942.83845915884876,
    -4645.5571239291839
  ],
  "num_iteration": 1000,
  "num_modalities": 4,
  "num_topics": 7,
  "total_liklihood": -32886.418525229812
}
