{
  "modality_liklihoods": [
    -13781.379165438224,
    -13236.072707252393,
    -941.86899817567053,
    -4670.5269277830548
  ],
  "num_iteration": 1000,
  "num_modalities": 4,
  "num_topics": 7,
  "total_liklihood": -32629.847798649342
}
