{
  "modality_liklihoods": [
    -14103.812349175792,
    -13272.761315528574,
    -935.96614163201639,
    -4604.4212691337216
  ],
  "num_iteration": 1000,
  "num_modalities": 4,
  "num_topics": 7,
  "total_liklihood": -32916.961075470106
}
