{
  "modality_liklihoods": [
    -13971.995783591607,
    -13280.001227521358,
    -939.37239983330994,
    -4662.6898964292768
  ],
  "num_iteration": 1000,
  "num_modalities": 4,
  "num_topics": 7,
  "total_liklihood": -32854.059307375552
}
