{
  "modality_liklihoods": [
    -14029.220675841141,
    -13269.44525660677,
    -937.20964916753769,
    -4654.6914309191925
  ],
  "num_iteration": 1000,
  "num_modalities": 4,
  "num_topics": 7,
  "total_liklihood": -32890.567012534637
}
