{
  "modality_liklihoods": [
    -13346.66047940803,
    -13245.794612062393,
    -936.60297683539443,
    -4678.6713909005821
  ],
  "num_iteration": 1000,
  "num_modalities": 4,
  "num_topics": 7,
  "total_liklihood": -32207.729459206399
}
