{
  "modality_liklihoods": [
    -14094.460673394522,
    -13269.619842121718,
    -938.97345623991703,
    -4627.1301579800802
  ],
  "num_iteration": 1000,
  "num_modalities": 4,
  "num_topics": 7,
  "total_liklihood": -32930.184129736233
}
