{
  "modality_liklihoods": [
    -13592.48238523588,
    -13282.548396431192,
    -944.28847042484188,
    -4647.8332884559422
  ],
  "num_iteration": 1000,
  "num_modalities": 4,
  "num_topics": 7,
  "total_liklihood": -32467.152540547857
}
