{
  "modality_liklihoods": [
    -14331.623755526707,
    -13235.369663501682,
    -946.63950704144349,
    -4712.5706826412725
  ],
  "num_iteration": 1000,
  "num_modalities": 4,
  "num_topics": 7,
  "total_liklihood": -33226.203608711105
}
