{
  "modality_liklihoods": [
    -14952.15585033507,
    -13222.868681436963,
    -943.9462030655618,
    -4652.8527673080707
  ],
  "num_iteration": 1000,
  "num_modalities": 4,
  "num_topics": 7,
  "total_liklihood": -33771.823502145664
}
