{
  "modality_liklihoods": [
    -14094.186839048629,
    -13287.305125098943,
    -938.12886324408646,
    -4641.6971813558193
  ],
  "num_iteration": 1000,
  "num_modalities": 4,
  "num_topics": 7,
  "total_liklihood": -32961.318008747476
}
