{
  "modality_liklihoods": [
    -13932.378256355209,
    -13275.55476265819,
    -937.15038340105218,
    -4638.4529849403943
  ],
  "num_iteration": 1000,
  "num_modalities": 4,
  "num_topics": 7,
  "total_liklihood": -32783.536387354841
}
