{
  "modality_liklihoods": [
    -13743.657004110566,
    -13288.866812379851,
    -945.51036088955004,
    -4636.1377930086137
  ],
  "num_iteration": 1000,
  "num_modalities": 4,
  "num_topics": 7,
  "total_liklihood": -32614.171970388579
}
