{
  "modality_liklihoods": [
    -14093.37203115048,
    -13236.645870755923,
    -940.7190577031123,
    -4668.5248530103345
  ],
  "num_iteration": 1000,
  "num_modalities": 4,
  "num_topics": 7,
  "total_liklihood": -32939.26181261985
}
