{
  "modality_liklihoods": [
    -14087.013064986635,
    -13289.520043901292,
    -939.72561160807436,
    -4650.8024404364241
  ],
  "num_iteration": 1000,
  "num_modalities": 4,
  "num_topics": 7,
  "total_liklihood": -32967.061160932426
}
