{
  "modality_liklihoods": [
    -13287.061020935658,
    -13226.823301648981,
    -943.61653028556714,
    -4600.1403033678635
  ],
  "num_iteration": 1000,
  "num_modalities": 4,
  "num_topics": 7,
  "total_liklihood": -32057.641156238067
}
