{
  "modality_liklihoods": [
    -14223.355507539352,
    -13280.849033165803,
    -933.52087793199848,
    -4665.0549695651043
  ],
  "num_iteration": 1000,
  "num_modalities": 4,
  "num_topics": 7,
  "total_liklihood": -33102.780388202256
}
