{
  "modality_liklihoods": [
    -14148.438620351122,
    -13273.779372517338,
    -942.89404932128082,
    -4613.3571179171586
  ],
  "num_iteration": 1000,
  "num_modalities": 4,
  "num_topics": 7,
  "total_liklihood": -32978.469160106899
}
