{
  "modality_liklihoods": [
    -14173.344327344799,
    -13225.761047883439,
    -943.53972012971917,
    -4714.8303106991843
  ],
  "num_iteration": 1000,
  "num_modalities": 4,
  "num_topics": 7,
  "total_liklihood": -33057.475406057143
}
