{
  "modality_liklihoods": [
    -13444.432977759549,
    -13209.732661965953,
    -943.92237374211675,
    -4651.9043893919661
  ],
  "num_iteration": 1000,
  "num_modalities": 4,
  "num_topics": 7,
  "total_liklihood": -32249.992402859581
}
