{
  "modality_liklihoods": [
    -13797.712219676243,
    -13238.487086982976,
    -942.13865234710261,
    -4662.7870666396766
  ],
  "num_iteration": 1000,
  "num_modalities": 4,
  "num_topics": 7,
  "total_liklihood": -32641.125025645997
}
