{
  "modality_liklihoods": [
    -13525.960048004843,
    -13249.833139883498,
    -946.35794487833937,
    -4686.6371940810577
  ],
  "num_iteration": 1000,
  "num_modalities": 4,
  "num_topics": 7,
  "total_liklihood": -32408.788326847734
}
