{
  "modality_liklihoods": [
    -13245.319609658387,
    -13218.991679588447,
    -941.85222231789953,
    -4633.0557519334225
  ],
  "num_iteration": 1000,
  "num_modalities": 4,
  "num_topics": 7,
  "total_liklihood": -32039.219263498155
}
