{
  "modality_liklihoods": [
    -14086.469522545995,
    -13259.487272789949,
    -940.80489801229271,
    -4673.4924007705686
  ],
  "num_iteration": 1000,
  "num_modalities": 4,
  "num_topics": 7,
  "total_liklihood": -32960.254094118805
}
