{
  "modality_liklihoods": [
    -14022.308627058985,
    -13219.220980027909,
    -941.23872719809708,
    -4637.477190877833
  ],
  "num_iteration": 1000,
  "num_modalities": 4,
  "num_topics": 7,
  "total_liklihood": -32820.245525162827
}
