{
  "modality_liklihoods": [
    -14249.355930118387,
    -13258.304634253785,
    -939.5595463792921,
    -4633.1986313679063
  ],
  "num_iteration": 1000,
  "num_modalities": 4,
  "num_topics": 7,
  "total_liklihood": -33080.418742119371
}
