{
  "modality_liklihoods": [
    -13404.005520830491,
    -13273.384661827493,
    -941.70063716712696,
    -4620.4559685978829
  ],
  "num_iteration": 1000,
  "num_modalities": 4,
  "num_topics": 7,
  "total_liklihood": -32239.546788422991
}
