{
  "modality_liklihoods": [
    -14070.36380766878,
    -13269.082741395398,
    -937.08993311177232,
    -4607.9223503887715
  ],
  "num_iteration": 1000,
  "num_modalities": 4,
  "num_topics": 7,
  "total_liklihood": -32884.45883256472
}
