{
  "modality_liklihoods": [
    -13354.313869587832,
    -13242.960288286909,
    -950.53817766587247,
    -4619.7325463918005
  ],
  "num_iteration": 1000,
  "num_modalities": 4,
  "num_topics": 7,
  "total_liklihood": -32167.544881932416
}
