{
  "modality_liklihoods": [
    -13654.015685229369,
    -13297.735986133021,
    -945.21986248497342,
    -4631.6907016859204
  ],
  "num_iteration": 1000,
  "num_modalities": 4,
  "num_topics": 7,
  "total_liklihood": -32528.662235533287
}
