{
  "modality_liklihoods": [
    -13835.631017167228,
    -13241.034558684216,
    -935.88235670841721,
    -4651.8251636686437
  ],
  "num_iteration": 1000,
  "num_modalities": 4,
  "num_topics": 7,
  "total_liklihood": -32664.373096228508
}
