{
  "modality_liklihoods": [
    -14146.096885922108,
    -13225.946669274277,
    -943.64472907439449,
    -4735.1277963621214
  ],
  "num_iteration": 1000,
  "num_modalities": 4,
  "num_topics": 7,
  "total_liklihood": -33050.816080632896
}
