{
  "modality_liklihoods": [
    -14202.083726279243,
    -13256.994547804048,
    -944.58895531934945,
    -4626.7591853309077
  ],
  "num_iteration": 1000,
  "num_modalities": 4,
  "num_topics": 7,
  "total_liklihood": -33030.426414733549
}
