{
  "modality_liklihoods": [
    -14959.096285980409,
    -13218.73678175947,
    -940.78597416474599,
    -4621.0243532327231
  ],
  "num_iteration": 1000,
  "num_modalities": 4,
  "num_topics": 7,
  "total_liklihood": -33739.643395137347
}
