{
  "modality_liklihoods": [
    -14474.361449164247,
    -13235.164108986593,
    -940.44014803271807,
    -4678.9061514060677
  ],
  "num_iteration": 1000,
  "num_modalities": 4,
  "num_topics": 7,
  "total_liklihood": -33328.871857589627
}
