{
  "modality_liklihoods": [
    -14379.575782624661,
    -13273.368550173962,
    -942.21896398401304,
    -4608.9542994319272
  ],
  "num_iteration": 1000,
  "num_modalities": 4,
  "num_topics": 7,
  "total_liklihood": -33204.117596214564
}
