{
  "modality_liklihoods": [
    -13710.003445321567,
    -13301.451850258733,
    -947.72427239299407,
    -4637.0115521864846
  ],
  "num_iteration": 1000,
  "num_modalities": 4,
  "num_topics": 7,
  "total_liklihood": -32596.191120159783
}
