{
  "modality_liklihoods": [
    -14316.346181948522,
    -13207.897199284698,
    -935.80966576121909,
    -4744.4689748813789
  ],
  "num_iteration": 1000,
  "num_modalities": 4,
  "num_topics": 7,
  "total_liklihood": -33204.522021875819
}
