{
  "modality_liklihoods": [
    -14566.831738496747,
    -13265.399081608328,
    -952.95579706741273,
    -4646.5037410195418
  ],
  "num_iteration": 1000,
  "num_modalities": 4,
  "num_topics": 7,
  "total_liklihood": -33431.690358192034
}
