{
  "modality_liklihoods": [
    -13781.460218850965,
    -13285.744175981548,
    -939.16466292353527,
    -4606.8847546176612
  ],
  "num_iteration": 1000,
  "num_modalities": 4,
  "num_topics": 7,
  "total_liklihood": -32613.253812373714
}
