{
  "modality_liklihoods": [
    -13958.666019447619,
    -13294.32104419883,
    -948.22274642095124,
    -4607.7122665041534
  ],
  "num_iteration": 1000,
  "num_modalities": 4,
  "num_topics": 7,
  "total_liklihood": -32808.922076571551
}
