{
  "modality_liklihoods": [
    -13305.306745444717,
    -13266.578241975827,
    -937.47084194174829,
    -4614.0806519092785
  ],
  "num_iteration": 1000,
  "num_modalities": 4,
  "num_topics": 7,
  "total_liklihood": -32123.436481271572
}
