{
  "modality_liklihoods": [
    -14290.842590862372,
    -13246.45446102672,
    -937.26845000935828,
    -4619.3650255394523
  ],
  "num_iteration": 1000,
  "num_modalities": 4,
  "num_topics": 7,
  "total_liklihood": -33093.930527437908
}
