{
  "modality_liklihoods": [
    -13439.000515410846,
    -13204.321645650831,
    -943.6583585844088,
    -4632.4497370562876
  ],
  "num_iteration": 1000,
  "num_modalities": 4,
  "num_topics": 7,
  "total_liklihood": -32219.43025670237
}
