{
  "modality_liklihoods": [
    -12712.837028292526,
    -13270.653854375279,
    -942.96857870883957,
    -4571.062842741977
  ],
  "num_iteration": 1000,
  "num_modalities": 4,
  "num_topics": 7,
  "total_liklihood": -31497.522304118622
}
