{
  "modality_liklihoods": [
    -14037.204372955759,
    -13317.364691578201,
    -941.54178118621371,
    -4693.5578373502731
  ],
  "num_iteration": 1000,
  "num_modalities": 4,
  "num_topics": 7,
  "total_liklihood": -32989.668683070449
}
