{
  "modality_liklihoods": [
    -13569.789624416615,
    -13247.73421710376,
    -941.245572154858,
    -4691.7247345840906
  ],
  "num_iteration": 1000,
  "num_modalities": 4,
  "num_topics": 7,
  "total_liklihood": -32450.494148259324
}
