{
  "modality_liklihoods": [
    -13643.065492559035,
    -13233.874825426616,
    -944.25796414076274,
    -4669.9610206716789
  ],
  "num_iteration": 1000,
  "num_modalities": 4,
  "num_topics": 7,
  "total_liklihood": -32491.159302798093
}
