{
  "modality_liklihoods": [
    -13905.793674792076,
    -13263.780598112422,
    -935.34365007095562,
    -4628.7037547774762
  ],
  "num_iteration": 1000,
  "num_modalities": 4,
  "num_topics": 7,
  "total_liklihood": -32733.621677752926
}
