{
  "modality_liklihoods": [
    -13728.187699891861,
    -13297.652166083128,
    -939.87513787520606,
    -4639.5549074712126
  ],
  "num_iteration": 1000,
  "num_modalities": 4,
  "num_topics": 7,
  "total_liklihood": -32605.269911321404
}
