{
  "modality_liklihoods": [
    -13852.326846504018,
    -13202.099491171397,
    -940.83696572780264,
    -4700.0832854212003
  ],
  "num_iteration": 1000,
  "num_modalities": 4,
  "num_topics": 7,
  "total_liklihood": -32695.346588824417
}
