{
  "modality_liklihoods": [
    -13950.264008472108,
    -13216.955525119549,
    -942.44528317802394,
    -4664.9629833977688
  ],
  "num_iteration": 1000,
  "num_modalities": 4,
  "num_topics": 7,
  "total_liklihood": -32774.627800167451
}
