{
  "modality_liklihoods": [
    -14651.387220582423,
    -13247.791892631582,
    -939.29644809787249,
    -4653.9323632297555
  ],
  "num_iteration": 1000,
  "num_modalities": 4,
  "num_topics": 7,
  "total_liklihood": -33492.407924541636
}
