{
  "modality_liklihoods": [
    -12442.266638070689,
    -13295.442725305551,
    -941.07376177806907,
    -4659.4295379558062
  ],
  "num_iteration": 1000,
  "num_modalities": 4,
  "num_topics": 7,
  "total_liklihood": -31338.212663110116
}
