{
  "modality_liklihoods": [
    -13511.243679614035,
    -13210.914169972779,
    -941.24126605927052,
    -4642.9557277845006
  ],
  "num_iteration": 1000,
  "num_modalities": 4,
  "num_topics": 7,
  "total_liklihood": -32306.354843430589
}
