{
  "modality_liklihoods": [
    -13822.186633750438,
    -13280.02656033743,
    -934.48733915709522,
    -4641.3256223930748
  ],
  "num_iteration": 1000,
  "num_modalities": 4,
  "num_topics": 7,
  "total_liklihood": -32678.026155638036
}
