{
  "modality_liklihoods": [
    -13830.515542080753,
    -13263.10517442339,
    -939.41849736103541,
    -4698.086184461863
  ],
  "num_iteration": 1000,
  "num_modalities": 4,
  "num_topics": 7,
  "total_liklihood": -32731.12539832704
}
