{
  "modality_liklihoods": [
    -13731.747618559699,
    -13245.579910575379,
    -933.76819159953368,
    -4577.4090158536446
  ],
  "num_iteration": 1000,
  "num_modalities": 4,
  "num_topics": 7,
  "total_liklihood": -32488.50473658826
}
