{
  "modality_liklihoods": [
    -14052.413609361822,
    -13268.43913237314,
    -937.21832751714498,
    -4609.544899494992
  ],
  "num_iteration": 1000,
  "num_modalities": 4,
  "num_topics": 7,
  "total_liklihood": -32867.615968747101
}
