{
  "modality_liklihoods": [
    -13632.442898180972,
    -13291.618177634553,
    -941.5756206048992,
    -4639.6957002777935
  ],
  "num_iteration": 1000,
  "num_modalities": 4,
  "num_topics": 7,
  "total_liklihood": -32505.332396698217
}
