{
  "modality_liklihoods": [
    -13269.575533297146,
    -13283.438701976913,
    -937.48645651157028,
    -4631.9352825363922
  ],
  "num_iteration": 1000,
  "num_modalities": 4,
  "num_topics": 7,
  "total_liklihood": -32122.435974322023
}
