{
  "modality_liklihoods": [
    -14467.343306426999,
    -13260.115033157146,
    -939.11224208221256,
    -4681.3336339328889
  ],
  "num_iteration": 1000,
  "num_modalities": 4,
  "num_topics": 7,
  "total_liklihood": -33347.90421559925
}
