{
  "modality_liklihoods": [
    -13603.538569686563,
    -13254.988175500041,
    -944.30803089058293,
    -4595.647392925508
  ],
  "num_iteration": 1000,
  "num_modalities": 4,
  "num_topics": 7,
  "total_liklihood": -32398.482169002695
}
