{
  "modality_liklihoods": [
    -13493.213310307012,
    -13273.085236555258,
    -945.98756322618283,
    -4608.4740825833005
  ],
  "num_iteration": 1000,
  "num_modalities": 4,
  "num_topics": 7,
  "total_liklihood": -32320.760192671754
}
