{
  "modality_liklihoods": [
    -13928.637353031101,
    -13282.531036923485,
    -940.51939341104264,
    -4687.2712322242487
  ],
  "num_iteration": 1000,
  "num_modalities": 4,
  "num_topics": 7,
  "total_liklihood": -32838.959015589877
}
