{
  "modality_liklihoods": [
    -13769.166559195664,
    -13317.478056327946,
    -936.98292509674195,
    -4642.5458237464636
  ],
  "num_iteration": 1000,
  "num_modalities": 4,
  "num_topics": 7,
  "total_liklihood": -32666.173364366816
}
