{
  "modality_liklihoods": [
    -13660.402526224199,
    -13273.679122350019,
    -938.2778982520399,
    -4586.2391583696026
  ],
  "num_iteration": 1000,
  "num_modalities": 4,
  "num_topics": 7,
  "total_liklihood": -32458.598705195858
}
