{
  "modality_liklihoods": [
    -14148.826044456433,
    -13282.209571583722,
    -941.97098630602807,
    -4646.7786343672669
  ],
  "num_iteration": 1000,
  "num_modalities": 4,
  "num_topics": 7,
  "total_liklihood": -33019.785236713447
}
