{
  "modality_liklihoods": [
    -14178.062290618296,
    -13267.686052903253,
    -943.18904649549347,
    -4626.7029825319269
  ],
  "num_iteration": 1000,
  "num_modalities": 4,
  "num_topics": 7,
  "total_liklihood": -33015.640372548965
}
