{
  "modality_liklihoods": [
    -13909.381897113684,
    -13291.013028926232,
    -941.26617184795771,
    -4673.5733833989625
  ],
  "num_iteration": 1000,
  "num_modalities": 4,
  "num_topics": 7,
  "total_liklihood": -32815.23448128684
}
