{
  "modality_liklihoods": [
    -14020.929732261993,
    -13242.351445064522,
    -942.00719782334534,
    -4641.6942347209915
  ],
  "num_iteration": 1000,
  "num_modalities": 4,
  "num_topics": 7,
  "total_liklihood": -32846.982609870851
}
