{
  "modality_liklihoods": [
    -13511.713285264597,
    -13265.423524582513,
    -949.05376958806619,
    -4609.2604545775721
  ],
  "num_iteration": 1000,
  "num_modalities": 4,
  "num_topics": 7,
  "total_liklihood": -32335.451034012749
}
