{
  "modality_liklihoods": [
    -14500.0396225515,
    -13272.704782981758,
    -937.22231093361825,
    -4609.9426328537993
  ],
  "num_iteration": 1000,
  "num_modalities": 4,
  "num_topics": 7,
  "total_liklihood": -33319.909349320675
}
