{
  "modality_liklihoods": [
    -13241.380919727428,
    -13266.816039306043,
    -940.32603913838466,
    -4685.9079918740053
  ],
  "num_iteration": 1000,
  "num_modalities": 4,
  "num_topics": 7,
  "total_liklihood": -32134.430990045861
}
