{
  "modality_liklihoods": [
    -14487.038339265846,
    -13247.708203549724,
    -949.38438603465477,
    -4551.6935020361198
  ],
  "num_iteration": 1000,
  "num_modalities": 4,
  "num_topics": 7,
  "total_liklihood": -33235.824430886343
}
