{
  "modality_liklihoods": [
    -13803.580573086136,
    -13290.464814367402,
    -945.16075960068156,
    -4595.6778411848381
  ],
  "num_iteration": 1000,
  "num_modalities": 4,
  "num_topics": 7,
  "total_liklihood": -32634.883988239057
}
