{
  "modality_liklihoods": [
    -13893.019395319598,
    -13226.618286012879,
    -941.92866750740995,
    -4683.5690576170045
  ],
  "num_iteration": 1000,
  "num_modalities": 4,
  "num_topics": 7,
  "total_liklihood": -32745.135406456891
}
