{
  "modality_liklihoods": [
    -13915.126749435287,
    -13263.498007943019,
    -945.67858223205099,
    -4653.0958142121808
  ],
  "num_iteration": 1000,
  "num_modalities": 4,
  "num_topics": 7,
  "total_liklihood": -32777.399153822538
}
