{
  "modality_liklihoods": [
    -14347.714771698671,
    -13274.576842271381,
    -937.18981409537014,
    -4652.3966268040003
  ],
  "num_iteration": 1000,
  "num_modalities": 4,
  "num_topics": 7,
  "total_liklihood": -33211.878054869427
}
