{
  "modality_liklihoods": [
    -13571.596382762629,
    -13313.211863009185,
    -933.0121973997359,
    -4647.4682185286674
  ],
  "num_iteration": 1000,
  "num_modalities": 4,
  "num_topics": 7,
  "total_liklihood": -32465.288661700215
}
