{
  "modality_liklihoods": [
    -13783.061194026914,
    -13278.562765686869,
    -940.47630711069769,
    -4653.4251833440776
  ],
  "num_iteration": 1000,
  "num_modalities": 4,
  "num_topics": 7,
  "total_liklihood": -32655.525450168556
}
