{
  "modality_liklihoods": [
    -14313.606650805033,
    -13248.393673890781,
    -939.8169139137633,
    -4707.1377048253689
  ],
  "num_iteration": 1000,
  "num_modalities": 4,
  "num_topics": 7,
  "total_liklihood": -33208.954943434946
}
