{
  "modality_liklihoods": [
    -14566.419838693993,
    -13253.056131233949,
    -940.06590209084959,
    -4645.2086744434973
  ],
  "num_iteration": 1000,
  "num_modalities": 4,
  "num_topics": 7,
  "total_liklihood": -33404.750546462288
}
