{
  "modality_liklihoods": [
    -13877.134236151824,
    -13220.585324848074,
    -944.19414495140768,
    -4658.9162905416106
  ],
  "num_iteration": 1000,
  "num_modalities": 4,
  "num_topics": 7,
  "total_liklihood": -32700.829996492917
}
