{
  "modality_liklihoods": [
    -13979.697803588831,
    -13294.044514035921,
    -940.18637922686185,
    -4637.2622958166048
  ],
  "num_iteration": 1000,
  "num_modalities": 4,
  "num_topics": 7,
  "total_liklihood": -32851.19099266822
}
