{
  "modality_liklihoods": [
    -14330.926690681797,
    -13278.668341688332,
    -940.53959299531675,
    -4627.6324193729852
  ],
  "num_iteration": 1000,
  "num_modalities": 4,
  "num_topics": 7,
  "total_liklihood": -33177.76704473843
}
