{
  "modality_liklihoods": [
    -13355.438750045734,
    -13279.888927097219,
    -939.84723539424897,
    -4689.6297282127907
  ],
  "num_iteration": 1000,
  "num_modalities": 4,
  "num_topics": 7,
  "total_liklihood": -32264.804640749993
}
