{
  "modality_liklihoods": [
    -13646.936417970403,
    -13266.540282875949,
    -940.18952379316227,
    -4592.1376474162562
  ],
  "num_iteration": 1000,
  "num_modalities": 4,
  "num_topics": 7,
  "total_liklihood": -32445.803872055774
}
