{
  "modality_liklihoods": [
    -13884.401919241973,
    -13299.07295649785,
    -938.7570038439419,
    -4627.6392284378007
  ],
  "num_iteration": 1000,
  "num_modalities": 4,
  "num_topics": 7,
  "total_liklihood": -32749.871108021565
}
