{
  "modality_liklihoods": [
    -12817.133570809976,
    -13251.545226277438,
    -943.05749422676183,
    -4723.0436195110851
  ],
  "num_iteration": 1000,
  "num_modalities": 4,
  "num_topics": 7,
  "total_liklihood": -31734.779910825262
}
