{
  "modality_liklihoods": [
    -14001.176054085696,
    -13274.234176243304,
    -937.30661046147077,
    -4630.0131945662388
  ],
  "num_iteration": 1000,
  "num_modalities": 4,
  "num_topics": 7,
  "total_liklihood": -32842.730035356704
}
