{
  "modality_liklihoods": [
    -14692.500267182639,
    -13295.189798583739,
    -943.46972277354678,
    -4615.3295092041444
  ],
  "num_iteration": 1000,
  "num_modalities": 4,
  "num_topics": 7,
  "total_liklihood": -33546.489297744069
}
