{
  "modality_liklihoods": [
    -13649.292744218221,
    -13290.153590665768,
    -940.02484122361602,
    -4643.9146399931733
  ],
  "num_iteration": 1000,
  "num_modalities": 4,
  "num_topics": 7,
  "total_liklihood": -32523.385816100777
}
