{
  "modality_liklihoods": [
    -14072.799416443017,
    -13291.004973554443,
    -935.69649358833578,
    -4620.8267288474781
  ],
  "num_iteration": 1000,
  "num_modalities": 4,
  "num_topics": 7,
  "total_liklihood": -32920.327612433277
}
