{
  "modality_liklihoods": [
    -13818.91021816946,
    -13286.130179112655,
    -942.2482694922287,
    -4655.5864146199374
  ],
  "num_iteration": 1000,
  "num_modalities": 4,
  "num_topics": 7,
  "total_liklihood": -32702.875081394282
}
