{
  "modality_liklihoods": [
    -14048.35845382246,
    -13235.13272173571,
    -947.33228461182216,
    -4690.8105696927332
  ],
  "num_iteration": 1000,
  "num_modalities": 4,
  "num_topics": 7,
  "total_liklihood": -32921.634029862726
}
