{
  "modality_liklihoods": [
    -14747.355511204289,
    -13239.147866932128,
    -937.88487468959943,
    -4666.2065538809593
  ],
  "num_iteration": 1000,
  "num_modalities": 4,
  "num_topics": 7,
  "total_liklihood": -33590.594806706977
}
