{
  "modality_liklihoods": [
    -14384.392426070219,
    -13260.849261166408,
    -937.29919274100678,
    -4627.5795594734673
  ],
  "num_iteration": 1000,
  "num_modalities": 4,
  "num_topics": 7,
  "total_liklihood": -33210.120439451101
}
