{
  "modality_liklihoods": [
    -13537.973177857617,
    -13257.417692508336,
    -935.4188876419762,
    -4640.1076373085916
  ],
  "num_iteration": 1000,
  "num_modalities": 4,
  "num_topics": 7,
  "total_liklihood": -32370.917395316523
}
