{
  "modality_liklihoods": [
    -13772.343872164944,
    -13289.341678918205,
    -939.98711135370763,
    -4586.7423065515359
  ],
  "num_iteration": 1000,
  "num_modalities": 4,
  "num_topics": 7,
  "total_liklihood": -32588.414968988393
}
