{
  "modality_liklihoods": [
    -14048.859665330247,
    -13265.060687250083,
    -936.52023748962586,
    -4679.2029324068817
  ],
  "num_iteration": 1000,
  "num_modalities": 4,
  "num_topics": 7,
  "total_liklihood": -32929.643522476836
}
