{
  "modality_liklihoods": [
    -13845.800186212287,
    -13277.540891108059,
    -944.01168886821233,
    -4680.2767912530626
  ],
  "num_iteration": 1000,
  "num_modalities": 4,
  "num_topics": 7,
  "total_liklihood": -32747.629557441622
}
