{
  "modality_liklihoods": [
    -13937.599407246296,
    -13281.588669791738,
    -948.36520280178377,
    -4707.9587323177875
  ],
  "num_iteration": 1000,
  "num_modalities": 4,
  "num_topics": 7,
  "total_liklihood": -32875.512012157604
}
