{
  "modality_liklihoods": [
    -13475.556062464995,
    -13286.135702897684,
    -936.94722183110161,
    -4637.6261041597445
  ],
  "num_iteration": 1000,
  "num_modalities": 4,
  "num_topics": 7,
  "total_liklihood": -32336.265091353525
}
