{
  "modality_liklihoods": [
    -13868.09640177035,
    -13226.429390767831,
    -939.73609685179088,
    -4634.6112084572405
  ],
  "num_iteration": 1000,
  "num_modalities": 4,
  "num_topics": 7,
  "total_liklihood": -32668.873097847212
}
