{
  "modality_liklihoods": [
    -13592.720792610635,
    -13270.407485584652,
    -942.35784546932734,
    -4595.9065585891922
  ],
  "num_iteration": 1000,
  "num_modalities": 4,
  "num_topics": 7,
  "total_liklihood": -32401.392682253805
}
