{
  "modality_liklihoods": [
    -14571.494379351268,
    -13293.924272523784,
    -938.76706527545002,
    -4663.6837902741281
  ],
  "num_iteration": 1000,
  "num_modalities": 4,
  "num_topics": 7,
  "total_liklihood": -33467.869507424628
}
