{
  "modality_liklihoods": [
    -14170.111036832868,
    -13273.325385529903,
    -937.57428912233422,
    -4664.1232696368243
  ],
  "num_iteration": 1000,
  "num_modalities": 4,
  "num_topics": 7,
  "total_liklihood": -33045.13398112193
}
