{
  "modality_liklihoods": [
    -13798.772870930927,
    -13235.763680533422,
    -938.57178632105536,
    -4658.3975605614696
  ],
  "num_iteration": 1000,
  "num_modalities": 4,
  "num_topics": 7,
  "total_liklihood": -32631.505898346873
}
