{
  "modality_liklihoods": [
    -13976.653386456474,
    -13273.293483104258,
    -936.8484691611875,
    -4628.3714098693008
  ],
  "num_iteration": 1000,
  "num_modalities": 4,
  "num_topics": 7,
  "total_liklihood": -32815.166748591218
}
