{
  "modality_liklihoods": [
    -14221.666363246455,
    -13249.24846986519,
    -945.06299768702831,
    -4637.5850098480787
  ],
  "num_iteration": 1000,
  "num_modalities": 4,
  "num_topics": 7,
  "total_liklihood": -33053.562840646751
}
