{
  "modality_liklihoods": [
    -13763.889967949779,
    -13212.742208313241,
    -937.96274495804994,
    -4657.3014046846156
  ],
  "num_iteration": 1000,
  "num_modalities": 4,
  "num_topics": 7,
  "total_liklihood": -32571.896325905684
}
