{
  "modality_liklihoods": [
    -14112.734967073657,
    -13254.446255303288,
    -933.54682272738125,
    -4623.66775716559
  ],
  "num_iteration": 1000,
  "num_modalities": 4,
  "num_topics": 7,
  "total_liklihood": -32924.395802269915
}
