{
  "modality_liklihoods": [
    -14545.986398338238,
    -13298.64324635565,
    -939.13607500861133,
    -4663.8758198193564
  ],
  "num_iteration": 1000,
  "num_modalities": 4,
  "num_topics": 7,
  "total_liklihood": -33447.64153952185
}
