{
  "modality_liklihoods": [
    -13835.945089606021,
    -36228.839218468493,
    -5638.7721652049404,
    -7298.5364328115238
  ],
  "num_iteration": 1000,
  "num_modalities": 4,
  "num_topics": 7,
  "total_liklihood": -63002.092906090984
}
