{
  "modality_liklihoods": [
    -14535.72903686576,
    -13232.863417306276,
    -944.45505493879057,
    -4712.2178334325135
  ],
  "num_iteration": 1000,
  "num_modalities": 4,
  "num_topics": 7,
  "total_liklihood": -33425.265342543338
}
