{
  "modality_liklihoods": [
    -14102.947377393115,
    -13250.317854808443,
    -942.15390151785743,
    -4635.0102049193783
  ],
  "num_iteration": 1000,
  "num_modalities": 4,
  "num_topics": 7,
  "total_liklihood": -32930.429338638794
}
