{
  "modality_liklihoods": [
    -13430.074216254998,
    -13217.079215273649,
    -935.7279384272108,
    -4654.5830191445239
  ],
  "num_iteration": 1000,
  "num_modalities": 4,
  "num_topics": 7,
  "total_liklihood": -32237.464389100383
}
