{
  "modality_liklihoods": [
    -13839.626860520439,
    -13190.061315261848,
    -939.34819693538236,
    -4646.0903593480334
  ],
  "num_iteration": 1000,
  "num_modalities": 4,
  "num_topics": 7,
  "total_liklihood": -32615.126732065699
}
