{
  "modality_liklihoods": [
    -13940.333276470177,
    -13275.780197161836,
    -940.71367325103722,
    -4692.1611831775263
  ],
  "num_iteration": 1000,
  "num_modalities": 4,
  "num_topics": 7,
  "total_liklihood": -32848.988330060572
}
