{
  "modality_liklihoods": [
    -13635.25443256254,
    -13253.665533289539,
    -939.95165918210785,
    -4660.9978876387777
  ],
  "num_iteration": 1000,
  "num_modalities": 4,
  "num_topics": 7,
  "total_liklihood": -32489.869512672965
}
