{
  "modality_liklihoods": [
    -14101.216945241718,
    -13285.644958838142,
    -940.04146538493148,
    -4602.1366784662869
  ],
  "num_iteration": 1000,
  "num_modalities": 4,
  "num_topics": 7,
  "total_liklihood": -32929.040047931077
}
