{
  "modality_liklihoods": [
    -13357.646694645036,
    -13252.59423930877,
    -937.11588345672305,
    -4646.6699244187757
  ],
  "num_iteration": 1000,
  "num_modalities": 4,
  "num_topics": 7,
  "total_liklihood": -32194.026741829304
}
