{
  "modality_liklihoods": [
    -13315.661873118017,
    -13249.845421229531,
    -945.66746683282872,
    -4625.5207748070707
  ],
  "num_iteration": 1000,
  "num_modalities": 4,
  "num_topics": 7,
  "total_liklihood": -32136.695535987445
}
