{
  "modality_liklihoods": [
    -14563.463201387987,
    -13277.038345635892,
    -941.36186530712837,
    -4608.909157407099
  ],
  "num_iteration": 1000,
  "num_modalities": 4,
  "num_topics": 7,
  "total_liklihood": -33390.77256973811
}
