{
  "modality_liklihoods": [
    -13878.062902472684,
    -13263.453758325977,
    -937.48084061439295,
    -4666.8042398647958
  ],
  "num_iteration": 1000,
  "num_modalities": 4,
  "num_topics": 7,
  "total_liklihood": -32745.80174127785
}
