{
  "modality_liklihoods": [
    -13665.326318532696,
    -13283.989516617128,
    -943.57188512830771,
    -4661.0571225087551
  ],
  "num_iteration": 1000,
  "num_modalities": 4,
  "num_topics": 7,
  "total_liklihood": -32553.944842786888
}
