{
  "modality_liklihoods": [
    -13744.89342762368,
    -13249.651197829035,
    -940.59879572633997,
    -4689.9583630715115
  ],
  "num_iteration": 1000,
  "num_modalities": 4,
  "num_topics": 7,
  "total_liklihood": -32625.101784250561
}
