{
  "modality_liklihoods": [
    -13726.067305018369,
    -13304.615142349159,
    -946.71314919597592,
    -4705.2208257597285
  ],
  "num_iteration": 1000,
  "num_modalities": 4,
  "num_topics": 7,
  "total_liklihood": -32682.616422323234
}
