{
  "modality_liklihoods": [
    -13910.740999276486,
    -13284.466320764348,
    -937.3913365748856,
    -4602.8921378613895
  ],
  "num_iteration": 1000,
  "num_modalities": 4,
  "num_topics": 7,
  "total_liklihood": -32735.490794477108
}
