{
  "modality_liklihoods": [
    -14004.952362313037,
    -13253.548638985032,
    -941.46897772522186,
    -4594.2769970039089
  ],
  "num_iteration": 1000,
  "num_modalities": 4,
  "num_topics": 7,
  "total_liklihood": -32794.2469760272
}
