{
  "modality_liklihoods": [
    -13556.39077423145,
    -13252.845965375831,
    -943.10154614919031,
    -4664.8227969018753
  ],
  "num_iteration": 1000,
  "num_modalities": 4,
  "num_topics": 7,
  "total_liklihood": -32417.161082658349
}
