{
  "modality_liklihoods": [
    -13407.628152279782,
    -13254.995782231828,
    -945.81122784114314,
    -4641.9054931784658
  ],
  "num_iteration": 1000,
  "num_modalities": 4,
  "num_topics": 7,
  "total_liklihood": -32250.340655531221
}
