{
  "modality_liklihoods": [
    -13691.849563218,
    -13216.442095777369,
    -944.31593464823936,
    -4632.4220434457056
  ],
  "num_iteration": 1000,
  "num_modalities": 4,
  "num_topics": 7,
  "total_liklihood": -32485.029637089312
}
