{
  "modality_liklihoods": [
    -13879.340520032958,
    -13219.692706749118,
    -942.34673005064894,
    -4636.106798199382
  ],
  "num_iteration": 1000,
  "num_modalities": 4,
  "num_topics": 7,
  "total_liklihood": -32677.486755032107
}
