{
  "modality_liklihoods": [
    -13157.262375887509,
    -13242.64868227318,
    -941.05649062996747,
    -4642.5074138860828
  ],
  "num_iteration": 1000,
  "num_modalities": 4,
  "num_topics": 7,
  "total_liklihood": -31983.474962676737
}
