{
  "modality_liklihoods": [
    -13915.63331571231,
    -13212.036317771799,
    -937.07748559570564,
    -4668.2881035973514
  ],
  "num_iteration": 1000,
  "num_modalities": 4,
  "num_topics": 7,
  "total_liklihood": -32733.035222677168
}
