{
  "modality_liklihoods": [
    -13655.811989216954,
    -13272.169283912066,
    -941.60121352882788,
    -4644.8771059146557
  ],
  "num_iteration": 1000,
  "num_modalities": 4,
  "num_topics": 7,
  "total_liklihood": -32514.459592572508
}
