{
  "modality_liklihoods": [
    -13544.985741992752,
    -13244.613843172416,
    -933.96177265735798,
    -4585.6266639422392
  ],
  "num_iteration": 1000,
  "num_modalities": 4,
  "num_topics": 7,
  "total_liklihood": -32309.188021764767
}
