{
  "modality_liklihoods": [
    -13733.486392106954,
    -13264.765710057191,
    -938.95581375907329,
    -4645.1368048770619
  ],
  "num_iteration": 1000,
  "num_modalities": 4,
  "num_topics": 7,
  "total_liklihood": -32582.344720800276
}
