{
  "modality_liklihoods": [
    -13869.564362913316,
    -13211.700886743263,
    -941.33288898470573,
    -4654.8396694258718
  ],
  "num_iteration": 1000,
  "num_modalities": 4,
  "num_topics": 7,
  "total_liklihood": -32677.437808067159
}
