{
  "modality_liklihoods": [
    -13867.427601045196,
    -13281.225865978651,
    -933.54486813289179,
    -4647.5734928067695
  ],
  "num_iteration": 1000,
  "num_modalities": 4,
  "num_topics": 7,
  "total_liklihood": -32729.771827963508
}
