{
  "modality_liklihoods": [
    -13780.177178024536,
    -13267.219897799339,
    -941.65666868017684,
    -4747.7381067229026
  ],
  "num_iteration": 1000,
  "num_modalities": 4,
  "num_topics": 7,
  "total_liklihood": -32736.791851226957
}
