{
  "modality_liklihoods": [
    -14126.169695909937,
    -13293.836860584413,
    -945.83620881657362,
    -4662.3274292177002
  ],
  "num_iteration": 1000,
  "num_modalities": 4,
  "num_topics": 7,
  "total_liklihood": -33028.170194528626
}
