{
  "modality_liklihoods": [
    -13075.799236805846,
    -13241.939039015268,
    -938.20520275085062,
    -4662.7785900725303
  ],
  "num_iteration": 1000,
  "num_modalities": 4,
  "num_topics": 7,
  "total_liklihood": -31918.722068644493
}
