{
  "modality_liklihoods": [
    -13734.009586958855,
    -13295.827180427867,
    -934.96210532580471,
    -4660.8036861086857
  ],
  "num_iteration": 1000,
  "num_modalities": 4,
  "num_topics": 7,
  "total_liklihood": -32625.602558821214
}
