{
  "modality_liklihoods": [
    -14099.387538154257,
    -13252.270641141829,
    -934.34600539071926,
    -4651.9683034253449
  ],
  "num_iteration": 1000,
  "num_modalities": 4,
  "num_topics": 7,
  "total_liklihood": -32937.972488112151
}
