{
  "modality_liklihoods": [
    -13520.734849425258,
    -13314.785400292458,
    -934.73645101593013,
    -4648.18163448412
  ],
  "num_iteration": 1000,
  "num_modalities": 4,
  "num_topics": 7,
  "total_liklihood": -32418.438335217768
}
