{
  "modality_liklihoods": [
    -13965.223284732932,
    -13296.958007569254,
    -946.99459328686669,
    -4651.8492869932361
  ],
  "num_iteration": 1000,
  "num_modalities": 4,
  "num_topics": 7,
  "total_liklihood": -32861.025172582289
}
