{
  "modality_liklihoods": [
    -14152.859421723608,
    -13279.268602722452,
    -940.12114127094412,
    -4597.5529132136135
  ],
  "num_iteration": 1000,
  "num_modalities": 4,
  "num_topics": 7,
  "total_liklihood": -32969.802078930617
}
