{
  "modality_liklihoods": [
    -13617.33142245158,
    -13274.040390054986,
    -935.64023099840199,
    -4707.9068161915002
  ],
  "num_iteration": 1000,
  "num_modalities": 4,
  "num_topics": 7,
  "total_liklihood": -32534.918859696467
}
