{
  "modality_liklihoods": [
    -13323.429964521702,
    -13259.95389846607,
    -941.85731498721032,
    -4621.0680370764867
  ],
  "num_iteration": 1000,
  "num_modalities": 4,
  "num_topics": 7,
  "total_liklihood": -32146.309215051468
}
