{
  "modality_liklihoods": [
    -14247.712096177909,
    -13228.803637577796,
    -946.12731847342479,
    -4696.1342189039824
  ],
  "num_iteration": 1000,
  "num_modalities": 4,
  "num_topics": 7,
  "total_liklihood": -33118.777271133105
}
