{
  "modality_liklihoods": [
    -13888.552409117518,
    -13306.152713977006,
    -939.92491720531837,
    -4576.7220717391137
  ],
  "num_iteration": 1000,
  "num_modalities": 4,
  "num_topics": 7,
  "total_liklihood": -32711.352112038952
}
