{
  "modality_liklihoods": [
    -12399.061872090893,
    -13293.118347934904,
    -938.74811619177331,
    -4641.6759382885002
  ],
  "num_iteration": 1000,
  "num_modalities": 4,
  "num_topics": 7,
  "total_liklihood": -31272.604274506069
}
