{
  "modality_liklihoods": [
    -13846.741472974267,
    -13251.557305717575,
    -944.40576915665247,
    -4666.7683081742462
  ],
  "num_iteration": 1000,
  "num_modalities": 4,
  "num_topics": 7,
  "total_liklihood": -32709.472856022741
}
