{
  "modality_liklihoods": [
    -14006.434397532887,
    -13297.566419892919,
    -934.9754630076286,
    -4623.7062528205606
  ],
  "num_iteration": 1000,
  "num_modalities": 4,
  "num_topics": 7,
  "total_liklihood": -32862.682533253988
}
