{
  "modality_liklihoods": [
    -13501.536824152368,
    -13239.059209924022,
    -941.29512880429536,
    -4626.4041273066741
  ],
  "num_iteration": 1000,
  "num_modalities": 4,
  "num_topics": 7,
  "total_liklihood": -32308.295290187365
}
