{
  "modality_liklihoods": [
    -13986.389780867798,
    -13250.438567724719,
    -939.72304103400222,
    -4669.8363168351389
  ],
  "num_iteration": 1000,
  "num_modalities": 4,
  "num_topics": 7,
  "total_liklihood": -32846.387706461654
}
