{
  "modality_liklihoods": [
    -13625.88601378523,
    -13286.66577293057,
    -944.44931268089613,
    -4650.5639717300737
  ],
  "num_iteration": 1000,
  "num_modalities": 4,
  "num_topics": 7,
  "total_liklihood": -32507.565071126766
}
