{
  "modality_liklihoods": [
    -13767.575770058442,
    -13261.852716981941,
    -934.15866902689015,
    -4658.0587377888405
  ],
  "num_iteration": 1000,
  "num_modalities": 4,
  "num_topics": 7,
  "total_liklihood": -32621.645893856112
}
