{
  "modality_liklihoods": [
    -13390.996597214902,
    -13237.172770930838,
    -940.20700694895106,
    -4642.7967265885145
  ],
  "num_iteration": 1000,
  "num_modalities": 4,
  "num_topics": 7,
  "total_liklihood": -32211.173101683205
}
