{
  "modality_liklihoods": [
    -14334.672099732319,
    -13247.245821022658,
    -937.61977032744107,
    -4598.0918052096731
  ],
  "num_iteration": 1000,
  "num_modalities": 4,
  "num_topics": 7,
  "total_liklihood": -33117.629496292087
}
