{
  "modality_liklihoods": [
    -14662.680799944783,
    -13198.834922127604,
    -936.44371938856568,
    -4674.5983510186334
  ],
  "num_iteration": 1000,
  "num_modalities": 4,
  "num_topics": 7,
  "total_liklihood": -33472.55779247958
}
