{
  "modality_liklihoods": [
    -12276.748476123337,
    -13255.977472664297,
    -940.37722402795248,
    -4663.7257984456901
  ],
  "num_iteration": 1000,
  "num_modalities": 4,
  "num_topics": 7,
  "total_liklihood": -31136.828971261282
}
