{
  "modality_liklihoods": [
    -13533.135253180148,
    -13285.345623429041,
    -949.62330718433293,
    -4644.3998486312739
  ],
  "num_iteration": 1000,
  "num_modalities": 4,
  "num_topics": 7,
  "total_liklihood": -32412.504032424797
}
