{
  "modality_liklihoods": [
    -14145.620689951045,
    -13244.543508858029,
    -938.17090292180467,
    -4651.441512331945
  ],
  "num_iteration": 1000,
  "num_modalities": 4,
  "num_topics": 7,
  "total_liklihood": -32979.776614062823
}
