{
  "modality_liklihoods": [
    -13906.985576456183,
    -13263.465870293119,
    -936.45718939713174,
    -4716.3868771214302
  ],
  "num_iteration": 1000,
  "num_modalities": 4,
  "num_topics": 7,
  "total_liklihood": -32823.295513267869
}
