{
  "modality_liklihoods": [
    -14105.532308238598,
    -13283.792981098724,
    -945.95655745074544,
    -4624.6325169053007
  ],
  "num_iteration": 1000,
  "num_modalities": 4,
  "num_topics": 7,
  "total_liklihood": -32959.914363693366
}
