{
  "modality_liklihoods": [
    -13400.802011040048,
    -13275.276470095996,
    -939.16673691167375,
    -4646.061085295587
  ],
  "num_iteration": 1000,
  "num_modalities": 4,
  "num_topics": 7,
  "total_liklihood": -32261.306303343303
}
