{
  "modality_liklihoods": [
    -13392.490600954994,
    -13274.993506814018,
    -944.06163807910718,
    -4614.9510591510862
  ],
  "num_iteration": 1000,
  "num_modalities": 4,
  "num_topics": 7,
  "total_liklihood": -32226.496804999209
}
