{
  "modality_liklihoods": [
    -13973.214413971398,
    -13240.682972133915,
    -946.7771243671001,
    -4616.3631619188345
  ],
  "num_iteration": 1000,
  "num_modalities": 4,
  "num_topics": 7,
  "total_liklihood": -32777.037672391249
}
