{
  "modality_liklihoods": [
    -14415.994921513135,
    -13206.970829428659,
    -945.10047653487834,
    -4697.7684225844314
  ],
  "num_iteration": 1000,
  "num_modalities": 4,
  "num_topics": 7,
  "total_liklihood": -33265.834650061108
}
