{
  "modality_liklihoods": [
    -14092.535121106012,
    -13281.958120657113,
    -939.20093995476714,
    -4594.8103518687321
  ],
  "num_iteration": 1000,
  "num_modalities": 4,
  "num_topics": 7,
  "total_liklihood": -32908.504533586623
}
