{
  "modality_liklihoods": [
    -14178.568554311449,
    -13269.986632342894,
    -941.21198603947494,
    -4649.9422213282178
  ],
  "num_iteration": 1000,
  "num_modalities": 4,
  "num_topics": 7,
  "total_liklihood": -33039.709394022037
}
