{
  "modality_liklihoods": [
    -14164.9726942137,
    -13265.003040919026,
    -939.11879578309731,
    -4783.6184383823183
  ],
  "num_iteration": 1000,
  "num_modalities": 4,
  "num_topics": 7,
  "total_liklihood": -33152.712969298147
}
