{
  "modality_liklihoods": [
    -13627.817983180392,
    -13250.153821682832,
    -943.37923254722682,
    -4654.8458279345332
  ],
  "num_iteration": 1000,
  "num_modalities": 4,
  "num_topics": 7,
  "total_liklihood": -32476.196865344984
}
