{
  "modality_liklihoods": [
    -13031.675099769118,
    -13304.074696726298,
    -931.91062932130751,
    -4676.9194808226221
  ],
  "num_iteration": 1000,
  "num_modalities": 4,
  "num_topics": 7,
  "total_liklihood": -31944.579906639345
}
