{
  "modality_liklihoods": [
    -13984.184852329967,
    -13279.339311758638,
    -940.53063281004586,
    -4631.0193854459103
  ],
  "num_iteration": 1000,
  "num_modalities": 4,
  "num_topics": 7,
  "total_liklihood": -32835.074182344557
}
