{
  "modality_liklihoods": [
    -13801.098813262681,
    -13259.793196468163,
    -938.25880340757601,
    -4644.8710035177382
  ],
  "num_iteration": 1000,
  "num_modalities": 4,
  "num_topics": 7,
  "total_liklihood": -32644.021816656157
}
