{
  "modality_liklihoods": [
    -13881.252803698999,
    -13296.86356727215,
    -941.67790706755761,
    -4629.5997639354455
  ],
  "num_iteration": 1000,
  "num_modalities": 4,
  "num_topics": 7,
  "total_liklihood": -32749.394041974152
}
