{
  "modality_liklihoods": [
    -14363.263364736151,
    -13270.639806632376,
    -937.86008280128453,
    -4616.1074012473155
  ],
  "num_iteration": 1000,
  "num_modalities": 4,
  "num_topics": 7,
  "total_liklihood": -33187.870655417129
}
