{
  "modality_liklihoods": [
    -13024.451460567327,
    -13248.933623810579,
    -943.61697021626162,
    -4586.2767203502617
  ],
  "num_iteration": 1000,
  "num_modalities": 4,
  "num_topics": 7,
  "total_liklihood": -31803.278774944432
}
