{
  "modality_liklihoods": [
    -13811.199008831039,
    -13260.634271938823,
    -941.68159421123471,
    -4653.2344767366521
  ],
  "num_iteration": 1000,
  "num_modalities": 4,
  "num_topics": 7,
  "total_liklihood": -32666.749351717746
}
