{
  "modality_liklihoods": [
    -13985.677017558828,
    -13289.359029776466,
    -938.00999922615597,
    -4645.113589570472
  ],
  "num_iteration": 1000,
  "num_modalities": 4,
  "num_topics": 7,
  "total_liklihood": -32858.159636131924
}
