{
  "modality_liklihoods": [
    -14061.312194024315,
    -13262.119639681347,
    -943.85343364918299,
    -4644.9795913251019
  ],
  "num_iteration": 1000,
  "num_modalities": 4,
  "num_topics": 7,
  "total_liklihood": -32912.264858679948
}
