{
  "modality_liklihoods": [
    -14131.490269311287,
    -13240.435272569921,
    -938.71104664355187,
    -4653.7678899033926
  ],
  "num_iteration": 1000,
  "num_modalities": 4,
  "num_topics": 7,
  "total_liklihood": -32964.404478428158
}
