{
  "modality_liklihoods": [
    -13940.064406133004,
    -13283.862024020122,
    -938.46593485515268,
    -4620.5008740615494
  ],
  "num_iteration": 1000,
  "num_modalities": 4,
  "num_topics": 7,
  "total_liklihood": -32782.893239069832
}
