{
  "modality_liklihoods": [
    -13945.060600097697,
    -13270.78777560703,
    -939.69330800303703,
    -4635.5725918671242
  ],
  "num_iteration": 1000,
  "num_modalities": 4,
  "num_topics": 7,
  "total_liklihood": -32791.114275574888
}
