{
  "modality_liklihoods": [
    -13262.717365276685,
    -13296.358508480449,
    -941.06316484147703,
    -4632.6607017228716
  ],
  "num_iteration": 1000,
  "num_modalities": 4,
  "num_topics": 7,
  "total_liklihood": -32132.799740321483
}
