{
  "modality_liklihoods": [
    -14229.523500366589,
    -13244.286721956971,
    -935.01603175764637,
    -4627.2665023606305
  ],
  "num_iteration": 1000,
  "num_modalities": 4,
  "num_topics": 7,
  "total_liklihood": -33036.092756441838
}
