{
  "modality_liklihoods": [
    -13507.43532044011,
    -13243.637057213789,
    -937.67104330817813,
    -4621.6834401418701
  ],
  "num_iteration": 1000,
  "num_modalities": 4,
  "num_topics": 7,
  "total_liklihood": -32310.426861103952
}
