{
  "modality_liklihoods": [
    -13690.111669531783,
    -13237.811576534548,
    -942.13847469458267,
    -4644.4567225247411
  ],
  "num_iteration": 1000,
  "num_modalities": 4,
  "num_topics": 7,
  "total_liklihood": -32514.518443285659
}
