{
  "modality_liklihoods": [
    -14497.842913348775,
    -13290.52828622477,
    -935.21794390641378,
    -4666.8203906432509
  ],
  "num_iteration": 1000,
  "num_modalities": 4,
  "num_topics": 7,
  "total_liklihood": -33390.40953412321
}
