{
  "modality_liklihoods": [
    -13512.938876016362,
    -13235.981145017307,
    -947.5432290081535,
    -4683.7749074840576
  ],
  "num_iteration": 1000,
  "num_modalities": 4,
  "num_topics": 7,
  "total_liklihood": -32380.238157525881
}
