{
  "modality_liklihoods": [
    -13796.06044737445,
    -13276.661042199174,
    -943.12046259094745,
    -4661.4698914589517
  ],
  "num_iteration": 1000,
  "num_modalities": 4,
  "num_topics": 7,
  "total_liklihood": -32677.311843623524
}
