{
  "modality_liklihoods": [
    -14205.813061182511,
    -13221.759226340717,
    -937.40998383503518,
    -4664.2633195770741
  ],
  "num_iteration": 1000,
  "num_modalities": 4,
  "num_topics": 7,
  "total_liklihood": -33029.245590935338
}
