{
  "modality_liklihoods": [
    -14360.744295726821,
    -13291.430509731126,
    -940.49776447096667,
    -4662.2286325025152
  ],
  "num_iteration": 1000,
  "num_modalities": 4,
  "num_topics": 7,
  "total_liklihood": -33254.901202431429
}
