{
  "modality_liklihoods": [
    -14581.823016153923,
    -13243.850698131704,
    -937.42572402425469,
    -4691.8996265363567
  ],
  "num_iteration": 1000,
  "num_modalities": 4,
  "num_topics": 7,
  "total_liklihood": -33454.999064846241
}
