{
  "modality_liklihoods": [
    -13736.59755078299,
    -13292.334965000467,
    -938.87673940528759,
    -4648.7014138137129
  ],
  "num_iteration": 1000,
  "num_modalities": 4,
  "num_topics": 7,
  "total_liklihood": -32616.510669002459
}
