{
  "modality_liklihoods": [
    -13888.002749368436,
    -13250.972209746878,
    -937.39297679316473,
    -4615.983210960997
  ],
  "num_iteration": 1000,
  "num_modalities": 4,
  "num_topics": 7,
  "total_liklihood": -32692.351146869478
}
