{
  "modality_liklihoods": [
    -14242.100436789931,
    -13224.001430463595,
    -944.96121708070484,
    -4688.1332546038957
  ],
  "num_iteration": 1000,
  "num_modalities": 4,
  "num_topics": 7,
  "total_liklihood": -33099.196338938127
}
