{
  "modality_liklihoods": [
    -14435.730697201407,
    -13271.549684026639,
    -940.03434477203461,
    -4608.0963856614389
  ],
  "num_iteration": 1000,
  "num_modalities": 4,
  "num_topics": 7,
  "total_liklihood": -33255.411111661517
}
