{
  "modality_liklihoods": [
    -14669.173037384589,
    -13210.80963184278,
    -942.14240440028823,
    -4666.6998649676316
  ],
  "num_iteration": 1000,
  "num_modalities": 4,
  "num_topics": 7,
  "total_liklihood": -33488.824938595295
}
