{
  "modality_liklihoods": [
    -13763.316741750063,
    -13260.404224019863,
    -933.25523094376035,
    -4616.2750534092083
  ],
  "num_iteration": 1000,
  "num_modalities": 4,
  "num_topics": 7,
  "total_liklihood": -32573.251250122896
}
