{
  "modality_liklihoods": [
    -13956.786246940392,
    -13294.637250383948,
    -939.6420899890544,
    -4651.5681147200285
  ],
  "num_iteration": 1000,
  "num_modalities": 4,
  "num_topics": 7,
  "total_liklihood": -32842.633702033425
}
