{
  "modality_liklihoods": [
    -13676.557321407543,
    -13250.307499275426,
    -944.89220241031796,
    -4635.9621779299123
  ],
  "num_iteration": 1000,
  "num_modalities": 4,
  "num_topics": 7,
  "total_liklihood": -32507.719201023199
}
