{
  "modality_liklihoods": [
    -13928.814675611775,
    -13284.725172594803,
    -938.49369606026778,
    -4637.5975348681477
  ],
  "num_iteration": 1000,
  "num_modalities": 4,
  "num_topics": 7,
  "total_liklihood": -32789.631079134997
}
