{
  "modality_liklihoods": [
    -13960.499938694391,
    -13250.712633430112,
    -941.13267804891234,
    -4656.8619247986053
  ],
  "num_iteration": 1000,
  "num_modalities": 4,
  "num_topics": 7,
  "total_liklihood": -32809.20717497202
}
