{
  "modality_liklihoods": [
    -14319.37715349173,
    -13287.987395467318,
    -937.38539093891484,
    -4659.1088338092495
  ],
  "num_iteration": 1000,
  "num_modalities": 4,
  "num_topics": 7,
  "total_liklihood": -33203.858773707216
}
