{
  "modality_liklihoods": [
    -13457.878730270057,
    -13214.115550341794,
    -941.03904963971195,
    -4639.954523451368
  ],
  "num_iteration": 1000,
  "num_modalities": 4,
  "num_topics": 7,
  "total_liklihood": -32252.987853702929
}
