{
  "modality_liklihoods": [
    -13990.59052254388,
    -13287.917097960555,
    -936.60967447341159,
    -4623.600876393516
  ],
  "num_iteration": 1000,
  "num_modalities": 4,
  "num_topics": 7,
  "total_liklihood": -32838.718171371365
}
