{
  "modality_liklihoods": [
    -13121.856154016388,
    -13281.035630654986,
    -939.44586798647117,
    -4651.253952835259
  ],
  "num_iteration": 1000,
  "num_modalities": 4,
  "num_topics": 7,
  "total_liklihood": -31993.591605493108
}
