{
  "modality_liklihoods": [
    -13973.193321457671,
    -13289.059698328263,
    -941.22557790270071,
    -4622.2848308643033
  ],
  "num_iteration": 1000,
  "num_modalities": 4,
  "num_topics": 7,
  "total_liklihood": -32825.763428552935
}
