{
  "modality_liklihoods": [
    -13930.504347361359,
    -13283.119006125036,
    -936.51259303140296,
    -4673.0742607674656
  ],
  "num_iteration": 1000,
  "num_modalities": 4,
  "num_topics": 7,
  "total_liklihood": -32823.210207285258
}
