{
  "modality_liklihoods": [
    -14053.167833320031,
    -13262.071702379457,
    -945.65708230843734,
    -4657.3695943408757
  ],
  "num_iteration": 1000,
  "num_modalities": 4,
  "num_topics": 7,
  "total_liklihood": -32918.266212348804
}
