{
  "modality_liklihoods": [
    -13697.315579477792,
    -13298.724678594144,
    -942.67982690998895,
    -4646.9742055036222
  ],
  "num_iteration": 1000,
  "num_modalities": 4,
  "num_topics": 7,
  "total_liklihood": -32585.69429048555
}
