{
  "modality_liklihoods": [
    -14307.292853423129,
    -13199.63073395874,
    -941.124617473576,
    -4761.4557402185146
  ],
  "num_iteration": 1000,
  "num_modalities": 4,
  "num_topics": 7,
  "total_liklihood": -33209.503945073957
}
