{
  "modality_liklihoods": [
    -13917.3366059973,
    -13286.027017922175,
    -942.4391567166615,
    -4639.8083733153808
  ],
  "num_iteration": 1000,
  "num_modalities": 4,
  "num_topics": 7,
  "total_liklihood": -32785.611153951519
}
