{
  "modality_liklihoods": [
    -14335.115460435753,
    -13284.64308925144,
    -945.79872390407559,
    -4656.1017826567822
  ],
  "num_iteration": 1000,
  "num_modalities": 4,
  "num_topics": 7,
  "total_liklihood": -33221.659056248049
}
