{
  "modality_liklihoods": [
    -14855.733318080012,
    -13229.957686521589,
    -939.23023145780269,
    -4622.5657609367854
  ],
  "num_iteration": 1000,
  "num_modalities": 4,
  "num_topics": 7,
  "total_liklihood": -33647.486996996187
}
