{
  "modality_liklihoods": [
    -13772.667754478935,
    -13242.008589262558,
    -940.30741514408396,
    -4692.2236112086148
  ],
  "num_iteration": 1000,
  "num_modalities": 4,
  "num_topics": 7,
  "total_liklihood": -32647.207370094191
}
