{
  "modality_liklihoods": [
    -13922.196043801179,
    -13285.953281752041,
    -938.99900087662218,
    -4693.9256740799447
  ],
  "num_iteration": 1000,
  "num_modalities": 4,
  "num_topics": 7,
  "total_liklihood": -32841.074000509783
}
