{
  "modality_liklihoods": [
    -14444.13893578627,
    -13287.802354663641,
    -943.20005824684029,
    -4663.053651619166
  ],
  "num_iteration": 1000,
  "num_modalities": 4,
  "num_topics": 7,
  "total_liklihood": -33338.195000315915
}
