{
  "modality_liklihoods": [
    -13927.34363575056,
    -13314.903826273432,
    -942.95898777688853,
    -4624.4974271856663
  ],
  "num_iteration": 1000,
  "num_modalities": 4,
  "num_topics": 7,
  "total_liklihood": -32809.703876986547
}
