{
  "modality_liklihoods": [
    -13409.511385186599,
    -13242.834641987854,
    -940.08908042390647,
    -4662.2627738362889
  ],
  "num_iteration": 1000,
  "num_modalities": 4,
  "num_topics": 7,
  "total_liklihood": -32254.697881434651
}
