{
  "modality_liklihoods": [
    -13896.647531664681,
    -13248.363302560279,
    -945.12600768383993,
    -4607.515434207382
  ],
  "num_iteration": 1000,
  "num_modalities": 4,
  "num_topics": 7,
  "total_liklihood": -32697.652276116183
}
