{
  "modality_liklihoods": [
    -14075.929836322497,
    -13270.946988556572,
    -937.64873242350882,
    -4639.3064777358595
  ],
  "num_iteration": 1000,
  "num_modalities": 4,
  "num_topics": 7,
  "total_liklihood": -32923.832035038438
}
