{
  "modality_liklihoods": [
    -13793.828233060083,
    -13279.257707326991,
    -933.64054660219483,
    -4659.0517017390021
  ],
  "num_iteration": 1000,
  "num_modalities": 4,
  "num_topics": 7,
  "total_liklihood": -32665.778188728269
}
