{
  "modality_liklihoods": [
    -13575.774621982733,
    -13238.654229759597,
    -948.50137080049399,
    -4625.4819319026601
  ],
  "num_iteration": 1000,
  "num_modalities": 4,
  "num_topics": 7,
  "total_liklihood": -32388.412154445487
}
