{
  "modality_liklihoods": [
    -13317.479866132669,
    -13255.164102742689,
    -942.43165320969183,
    -4645.0120852176851
  ],
  "num_iteration": 1000,
  "num_modalities": 4,
  "num_topics": 7,
  "total_liklihood": -32160.087707302737
}
