{
  "modality_liklihoods": [
    -13513.288622430477,
    -13197.252735659486,
    -936.1770958066561,
    -4630.0000892063945
  ],
  "num_iteration": 1000,
  "num_modalities": 4,
  "num_topics": 7,
  "total_liklihood": -32276.718543103012
}
