{
  "modality_liklihoods": [
    -13331.488022245745,
    -13221.154706259227,
    -949.89730554124139,
    -4669.9443392744142
  ],
  "num_iteration": 1000,
  "num_modalities": 4,
  "num_topics": 7,
  "total_liklihood": -32172.484373320629
}
