{
  "modality_liklihoods": [
    -14056.390817035981,
    -13229.642072775398,
    -940.98479611602409,
    -4629.8294843226877
  ],
  "num_iteration": 1000,
  "num_modalities": 4,
  "num_topics": 7,
  "total_liklihood": -32856.84717025009
}
