{
  "modality_liklihoods": [
    -14119.792301823789,
    -13257.521217721427,
    -945.33849461576483,
    -4629.4892381128666
  ],
  "num_iteration": 1000,
  "num_modalities": 4,
  "num_topics": 7,
  "total_liklihood": -32952.141252273846
}
