{
  "modality_liklihoods": [
    -13704.913923065182,
    -13240.440534665897,
    -937.52778994380083,
    -4720.0379229371474
  ],
  "num_iteration": 1000,
  "num_modalities": 4,
  "num_topics": 7,
  "total_liklihood": -32602.920170612026
}
