{
  "modality_liklihoods": [
    -13471.015951617979,
    -13218.198882968698,
    -951.10940136110003,
    -4670.4701572023905
  ],
  "num_iteration": 1000,
  "num_modalities": 4,
  "num_topics": 7,
  "total_liklihood": -32310.794393150169
}
