{
  "modality_liklihoods": [
    -13745.453940681118,
    -13200.800017429579,
    -953.27416578874875,
    -4679.7491333535663
  ],
  "num_iteration": 1000,
  "num_modalities": 4,
  "num_topics": 7,
  "total_liklihood": -32579.277257253012
}
