{
  "modality_liklihoods": [
    -15003.016783331623,
    -13172.770763400449,
    -936.06016974165391,
    -4631.8690341653473
  ],
  "num_iteration": 1000,
  "num_modalities": 4,
  "num_topics": 7,
  "total_liklihood": -33743.716750639069
}
