{
  "modality_liklihoods": [
    -13941.331203154976,
    -13257.322117346537,
    -939.93869543977166,
    -4641.7141298789002
  ],
  "num_iteration": 1000,
  "num_modalities": 4,
  "num_topics": 7,
  "total_liklihood": -32780.306145820185
}
