{
  "modality_liklihoods": [
    -14045.133881322487,
    -13234.901512362947,
    -943.66267548467783,
    -4644.9266434139763
  ],
  "num_iteration": 1000,
  "num_modalities": 4,
  "num_topics": 7,
  "total_liklihood": -32868.624712584089
}
