{
  "modality_liklihoods": [
    -12353.636698083683,
    -13225.758236032607,
    -935.39881650932057,
    -4642.1274691855933
  ],
  "num_iteration": 1000,
  "num_modalities": 4,
  "num_topics": 7,
  "total_liklihood": -31156.921219811204
}
