{
  "modality_liklihoods": [
    -14121.208925384906,
    -13307.293442287904,
    -935.96950194381202,
    -4667.6986182340379
  ],
  "num_iteration": 1000,
  "num_modalities": 4,
  "num_topics": 7,
  "total_liklihood": -33032.170487850657
}
