{
  "modality_liklihoods": [
    -14415.629301329087,
    -13249.29392237184,
    -939.66513803090197,
    -4748.6455905254415
  ],
  "num_iteration": 1000,
  "num_modalities": 4,
  "num_topics": 7,
  "total_liklihood": -33353.233952257273
}
