{
  "modality_liklihoods": [
    -14756.6680380179,
    -13202.565346656746,
    -941.94432226343349,
    -4659.6867353697235
  ],
  "num_iteration": 1000,
  "num_modalities": 4,
  "num_topics": 7,
  "total_liklihood": -33560.864442307808
}
