{
  "modality_liklihoods": [
    -14059.654476155698,
    -13271.985638540897,
    -933.56149897586738,
    -4669.3190728485179
  ],
  "num_iteration": 1000,
  "num_modalities": 4,
  "num_topics": 7,
  "total_liklihood": -32934.520686520984
}
