{
  "modality_liklihoods": [
    -14318.836686043396,
    -13185.018592959579,
    -937.80655807691426,
    -4683.7798871661334
  ],
  "num_iteration": 1000,
  "num_modalities": 4,
  "num_topics": 7,
  "total_liklihood": -33125.441724246026
}
