{
  "modality_liklihoods": [
    -14173.599401010921,
    -13231.851711209245,
    -939.02892248691353,
    -4619.9435010618408
  ],
  "num_iteration": 1000,
  "num_modalities": 4,
  "num_topics": 7,
  "total_liklihood": -32964.423535768918
}
