{
  "modality_liklihoods": [
    -14185.23807925415,
    -13282.538969978394,
    -943.8231678095849,
    -4625.9942152782869
  ],
  "num_iteration": 1000,
  "num_modalities": 4,
  "num_topics": 7,
  "total_liklihood": -33037.594432320417
}
