{
  "modality_liklihoods": [
    -13852.737691167718,
    -13273.717860157365,
    -945.83825291655808,
    -4688.6678818250502
  ],
  "num_iteration": 1000,
  "num_modalities": 4,
  "num_topics": 7,
  "total_liklihood": -32760.96168606669
}
