{
  "modality_liklihoods": [
    -14446.816743203108,
    -13228.750939652571,
    -935.95681366359531,
    -4640.3045674346322
  ],
  "num_iteration": 1000,
  "num_modalities": 4,
  "num_topics": 7,
  "total_liklihood": -33251.829063953905
}
