{
  "modality_liklihoods": [
    -13933.474677276159,
    -13249.200655218714,
    -938.22915068261136,
    -4631.778432061531
  ],
  "num_iteration": 1000,
  "num_modalities": 4,
  "num_topics": 7,
  "total_liklihood": -32752.682915239016
}
