{
  "modality_liklihoods": [
    -13801.466687672077,
    -13230.978186783683,
    -945.21389418945171,
    -4649.1021359304104
  ],
  "num_iteration": 1000,
  "num_modalities": 4,
  "num_topics": 7,
  "total_liklihood": -32626.760904575622
}
