{
  "modality_liklihoods": [
    -14109.160562712865,
    -13282.164420842906,
    -935.8827020462096,
    -4628.3400207369095
  ],
  "num_iteration": 1000,
  "num_modalities": 4,
  "num_topics": 7,
  "total_liklihood": -32955.54770633889
}
