{
  "modality_liklihoods": [
    -13642.022204656814,
    -13281.029736668532,
    -938.24361967008417,
    -4636.4915860998108
  ],
  "num_iteration": 1000,
  "num_modalities": 4,
  "num_topics": 7,
  "total_liklihood": -32497.787147095241
}
