{
  "modality_liklihoods": [
    -13802.885562110223,
    -13292.776582804927,
    -938.39903038379236,
    -4640.9931197105452
  ],
  "num_iteration": 1000,
  "num_modalities": 4,
  "num_topics": 7,
  "total_liklihood": -32675.05429500949
}
