{
  "modality_liklihoods": [
    -13738.120916756681,
    -13297.720117078872,
    -939.66030583166503,
    -4647.3392451815962
  ],
  "num_iteration": 1000,
  "num_modalities": 4,
  "num_topics": 7,
  "total_liklihood": -32622.840584848815
}
