{
  "modality_liklihoods": [
    -15026.187188613967,
    -13268.43369806599,
    -937.91025346402273,
    -4604.0721958421627
  ],
  "num_iteration": 1000,
  "num_modalities": 4,
  "num_topics": 7,
  "total_liklihood": -33836.603335986139
}
