{
  "modality_liklihoods": [
    -14994.93391039605,
    -13242.16605178361,
    -942.19557622914738,
    -4672.5353838508508
  ],
  "num_iteration": 1000,
  "num_modalities": 4,
  "num_topics": 7,
  "total_liklihood": -33851.830922259658
}
