{
  "modality_liklihoods": [
    -14069.005145956507,
    -13287.362317966845,
    -935.63105944987217,
    -4639.6523944214314
  ],
  "num_iteration": 1000,
  "num_modalities": 4,
  "num_topics": 7,
  "total_liklihood": -32931.650917794657
}
