{
  "modality_liklihoods": [
    -13682.353965120519,
    -13192.511208276261,
    -941.29850184981194,
    -4618.8096134309626
  ],
  "num_iteration": 1000,
  "num_modalities": 4,
  "num_topics": 7,
  "total_liklihood": -32434.973288677553
}
