{
  "modality_liklihoods": [
    -13727.912908829241,
    -13233.905109261639,
    -938.60763992547493,
    -4654.9882197728139
  ],
  "num_iteration": 1000,
  "num_modalities": 4,
  "num_topics": 7,
  "total_liklihood": -32555.413877789171
}
