{
  "modality_liklihoods": [
    -13656.327787506962,
    -13300.982485190973,
    -940.49454752020358,
    -4629.555479874366
  ],
  "num_iteration": 1000,
  "num_modalities": 4,
  "num_topics": 7,
  "total_liklihood": -32527.360300092503
}
