{
  "modality_liklihoods": [
    -14007.379885791468,
    -13292.474746559308,
    -941.65458174994262,
    -4622.9532046351751
  ],
  "num_iteration": 1000,
  "num_modalities": 4,
  "num_topics": 7,
  "total_liklihood": -32864.462418735893
}
