{
  "modality_liklihoods": [
    -14538.787564740231,
    -13275.651482303138,
    -935.43289087527648,
    -4586.9245120054247
  ],
  "num_iteration": 1000,
  "num_modalities": 4,
  "num_topics": 7,
  "total_liklihood": -33336.79644992407
}
