{
  "modality_liklihoods": [
    -13452.377155393035,
    -13264.481787309383,
    -939.40351015995475,
    -4632.7447495640681
  ],
  "num_iteration": 1000,
  "num_modalities": 4,
  "num_topics": 7,
  "total_liklihood": -32289.007202426445
}
