{
  "modality_liklihoods": [
    -13948.678848666741,
    -13284.359211999667,
    -938.33932570969648,
    -4649.4349634508972
  ],
  "num_iteration": 1000,
  "num_modalities": 4,
  "num_topics": 7,
  "total_liklihood": -32820.812349827
}
