{
  "modality_liklihoods": [
    -13318.424485022158,
    -13257.462505986568,
    -944.65469076395107,
    -4607.7785091484684
  ],
  "num_iteration": 1000,
  "num_modalities": 4,
  "num_topics": 7,
  "total_liklihood": -32128.320190921146
}
