{
  "modality_liklihoods": [
    -14402.061567602517,
    -13278.776138833262,
    -939.16517040889914,
    -4698.124263369089
  ],
  "num_iteration": 1000,
  "num_modalities": 4,
  "num_topics": 7,
  "total_liklihood": -33318.127140213765
}
