{
  "modality_liklihoods": [
    -14356.842258195,
    -13274.686902084077,
    -936.79580284766701,
    -4639.3435555337592
  ],
  "num_iteration": 1000,
  "num_modalities": 4,
  "num_topics": 7,
  "total_liklihood": -33207.668518660503
}
