{
  "modality_liklihoods": [
    -13497.873090119088,
    -13224.695424199179,
    -931.67886964398281,
    -4630.3375918044139
  ],
  "num_iteration": 1000,
  "num_modalities": 4,
  "num_topics": 7,
  "total_liklihood": -32284.584975766666
}
