{
  "modality_liklihoods": [
    -14276.088967234911,
    -13239.936703837686,
    -938.51782790717596,
    -4629.4815107550976
  ],
  "num_iteration": 1000,
  "num_modalities": 4,
  "num_topics": 7,
  "total_liklihood": -33084.025009734869
}
