{
  "modality_liklihoods": [
    -13260.076367315198,
    -13282.559819102738,
    -951.1111016962368,
    -4666.1408519109264
  ],
  "num_iteration": 1000,
  "num_modalities": 4,
  "num_topics": 7,
  "total_liklihood": -32159.888140025098
}
