{
  "modality_liklihoods": [
    -13670.192208111641,
    -13257.655887254212,
    -938.68388069845867,
    -4604.7244232677003
  ],
  "num_iteration": 1000,
  "num_modalities": 4,
  "num_topics": 7,
  "total_liklihood": -32471.256399332011
}
