{
  "modality_liklihoods": [
    -13295.639499499335,
    -13239.971381881149,
    -938.65956475464134,
    -4727.7476293129894
  ],
  "num_iteration": 1000,
  "num_modalities": 4,
  "num_topics": 7,
  "total_liklihood": -32202.018075448112
}
