{
  "modality_liklihoods": [
    -13645.801940321864,
    -13253.436109644193,
    -941.07334224227316,
    -4657.302693075083
  ],
  "num_iteration": 1000,
  "num_modalities": 4,
  "num_topics": 7,
  "total_liklihood": -32497.614085283414
}
