{
  "modality_liklihoods": [
    -13999.741635570641,
    -13255.106531185975,
    -942.4897410266102,
    -4679.4750089341624
  ],
  "num_iteration": 1000,
  "num_modalities": 4,
  "num_topics": 7,
  "total_liklihood": -32876.81291671739
}
