{
  "modality_liklihoods": [
    -14158.555650195183,
    -13204.433854727356,
    -939.03977074504132,
    -4715.142186754375
  ],
  "num_iteration": 1000,
  "num_modalities": 4,
  "num_topics": 7,
  "total_liklihood": -33017.171462421953
}
