{
  "modality_liklihoods": [
    -13920.189447778863,
    -13272.260357916872,
    -941.28982850656416,
    -4620.5120611384846
  ],
  "num_iteration": 1000,
  "num_modalities": 4,
  "num_topics": 7,
  "total_liklihood": -32754.251695340783
}
