{
  "modality_liklihoods": [
    -14762.386792632276,
    -13198.431649433576,
    -949.31926967430513,
    -4640.7873878459495
  ],
  "num_iteration": 1000,
  "num_modalities": 4,
  "num_topics": 7,
  "total_liklihood": -33550.925099586108
}
