{
  "modality_liklihoods": [
    -13669.653198905155,
    -13311.723728917807,
    -940.0539249962676,
    -4611.5981279262069
  ],
  "num_iteration": 1000,
  "num_modalities": 4,
  "num_topics": 7,
  "total_liklihood": -32533.028980745432
}
