{
  "modality_liklihoods": [
    -14535.493240321548,
    -13196.977544793119,
    -939.63429097556059,
    -4731.9518785508208
  ],
  "num_iteration": 1000,
  "num_modalities": 4,
  "num_topics": 7,
  "total_liklihood": -33404.056954641048
}
