{
  "modality_liklihoods": [
    -13759.16664138829,
    -13296.879054335288,
    -937.78777551644589,
    -4626.211551080607
  ],
  "num_iteration": 1000,
  "num_modalities": 4,
  "num_topics": 7,
  "total_liklihood": -32620.045022320632
}
