{
  "modality_liklihoods": [
    -13373.238160567966,
    -13232.419719156695,
    -940.32179358545602,
    -4640.7869448746223
  ],
  "num_iteration": 1000,
  "num_modalities": 4,
  "num_topics": 7,
  "total_liklihood": -32186.766618184738
}
