{
  "modality_liklihoods": [
    -13002.149419030344,
    -13281.175215716718,
    -942.62879595804282,
    -4718.6360775748735
  ],
  "num_iteration": 1000,
  "num_modalities": 4,
  "num_topics": 7,
  "total_liklihood": -31944.58950827998
}
