{
  "modality_liklihoods": [
    -14018.844397451126,
    -13272.099103744471,
    -937.88996212021527,
    -4649.1200617714558
  ],
  "num_iteration": 1000,
  "num_modalities": 4,
  "num_topics": 7,
  "total_liklihood": -32877.953525087265
}
