{
  "modality_liklihoods": [
    -13521.270890893325,
    -13243.219854908479,
    -942.19512726119956,
    -4700.3799986618587
  ],
  "num_iteration": 1000,
  "num_modalities": 4,
  "num_topics": 7,
  "total_liklihood": -32407.065871724863
}
