{
  "modality_liklihoods": [
    -14503.300785460964,
    -13222.278895641817,
    -941.43694480866782,
    -4691.4400394938939
  ],
  "num_iteration": 1000,
  "num_modalities": 4,
  "num_topics": 7,
  "total_liklihood": -33358.456665405349
}
