{
  "modality_liklihoods": [
    -12924.341208336989,
    -13258.419264177377,
    -937.02543704544337,
    -4652.8780903783818
  ],
  "num_iteration": 1000,
  "num_modalities": 4,
  "num_topics": 7,
  "total_liklihood": -31772.663999938191
}
