{
  "modality_liklihoods": [
    -14007.302839615859,
    -13271.294465150319,
    -936.92111363364711,
    -4636.2740042427895
  ],
  "num_iteration": 1000,
  "num_modalities": 4,
  "num_topics": 7,
  "total_liklihood": -32851.792422642611
}
