{
  "modality_liklihoods": [
    -13354.147726236,
    -13274.267730175143,
    -943.91611728592648,
    -4680.1077141628721
  ],
  "num_iteration": 1000,
  "num_modalities": 4,
  "num_topics": 7,
  "total_liklihood": -32252.439287859946
}
