{
  "modality_liklihoods": [
    -14014.978499774992,
    -13245.635376000557,
    -940.30094644609994,
    -4663.901880021187
  ],
  "num_iteration": 1000,
  "num_modalities": 4,
  "num_topics": 7,
  "total_liklihood": -32864.816702242832
}
