{
  "modality_liklihoods": [
    -13454.488611993376,
    -13263.338689131249,
    -944.04219412627549,
    -4625.2843023688065
  ],
  "num_iteration": 1000,
  "num_modalities": 4,
  "num_topics": 7,
  "total_liklihood": -32287.153797619711
}
