{
  "modality_liklihoods": [
    -13381.071162835873,
    -13241.693309719556,
    -939.20623586572924,
    -4657.4971147782144
  ],
  "num_iteration": 1000,
  "num_modalities": 4,
  "num_topics": 7,
  "total_liklihood": -32219.467823199368
}
