{
  "modality_liklihoods": [
    -14499.177417788287,
    -13253.376116610723,
    -938.97996473378123,
    -4592.7722543327072
  ],
  "num_iteration": 1000,
  "num_modalities": 4,
  "num_topics": 7,
  "total_liklihood": -33284.305753465502
}
