{
  "modality_liklihoods": [
    -14325.713997384955,
    -13239.397628623457,
    -943.80803664078098,
    -4642.9285636860104
  ],
  "num_iteration": 1000,
  "num_modalities": 4,
  "num_topics": 7,
  "total_liklihood": -33151.848226335205
}
