{
  "modality_liklihoods": [
    -13837.90608298669,
    -13277.72868625499,
    -939.55562210243977,
    -4624.3380654737803
  ],
  "num_iteration": 1000,
  "num_modalities": 4,
  "num_topics": 7,
  "total_liklihood": -32679.528456817901
}
