{
  "modality_liklihoods": [
    -13445.008110621049,
    -13257.324428226531,
    -942.21081265410908,
    -4627.5806235819291
  ],
  "num_iteration": 1000,
  "num_modalities": 4,
  "num_topics": 7,
  "total_liklihood": -32272.123975083618
}
