{
  "modality_liklihoods": [
    -13796.363321915975,
    -13248.940245503101,
    -945.12932785407577,
    -4664.1998256467195
  ],
  "num_iteration": 1000,
  "num_modalities": 4,
  "num_topics": 7,
  "total_liklihood": -32654.632720919872
}
