{
  "modality_liklihoods": [
    -14022.975610223479,
    -13252.406107409728,
    -933.54329749038379,
    -4619.1380210176139
  ],
  "num_iteration": 1000,
  "num_modalities": 4,
  "num_topics": 7,
  "total_liklihood": -32828.063036141204
}
