{
  "modality_liklihoods": [
    -12909.306374972255,
    -13249.689821064963,
    -943.59134065506305,
    -4614.0833333761575
  ],
  "num_iteration": 1000,
  "num_modalities": 4,
  "num_topics": 7,
  "total_liklihood": -31716.670870068439
}
