{
  "modality_liklihoods": [
    -14278.71759468345,
    -13238.774028176236,
    -941.05151749604136,
    -4676.4638211591691
  ],
  "num_iteration": 1000,
  "num_modalities": 4,
  "num_topics": 7,
  "total_liklihood": -33135.006961514897
}
