{
  "modality_liklihoods": [
    -12480.152600330635,
    -13287.269902644706,
    -945.6734531972354,
    -4622.5416892345647
  ],
  "num_iteration": 1000,
  "num_modalities": 4,
  "num_topics": 7,
  "total_liklihood": -31335.637645407143
}
