{
  "modality_liklihoods": [
    -14153.303301024138,
    -13223.08399673526,
    -939.36425698539915,
    -4734.9986916358039
  ],
  "num_iteration": 1000,
  "num_modalities": 4,
  "num_topics": 7,
  "total_liklihood": -33050.750246380601
}
