{
  "modality_liklihoods": [
    -12688.767851215269,
    -13223.381002459999,
    -940.6127853258123,
    -4670.3180818318651
  ],
  "num_iteration": 1000,
  "num_modalities": 4,
  "num_topics": 7,
  "total_liklihood": -31523.079720832942
}
