{
  "modality_liklihoods": [
    -12923.720210563384,
    -13281.809127449644,
    -951.55285333305051,
    -4605.6986006306834
  ],
  "num_iteration": 1000,
  "num_modalities": 4,
  "num_topics": 7,
  "total_liklihood": -31762.780791976762
}
