{
  "modality_liklihoods": [
    -14066.792910770813,
    -13301.226953146903,
    -937.47788478851351,
    -4629.4071695355578
  ],
  "num_iteration": 1000,
  "num_modalities": 4,
  "num_topics": 7,
  "total_liklihood": -32934.904918241788
}
