{
  "modality_liklihoods": [
    -13482.687287004737,
    -13258.553186971911,
    -932.24564090622027,
    -4594.5613942064356
  ],
  "num_iteration": 1000,
  "num_modalities": 4,
  "num_topics": 7,
  "total_liklihood": -32268.047509089309
}
