{
  "modality_liklihoods": [
    -13907.531810995097,
    -13256.974737090452,
    -941.10107328032382,
    -4663.1885742507502
  ],
  "num_iteration": 1000,
  "num_modalities": 4,
  "num_topics": 7,
  "total_liklihood": -32768.796195616618
}
