{
  "modality_liklihoods": [
    -13465.606369112538,
    -13242.487602170362,
    -950.40326180044713,
    -4618.9948339499597
  ],
  "num_iteration": 1000,
  "num_modalities": 4,
  "num_topics": 7,
  "total_liklihood": -32277.492067033305
}
