{
  "modality_liklihoods": [
    -13986.149276558988,
    -13292.398128981486,
    -942.81602915640906,
    -4602.9175018309161
  ],
  "num_iteration": 1000,
  "num_modalities": 4,
  "num_topics": 7,
  "total_liklihood": -32824.280936527801
}
