{
  "modality_liklihoods": [
    -13708.321885112378,
    -13228.366756434005,
    -941.25041325934615,
    -4668.0684846660997
  ],
  "num_iteration": 1000,
  "num_modalities": 4,
  "num_topics": 7,
  "total_liklihood": -32546.007539471826
}
