{
  "modality_liklihoods": [
    -14521.549790452267,
    -13234.610577234196,
    -945.08704170433668,
    -4769.7513907785597
  ],
  "num_iteration": 1000,
  "num_modalities": 4,
  "num_topics": 7,
  "total_liklihood": -33470.998800169356
}
