{
  "modality_liklihoods": [
    -13988.55225271356,
    -13253.425525096316,
    -939.26077961096883,
    -4658.1491615301893
  ],
  "num_iteration": 1000,
  "num_modalities": 4,
  "num_topics": 7,
  "total_liklihood": -32839.387718951039
}
