{
  "modality_liklihoods": [
    -13871.408145480025,
    -13270.875700195716,
    -939.48520146147462,
    -4660.6990723781773
  ],
  "num_iteration": 1000,
  "num_modalities": 4,
  "num_topics": 7,
  "total_liklihood": -32742.468119515393
}
