{
  "modality_liklihoods": [
    -13514.377612710767,
    -13250.330455839563,
    -947.91918211894415,
    -4671.5170571696644
  ],
  "num_iteration": 1000,
  "num_modalities": 4,
  "num_topics": 7,
  "total_liklihood": -32384.144307838942
}
