{
  "modality_liklihoods": [
    -13819.030150821472,
    -13252.987023485844,
    -934.61173106779484,
    -4637.4233930086093
  ],
  "num_iteration": 1000,
  "num_modalities": 4,
  "num_topics": 7,
  "total_liklihood": -32644.052298383718
}
