{
  "modality_liklihoods": [
    -14012.511586196195,
    -13270.64990115462,
    -938.67678548340859,
    -4669.665756847694
  ],
  "num_iteration": 1000,
  "num_modalities": 4,
  "num_topics": 7,
  "total_liklihood": -32891.504029681913
}
