{
  "modality_liklihoods": [
    -13665.579606359335,
    -13253.132012743812,
    -939.58027757541117,
    -4639.4590614543358
  ],
  "num_iteration": 1000,
  "num_modalities": 4,
  "num_topics": 7,
  "total_liklihood": -32497.750958132892
}
