{
  "modality_liklihoods": [
    -14016.308317389081,
    -13250.998731368745,
    -937.28959381699747,
    -4669.9473800374017
  ],
  "num_iteration": 1000,
  "num_modalities": 4,
  "num_topics": 7,
  "total_liklihood": -32874.544022612223
}
