{
  "modality_liklihoods": [
    -13424.799064609839,
    -13265.242506612813,
    -940.23142464434989,
    -4653.8499743193706
  ],
  "num_iteration": 1000,
  "num_modalities": 4,
  "num_topics": 7,
  "total_liklihood": -32284.122970186374
}
