{
  "modality_liklihoods": [
    -14145.94341339064,
    -13213.360750540724,
    -945.50059086404929,
    -4705.717856454281
  ],
  "num_iteration": 1000,
  "num_modalities": 4,
  "num_topics": 7,
  "total_liklihood": -33010.522611249689
}
