{
  "modality_liklihoods": [
    -13758.291281834207,
    -13298.798750052067,
    -943.97556349797367,
    -4632.9925109706874
  ],
  "num_iteration": 1000,
  "num_modalities": 4,
  "num_topics": 7,
  "total_liklihood": -32634.058106354933
}
