{
  "modality_liklihoods": [
    -13312.016950451518,
    -13240.666947375008,
    -944.45741581920367,
    -4631.2421329067474
  ],
  "num_iteration": 1000,
  "num_modalities": 4,
  "num_topics": 7,
  "total_liklihood": -32128.383446552478
}
