{
  "modality_liklihoods": [
    -13962.794979087494,
    -13271.975997669166,
    -937.82281761341721,
    -4629.466246181174
  ],
  "num_iteration": 1000,
  "num_modalities": 4,
  "num_topics": 7,
  "total_liklihood": -32802.060040551252
}
