{
  "modality_liklihoods": [
    -13953.005645081292,
    -13275.115301044842,
    -944.54062221912363,
    -4661.6455755013521
  ],
  "num_iteration": 1000,
  "num_modalities": 4,
  "num_topics": 7,
  "total_liklihood": -32834.307143846607
}
