{
  "modality_liklihoods": [
    -14028.024246003421,
    -13246.236020064023,
    -937.50279142478337,
    -4635.499166869482
  ],
  "num_iteration": 1000,
  "num_modalities": 4,
  "num_topics": 7,
  "total_liklihood": -32847.262224361708
}
