{
  "modality_liklihoods": [
    -13897.880490145733,
    -13253.700388057767,
    -945.85131086580009,
    -4662.8829917997928
  ],
  "num_iteration": 1000,
  "num_modalities": 4,
  "num_topics": 7,
  "total_liklihood": -32760.315180869096
}
