{
  "modality_liklihoods": [
    -13802.230410586792,
    -13268.379969485637,
    -936.61379787755664,
    -4748.7825219733832
  ],
  "num_iteration": 1000,
  "num_modalities": 4,
  "num_topics": 7,
  "total_liklihood": -32756.006699923368
}
