{
  "modality_liklihoods": [
    -13903.361664001719,
    -13255.265201794344,
    -940.01387016576666,
    -4675.9495610274316
  ],
  "num_iteration": 1000,
  "num_modalities": 4,
  "num_topics": 7,
  "total_liklihood": -32774.590296989263
}
