{
  "modality_liklihoods": [
    -12903.732994625916,
    -13309.110019642007,
    -934.18042010655358,
    -4658.4297410082345
  ],
  "num_iteration": 1000,
  "num_modalities": 4,
  "num_topics": 7,
  "total_liklihood": -31805.45317538271
}
