{
  "modality_liklihoods": [
    -14383.875593019575,
    -13304.528242146225,
    -937.18434072946093,
    -4613.4502272514364
  ],
  "num_iteration": 1000,
  "num_modalities": 4,
  "num_topics": 7,
  "total_liklihood": -33239.038403146697
}
