{
  "modality_liklihoods": [
    -13859.106888555974,
    -13285.311975383294,
    -935.80187520311654,
    -4618.2038166392203
  ],
  "num_iteration": 1000,
  "num_modalities": 4,
  "num_topics": 7,
  "total_liklihood": -32698.424555781603
}
