{
  "modality_liklihoods": [
    -14519.244751595585,
    -13273.555047964341,
    -932.13125974904756,
    -4647.0772025818251
  ],
  "num_iteration": 1000,
  "num_modalities": 4,
  "num_topics": 7,
  "total_liklihood": -33372.008261890798
}
