{
  "modality_liklihoods": [
    -14379.811630797016,
    -13278.833188415045,
    -941.96376298480845,
    -4725.5453377053427
  ],
  "num_iteration": 1000,
  "num_modalities": 4,
  "num_topics": 7,
  "total_liklihood": -33326.153919902208
}
