{
  "modality_liklihoods": [
    -14054.22471029903,
    -13292.305318965144,
    -944.51609498483344,
    -4645.5503492276566
  ],
  "num_iteration": 1000,
  "num_modalities": 4,
  "num_topics": 7,
  "total_liklihood": -32936.59647347666
}
