{
  "modality_liklihoods": [
    -13092.974952419399,
    -13235.658130448432,
    -935.67757577893531,
    -4658.7020567899563
  ],
  "num_iteration": 1000,
  "num_modalities": 4,
  "num_topics": 7,
  "total_liklihood": -31923.012715436726
}
