{
  "modality_liklihoods": [
    -13942.475919022676,
    -13271.946881674452,
    -936.53324590626619,
    -4638.986069058501
  ],
  "num_iteration": 1000,
  "num_modalities": 4,
  "num_topics": 7,
  "total_liklihood": -32789.942115661892
}
