{
  "modality_liklihoods": [
    -14278.270343623501,
    -13256.828945454703,
    -940.97008737213753,
    -4668.8393780471861
  ],
  "num_iteration": 1000,
  "num_modalities": 4,
  "num_topics": 7,
  "total_liklihood": -33144.908754497526
}
