{
  "modality_liklihoods": [
    -13848.355092896263,
    -13281.497879280316,
    -945.9032067324066,
    -4618.2075123537552
  ],
  "num_iteration": 1000,
  "num_modalities": 4,
  "num_topics": 7,
  "total_liklihood": -32693.963691262743
}
