{
  "modality_liklihoods": [
    -14954.51437993991,
    -13198.423699033148,
    -939.88822025359548,
    -4632.7911066088591
  ],
  "num_iteration": 1000,
  "num_modalities": 4,
  "num_topics": 7,
  "total_liklihood": -33725.61740583551
}
