{
  "modality_liklihoods": [
    -13931.35163060884,
    -13269.389746208799,
    -937.14042973243033,
    -4655.5586094364617
  ],
  "num_iteration": 1000,
  "num_modalities": 4,
  "num_topics": 7,
  "total_liklihood": -32793.44041598653
}
