{
  "modality_liklihoods": [
    -13885.242632417405,
    -13253.625489543361,
    -943.18243928931031,
    -4598.3283826959232
  ],
  "num_iteration": 1000,
  "num_modalities": 4,
  "num_topics": 7,
  "total_liklihood": -32680.378943946002
}
