{
  "modality_liklihoods": [
    -13958.157393829486,
    -13287.994411879783,
    -936.07567475384428,
    -4620.3127437184521
  ],
  "num_iteration": 1000,
  "num_modalities": 4,
  "num_topics": 7,
  "total_liklihood": -32802.540224181561
}
