{
  "modality_liklihoods": [
    -14361.07313217933,
    -13229.153179477476,
    -938.01760840247891,
    -4729.4089616788388
  ],
  "num_iteration": 1000,
  "num_modalities": 4,
  "num_topics": 7,
  "total_liklihood": -33257.652881738126
}
