{
  "modality_liklihoods": [
    -14445.470073808559,
    -13210.320195807868,
    -942.55777304076969,
    -4650.4092904562194
  ],
  "num_iteration": 1000,
  "num_modalities": 4,
  "num_topics": 7,
  "total_liklihood": -33248.757333113419
}
