{
  "modality_liklihoods": [
    -13872.909743558332,
    -13237.818396304887,
    -944.21062273582208,
    -4672.9153490332392
  ],
  "num_iteration": 1000,
  "num_modalities": 4,
  "num_topics": 7,
  "total_liklihood": -32727.854111632281
}
