{
  "modality_liklihoods": [
    -14547.948287615623,
    -13210.138217321057,
    -944.5341488570059,
    -4753.8971860164975
  ],
  "num_iteration": 1000,
  "num_modalities": 4,
  "num_topics": 7,
  "total_liklihood": -33456.517839810185
}
