{
  "modality_liklihoods": [
    -11885.922576347166,
    -13255.320190842926,
    -940.12042821893851,
    -4671.1468923475995
  ],
  "num_iteration": 1000,
  "num_modalities": 4,
  "num_topics": 7,
  "total_liklihood": -30752.510087756629
}
