{
  "modality_liklihoods": [
    -14026.401296646514,
    -13286.878149336251,
    -938.87859434465088,
    -4622.7960816455834
  ],
  "num_iteration": 1000,
  "num_modalities": 4,
  "num_topics": 7,
  "total_liklihood": -32874.954121972994
}
