{
  "modality_liklihoods": [
    -13580.523558899089,
    -13256.498183055004,
    -944.25027026518353,
    -4604.6267254465483
  ],
  "num_iteration": 1000,
  "num_modalities": 4,
  "num_topics": 7,
  "total_liklihood": -32385.898737665826
}
