{
  "modality_liklihoods": [
    -13382.802215047413,
    -13225.322239508272,
    -939.11389976425482,
    -4642.6228605056613
  ],
  "num_iteration": 1000,
  "num_modalities": 4,
  "num_topics": 7,
  "total_liklihood": -32189.8612148256
}
