{
  "modality_liklihoods": [
    -14117.868684183946,
    -13294.149342228469,
    -937.17273967165715,
    -4666.0519806749544
  ],
  "num_iteration": 1000,
  "num_modalities": 4,
  "num_topics": 7,
  "total_liklihood": -33015.242746759024
}
