{
  "modality_liklihoods": [
    -13899.600777626623,
    -13267.099721981673,
    -941.0949595541947,
    -4628.430600463008
  ],
  "num_iteration": 1000,
  "num_modalities": 4,
  "num_topics": 7,
  "total_liklihood": -32736.2260596255
}
