{
  "modality_liklihoods": [
    -14315.596439054783,
    -13282.563896842379,
    -946.7695714349569,
    -4660.528111955331
  ],
  "num_iteration": 1000,
  "num_modalities": 4,
  "num_topics": 7,
  "total_liklihood": -33205.458019287449
}
