{
  "modality_liklihoods": [
    -14128.773824239741,
    -13302.98643880493,
    -937.68076230940051,
    -4600.7697245589134
  ],
  "num_iteration": 1000,
  "num_modalities": 4,
  "num_topics": 7,
  "total_liklihood": -32970.210749912985
}
