{
  "modality_liklihoods": [
    -14974.341907667593,
    -13203.487063397293,
    -940.51640191310366,
    -4650.9330247720018
  ],
  "num_iteration": 1000,
  "num_modalities": 4,
  "num_topics": 7,
  "total_liklihood": -33769.278397749993
}
