{
  "modality_liklihoods": [
    -14041.612814950366,
    -13297.64329691047,
    -937.74602859122945,
    -4647.0426047197834
  ],
  "num_iteration": 1000,
  "num_modalities": 4,
  "num_topics": 7,
  "total_liklihood": -32924.04474517185
}
