{
  "modality_liklihoods": [
    -13965.077039243655,
    -13308.177241542891,
    -937.74141591895204,
    -4654.1271531672401
  ],
  "num_iteration": 1000,
  "num_modalities": 4,
  "num_topics": 7,
  "total_liklihood": -32865.122849872736
}
