{
  "modality_liklihoods": [
    -14201.210422931372,
    -13195.554498578909,
    -941.87326690083569,
    -4686.6156552683369
  ],
  "num_iteration": 1000,
  "num_modalities": 4,
  "num_topics": 7,
  "total_liklihood": -33025.253843679449
}
