{
  "modality_liklihoods": [
    -13724.482014934827,
    -13237.77576044263,
    -941.94325609404007,
    -4639.6599113239045
  ],
  "num_iteration": 1000,
  "num_modalities": 4,
  "num_topics": 7,
  "total_liklihood": -32543.8609427954
}
