{
  "modality_liklihoods": [
    -12959.41856906366,
    -13265.78914362839,
    -941.38629047000427,
    -4603.8698205295741
  ],
  "num_iteration": 1000,
  "num_modalities": 4,
  "num_topics": 7,
  "total_liklihood": -31770.463823691625
}
