{
  "modality_liklihoods": [
    -14045.443567432523,
    -13241.699162371435,
    -940.74697853878445,
    -4647.3793516182104
  ],
  "num_iteration": 1000,
  "num_modalities": 4,
  "num_topics": 7,
  "total_liklihood": -32875.269059960949
}
