{
  "modality_liklihoods": [
    -14308.766250305021,
    -13277.785397079142,
    -937.7075858657139,
    -4642.1385666177148
  ],
  "num_iteration": 1000,
  "num_modalities": 4,
  "num_topics": 7,
  "total_liklihood": -33166.397799867591
}
