{
  "modality_liklihoods": [
    -13906.319866641792,
    -13255.235554015055,
    -942.53308491136954,
    -4647.1857854161581
  ],
  "num_iteration": 1000,
  "num_modalities": 4,
  "num_topics": 7,
  "total_liklihood": -32751.274290984376
}
