{
  "modality_liklihoods": [
    -14641.362960550694,
    -13288.746058834748,
    -939.37391485537387,
    -4630.8945417259301
  ],
  "num_iteration": 1000,
  "num_modalities": 4,
  "num_topics": 7,
  "total_liklihood": -33500.377475966743
}
