{
  "modality_liklihoods": [
    -14298.435091041447,
    -13263.430238738825,
    -933.88572399504892,
    -4631.4599818428769
  ],
  "num_iteration": 1000,
  "num_modalities": 4,
  "num_topics": 7,
  "total_liklihood": -33127.211035618202
}
