{
  "modality_liklihoods": [
    -13407.478215542695,
    -13263.454454263574,
    -948.20934891205809,
    -4629.5061132859
  ],
  "num_iteration": 1000,
  "num_modalities": 4,
  "num_topics": 7,
  "total_liklihood": -32248.648132004229
}
