{
  "modality_liklihoods": [
    -14418.779233413801,
    -13264.471570922666,
    -939.05849110963879,
    -4655.7711128771598
  ],
  "num_iteration": 1000,
  "num_modalities": 4,
  "num_topics": 7,
  "total_liklihood": -33278.080408323265
}
