{
  "modality_liklihoods": [
    -13593.770874328387,
    -13271.255415957581,
    -935.28071258180694,
    -4630.1153969461848
  ],
  "num_iteration": 1000,
  "num_modalities": 4,
  "num_topics": 7,
  "total_liklihood": -32430.422399813961
}
