{
  "modality_liklihoods": [
    -14402.926309356664,
    -13253.861622049784,
    -930.69206466774881,
    -4636.7450793176858
  ],
  "num_iteration": 1000,
  "num_modalities": 4,
  "num_topics": 7,
  "total_liklihood": -33224.225075391885
}
