{
  "modality_liklihoods": [
    -13569.055978988226,
    -13261.344435127305,
    -945.65556012012064,
    -4627.6471369638157
  ],
  "num_iteration": 1000,
  "num_modalities": 4,
  "num_topics": 7,
  "total_liklihood": -32403.703111199469
}
