{
  "modality_liklihoods": [
    -13977.441667417221,
    -13273.630004093278,
    -942.88887501975478,
    -4680.2340449278245
  ],
  "num_iteration": 1000,
  "num_modalities": 4,
  "num_topics": 7,
  "total_liklihood": -32874.194591458079
}
