{
  "modality_liklihoods": [
    -14358.143750754434,
    -13291.83415538933,
    -933.47025411775235,
    -4629.8264438546885
  ],
  "num_iteration": 1000,
  "num_modalities": 4,
  "num_topics": 7,
  "total_liklihood": -33213.27460411621
}
