{
  "modality_liklihoods": [
    -14526.23127024785,
    -13208.976324625886,
    -941.37688795792747,
    -4751.9373402024603
  ],
  "num_iteration": 1000,
  "num_modalities": 4,
  "num_topics": 7,
  "total_liklihood": -33428.52182303412
}
