{
  "modality_liklihoods": [
    -14077.044988646399,
    -13269.549338766903,
    -946.64782390612584,
    -4671.2489349151165
  ],
  "num_iteration": 1000,
  "num_modalities": 4,
  "num_topics": 7,
  "total_liklihood": -32964.491086234542
}
