{
  "modality_liklihoods": [
    -13687.40357546282,
    -13206.313625866487,
    -950.57706936625652,
    -4649.4877186340937
  ],
  "num_iteration": 1000,
  "num_modalities": 4,
  "num_topics": 7,
  "total_liklihood": -32493.781989329658
}
