{
  "modality_liklihoods": [
    -14019.86065792147,
    -13245.646253073463,
    -938.40840124249644,
    -4632.1219840586555
  ],
  "num_iteration": 1000,
  "num_modalities": 4,
  "num_topics": 7,
  "total_liklihood": -32836.037296296083
}
