{
  "modality_liklihoods": [
    -13768.64749078808,
    -13238.996489949443,
    -941.13284608835545,
    -4665.0903599759531
  ],
  "num_iteration": 1000,
  "num_modalities": 4,
  "num_topics": 7,
  "total_liklihood": -32613.867186801828
}
