{
  "modality_liklihoods": [
    -14080.876184517996,
    -13271.661216252667,
    -935.53476017342507,
    -4664.0889256979708
  ],
  "num_iteration": 1000,
  "num_modalities": 4,
  "num_topics": 7,
  "total_liklihood": -32952.16108664206
}
