{
  "modality_liklihoods": [
    -14262.569156013446,
    -13305.820254279854,
    -944.68079886936721,
    -4676.4894795715127
  ],
  "num_iteration": 1000,
  "num_modalities": 4,
  "num_topics": 7,
  "total_liklihood": -33189.559688734182
}
