{
  "modality_liklihoods": [
    -14434.321714565172,
    -13287.727448676231,
    -944.7386107495721,
    -4654.5600095368491
  ],
  "num_iteration": 1000,
  "num_modalities": 4,
  "num_topics": 7,
  "total_liklihood": -33321.347783527825
}
