{
  "modality_liklihoods": [
    -13060.950336720329,
    -13278.218446363215,
    -934.13194316136583,
    -4647.2449357455471
  ],
  "num_iteration": 1000,
  "num_modalities": 4,
  "num_topics": 7,
  "total_liklihood": -31920.545661990458
}
