{
  "modality_liklihoods": [
    -13912.811610060267,
    -13267.837608594984,
    -939.01117533834793,
    -4639.0136658476522
  ],
  "num_iteration": 1000,
  "num_modalities": 4,
  "num_topics": 7,
  "total_liklihood": -32758.674059841247
}
