{
  "modality_liklihoods": [
    -13486.19685225924,
    -13247.415399685675,
    -946.00766642288909,
    -4634.3094887032776
  ],
  "num_iteration": 1000,
  "num_modalities": 4,
  "num_topics": 7,
  "total_liklihood": -32313.929407071082
}
