{
  "modality_liklihoods": [
    -13316.512815042297,
    -13246.82116220354,
    -941.89126939850973,
    -4620.288584214215
  ],
  "num_iteration": 1000,
  "num_modalities": 4,
  "num_topics": 7,
  "total_liklihood": -32125.513830858559
}
