{
  "modality_liklihoods": [
    -13977.267207481318,
    -13290.152085232799,
    -939.32908932162024,
    -4615.4100235986807
  ],
  "num_iteration": 1000,
  "num_modalities": 4,
  "num_topics": 7,
  "total_liklihood": -32822.158405634422
}
