{
  "modality_liklihoods": [
    -13318.006897053028,
    -13259.623552452626,
    -938.72688698121885,
    -4626.6428756425612
  ],
  "num_iteration": 1000,
  "num_modalities": 4,
  "num_topics": 7,
  "total_liklihood": -32143.000212129431
}
