{
  "modality_liklihoods": [
    -14145.521053430761,
    -13285.996477236969,
    -945.61557885967693,
    -4583.2612019544804
  ],
  "num_iteration": 1000,
  "num_modalities": 4,
  "num_topics": 7,
  "total_liklihood": -32960.39431148189
}
