{
  "modality_liklihoods": [
    -13961.47794091192,
    -13282.622679290163,
    -942.72521366882961,
    -4636.5215485531098
  ],
  "num_iteration": 1000,
  "num_modalities": 4,
  "num_topics": 7,
  "total_liklihood": -32823.347382424021
}
