{
  "modality_liklihoods": [
    -14004.849882949418,
    -13270.056297295348,
    -938.99126224272743,
    -4681.5667386847126
  ],
  "num_iteration": 1000,
  "num_modalities": 4,
  "num_topics": 7,
  "total_liklihood": -32895.46418117221
}
