{
  "modality_liklihoods": [
    -14120.632659686577,
    -13225.029457745517,
    -941.12076059127946,
    -4701.9968288183054
  ],
  "num_iteration": 1000,
  "num_modalities": 4,
  "num_topics": 7,
  "total_liklihood": -32988.779706841677
}
