{
  "modality_liklihoods": [
    -13965.585436913459,
    -13245.532218113589,
    -933.54390761734612,
    -4651.8831031287009
  ],
  "num_iteration": 1000,
  "num_modalities": 4,
  "num_topics": 7,
  "total_liklihood": -32796.544665773094
}
