{
  "modality_liklihoods": [
    -13991.275177532978,
    -13263.774694646962,
    -938.11576146154118,
    -4643.4160929793297
  ],
  "num_iteration": 1000,
  "num_modalities": 4,
  "num_topics": 7,
  "total_liklihood": -32836.581726620811
}
