{
  "modality_liklihoods": [
    -14113.32179273938,
    -13250.936600875344,
    -936.8287113614457,
    -4699.4090519319925
  ],
  "num_iteration": 1000,
  "num_modalities": 4,
  "num_topics": 7,
  "total_liklihood": -33000.496156908164
}
