{
  "modality_liklihoods": [
    -14003.388619114814,
    -13285.06543014013,
    -939.21810652064551,
    -4649.8500621304547
  ],
  "num_iteration": 1000,
  "num_modalities": 4,
  "num_topics": 7,
  "total_liklihood": -32877.522217906044
}
