{
  "modality_liklihoods": [
    -13716.984749818901,
    -13229.399363015671,
    -941.51399541565013,
    -4635.5211592331179
  ],
  "num_iteration": 1000,
  "num_modalities": 4,
  "num_topics": 7,
  "total_liklihood": -32523.419267483343
}
