{
  "modality_liklihoods": [
    -13786.435612178751,
    -13254.113347795612,
    -941.5590592329479,
    -4674.1318561980297
  ],
  "num_iteration": 1000,
  "num_modalities": 4,
  "num_topics": 7,
  "total_liklihood": -32656.239875405339
}
