{
  "modality_liklihoods": [
    -13858.495807257459,
    -13284.201917433815,
    -941.13198655731867,
    -4738.6612931829941
  ],
  "num_iteration": 1000,
  "num_modalities": 4,
  "num_topics": 7,
  "total_liklihood": -32822.491004431584
}
