{
  "modality_liklihoods": [
    -13374.150961139285,
    -13269.96289026114,
    -937.45820274694631,
    -4635.0209332677541
  ],
  "num_iteration": 1000,
  "num_modalities": 4,
  "num_topics": 7,
  "total_liklihood": -32216.59298741513
}
