{
  "modality_liklihoods": [
    -14073.069137713137,
    -13264.132441521664,
    -940.94964719761902,
    -4615.9013101028295
  ],
  "num_iteration": 1000,
  "num_modalities": 4,
  "num_topics": 7,
  "total_liklihood": -32894.052536535251
}
