{
  "modality_liklihoods": [
    -14913.842378575164,
    -13224.003740064498,
    -952.28333928029144,
    -4644.0021926720719
  ],
  "num_iteration": 1000,
  "num_modalities": 4,
  "num_topics": 7,
  "total_liklihood": -33734.131650592026
}
