{
  "modality_liklihoods": [
    -12781.267165715173,
    -13285.657975372884,
    -944.63503217677851,
    -4648.7238158890714
  ],
  "num_iteration": 1000,
  "num_modalities": 4,
  "num_topics": 7,
  "total_liklihood": -31660.283989153908
}
