{
  "modality_liklihoods": [
    -13588.7229145942,
    -13233.224755256286,
    -942.05608569900278,
    -4678.8210462818479
  ],
  "num_iteration": 1000,
  "num_modalities": 4,
  "num_topics": 7,
  "total_liklihood": -32442.824801831339
}
