{
  "modality_liklihoods": [
    -13284.154215033557,
    -13255.594924047926,
    -945.83721578080792,
    -4623.3081124189212
  ],
  "num_iteration": 1000,
  "num_modalities": 4,
  "num_topics": 7,
  "total_liklihood": -32108.894467281214
}
