{
  "modality_liklihoods": [
    -13891.516718112469,
    -13321.538573061249,
    -936.70762786405248,
    -4619.3044433866789
  ],
  "num_iteration": 1000,
  "num_modalities": 4,
  "num_topics": 7,
  "total_liklihood": -32769.067362424452
}
