{
  "modality_liklihoods": [
    -13744.383028047701,
    -13318.650988554407,
    -935.35004116378332,
    -4626.8562656929707
  ],
  "num_iteration": 1000,
  "num_modalities": 4,
  "num_topics": 7,
  "total_liklihood": -32625.240323458864
}
