{
  "modality_liklihoods": [
    -12093.237762247336,
    -13294.097163614824,
    -935.12919530232398,
    -4679.6455800780559
  ],
  "num_iteration": 1000,
  "num_modalities": 4,
  "num_topics": 7,
  "total_liklihood": -31002.109701242542
}
