{
  "modality_liklihoods": [
    -13046.144589442756,
    -13264.642324262426,
    -943.24557431871017,
    -4590.473853424478
  ],
  "num_iteration": 1000,
  "num_modalities": 4,
  "num_topics": 7,
  "total_liklihood": -31844.50634144837
}
