{
  "modality_liklihoods": [
    -13438.041169508126,
    -13238.760447713541,
    -940.59081269619708,
    -4644.7554085430602
  ],
  "num_iteration": 1000,
  "num_modalities": 4,
  "num_topics": 7,
  "total_liklihood": -32262.147838460925
}
