{
  "modality_liklihoods": [
    -14477.30007446723,
    -13283.156959477557,
    -947.34479787604232,
    -4634.5560747081763
  ],
  "num_iteration": 1000,
  "num_modalities": 4,
  "num_topics": 7,
  "total_liklihood": -33342.357906529011
}
