{
  "modality_liklihoods": [
    -14268.195912943926,
    -13237.615504833288,
    -944.29368043124043,
    -4631.0021586903331
  ],
  "num_iteration": 1000,
  "num_modalities": 4,
  "num_topics": 7,
  "total_liklihood": -33081.107256898787
}
