{
  "modality_liklihoods": [
    -13715.867223564479,
    -13200.125150253576,
    -946.14721246145984,
    -4680.4874324465036
  ],
  "num_iteration": 1000,
  "num_modalities": 4,
  "num_topics": 7,
  "total_liklihood": -32542.627018726016
}
