{
  "modality_liklihoods": [
    -13585.102608468807,
    -13310.513100943495,
    -939.35212152361498,
    -4737.2582957023997
  ],
  "num_iteration": 1000,
  "num_modalities": 4,
  "num_topics": 7,
  "total_liklihood": -32572.226126638318
}
