{
  "modality_liklihoods": [
    -14329.421244770359,
    -13232.21438426422,
    -947.8233433733966,
    -4585.0838386687137
  ],
  "num_iteration": 1000,
  "num_modalities": 4,
  "num_topics": 7,
  "total_liklihood": -33094.542811076688
}
