{
  "modality_liklihoods": [
    -13538.927818048644,
    -13221.501527867951,
    -942.76073371786151,
    -4614.8400528237717
  ],
  "num_iteration": 1000,
  "num_modalities": 4,
  "num_topics": 7,
  "total_liklihood": -32318.030132458229
}
