{
  "modality_liklihoods": [
    -13275.44164549475,
    -13237.838460150879,
    -936.68873001081795,
    -4631.8691049800955
  ],
  "num_iteration": 1000,
  "num_modalities": 4,
  "num_topics": 7,
  "total_liklihood": -32081.837940636542
}
