{
  "modality_liklihoods": [
    -14551.891431251308,
    -13265.991096255962,
    -936.55421787102534,
    -4663.3859583513477
  ],
  "num_iteration": 1000,
  "num_modalities": 4,
  "num_topics": 7,
  "total_liklihood": -33417.822703729646
}
