{
  "modality_liklihoods": [
    -14104.971982331705,
    -13271.184017251273,
    -946.10453004737064,
    -4707.9325423835407
  ],
  "num_iteration": 1000,
  "num_modalities": 4,
  "num_topics": 7,
  "total_liklihood": -33030.193072013892
}
