{
  "modality_liklihoods": [
    -14318.166553422636,
    -13291.476522419665,
    -932.90987847017311,
    -4654.4348151897721
  ],
  "num_iteration": 1000,
  "num_modalities": 4,
  "num_topics": 7,
  "total_liklihood": -33196.987769502244
}
