{
  "modality_liklihoods": [
    -13707.35408110573,
    -13291.35485449145,
    -935.10866416945532,
    -4644.5163059076103
  ],
  "num_iteration": 1000,
  "num_modalities": 4,
  "num_topics": 7,
  "total_liklihood": -32578.333905674248
}
