{
  "modality_liklihoods": [
    -14458.601555533973,
    -13267.002408868057,
    -935.06814026158611,
    -4599.6844186804201
  ],
  "num_iteration": 1000,
  "num_modalities": 4,
  "num_topics": 7,
  "total_liklihood": -33260.356523344031
}
