{
  "modality_liklihoods": [
    -13775.891051316306,
    -13294.708785393201,
    -939.97259626227174,
    -4627.9804396082463
  ],
  "num_iteration": 1000,
  "num_modalities": 4,
  "num_topics": 7,
  "total_liklihood": -32638.552872580029
}
