{
  "modality_liklihoods": [
    -14370.662309098521,
    -13226.902424690628,
    -942.74390842227933,
    -4722.1018671956717
  ],
  "num_iteration": 1000,
  "num_modalities": 4,
  "num_topics": 7,
  "total_liklihood": -33262.410509407098
}
