{
  "modality_liklihoods": [
    -13511.935183149861,
    -13265.378457339017,
    -943.46845763473596,
    -4645.9117277548512
  ],
  "num_iteration": 1000,
  "num_modalities": 4,
  "num_topics": 7,
  "total_liklihood": -32366.693825878465
}
