{
  "modality_liklihoods": [
    -13795.769999218928,
    -13279.375441105345,
    -940.94898267363658,
    -4666.4260640801986
  ],
  "num_iteration": 1000,
  "num_modalities": 4,
  "num_topics": 7,
  "total_liklihood": -32682.520487078109
}
