{
  "modality_liklihoods": [
    -13961.338674700834,
    -13258.015319219629,
    -940.08993607538252,
    -4669.5190439127264
  ],
  "num_iteration": 1000,
  "num_modalities": 4,
  "num_topics": 7,
  "total_liklihood": -32828.962973908572
}
