{
  "modality_liklihoods": [
    -14405.385738892024,
    -13258.764304948558,
    -943.28924342112737,
    -4645.888200179872
  ],
  "num_iteration": 1000,
  "num_modalities": 4,
  "num_topics": 7,
  "total_liklihood": -33253.32748744158
}
