{
  "modality_liklihoods": [
    -13849.857661994514,
    -13280.875452887489,
    -941.99940031103836,
    -4633.7593724644157
  ],
  "num_iteration": 1000,
  "num_modalities": 4,
  "num_topics": 7,
  "total_liklihood": -32706.491887657452
}
