{
  "modality_liklihoods": [
    -13510.215607300674,
    -13290.000968764789,
    -941.61085793153586,
    -4709.5523503481472
  ],
  "num_iteration": 1000,
  "num_modalities": 4,
  "num_topics": 7,
  "total_liklihood": -32451.379784345147
}
