{
  "modality_liklihoods": [
    -13914.121698391536,
    -13298.650986340379,
    -932.90855248400942,
    -4649.7712912762327
  ],
  "num_iteration": 1000,
  "num_modalities": 4,
  "num_topics": 7,
  "total_liklihood": -32795.452528492155
}
