{
  "modality_liklihoods": [
    -13460.23339319584,
    -13250.499672416305,
    -944.16146056980131,
    -4656.6473070556331
  ],
  "num_iteration": 1000,
  "num_modalities": 4,
  "num_topics": 7,
  "total_liklihood": -32311.541833237578
}
