{
  "modality_liklihoods": [
    -13994.464027388742,
    -13262.768686914424,
    -941.54785245764253,
    -4629.8686999096844
  ],
  "num_iteration": 1000,
  "num_modalities": 4,
  "num_topics": 7,
  "total_liklihood": -32828.649266670494
}
