{
  "modality_liklihoods": [
    -13605.851075260376,
    -13256.170475342919,
    -937.10794112051258,
    -4680.3929505802989
  ],
  "num_iteration": 1000,
  "num_modalities": 4,
  "num_topics": 7,
  "total_liklihood": -32479.522442304107
}
