{
  "modality_liklihoods": [
    -14301.001912864313,
    -13287.405359896837,
    -935.81152268345204,
    -4654.9725382575762
  ],
  "num_iteration": 1000,
  "num_modalities": 4,
  "num_topics": 7,
  "total_liklihood": -33179.191333702176
}
