{
  "modality_liklihoods": [
    -14445.631872088217,
    -13283.565177567538,
    -936.64795804120774,
    -4631.4211476959308
  ],
  "num_iteration": 1000,
  "num_modalities": 4,
  "num_topics": 7,
  "total_liklihood": -33297.266155392892
}
