{
  "modality_liklihoods": [
    -13403.27939845913,
    -13229.158559458951,
    -938.98501464980541,
    -4637.8733113287381
  ],
  "num_iteration": 1000,
  "num_modalities": 4,
  "num_topics": 7,
  "total_liklihood": -32209.296283896627
}
