{
  "modality_liklihoods": [
    -13813.127412242882,
    -13282.212723755873,
    -940.76432244750663,
    -4688.7328873723873
  ],
  "num_iteration": 1000,
  "num_modalities": 4,
  "num_topics": 7,
  "total_liklihood": -32724.837345818647
}
