{
  "modality_liklihoods": [
    -13833.873304905754,
    -13273.788299542901,
    -929.80026227573694,
    -4672.8172992969812
  ],
  "num_iteration": 1000,
  "num_modalities": 4,
  "num_topics": 7,
  "total_liklihood": -32710.279166021373
}
