{
  "modality_liklihoods": [
    -13912.014928480963,
    -13251.261800265669,
    -940.31900920992348,
    -4666.7669887446864
  ],
  "num_iteration": 1000,
  "num_modalities": 4,
  "num_topics": 7,
  "total_liklihood": -32770.362726701249
}
