{
  "modality_liklihoods": [
    -13968.672751356457,
    -13295.99860484465,
    -944.65712462802639,
    -4647.1912402354046
  ],
  "num_iteration": 1000,
  "num_modalities": 4,
  "num_topics": 7,
  "total_liklihood": -32856.519721064535
}
