{
  "modality_liklihoods": [
    -14186.665653910106,
    -13255.959408288651,
    -945.15786925624161,
    -4600.7093554667708
  ],
  "num_iteration": 1000,
  "num_modalities": 4,
  "num_topics": 7,
  "total_liklihood": -32988.49228692177
}
