{
  "modality_liklihoods": [
    -14035.146713562473,
    -13257.615955563158,
    -941.31724029410475,
    -4646.1388219046521
  ],
  "num_iteration": 1000,
  "num_modalities": 4,
  "num_topics": 7,
  "total_liklihood": -32880.218731324385
}
