{
  "modality_liklihoods": [
    -13935.766672371545,
    -13210.37003606478,
    -940.34900801130436,
    -4686.2986269326002
  ],
  "num_iteration": 1000,
  "num_modalities": 4,
  "num_topics": 7,
  "total_liklihood": -32772.784343380226
}
