{
  "modality_liklihoods": [
    -14556.88591694071,
    -13261.754887942399,
    -942.22890784630522,
    -4657.0651833122247
  ],
  "num_iteration": 1000,
  "num_modalities": 4,
  "num_topics": 7,
  "total_liklihood": -33417.934896041639
}
