{
  "modality_liklihoods": [
    -13890.516506121161,
    -13214.278215883025,
    -941.08636704075093,
    -4706.2269651775468
  ],
  "num_iteration": 1000,
  "num_modalities": 4,
  "num_topics": 7,
  "total_liklihood": -32752.108054222484
}
