{
  "modality_liklihoods": [
    -13774.910934896971,
    -13267.752560866496,
    -942.98122002891182,
    -4644.9511497024705
  ],
  "num_iteration": 1000,
  "num_modalities": 4,
  "num_topics": 7,
  "total_liklihood": -32630.595865494848
}
