{
  "modality_liklihoods": [
    -13681.218257161741,
    -13281.649532177189,
    -933.10839539450978,
    -4654.4211353832043
  ],
  "num_iteration": 1000,
  "num_modalities": 4,
  "num_topics": 7,
  "total_liklihood": -32550.397320116645
}
