{
  "modality_liklihoods": [
    -13970.138889837373,
    -13247.140845232901,
    -938.84062718825385,
    -4668.5884392918015
  ],
  "num_iteration": 1000,
  "num_modalities": 4,
  "num_topics": 7,
  "total_liklihood": -32824.708801550325
}
